exp_id,var,em,horizon_start,date,h,mean,actual,lag12,yoy_fc,yoy_act,gap_pp,pass
B11-M-001,HCPI,EM2,2025-04-01,2025-04-01,1,203.0198,206.5,208.2,-2.4881,-0.8165,-1.6716,False
B11-M-001,HCPI,EM2,2025-04-01,2025-05-01,2,203.1037,207.5,206.3,-1.5493,0.5817,-2.131,False
B11-M-001,HCPI,EM2,2025-04-01,2025-06-01,3,203.046,208.7,208.1,-2.4287,0.2883,-2.717,False
B11-M-001,HCPI,EM2,2025-04-01,2025-07-01,4,202.4878,208.3,206.9,-2.1325,0.6767,-2.8092,False
B11-M-001,HCPI,EM2,2025-04-01,2025-08-01,5,202.8237,207.2,204.1,-0.6254,1.5189,-2.1442,False
B11-M-001,HCPI,EM2,2025-04-01,2025-09-01,6,202.8939,207.4,203.1,-0.1015,2.1172,-2.2187,False
B11-M-001,HCPI,EM2,2025-04-01,2025-10-01,7,203.1199,207.5,202.1,0.5046,2.6719,-2.1673,False
B11-M-001,HCPI,EM2,2025-04-01,2025-11-01,8,203.3969,207.2,202.4,0.4925,2.3715,-1.879,False
B11-M-001,HCPI,EM2,2025-04-01,2025-12-01,9,203.7053,210.5,204.6,-0.4373,2.8837,-3.321,False
B11-M-001,HCPI,EM2,2025-04-01,2026-01-01,10,202.9294,211.4,206.4,-1.6815,2.4225,-4.104,False
B11-M-001,HCPI,EM2,2025-04-01,2026-02-01,11,201.7175,209.4,206.2,-2.1739,1.5519,-3.7257,False
B11-M-001,HCPI,EM2,2025-04-01,2026-03-01,12,201.4026,210.9,206.0,-2.2317,2.3786,-4.6104,False
B11-M-002,HCPI,EM2,2025-05-01,2025-05-01,1,205.8545,207.5,206.3,-0.2159,0.5817,-0.7976,False
B11-M-002,HCPI,EM2,2025-05-01,2025-06-01,2,205.8085,208.7,208.1,-1.1012,0.2883,-1.3895,False
B11-M-002,HCPI,EM2,2025-05-01,2025-07-01,3,206.2436,208.3,206.9,-0.3172,0.6767,-0.9939,False
B11-M-002,HCPI,EM2,2025-05-01,2025-08-01,4,205.6159,207.2,204.1,0.7427,1.5189,-0.7761,False
B11-M-002,HCPI,EM2,2025-05-01,2025-09-01,5,205.5229,207.4,203.1,1.193,2.1172,-0.9242,False
B11-M-002,HCPI,EM2,2025-05-01,2025-10-01,6,206.3934,207.5,202.1,2.1244,2.6719,-0.5475,False
B11-M-002,HCPI,EM2,2025-05-01,2025-11-01,7,206.0332,207.2,202.4,1.7951,2.3715,-0.5765,False
B11-M-002,HCPI,EM2,2025-05-01,2025-12-01,8,206.5406,210.5,204.6,0.9485,2.8837,-1.9352,False
B11-M-002,HCPI,EM2,2025-05-01,2026-01-01,9,206.9484,211.4,206.4,0.2657,2.4225,-2.1568,False
B11-M-002,HCPI,EM2,2025-05-01,2026-02-01,10,206.5899,209.4,206.2,0.1891,1.5519,-1.3628,False
B11-M-002,HCPI,EM2,2025-05-01,2026-03-01,11,206.48,210.9,206.0,0.233,2.3786,-2.1456,False
B11-M-002,HCPI,EM2,2025-05-01,2026-04-01,12,206.148,216.3,206.5,-0.1705,4.7458,-4.9162,False
B11-M-003,HCPI,EM2,2025-06-01,2025-06-01,1,205.7778,208.7,208.1,-1.1159,0.2883,-1.4042,False
B11-M-003,HCPI,EM2,2025-06-01,2025-07-01,2,206.2359,208.3,206.9,-0.321,0.6767,-0.9976,False
B11-M-003,HCPI,EM2,2025-06-01,2025-08-01,3,206.7465,207.2,204.1,1.2967,1.5189,-0.2222,True
B11-M-003,HCPI,EM2,2025-06-01,2025-09-01,4,207.066,207.4,203.1,1.9527,2.1172,-0.1645,True
B11-M-003,HCPI,EM2,2025-06-01,2025-10-01,5,207.4768,207.5,202.1,2.6605,2.6719,-0.0115,True
B11-M-003,HCPI,EM2,2025-06-01,2025-11-01,6,207.9727,207.2,202.4,2.7533,2.3715,0.3818,True
B11-M-003,HCPI,EM2,2025-06-01,2025-12-01,7,208.5634,210.5,204.6,1.9372,2.8837,-0.9465,False
B11-M-003,HCPI,EM2,2025-06-01,2026-01-01,8,209.2681,211.4,206.4,1.3896,2.4225,-1.0329,False
B11-M-003,HCPI,EM2,2025-06-01,2026-02-01,9,209.9234,209.4,206.2,1.8057,1.5519,0.2538,True
B11-M-003,HCPI,EM2,2025-06-01,2026-03-01,10,210.0414,210.9,206.0,1.9618,2.3786,-0.4168,True
B11-M-003,HCPI,EM2,2025-06-01,2026-04-01,11,210.7494,216.3,206.5,2.0578,4.7458,-2.688,False
B11-M-003,HCPI,EM2,2025-06-01,2026-05-01,12,211.0891,218.8,207.5,1.7297,5.4458,-3.7161,False
B11-M-004,HCPI,EM2,2025-07-01,2025-07-01,1,206.1996,208.3,206.9,-0.3385,0.6767,-1.0152,False
B11-M-004,HCPI,EM2,2025-07-01,2025-08-01,2,205.74,207.2,204.1,0.8035,1.5189,-0.7154,False
B11-M-004,HCPI,EM2,2025-07-01,2025-09-01,3,205.414,207.4,203.1,1.1393,2.1172,-0.9779,False
B11-M-004,HCPI,EM2,2025-07-01,2025-10-01,4,205.2531,207.5,202.1,1.5602,2.6719,-1.1118,False
B11-M-004,HCPI,EM2,2025-07-01,2025-11-01,5,205.5596,207.2,202.4,1.5611,2.3715,-0.8105,False
B11-M-004,HCPI,EM2,2025-07-01,2025-12-01,6,206.8551,210.5,204.6,1.1022,2.8837,-1.7815,False
B11-M-004,HCPI,EM2,2025-07-01,2026-01-01,7,207.6184,211.4,206.4,0.5903,2.4225,-1.8322,False
B11-M-004,HCPI,EM2,2025-07-01,2026-02-01,8,207.66,209.4,206.2,0.708,1.5519,-0.8439,False
B11-M-004,HCPI,EM2,2025-07-01,2026-03-01,9,207.0078,210.9,206.0,0.4892,2.3786,-1.8894,False
B11-M-004,HCPI,EM2,2025-07-01,2026-04-01,10,207.257,216.3,206.5,0.3666,4.7458,-4.3792,False
B11-M-004,HCPI,EM2,2025-07-01,2026-05-01,11,207.6858,218.8,207.5,0.0895,5.4458,-5.3562,False
B11-M-004,HCPI,EM2,2025-07-01,2026-06-01,12,208.3937,222.3,208.7,-0.1468,6.5165,-6.6633,False
B11-M-005,HCPI,EM2,2025-08-01,2025-08-01,1,213.3648,207.2,204.1,4.5393,1.5189,3.0205,False
B11-M-005,HCPI,EM2,2025-08-01,2025-09-01,2,213.6201,207.4,203.1,5.1798,2.1172,3.0626,False
B11-M-005,HCPI,EM2,2025-08-01,2025-10-01,3,214.3434,207.5,202.1,6.0581,2.6719,3.3862,False
B11-M-005,HCPI,EM2,2025-08-01,2025-11-01,4,215.0369,207.2,202.4,6.2435,2.3715,3.872,False
B11-M-005,HCPI,EM2,2025-08-01,2025-12-01,5,215.9823,210.5,204.6,5.5632,2.8837,2.6795,False
B11-M-005,HCPI,EM2,2025-08-01,2026-01-01,6,218.2882,211.4,206.4,5.7598,2.4225,3.3373,False
B11-M-005,HCPI,EM2,2025-08-01,2026-02-01,7,218.4122,209.4,206.2,5.9225,1.5519,4.3706,False
B11-M-005,HCPI,EM2,2025-08-01,2026-03-01,8,218.6393,210.9,206.0,6.1356,2.3786,3.7569,False
B11-M-005,HCPI,EM2,2025-08-01,2026-04-01,9,218.8819,216.3,206.5,5.9961,4.7458,1.2503,False
B11-M-005,HCPI,EM2,2025-08-01,2026-05-01,10,219.154,218.8,207.5,5.6164,5.4458,0.1706,True
B11-M-005,HCPI,EM2,2025-08-01,2026-06-01,11,220.0559,222.3,208.7,5.4413,6.5165,-1.0753,False
B11-M-005,HCPI,EM2,2025-08-01,2026-07-01,12,220.3861,223.4,208.3,5.8023,7.2492,-1.4469,False
B11-M-006,HCPI,EM2,2025-09-01,2025-09-01,1,206.7849,207.4,203.1,1.8143,2.1172,-0.3029,True
B11-M-006,HCPI,EM2,2025-09-01,2025-10-01,2,206.617,207.5,202.1,2.235,2.6719,-0.4369,True
B11-M-006,HCPI,EM2,2025-09-01,2025-11-01,3,207.078,207.2,202.4,2.3113,2.3715,-0.0603,True
B11-M-006,HCPI,EM2,2025-09-01,2025-12-01,4,207.5825,210.5,204.6,1.4577,2.8837,-1.4259,False
B11-M-006,HCPI,EM2,2025-09-01,2026-01-01,5,208.2906,211.4,206.4,0.916,2.4225,-1.5065,False
B11-M-006,HCPI,EM2,2025-09-01,2026-02-01,6,208.4776,209.4,206.2,1.1045,1.5519,-0.4473,True
B11-M-006,HCPI,EM2,2025-09-01,2026-03-01,7,208.1455,210.9,206.0,1.0415,2.3786,-1.3371,False
B11-M-006,HCPI,EM2,2025-09-01,2026-04-01,8,208.9033,216.3,206.5,1.1638,4.7458,-3.5819,False
B11-M-006,HCPI,EM2,2025-09-01,2026-05-01,9,209.8318,218.8,207.5,1.1238,5.4458,-4.322,False
B11-M-006,HCPI,EM2,2025-09-01,2026-06-01,10,210.9707,222.3,208.7,1.088,6.5165,-5.4285,False
B11-M-006,HCPI,EM2,2025-09-01,2026-07-01,11,211.1204,223.4,208.3,1.354,7.2492,-5.8952,False
B11-M-006,HCPI,EM2,2025-09-01,2026-08-01,12,210.664,223.9,207.2,1.6718,8.0598,-6.388,False
B11-M-007,HCPI,EM3,2025-04-01,2025-04-01,1,204.098,206.5,208.2,-1.9702,-0.8165,-1.1537,False
B11-M-007,HCPI,EM3,2025-04-01,2025-05-01,2,204.8726,207.5,206.3,-0.6919,0.5817,-1.2736,False
B11-M-007,HCPI,EM3,2025-04-01,2025-06-01,3,205.1763,208.7,208.1,-1.4049,0.2883,-1.6933,False
B11-M-007,HCPI,EM3,2025-04-01,2025-07-01,4,204.8844,208.3,206.9,-0.9742,0.6767,-1.6508,False
B11-M-007,HCPI,EM3,2025-04-01,2025-08-01,5,205.166,207.2,204.1,0.5223,1.5189,-0.9966,False
B11-M-007,HCPI,EM3,2025-04-01,2025-09-01,6,205.1129,207.4,203.1,0.9911,2.1172,-1.1261,False
B11-M-007,HCPI,EM3,2025-04-01,2025-10-01,7,205.0982,207.5,202.1,1.4835,2.6719,-1.1884,False
B11-M-007,HCPI,EM3,2025-04-01,2025-11-01,8,205.1311,207.2,202.4,1.3493,2.3715,-1.0222,False
B11-M-007,HCPI,EM3,2025-04-01,2025-12-01,9,205.1139,210.5,204.6,0.2512,2.8837,-2.6325,False
B11-M-007,HCPI,EM3,2025-04-01,2026-01-01,10,204.491,211.4,206.4,-0.9249,2.4225,-3.3474,False
B11-M-007,HCPI,EM3,2025-04-01,2026-02-01,11,204.124,209.4,206.2,-1.0068,1.5519,-2.5587,False
B11-M-007,HCPI,EM3,2025-04-01,2026-03-01,12,204.1878,210.9,206.0,-0.8797,2.3786,-3.2584,False
B11-M-008,HCPI,EM3,2025-05-01,2025-05-01,1,205.0396,207.5,206.3,-0.611,0.5817,-1.1926,False
B11-M-008,HCPI,EM3,2025-05-01,2025-06-01,2,205.4192,208.7,208.1,-1.2882,0.2883,-1.5765,False
B11-M-008,HCPI,EM3,2025-05-01,2025-07-01,3,205.5337,208.3,206.9,-0.6604,0.6767,-1.337,False
B11-M-008,HCPI,EM3,2025-05-01,2025-08-01,4,205.1903,207.2,204.1,0.5342,1.5189,-0.9847,False
B11-M-008,HCPI,EM3,2025-05-01,2025-09-01,5,205.6332,207.4,203.1,1.2473,2.1172,-0.8699,False
B11-M-008,HCPI,EM3,2025-05-01,2025-10-01,6,205.8269,207.5,202.1,1.8441,2.6719,-0.8279,False
B11-M-008,HCPI,EM3,2025-05-01,2025-11-01,7,206.6522,207.2,202.4,2.1009,2.3715,-0.2707,True
B11-M-008,HCPI,EM3,2025-05-01,2025-12-01,8,207.3195,210.5,204.6,1.3292,2.8837,-1.5545,False
B11-M-008,HCPI,EM3,2025-05-01,2026-01-01,9,207.8921,211.4,206.4,0.7229,2.4225,-1.6996,False
B11-M-008,HCPI,EM3,2025-05-01,2026-02-01,10,208.3361,209.4,206.2,1.0359,1.5519,-0.516,False
B11-M-008,HCPI,EM3,2025-05-01,2026-03-01,11,208.3002,210.9,206.0,1.1166,2.3786,-1.262,False
B11-M-008,HCPI,EM3,2025-05-01,2026-04-01,12,208.5087,216.3,206.5,0.9727,4.7458,-3.773,False
B11-M-009,HCPI,EM3,2025-06-01,2025-06-01,1,208.4538,208.7,208.1,0.17,0.2883,-0.1183,True
B11-M-009,HCPI,EM3,2025-06-01,2025-07-01,2,208.6023,208.3,206.9,0.8228,0.6767,0.1461,True
B11-M-009,HCPI,EM3,2025-06-01,2025-08-01,3,208.5386,207.2,204.1,2.1747,1.5189,0.6558,False
B11-M-009,HCPI,EM3,2025-06-01,2025-09-01,4,208.1966,207.4,203.1,2.5094,2.1172,0.3922,True
B11-M-009,HCPI,EM3,2025-06-01,2025-10-01,5,208.4378,207.5,202.1,3.136,2.6719,0.464,True
B11-M-009,HCPI,EM3,2025-06-01,2025-11-01,6,208.7127,207.2,202.4,3.1189,2.3715,0.7474,False
B11-M-009,HCPI,EM3,2025-06-01,2025-12-01,7,209.5722,210.5,204.6,2.4302,2.8837,-0.4535,True
B11-M-009,HCPI,EM3,2025-06-01,2026-01-01,8,210.0676,211.4,206.4,1.777,2.4225,-0.6455,False
B11-M-009,HCPI,EM3,2025-06-01,2026-02-01,9,210.4081,209.4,206.2,2.0408,1.5519,0.4889,True
B11-M-009,HCPI,EM3,2025-06-01,2026-03-01,10,210.639,210.9,206.0,2.2519,2.3786,-0.1267,True
B11-M-009,HCPI,EM3,2025-06-01,2026-04-01,11,210.7194,216.3,206.5,2.0433,4.7458,-2.7025,False
B11-M-009,HCPI,EM3,2025-06-01,2026-05-01,12,210.9613,218.8,207.5,1.6681,5.4458,-3.7777,False
B11-M-010,HCPI,EM3,2025-07-01,2025-07-01,1,205.5509,208.3,206.9,-0.6521,0.6767,-1.3287,False
B11-M-010,HCPI,EM3,2025-07-01,2025-08-01,2,205.3654,207.2,204.1,0.62,1.5189,-0.8989,False
B11-M-010,HCPI,EM3,2025-07-01,2025-09-01,3,205.2138,207.4,203.1,1.0408,2.1172,-1.0764,False
B11-M-010,HCPI,EM3,2025-07-01,2025-10-01,4,205.1267,207.5,202.1,1.4976,2.6719,-1.1743,False
B11-M-010,HCPI,EM3,2025-07-01,2025-11-01,5,205.5958,207.2,202.4,1.579,2.3715,-0.7926,False
B11-M-010,HCPI,EM3,2025-07-01,2025-12-01,6,206.5148,210.5,204.6,0.9359,2.8837,-1.9478,False
B11-M-010,HCPI,EM3,2025-07-01,2026-01-01,7,207.4675,211.4,206.4,0.5172,2.4225,-1.9053,False
B11-M-010,HCPI,EM3,2025-07-01,2026-02-01,8,207.5968,209.4,206.2,0.6774,1.5519,-0.8745,False
B11-M-010,HCPI,EM3,2025-07-01,2026-03-01,9,206.9613,210.9,206.0,0.4666,2.3786,-1.912,False
B11-M-010,HCPI,EM3,2025-07-01,2026-04-01,10,206.4602,216.3,206.5,-0.0193,4.7458,-4.765,False
B11-M-010,HCPI,EM3,2025-07-01,2026-05-01,11,207.2207,218.8,207.5,-0.1346,5.4458,-5.5804,False
B11-M-010,HCPI,EM3,2025-07-01,2026-06-01,12,208.2797,222.3,208.7,-0.2014,6.5165,-6.7179,False
B11-M-011,HCPI,EM3,2025-08-01,2025-08-01,1,213.9516,207.2,204.1,4.8268,1.5189,3.308,False
B11-M-011,HCPI,EM3,2025-08-01,2025-09-01,2,214.1153,207.4,203.1,5.4236,2.1172,3.3064,False
B11-M-011,HCPI,EM3,2025-08-01,2025-10-01,3,214.9669,207.5,202.1,6.3666,2.6719,3.6946,False
B11-M-011,HCPI,EM3,2025-08-01,2025-11-01,4,215.8111,207.2,202.4,6.626,2.3715,4.2545,False
B11-M-011,HCPI,EM3,2025-08-01,2025-12-01,5,216.9414,210.5,204.6,6.032,2.8837,3.1483,False
B11-M-011,HCPI,EM3,2025-08-01,2026-01-01,6,218.7803,211.4,206.4,5.9982,2.4225,3.5757,False
B11-M-011,HCPI,EM3,2025-08-01,2026-02-01,7,218.8572,209.4,206.2,6.1383,1.5519,4.5864,False
B11-M-011,HCPI,EM3,2025-08-01,2026-03-01,8,219.1679,210.9,206.0,6.3922,2.3786,4.0136,False
B11-M-011,HCPI,EM3,2025-08-01,2026-04-01,9,219.7674,216.3,206.5,6.4249,4.7458,1.6791,False
B11-M-011,HCPI,EM3,2025-08-01,2026-05-01,10,219.6309,218.8,207.5,5.8462,5.4458,0.4005,True
B11-M-011,HCPI,EM3,2025-08-01,2026-06-01,11,220.8529,222.3,208.7,5.8231,6.5165,-0.6934,False
B11-M-011,HCPI,EM3,2025-08-01,2026-07-01,12,221.3383,223.4,208.3,6.2594,7.2492,-0.9898,False
B11-M-012,HCPI,EM3,2025-09-01,2025-09-01,1,210.2256,207.4,203.1,3.5084,2.1172,1.3912,False
B11-M-012,HCPI,EM3,2025-09-01,2025-10-01,2,210.1932,207.5,202.1,4.0046,2.6719,1.3326,False
B11-M-012,HCPI,EM3,2025-09-01,2025-11-01,3,211.6972,207.2,202.4,4.5935,2.3715,2.2219,False
B11-M-012,HCPI,EM3,2025-09-01,2025-12-01,4,213.3537,210.5,204.6,4.2784,2.8837,1.3948,False
B11-M-012,HCPI,EM3,2025-09-01,2026-01-01,5,214.7733,211.4,206.4,4.0568,2.4225,1.6344,False
B11-M-012,HCPI,EM3,2025-09-01,2026-02-01,6,214.9569,209.4,206.2,4.2468,1.5519,2.6949,False
B11-M-012,HCPI,EM3,2025-09-01,2026-03-01,7,214.989,210.9,206.0,4.3636,2.3786,1.9849,False
B11-M-012,HCPI,EM3,2025-09-01,2026-04-01,8,216.2094,216.3,206.5,4.7019,4.7458,-0.0439,True
B11-M-012,HCPI,EM3,2025-09-01,2026-05-01,9,217.4289,218.8,207.5,4.785,5.4458,-0.6607,False
B11-M-012,HCPI,EM3,2025-09-01,2026-06-01,10,218.8254,222.3,208.7,4.8516,6.5165,-1.6649,False
B11-M-012,HCPI,EM3,2025-09-01,2026-07-01,11,219.4184,223.4,208.3,5.3377,7.2492,-1.9115,False
B11-M-012,HCPI,EM3,2025-09-01,2026-08-01,12,219.1862,223.9,207.2,5.7849,8.0598,-2.275,False
B11-M-013,HCPI,EM4,2025-04-01,2025-04-01,1,203.2627,206.5,208.2,-2.3714,-0.8165,-1.5549,False
B11-M-013,HCPI,EM4,2025-04-01,2025-05-01,2,203.3521,207.5,206.3,-1.4289,0.5817,-2.0106,False
B11-M-013,HCPI,EM4,2025-04-01,2025-06-01,3,203.2917,208.7,208.1,-2.3106,0.2883,-2.5989,False
B11-M-013,HCPI,EM4,2025-04-01,2025-07-01,4,202.7374,208.3,206.9,-2.0119,0.6767,-2.6886,False
B11-M-013,HCPI,EM4,2025-04-01,2025-08-01,5,203.0861,207.2,204.1,-0.4967,1.5189,-2.0156,False
B11-M-013,HCPI,EM4,2025-04-01,2025-09-01,6,203.1633,207.4,203.1,0.0311,2.1172,-2.086,False
B11-M-013,HCPI,EM4,2025-04-01,2025-10-01,7,203.364,207.5,202.1,0.6254,2.6719,-2.0465,False
B11-M-013,HCPI,EM4,2025-04-01,2025-11-01,8,203.6255,207.2,202.4,0.6055,2.3715,-1.766,False
B11-M-013,HCPI,EM4,2025-04-01,2025-12-01,9,203.9215,210.5,204.6,-0.3316,2.8837,-3.2153,False
B11-M-013,HCPI,EM4,2025-04-01,2026-01-01,10,203.1426,211.4,206.4,-1.5782,2.4225,-4.0007,False
B11-M-013,HCPI,EM4,2025-04-01,2026-02-01,11,201.8512,209.4,206.2,-2.109,1.5519,-3.6609,False
B11-M-013,HCPI,EM4,2025-04-01,2026-03-01,12,201.5491,210.9,206.0,-2.1606,2.3786,-4.5393,False
B11-M-014,HCPI,EM4,2025-05-01,2025-05-01,1,205.8696,207.5,206.3,-0.2086,0.5817,-0.7903,False
B11-M-014,HCPI,EM4,2025-05-01,2025-06-01,2,205.8245,208.7,208.1,-1.0934,0.2883,-1.3818,False
B11-M-014,HCPI,EM4,2025-05-01,2025-07-01,3,206.2496,208.3,206.9,-0.3144,0.6767,-0.991,False
B11-M-014,HCPI,EM4,2025-05-01,2025-08-01,4,205.6365,207.2,204.1,0.7528,1.5189,-0.7661,False
B11-M-014,HCPI,EM4,2025-05-01,2025-09-01,5,205.5457,207.4,203.1,1.2042,2.1172,-0.913,False
B11-M-014,HCPI,EM4,2025-05-01,2025-10-01,6,206.3959,207.5,202.1,2.1256,2.6719,-0.5463,False
B11-M-014,HCPI,EM4,2025-05-01,2025-11-01,7,206.0441,207.2,202.4,1.8004,2.3715,-0.5711,False
B11-M-014,HCPI,EM4,2025-05-01,2025-12-01,8,206.5397,210.5,204.6,0.948,2.8837,-1.9356,False
B11-M-014,HCPI,EM4,2025-05-01,2026-01-01,9,206.938,211.4,206.4,0.2606,2.4225,-2.1618,False
B11-M-014,HCPI,EM4,2025-05-01,2026-02-01,10,206.5878,209.4,206.2,0.1881,1.5519,-1.3638,False
B11-M-014,HCPI,EM4,2025-05-01,2026-03-01,11,206.4805,210.9,206.0,0.2333,2.3786,-2.1454,False
B11-M-014,HCPI,EM4,2025-05-01,2026-04-01,12,206.1562,216.3,206.5,-0.1665,4.7458,-4.9123,False
B11-M-015,HCPI,EM4,2025-06-01,2025-06-01,1,205.7626,208.7,208.1,-1.1232,0.2883,-1.4115,False
B11-M-015,HCPI,EM4,2025-06-01,2025-07-01,2,206.2163,208.3,206.9,-0.3304,0.6767,-1.0071,False
B11-M-015,HCPI,EM4,2025-06-01,2025-08-01,3,206.7233,207.2,204.1,1.2853,1.5189,-0.2335,True
B11-M-015,HCPI,EM4,2025-06-01,2025-09-01,4,207.0372,207.4,203.1,1.9386,2.1172,-0.1786,True
B11-M-015,HCPI,EM4,2025-06-01,2025-10-01,5,207.4436,207.5,202.1,2.644,2.6719,-0.0279,True
B11-M-015,HCPI,EM4,2025-06-01,2025-11-01,6,207.9364,207.2,202.4,2.7354,2.3715,0.3639,True
B11-M-015,HCPI,EM4,2025-06-01,2025-12-01,7,208.5237,210.5,204.6,1.9177,2.8837,-0.9659,False
B11-M-015,HCPI,EM4,2025-06-01,2026-01-01,8,209.2254,211.4,206.4,1.3689,2.4225,-1.0536,False
B11-M-015,HCPI,EM4,2025-06-01,2026-02-01,9,209.8786,209.4,206.2,1.784,1.5519,0.2321,True
B11-M-015,HCPI,EM4,2025-06-01,2026-03-01,10,209.991,210.9,206.0,1.9374,2.3786,-0.4412,True
B11-M-015,HCPI,EM4,2025-06-01,2026-04-01,11,210.6962,216.3,206.5,2.032,4.7458,-2.7137,False
B11-M-015,HCPI,EM4,2025-06-01,2026-05-01,12,211.0326,218.8,207.5,1.7025,5.4458,-3.7433,False
B11-M-016,HCPI,EM4,2025-07-01,2025-07-01,1,207.9404,208.3,206.9,0.5029,0.6767,-0.1738,True
B11-M-016,HCPI,EM4,2025-07-01,2025-08-01,2,207.3969,207.2,204.1,1.6153,1.5189,0.0965,True
B11-M-016,HCPI,EM4,2025-07-01,2025-09-01,3,207.7848,207.4,203.1,2.3067,2.1172,0.1895,True
B11-M-016,HCPI,EM4,2025-07-01,2025-10-01,4,207.4704,207.5,202.1,2.6573,2.6719,-0.0147,True
B11-M-016,HCPI,EM4,2025-07-01,2025-11-01,5,207.8406,207.2,202.4,2.688,2.3715,0.3165,True
B11-M-016,HCPI,EM4,2025-07-01,2025-12-01,6,208.8422,210.5,204.6,2.0734,2.8837,-0.8102,False
B11-M-016,HCPI,EM4,2025-07-01,2026-01-01,7,209.6579,211.4,206.4,1.5785,2.4225,-0.844,False
B11-M-016,HCPI,EM4,2025-07-01,2026-02-01,8,209.2416,209.4,206.2,1.4751,1.5519,-0.0768,True
B11-M-016,HCPI,EM4,2025-07-01,2026-03-01,9,209.4611,210.9,206.0,1.6801,2.3786,-0.6985,False
B11-M-016,HCPI,EM4,2025-07-01,2026-04-01,10,209.588,216.3,206.5,1.4954,4.7458,-3.2504,False
B11-M-016,HCPI,EM4,2025-07-01,2026-05-01,11,210.0688,218.8,207.5,1.238,5.4458,-4.2078,False
B11-M-016,HCPI,EM4,2025-07-01,2026-06-01,12,210.6774,222.3,208.7,0.9475,6.5165,-5.5691,False
B11-M-017,HCPI,EM4,2025-08-01,2025-08-01,1,218.4965,207.2,204.1,7.0537,1.5189,5.5348,False
B11-M-017,HCPI,EM4,2025-08-01,2025-09-01,2,219.0827,207.4,203.1,7.8694,2.1172,5.7522,False
B11-M-017,HCPI,EM4,2025-08-01,2025-10-01,3,220.2494,207.5,202.1,8.9804,2.6719,6.3085,False
B11-M-017,HCPI,EM4,2025-08-01,2025-11-01,4,221.3027,207.2,202.4,9.3393,2.3715,6.9678,False
B11-M-017,HCPI,EM4,2025-08-01,2025-12-01,5,222.4503,210.5,204.6,8.7245,2.8837,5.8408,False
B11-M-017,HCPI,EM4,2025-08-01,2026-01-01,6,225.1794,211.4,206.4,9.0985,2.4225,6.6761,False
B11-M-017,HCPI,EM4,2025-08-01,2026-02-01,7,225.4827,209.4,206.2,9.3515,1.5519,7.7996,False
B11-M-017,HCPI,EM4,2025-08-01,2026-03-01,8,225.7261,210.9,206.0,9.5758,2.3786,7.1971,False
B11-M-017,HCPI,EM4,2025-08-01,2026-04-01,9,226.6803,216.3,206.5,9.7726,4.7458,5.0268,False
B11-M-017,HCPI,EM4,2025-08-01,2026-05-01,10,227.1976,218.8,207.5,9.4928,5.4458,4.047,False
B11-M-017,HCPI,EM4,2025-08-01,2026-06-01,11,228.5428,222.3,208.7,9.5078,6.5165,2.9913,False
B11-M-017,HCPI,EM4,2025-08-01,2026-07-01,12,229.4554,223.4,208.3,10.1562,7.2492,2.907,False
B11-M-018,HCPI,EM4,2025-09-01,2025-09-01,1,212.0564,207.4,203.1,4.4098,2.1172,2.2926,False
B11-M-018,HCPI,EM4,2025-09-01,2025-10-01,2,212.475,207.5,202.1,5.1336,2.6719,2.4617,False
B11-M-018,HCPI,EM4,2025-09-01,2025-11-01,3,214.1194,207.2,202.4,5.7902,2.3715,3.4187,False
B11-M-018,HCPI,EM4,2025-09-01,2025-12-01,4,215.8044,210.5,204.6,5.4763,2.8837,2.5926,False
B11-M-018,HCPI,EM4,2025-09-01,2026-01-01,5,217.7328,211.4,206.4,5.4907,2.4225,3.0682,False
B11-M-018,HCPI,EM4,2025-09-01,2026-02-01,6,218.4269,209.4,206.2,5.9296,1.5519,4.3777,False
B11-M-018,HCPI,EM4,2025-09-01,2026-03-01,7,218.9472,210.9,206.0,6.285,2.3786,3.9064,False
B11-M-018,HCPI,EM4,2025-09-01,2026-04-01,8,219.9072,216.3,206.5,6.4926,4.7458,1.7468,False
B11-M-018,HCPI,EM4,2025-09-01,2026-05-01,9,221.1167,218.8,207.5,6.5623,5.4458,1.1165,False
B11-M-018,HCPI,EM4,2025-09-01,2026-06-01,10,222.0723,222.3,208.7,6.4074,6.5165,-0.1091,True
B11-M-018,HCPI,EM4,2025-09-01,2026-07-01,11,222.7223,223.4,208.3,6.9238,7.2492,-0.3253,True
B11-M-018,HCPI,EM4,2025-09-01,2026-08-01,12,222.9985,223.9,207.2,7.6248,8.0598,-0.4351,True
B11-M-019,HCPI,EM5,2025-04-01,2025-04-01,1,203.2015,206.5,208.2,-2.4008,-0.8165,-1.5843,False
B11-M-019,HCPI,EM5,2025-04-01,2025-05-01,2,203.2046,207.5,206.3,-1.5004,0.5817,-2.0821,False
B11-M-019,HCPI,EM5,2025-04-01,2025-06-01,3,203.0986,208.7,208.1,-2.4034,0.2883,-2.6917,False
B11-M-019,HCPI,EM5,2025-04-01,2025-07-01,4,202.5401,208.3,206.9,-2.1073,0.6767,-2.7839,False
B11-M-019,HCPI,EM5,2025-04-01,2025-08-01,5,202.8401,207.2,204.1,-0.6173,1.5189,-2.1362,False
B11-M-019,HCPI,EM5,2025-04-01,2025-09-01,6,202.9035,207.4,203.1,-0.0968,2.1172,-2.2139,False
B11-M-019,HCPI,EM5,2025-04-01,2025-10-01,7,203.1348,207.5,202.1,0.512,2.6719,-2.1599,False
B11-M-019,HCPI,EM5,2025-04-01,2025-11-01,8,203.3823,207.2,202.4,0.4853,2.3715,-1.8862,False
B11-M-019,HCPI,EM5,2025-04-01,2025-12-01,9,203.6242,210.5,204.6,-0.4769,2.8837,-3.3606,False
B11-M-019,HCPI,EM5,2025-04-01,2026-01-01,10,202.8464,211.4,206.4,-1.7217,2.4225,-4.1442,False
B11-M-019,HCPI,EM5,2025-04-01,2026-02-01,11,201.6655,209.4,206.2,-2.1991,1.5519,-3.751,False
B11-M-019,HCPI,EM5,2025-04-01,2026-03-01,12,201.3575,210.9,206.0,-2.2536,2.3786,-4.6323,False
B11-M-020,HCPI,EM5,2025-05-01,2025-05-01,1,205.7766,207.5,206.3,-0.2537,0.5817,-0.8354,False
B11-M-020,HCPI,EM5,2025-05-01,2025-06-01,2,205.8016,208.7,208.1,-1.1045,0.2883,-1.3928,False
B11-M-020,HCPI,EM5,2025-05-01,2025-07-01,3,206.3544,208.3,206.9,-0.2637,0.6767,-0.9404,False
B11-M-020,HCPI,EM5,2025-05-01,2025-08-01,4,205.8032,207.2,204.1,0.8345,1.5189,-0.6843,False
B11-M-020,HCPI,EM5,2025-05-01,2025-09-01,5,205.7511,207.4,203.1,1.3053,2.1172,-0.8119,False
B11-M-020,HCPI,EM5,2025-05-01,2025-10-01,6,206.6086,207.5,202.1,2.2309,2.6719,-0.4411,True
B11-M-020,HCPI,EM5,2025-05-01,2025-11-01,7,206.3113,207.2,202.4,1.9325,2.3715,-0.4391,True
B11-M-020,HCPI,EM5,2025-05-01,2025-12-01,8,206.804,210.5,204.6,1.0772,2.8837,-1.8065,False
B11-M-020,HCPI,EM5,2025-05-01,2026-01-01,9,207.2167,211.4,206.4,0.3957,2.4225,-2.0268,False
B11-M-020,HCPI,EM5,2025-05-01,2026-02-01,10,206.883,209.4,206.2,0.3312,1.5519,-1.2207,False
B11-M-020,HCPI,EM5,2025-05-01,2026-03-01,11,206.7867,210.9,206.0,0.3819,2.3786,-1.9967,False
B11-M-020,HCPI,EM5,2025-05-01,2026-04-01,12,206.5133,216.3,206.5,0.0064,4.7458,-4.7393,False
B11-M-021,HCPI,EM5,2025-06-01,2025-06-01,1,205.7691,208.7,208.1,-1.1201,0.2883,-1.4084,False
B11-M-021,HCPI,EM5,2025-06-01,2025-07-01,2,206.2247,208.3,206.9,-0.3264,0.6767,-1.0031,False
B11-M-021,HCPI,EM5,2025-06-01,2025-08-01,3,206.7332,207.2,204.1,1.2901,1.5189,-0.2287,True
B11-M-021,HCPI,EM5,2025-06-01,2025-09-01,4,207.0495,207.4,203.1,1.9446,2.1172,-0.1726,True
B11-M-021,HCPI,EM5,2025-06-01,2025-10-01,5,207.4577,207.5,202.1,2.651,2.6719,-0.0209,True
B11-M-021,HCPI,EM5,2025-06-01,2025-11-01,6,207.9519,207.2,202.4,2.743,2.3715,0.3715,True
B11-M-021,HCPI,EM5,2025-06-01,2025-12-01,7,208.5406,210.5,204.6,1.926,2.8837,-0.9577,False
B11-M-021,HCPI,EM5,2025-06-01,2026-01-01,8,209.2436,211.4,206.4,1.3777,2.4225,-1.0448,False
B11-M-021,HCPI,EM5,2025-06-01,2026-02-01,9,209.8977,209.4,206.2,1.7933,1.5519,0.2414,True
B11-M-021,HCPI,EM5,2025-06-01,2026-03-01,10,210.0125,210.9,206.0,1.9478,2.3786,-0.4308,True
B11-M-021,HCPI,EM5,2025-06-01,2026-04-01,11,210.7188,216.3,206.5,2.043,4.7458,-2.7028,False
B11-M-021,HCPI,EM5,2025-06-01,2026-05-01,12,211.0567,218.8,207.5,1.7141,5.4458,-3.7317,False
B11-M-022,HCPI,EM5,2025-07-01,2025-07-01,1,205.5285,208.3,206.9,-0.6629,0.6767,-1.3395,False
B11-M-022,HCPI,EM5,2025-07-01,2025-08-01,2,205.9436,207.2,204.1,0.9033,1.5189,-0.6156,False
B11-M-022,HCPI,EM5,2025-07-01,2025-09-01,3,205.5592,207.4,203.1,1.2108,2.1172,-0.9063,False
B11-M-022,HCPI,EM5,2025-07-01,2025-10-01,4,205.432,207.5,202.1,1.6487,2.6719,-1.0233,False
B11-M-022,HCPI,EM5,2025-07-01,2025-11-01,5,205.7284,207.2,202.4,1.6445,2.3715,-0.7271,False
B11-M-022,HCPI,EM5,2025-07-01,2025-12-01,6,207.1726,210.5,204.6,1.2574,2.8837,-1.6263,False
B11-M-022,HCPI,EM5,2025-07-01,2026-01-01,7,207.9987,211.4,206.4,0.7746,2.4225,-1.6479,False
B11-M-022,HCPI,EM5,2025-07-01,2026-02-01,8,208.0469,209.4,206.2,0.8957,1.5519,-0.6562,False
B11-M-022,HCPI,EM5,2025-07-01,2026-03-01,9,207.2093,210.9,206.0,0.587,2.3786,-1.7916,False
B11-M-022,HCPI,EM5,2025-07-01,2026-04-01,10,207.5143,216.3,206.5,0.4912,4.7458,-4.2546,False
B11-M-022,HCPI,EM5,2025-07-01,2026-05-01,11,207.8461,218.8,207.5,0.1668,5.4458,-5.279,False
B11-M-022,HCPI,EM5,2025-07-01,2026-06-01,12,208.6082,222.3,208.7,-0.044,6.5165,-6.5605,False
B11-M-023,HCPI,EM5,2025-08-01,2025-08-01,1,215.9138,207.2,204.1,5.7883,1.5189,4.2694,False
B11-M-023,HCPI,EM5,2025-08-01,2025-09-01,2,216.0959,207.4,203.1,6.3988,2.1172,4.2816,False
B11-M-023,HCPI,EM5,2025-08-01,2025-10-01,3,216.2936,207.5,202.1,7.023,2.6719,4.3511,False
B11-M-023,HCPI,EM5,2025-08-01,2025-11-01,4,216.738,207.2,202.4,7.084,2.3715,4.7124,False
B11-M-023,HCPI,EM5,2025-08-01,2025-12-01,5,217.9125,210.5,204.6,6.5066,2.8837,3.6229,False
B11-M-023,HCPI,EM5,2025-08-01,2026-01-01,6,219.4312,211.4,206.4,6.3136,2.4225,3.8911,False
B11-M-023,HCPI,EM5,2025-08-01,2026-02-01,7,219.0677,209.4,206.2,6.2404,1.5519,4.6885,False
B11-M-023,HCPI,EM5,2025-08-01,2026-03-01,8,219.3854,210.9,206.0,6.4977,2.3786,4.1191,False
B11-M-023,HCPI,EM5,2025-08-01,2026-04-01,9,220.3265,216.3,206.5,6.6956,4.7458,1.9499,False
B11-M-023,HCPI,EM5,2025-08-01,2026-05-01,10,221.1668,218.8,207.5,6.5864,5.4458,1.1406,False
B11-M-023,HCPI,EM5,2025-08-01,2026-06-01,11,221.6909,222.3,208.7,6.2247,6.5165,-0.2918,True
B11-M-023,HCPI,EM5,2025-08-01,2026-07-01,12,221.8776,223.4,208.3,6.5183,7.2492,-0.7309,False
B11-M-024,HCPI,EM5,2025-09-01,2025-09-01,1,206.647,207.4,203.1,1.7464,2.1172,-0.3708,True
B11-M-024,HCPI,EM5,2025-09-01,2025-10-01,2,206.3347,207.5,202.1,2.0953,2.6719,-0.5766,False
B11-M-024,HCPI,EM5,2025-09-01,2025-11-01,3,206.8717,207.2,202.4,2.2093,2.3715,-0.1622,True
B11-M-024,HCPI,EM5,2025-09-01,2025-12-01,4,207.3886,210.5,204.6,1.363,2.8837,-1.5207,False
B11-M-024,HCPI,EM5,2025-09-01,2026-01-01,5,208.2147,211.4,206.4,0.8792,2.4225,-1.5433,False
B11-M-024,HCPI,EM5,2025-09-01,2026-02-01,6,208.3472,209.4,206.2,1.0413,1.5519,-0.5106,False
B11-M-024,HCPI,EM5,2025-09-01,2026-03-01,7,207.7583,210.9,206.0,0.8536,2.3786,-1.5251,False
B11-M-024,HCPI,EM5,2025-09-01,2026-04-01,8,208.6828,216.3,206.5,1.057,4.7458,-3.6887,False
B11-M-024,HCPI,EM5,2025-09-01,2026-05-01,9,209.8561,218.8,207.5,1.1355,5.4458,-4.3103,False
B11-M-024,HCPI,EM5,2025-09-01,2026-06-01,10,211.2374,222.3,208.7,1.2158,6.5165,-5.3007,False
B11-M-024,HCPI,EM5,2025-09-01,2026-07-01,11,211.3525,223.4,208.3,1.4654,7.2492,-5.7837,False
B11-M-024,HCPI,EM5,2025-09-01,2026-08-01,12,210.6571,223.9,207.2,1.6685,8.0598,-6.3914,False
B11-M-025,HCPI,EM6,2025-04-01,2025-04-01,1,203.0198,206.5,208.2,-2.4881,-0.8165,-1.6716,False
B11-M-025,HCPI,EM6,2025-04-01,2025-05-01,2,203.1037,207.5,206.3,-1.5493,0.5817,-2.131,False
B11-M-025,HCPI,EM6,2025-04-01,2025-06-01,3,203.046,208.7,208.1,-2.4287,0.2883,-2.717,False
B11-M-025,HCPI,EM6,2025-04-01,2025-07-01,4,202.4878,208.3,206.9,-2.1325,0.6767,-2.8092,False
B11-M-025,HCPI,EM6,2025-04-01,2025-08-01,5,202.8237,207.2,204.1,-0.6254,1.5189,-2.1442,False
B11-M-025,HCPI,EM6,2025-04-01,2025-09-01,6,202.8939,207.4,203.1,-0.1015,2.1172,-2.2187,False
B11-M-025,HCPI,EM6,2025-04-01,2025-10-01,7,203.1199,207.5,202.1,0.5046,2.6719,-2.1673,False
B11-M-025,HCPI,EM6,2025-04-01,2025-11-01,8,203.3969,207.2,202.4,0.4925,2.3715,-1.879,False
B11-M-025,HCPI,EM6,2025-04-01,2025-12-01,9,203.7053,210.5,204.6,-0.4373,2.8837,-3.321,False
B11-M-025,HCPI,EM6,2025-04-01,2026-01-01,10,202.9294,211.4,206.4,-1.6815,2.4225,-4.104,False
B11-M-025,HCPI,EM6,2025-04-01,2026-02-01,11,201.7175,209.4,206.2,-2.1739,1.5519,-3.7257,False
B11-M-025,HCPI,EM6,2025-04-01,2026-03-01,12,201.4026,210.9,206.0,-2.2317,2.3786,-4.6104,False
B11-M-026,HCPI,EM6,2025-05-01,2025-05-01,1,205.8696,207.5,206.3,-0.2086,0.5817,-0.7903,False
B11-M-026,HCPI,EM6,2025-05-01,2025-06-01,2,205.8245,208.7,208.1,-1.0934,0.2883,-1.3818,False
B11-M-026,HCPI,EM6,2025-05-01,2025-07-01,3,206.2496,208.3,206.9,-0.3144,0.6767,-0.991,False
B11-M-026,HCPI,EM6,2025-05-01,2025-08-01,4,205.6365,207.2,204.1,0.7528,1.5189,-0.7661,False
B11-M-026,HCPI,EM6,2025-05-01,2025-09-01,5,205.5457,207.4,203.1,1.2042,2.1172,-0.913,False
B11-M-026,HCPI,EM6,2025-05-01,2025-10-01,6,206.3959,207.5,202.1,2.1256,2.6719,-0.5463,False
B11-M-026,HCPI,EM6,2025-05-01,2025-11-01,7,206.0441,207.2,202.4,1.8004,2.3715,-0.5711,False
B11-M-026,HCPI,EM6,2025-05-01,2025-12-01,8,206.5397,210.5,204.6,0.948,2.8837,-1.9356,False
B11-M-026,HCPI,EM6,2025-05-01,2026-01-01,9,206.938,211.4,206.4,0.2606,2.4225,-2.1618,False
B11-M-026,HCPI,EM6,2025-05-01,2026-02-01,10,206.5878,209.4,206.2,0.1881,1.5519,-1.3638,False
B11-M-026,HCPI,EM6,2025-05-01,2026-03-01,11,206.4805,210.9,206.0,0.2333,2.3786,-2.1454,False
B11-M-026,HCPI,EM6,2025-05-01,2026-04-01,12,206.1562,216.3,206.5,-0.1665,4.7458,-4.9123,False
B11-M-027,HCPI,EM6,2025-06-01,2025-06-01,1,205.7626,208.7,208.1,-1.1232,0.2883,-1.4115,False
B11-M-027,HCPI,EM6,2025-06-01,2025-07-01,2,206.2163,208.3,206.9,-0.3304,0.6767,-1.0071,False
B11-M-027,HCPI,EM6,2025-06-01,2025-08-01,3,206.7233,207.2,204.1,1.2853,1.5189,-0.2335,True
B11-M-027,HCPI,EM6,2025-06-01,2025-09-01,4,207.0372,207.4,203.1,1.9386,2.1172,-0.1786,True
B11-M-027,HCPI,EM6,2025-06-01,2025-10-01,5,207.4436,207.5,202.1,2.644,2.6719,-0.0279,True
B11-M-027,HCPI,EM6,2025-06-01,2025-11-01,6,207.9364,207.2,202.4,2.7354,2.3715,0.3639,True
B11-M-027,HCPI,EM6,2025-06-01,2025-12-01,7,208.5237,210.5,204.6,1.9177,2.8837,-0.9659,False
B11-M-027,HCPI,EM6,2025-06-01,2026-01-01,8,209.2254,211.4,206.4,1.3689,2.4225,-1.0536,False
B11-M-027,HCPI,EM6,2025-06-01,2026-02-01,9,209.8786,209.4,206.2,1.784,1.5519,0.2321,True
B11-M-027,HCPI,EM6,2025-06-01,2026-03-01,10,209.991,210.9,206.0,1.9374,2.3786,-0.4412,True
B11-M-027,HCPI,EM6,2025-06-01,2026-04-01,11,210.6962,216.3,206.5,2.032,4.7458,-2.7137,False
B11-M-027,HCPI,EM6,2025-06-01,2026-05-01,12,211.0326,218.8,207.5,1.7025,5.4458,-3.7433,False
B11-M-028,HCPI,EM6,2025-07-01,2025-07-01,1,204.745,208.3,206.9,-1.0416,0.6767,-1.7182,False
B11-M-028,HCPI,EM6,2025-07-01,2025-08-01,2,204.4247,207.2,204.1,0.1591,1.5189,-1.3598,False
B11-M-028,HCPI,EM6,2025-07-01,2025-09-01,3,204.0529,207.4,203.1,0.4692,2.1172,-1.648,False
B11-M-028,HCPI,EM6,2025-07-01,2025-10-01,4,203.9193,207.5,202.1,0.9002,2.6719,-1.7718,False
B11-M-028,HCPI,EM6,2025-07-01,2025-11-01,5,204.3271,207.2,202.4,0.9521,2.3715,-1.4194,False
B11-M-028,HCPI,EM6,2025-07-01,2025-12-01,6,205.9894,210.5,204.6,0.6791,2.8837,-2.2046,False
B11-M-028,HCPI,EM6,2025-07-01,2026-01-01,7,206.8708,211.4,206.4,0.2281,2.4225,-2.1944,False
B11-M-028,HCPI,EM6,2025-07-01,2026-02-01,8,206.9675,209.4,206.2,0.3722,1.5519,-1.1797,False
B11-M-028,HCPI,EM6,2025-07-01,2026-03-01,9,205.9844,210.9,206.0,-0.0076,2.3786,-2.3862,False
B11-M-028,HCPI,EM6,2025-07-01,2026-04-01,10,206.2336,216.3,206.5,-0.129,4.7458,-4.8748,False
B11-M-028,HCPI,EM6,2025-07-01,2026-05-01,11,206.7429,218.8,207.5,-0.3649,5.4458,-5.8106,False
B11-M-028,HCPI,EM6,2025-07-01,2026-06-01,12,207.5866,222.3,208.7,-0.5335,6.5165,-7.05,False
B11-M-029,HCPI,EM6,2025-08-01,2025-08-01,1,213.5219,207.2,204.1,4.6163,1.5189,3.0975,False
B11-M-029,HCPI,EM6,2025-08-01,2025-09-01,2,213.6903,207.4,203.1,5.2143,2.1172,3.0971,False
B11-M-029,HCPI,EM6,2025-08-01,2025-10-01,3,214.3694,207.5,202.1,6.071,2.6719,3.399,False
B11-M-029,HCPI,EM6,2025-08-01,2025-11-01,4,215.1221,207.2,202.4,6.2856,2.3715,3.9141,False
B11-M-029,HCPI,EM6,2025-08-01,2025-12-01,5,216.0839,210.5,204.6,5.6129,2.8837,2.7292,False
B11-M-029,HCPI,EM6,2025-08-01,2026-01-01,6,218.0953,211.4,206.4,5.6663,2.4225,3.2438,False
B11-M-029,HCPI,EM6,2025-08-01,2026-02-01,7,218.1511,209.4,206.2,5.7959,1.5519,4.244,False
B11-M-029,HCPI,EM6,2025-08-01,2026-03-01,8,218.5207,210.9,206.0,6.078,2.3786,3.6994,False
B11-M-029,HCPI,EM6,2025-08-01,2026-04-01,9,218.7143,216.3,206.5,5.9149,4.7458,1.1692,False
B11-M-029,HCPI,EM6,2025-08-01,2026-05-01,10,219.0055,218.8,207.5,5.5448,5.4458,0.099,True
B11-M-029,HCPI,EM6,2025-08-01,2026-06-01,11,219.8483,222.3,208.7,5.3418,6.5165,-1.1747,False
B11-M-029,HCPI,EM6,2025-08-01,2026-07-01,12,220.165,223.4,208.3,5.6961,7.2492,-1.553,False
B11-M-030,HCPI,EM6,2025-09-01,2025-09-01,1,206.9447,207.4,203.1,1.893,2.1172,-0.2242,True
B11-M-030,HCPI,EM6,2025-09-01,2025-10-01,2,206.6968,207.5,202.1,2.2745,2.6719,-0.3974,True
B11-M-030,HCPI,EM6,2025-09-01,2025-11-01,3,207.2424,207.2,202.4,2.3925,2.3715,0.021,True
B11-M-030,HCPI,EM6,2025-09-01,2025-12-01,4,207.6853,210.5,204.6,1.508,2.8837,-1.3757,False
B11-M-030,HCPI,EM6,2025-09-01,2026-01-01,5,208.4793,211.4,206.4,1.0074,2.4225,-1.415,False
B11-M-030,HCPI,EM6,2025-09-01,2026-02-01,6,208.6205,209.4,206.2,1.1738,1.5519,-0.378,True
B11-M-030,HCPI,EM6,2025-09-01,2026-03-01,7,207.946,210.9,206.0,0.9447,2.3786,-1.434,False
B11-M-030,HCPI,EM6,2025-09-01,2026-04-01,8,208.889,216.3,206.5,1.1569,4.7458,-3.5889,False
B11-M-030,HCPI,EM6,2025-09-01,2026-05-01,9,210.0239,218.8,207.5,1.2163,5.4458,-4.2294,False
B11-M-030,HCPI,EM6,2025-09-01,2026-06-01,10,211.4261,222.3,208.7,1.3062,6.5165,-5.2103,False
B11-M-030,HCPI,EM6,2025-09-01,2026-07-01,11,211.5207,223.4,208.3,1.5462,7.2492,-5.703,False
B11-M-030,HCPI,EM6,2025-09-01,2026-08-01,12,210.7941,223.9,207.2,1.7346,8.0598,-6.3252,False
B11-M-031,HCPI,EM7,2025-04-01,2025-04-01,1,204.098,206.5,208.2,-1.9702,-0.8165,-1.1537,False
B11-M-031,HCPI,EM7,2025-04-01,2025-05-01,2,204.8726,207.5,206.3,-0.6919,0.5817,-1.2736,False
B11-M-031,HCPI,EM7,2025-04-01,2025-06-01,3,205.1763,208.7,208.1,-1.4049,0.2883,-1.6933,False
B11-M-031,HCPI,EM7,2025-04-01,2025-07-01,4,204.8844,208.3,206.9,-0.9742,0.6767,-1.6508,False
B11-M-031,HCPI,EM7,2025-04-01,2025-08-01,5,205.166,207.2,204.1,0.5223,1.5189,-0.9966,False
B11-M-031,HCPI,EM7,2025-04-01,2025-09-01,6,205.1129,207.4,203.1,0.9911,2.1172,-1.1261,False
B11-M-031,HCPI,EM7,2025-04-01,2025-10-01,7,205.0982,207.5,202.1,1.4835,2.6719,-1.1884,False
B11-M-031,HCPI,EM7,2025-04-01,2025-11-01,8,205.1311,207.2,202.4,1.3493,2.3715,-1.0222,False
B11-M-031,HCPI,EM7,2025-04-01,2025-12-01,9,205.1139,210.5,204.6,0.2512,2.8837,-2.6325,False
B11-M-031,HCPI,EM7,2025-04-01,2026-01-01,10,204.491,211.4,206.4,-0.9249,2.4225,-3.3474,False
B11-M-031,HCPI,EM7,2025-04-01,2026-02-01,11,204.124,209.4,206.2,-1.0068,1.5519,-2.5587,False
B11-M-031,HCPI,EM7,2025-04-01,2026-03-01,12,204.1878,210.9,206.0,-0.8797,2.3786,-3.2584,False
B11-M-032,HCPI,EM7,2025-05-01,2025-05-01,1,205.0396,207.5,206.3,-0.611,0.5817,-1.1926,False
B11-M-032,HCPI,EM7,2025-05-01,2025-06-01,2,205.4192,208.7,208.1,-1.2882,0.2883,-1.5765,False
B11-M-032,HCPI,EM7,2025-05-01,2025-07-01,3,205.5337,208.3,206.9,-0.6604,0.6767,-1.337,False
B11-M-032,HCPI,EM7,2025-05-01,2025-08-01,4,205.1903,207.2,204.1,0.5342,1.5189,-0.9847,False
B11-M-032,HCPI,EM7,2025-05-01,2025-09-01,5,205.6332,207.4,203.1,1.2473,2.1172,-0.8699,False
B11-M-032,HCPI,EM7,2025-05-01,2025-10-01,6,205.8269,207.5,202.1,1.8441,2.6719,-0.8279,False
B11-M-032,HCPI,EM7,2025-05-01,2025-11-01,7,206.6522,207.2,202.4,2.1009,2.3715,-0.2707,True
B11-M-032,HCPI,EM7,2025-05-01,2025-12-01,8,207.3195,210.5,204.6,1.3292,2.8837,-1.5545,False
B11-M-032,HCPI,EM7,2025-05-01,2026-01-01,9,207.8921,211.4,206.4,0.7229,2.4225,-1.6996,False
B11-M-032,HCPI,EM7,2025-05-01,2026-02-01,10,208.3361,209.4,206.2,1.0359,1.5519,-0.516,False
B11-M-032,HCPI,EM7,2025-05-01,2026-03-01,11,208.3002,210.9,206.0,1.1166,2.3786,-1.262,False
B11-M-032,HCPI,EM7,2025-05-01,2026-04-01,12,208.5087,216.3,206.5,0.9727,4.7458,-3.773,False
B11-M-033,HCPI,EM7,2025-06-01,2025-06-01,1,208.4644,208.7,208.1,0.1751,0.2883,-0.1132,True
B11-M-033,HCPI,EM7,2025-06-01,2025-07-01,2,208.6279,208.3,206.9,0.8351,0.6767,0.1585,True
B11-M-033,HCPI,EM7,2025-06-01,2025-08-01,3,208.5608,207.2,204.1,2.1856,1.5189,0.6667,False
B11-M-033,HCPI,EM7,2025-06-01,2025-09-01,4,208.2141,207.4,203.1,2.518,2.1172,0.4008,True
B11-M-033,HCPI,EM7,2025-06-01,2025-10-01,5,208.462,207.5,202.1,3.148,2.6719,0.476,True
B11-M-033,HCPI,EM7,2025-06-01,2025-11-01,6,208.7388,207.2,202.4,3.1318,2.3715,0.7603,False
B11-M-033,HCPI,EM7,2025-06-01,2025-12-01,7,209.5953,210.5,204.6,2.4415,2.8837,-0.4422,True
B11-M-033,HCPI,EM7,2025-06-01,2026-01-01,8,210.0843,211.4,206.4,1.785,2.4225,-0.6374,False
B11-M-033,HCPI,EM7,2025-06-01,2026-02-01,9,210.4274,209.4,206.2,2.0502,1.5519,0.4983,True
B11-M-033,HCPI,EM7,2025-06-01,2026-03-01,10,210.6738,210.9,206.0,2.2688,2.3786,-0.1098,True
B11-M-033,HCPI,EM7,2025-06-01,2026-04-01,11,210.7424,216.3,206.5,2.0544,4.7458,-2.6913,False
B11-M-033,HCPI,EM7,2025-06-01,2026-05-01,12,210.9824,218.8,207.5,1.6783,5.4458,-3.7675,False
B11-M-034,HCPI,EM7,2025-07-01,2025-07-01,1,205.3785,208.3,206.9,-0.7354,0.6767,-1.412,False
B11-M-034,HCPI,EM7,2025-07-01,2025-08-01,2,205.26,207.2,204.1,0.5683,1.5189,-0.9505,False
B11-M-034,HCPI,EM7,2025-07-01,2025-09-01,3,205.1289,207.4,203.1,0.999,2.1172,-1.1182,False
B11-M-034,HCPI,EM7,2025-07-01,2025-10-01,4,205.0849,207.5,202.1,1.477,2.6719,-1.195,False
B11-M-034,HCPI,EM7,2025-07-01,2025-11-01,5,205.5402,207.2,202.4,1.5515,2.3715,-0.8201,False
B11-M-034,HCPI,EM7,2025-07-01,2025-12-01,6,206.4069,210.5,204.6,0.8831,2.8837,-2.0005,False
B11-M-034,HCPI,EM7,2025-07-01,2026-01-01,7,207.2887,211.4,206.4,0.4306,2.4225,-1.9919,False
B11-M-034,HCPI,EM7,2025-07-01,2026-02-01,8,207.4225,209.4,206.2,0.5929,1.5519,-0.959,False
B11-M-034,HCPI,EM7,2025-07-01,2026-03-01,9,206.7919,210.9,206.0,0.3844,2.3786,-1.9942,False
B11-M-034,HCPI,EM7,2025-07-01,2026-04-01,10,206.2625,216.3,206.5,-0.115,4.7458,-4.8608,False
B11-M-034,HCPI,EM7,2025-07-01,2026-05-01,11,206.9801,218.8,207.5,-0.2505,5.4458,-5.6963,False
B11-M-034,HCPI,EM7,2025-07-01,2026-06-01,12,208.0767,222.3,208.7,-0.2987,6.5165,-6.8152,False
B11-M-035,HCPI,EM7,2025-08-01,2025-08-01,1,213.9074,207.2,204.1,4.8052,1.5189,3.2863,False
B11-M-035,HCPI,EM7,2025-08-01,2025-09-01,2,214.0583,207.4,203.1,5.3955,2.1172,3.2783,False
B11-M-035,HCPI,EM7,2025-08-01,2025-10-01,3,214.9082,207.5,202.1,6.3375,2.6719,3.6656,False
B11-M-035,HCPI,EM7,2025-08-01,2025-11-01,4,215.7397,207.2,202.4,6.5908,2.3715,4.2192,False
B11-M-035,HCPI,EM7,2025-08-01,2025-12-01,5,216.8706,210.5,204.6,5.9974,2.8837,3.1137,False
B11-M-035,HCPI,EM7,2025-08-01,2026-01-01,6,218.6894,211.4,206.4,5.9542,2.4225,3.5317,False
B11-M-035,HCPI,EM7,2025-08-01,2026-02-01,7,218.7648,209.4,206.2,6.0935,1.5519,4.5416,False
B11-M-035,HCPI,EM7,2025-08-01,2026-03-01,8,219.0676,210.9,206.0,6.3435,2.3786,3.9649,False
B11-M-035,HCPI,EM7,2025-08-01,2026-04-01,9,219.6666,216.3,206.5,6.3761,4.7458,1.6303,False
B11-M-035,HCPI,EM7,2025-08-01,2026-05-01,10,219.5371,218.8,207.5,5.801,5.4458,0.3552,True
B11-M-035,HCPI,EM7,2025-08-01,2026-06-01,11,220.7517,222.3,208.7,5.7747,6.5165,-0.7419,False
B11-M-035,HCPI,EM7,2025-08-01,2026-07-01,12,221.2205,223.4,208.3,6.2028,7.2492,-1.0463,False
B11-M-036,HCPI,EM7,2025-09-01,2025-09-01,1,209.6234,207.4,203.1,3.2119,2.1172,1.0947,False
B11-M-036,HCPI,EM7,2025-09-01,2025-10-01,2,209.5467,207.5,202.1,3.6847,2.6719,1.0127,False
B11-M-036,HCPI,EM7,2025-09-01,2025-11-01,3,210.9362,207.2,202.4,4.2175,2.3715,1.8459,False
B11-M-036,HCPI,EM7,2025-09-01,2025-12-01,4,212.4611,210.5,204.6,3.8422,2.8837,0.9585,False
B11-M-036,HCPI,EM7,2025-09-01,2026-01-01,5,213.73,211.4,206.4,3.5514,2.4225,1.1289,False
B11-M-036,HCPI,EM7,2025-09-01,2026-02-01,6,213.8221,209.4,206.2,3.6965,1.5519,2.1446,False
B11-M-036,HCPI,EM7,2025-09-01,2026-03-01,7,213.7372,210.9,206.0,3.7559,2.3786,1.3773,False
B11-M-036,HCPI,EM7,2025-09-01,2026-04-01,8,214.9129,216.3,206.5,4.0741,4.7458,-0.6717,False
B11-M-036,HCPI,EM7,2025-09-01,2026-05-01,9,216.1084,218.8,207.5,4.1486,5.4458,-1.2972,False
B11-M-036,HCPI,EM7,2025-09-01,2026-06-01,10,217.525,222.3,208.7,4.2285,6.5165,-2.288,False
B11-M-036,HCPI,EM7,2025-09-01,2026-07-01,11,218.0597,223.4,208.3,4.6854,7.2492,-2.5637,False
B11-M-036,HCPI,EM7,2025-09-01,2026-08-01,12,217.7641,223.9,207.2,5.0985,8.0598,-2.9614,False
B11-M-037,HCPI,EM8,2025-04-01,2025-04-01,1,203.0198,206.5,208.2,-2.4881,-0.8165,-1.6716,False
B11-M-037,HCPI,EM8,2025-04-01,2025-05-01,2,203.1037,207.5,206.3,-1.5493,0.5817,-2.131,False
B11-M-037,HCPI,EM8,2025-04-01,2025-06-01,3,203.046,208.7,208.1,-2.4287,0.2883,-2.717,False
B11-M-037,HCPI,EM8,2025-04-01,2025-07-01,4,202.4878,208.3,206.9,-2.1325,0.6767,-2.8092,False
B11-M-037,HCPI,EM8,2025-04-01,2025-08-01,5,202.8237,207.2,204.1,-0.6254,1.5189,-2.1442,False
B11-M-037,HCPI,EM8,2025-04-01,2025-09-01,6,202.8939,207.4,203.1,-0.1015,2.1172,-2.2187,False
B11-M-037,HCPI,EM8,2025-04-01,2025-10-01,7,203.1199,207.5,202.1,0.5046,2.6719,-2.1673,False
B11-M-037,HCPI,EM8,2025-04-01,2025-11-01,8,203.3969,207.2,202.4,0.4925,2.3715,-1.879,False
B11-M-037,HCPI,EM8,2025-04-01,2025-12-01,9,203.7053,210.5,204.6,-0.4373,2.8837,-3.321,False
B11-M-037,HCPI,EM8,2025-04-01,2026-01-01,10,202.9294,211.4,206.4,-1.6815,2.4225,-4.104,False
B11-M-037,HCPI,EM8,2025-04-01,2026-02-01,11,201.7175,209.4,206.2,-2.1739,1.5519,-3.7257,False
B11-M-037,HCPI,EM8,2025-04-01,2026-03-01,12,201.4026,210.9,206.0,-2.2317,2.3786,-4.6104,False
B11-M-038,HCPI,EM8,2025-05-01,2025-05-01,1,205.8545,207.5,206.3,-0.2159,0.5817,-0.7976,False
B11-M-038,HCPI,EM8,2025-05-01,2025-06-01,2,205.8085,208.7,208.1,-1.1012,0.2883,-1.3895,False
B11-M-038,HCPI,EM8,2025-05-01,2025-07-01,3,206.2436,208.3,206.9,-0.3172,0.6767,-0.9939,False
B11-M-038,HCPI,EM8,2025-05-01,2025-08-01,4,205.6159,207.2,204.1,0.7427,1.5189,-0.7761,False
B11-M-038,HCPI,EM8,2025-05-01,2025-09-01,5,205.5229,207.4,203.1,1.193,2.1172,-0.9242,False
B11-M-038,HCPI,EM8,2025-05-01,2025-10-01,6,206.3934,207.5,202.1,2.1244,2.6719,-0.5475,False
B11-M-038,HCPI,EM8,2025-05-01,2025-11-01,7,206.0332,207.2,202.4,1.7951,2.3715,-0.5765,False
B11-M-038,HCPI,EM8,2025-05-01,2025-12-01,8,206.5406,210.5,204.6,0.9485,2.8837,-1.9352,False
B11-M-038,HCPI,EM8,2025-05-01,2026-01-01,9,206.9484,211.4,206.4,0.2657,2.4225,-2.1568,False
B11-M-038,HCPI,EM8,2025-05-01,2026-02-01,10,206.5899,209.4,206.2,0.1891,1.5519,-1.3628,False
B11-M-038,HCPI,EM8,2025-05-01,2026-03-01,11,206.48,210.9,206.0,0.233,2.3786,-2.1456,False
B11-M-038,HCPI,EM8,2025-05-01,2026-04-01,12,206.148,216.3,206.5,-0.1705,4.7458,-4.9162,False
B11-M-039,HCPI,EM8,2025-06-01,2025-06-01,1,205.7691,208.7,208.1,-1.1201,0.2883,-1.4084,False
B11-M-039,HCPI,EM8,2025-06-01,2025-07-01,2,206.2247,208.3,206.9,-0.3264,0.6767,-1.0031,False
B11-M-039,HCPI,EM8,2025-06-01,2025-08-01,3,206.7332,207.2,204.1,1.2901,1.5189,-0.2287,True
B11-M-039,HCPI,EM8,2025-06-01,2025-09-01,4,207.0495,207.4,203.1,1.9446,2.1172,-0.1726,True
B11-M-039,HCPI,EM8,2025-06-01,2025-10-01,5,207.4577,207.5,202.1,2.651,2.6719,-0.0209,True
B11-M-039,HCPI,EM8,2025-06-01,2025-11-01,6,207.9519,207.2,202.4,2.743,2.3715,0.3715,True
B11-M-039,HCPI,EM8,2025-06-01,2025-12-01,7,208.5406,210.5,204.6,1.926,2.8837,-0.9577,False
B11-M-039,HCPI,EM8,2025-06-01,2026-01-01,8,209.2436,211.4,206.4,1.3777,2.4225,-1.0448,False
B11-M-039,HCPI,EM8,2025-06-01,2026-02-01,9,209.8977,209.4,206.2,1.7933,1.5519,0.2414,True
B11-M-039,HCPI,EM8,2025-06-01,2026-03-01,10,210.0125,210.9,206.0,1.9478,2.3786,-0.4308,True
B11-M-039,HCPI,EM8,2025-06-01,2026-04-01,11,210.7188,216.3,206.5,2.043,4.7458,-2.7028,False
B11-M-039,HCPI,EM8,2025-06-01,2026-05-01,12,211.0567,218.8,207.5,1.7141,5.4458,-3.7317,False
B11-M-040,HCPI,EM8,2025-07-01,2025-07-01,1,206.5292,208.3,206.9,-0.1792,0.6767,-0.8559,False
B11-M-040,HCPI,EM8,2025-07-01,2025-08-01,2,205.9902,207.2,204.1,0.9261,1.5189,-0.5928,False
B11-M-040,HCPI,EM8,2025-07-01,2025-09-01,3,205.5693,207.4,203.1,1.2158,2.1172,-0.9014,False
B11-M-040,HCPI,EM8,2025-07-01,2025-10-01,4,205.3616,207.5,202.1,1.6139,2.6719,-1.0581,False
B11-M-040,HCPI,EM8,2025-07-01,2025-11-01,5,205.6101,207.2,202.4,1.586,2.3715,-0.7855,False
B11-M-040,HCPI,EM8,2025-07-01,2025-12-01,6,206.9818,210.5,204.6,1.1641,2.8837,-1.7195,False
B11-M-040,HCPI,EM8,2025-07-01,2026-01-01,7,207.8078,211.4,206.4,0.6821,2.4225,-1.7404,False
B11-M-040,HCPI,EM8,2025-07-01,2026-02-01,8,207.8374,209.4,206.2,0.7941,1.5519,-0.7578,False
B11-M-040,HCPI,EM8,2025-07-01,2026-03-01,9,207.1467,210.9,206.0,0.5567,2.3786,-1.822,False
B11-M-040,HCPI,EM8,2025-07-01,2026-04-01,10,207.4269,216.3,206.5,0.4489,4.7458,-4.2969,False
B11-M-040,HCPI,EM8,2025-07-01,2026-05-01,11,207.7505,218.8,207.5,0.1207,5.4458,-5.325,False
B11-M-040,HCPI,EM8,2025-07-01,2026-06-01,12,208.4233,222.3,208.7,-0.1326,6.5165,-6.6491,False
B11-M-041,HCPI,EM8,2025-08-01,2025-08-01,1,213.3648,207.2,204.1,4.5393,1.5189,3.0205,False
B11-M-041,HCPI,EM8,2025-08-01,2025-09-01,2,213.6201,207.4,203.1,5.1798,2.1172,3.0626,False
B11-M-041,HCPI,EM8,2025-08-01,2025-10-01,3,214.3434,207.5,202.1,6.0581,2.6719,3.3862,False
B11-M-041,HCPI,EM8,2025-08-01,2025-11-01,4,215.0369,207.2,202.4,6.2435,2.3715,3.872,False
B11-M-041,HCPI,EM8,2025-08-01,2025-12-01,5,215.9823,210.5,204.6,5.5632,2.8837,2.6795,False
B11-M-041,HCPI,EM8,2025-08-01,2026-01-01,6,218.2882,211.4,206.4,5.7598,2.4225,3.3373,False
B11-M-041,HCPI,EM8,2025-08-01,2026-02-01,7,218.4122,209.4,206.2,5.9225,1.5519,4.3706,False
B11-M-041,HCPI,EM8,2025-08-01,2026-03-01,8,218.6393,210.9,206.0,6.1356,2.3786,3.7569,False
B11-M-041,HCPI,EM8,2025-08-01,2026-04-01,9,218.8819,216.3,206.5,5.9961,4.7458,1.2503,False
B11-M-041,HCPI,EM8,2025-08-01,2026-05-01,10,219.154,218.8,207.5,5.6164,5.4458,0.1706,True
B11-M-041,HCPI,EM8,2025-08-01,2026-06-01,11,220.0559,222.3,208.7,5.4413,6.5165,-1.0753,False
B11-M-041,HCPI,EM8,2025-08-01,2026-07-01,12,220.3861,223.4,208.3,5.8023,7.2492,-1.4469,False
B11-M-042,HCPI,EM8,2025-09-01,2025-09-01,1,206.7849,207.4,203.1,1.8143,2.1172,-0.3029,True
B11-M-042,HCPI,EM8,2025-09-01,2025-10-01,2,206.617,207.5,202.1,2.235,2.6719,-0.4369,True
B11-M-042,HCPI,EM8,2025-09-01,2025-11-01,3,207.078,207.2,202.4,2.3113,2.3715,-0.0603,True
B11-M-042,HCPI,EM8,2025-09-01,2025-12-01,4,207.5825,210.5,204.6,1.4577,2.8837,-1.4259,False
B11-M-042,HCPI,EM8,2025-09-01,2026-01-01,5,208.2906,211.4,206.4,0.916,2.4225,-1.5065,False
B11-M-042,HCPI,EM8,2025-09-01,2026-02-01,6,208.4776,209.4,206.2,1.1045,1.5519,-0.4473,True
B11-M-042,HCPI,EM8,2025-09-01,2026-03-01,7,208.1455,210.9,206.0,1.0415,2.3786,-1.3371,False
B11-M-042,HCPI,EM8,2025-09-01,2026-04-01,8,208.9033,216.3,206.5,1.1638,4.7458,-3.5819,False
B11-M-042,HCPI,EM8,2025-09-01,2026-05-01,9,209.8318,218.8,207.5,1.1238,5.4458,-4.322,False
B11-M-042,HCPI,EM8,2025-09-01,2026-06-01,10,210.9707,222.3,208.7,1.088,6.5165,-5.4285,False
B11-M-042,HCPI,EM8,2025-09-01,2026-07-01,11,211.1204,223.4,208.3,1.354,7.2492,-5.8952,False
B11-M-042,HCPI,EM8,2025-09-01,2026-08-01,12,210.664,223.9,207.2,1.6718,8.0598,-6.388,False
B11-M-043,HCPI,EM9,2025-04-01,2025-04-01,1,204.8124,206.5,208.2,-1.6271,-0.8165,-0.8106,False
B11-M-043,HCPI,EM9,2025-04-01,2025-05-01,2,205.3422,207.5,206.3,-0.4643,0.5817,-1.046,False
B11-M-043,HCPI,EM9,2025-04-01,2025-06-01,3,205.779,208.7,208.1,-1.1153,0.2883,-1.4037,False
B11-M-043,HCPI,EM9,2025-04-01,2025-07-01,4,205.665,208.3,206.9,-0.5969,0.6767,-1.2736,False
B11-M-043,HCPI,EM9,2025-04-01,2025-08-01,5,205.7423,207.2,204.1,0.8047,1.5189,-0.7142,False
B11-M-043,HCPI,EM9,2025-04-01,2025-09-01,6,205.8563,207.4,203.1,1.3571,2.1172,-0.7601,False
B11-M-043,HCPI,EM9,2025-04-01,2025-10-01,7,205.762,207.5,202.1,1.812,2.6719,-0.86,False
B11-M-043,HCPI,EM9,2025-04-01,2025-11-01,8,205.9152,207.2,202.4,1.7368,2.3715,-0.6348,False
B11-M-043,HCPI,EM9,2025-04-01,2025-12-01,9,205.969,210.5,204.6,0.6691,2.8837,-2.2146,False
B11-M-043,HCPI,EM9,2025-04-01,2026-01-01,10,205.5281,211.4,206.4,-0.4224,2.4225,-2.8449,False
B11-M-043,HCPI,EM9,2025-04-01,2026-02-01,11,205.2487,209.4,206.2,-0.4613,1.5519,-2.0132,False
B11-M-043,HCPI,EM9,2025-04-01,2026-03-01,12,205.2989,210.9,206.0,-0.3403,2.3786,-2.719,False
B11-M-044,HCPI,EM9,2025-05-01,2025-05-01,1,206.7112,207.5,206.3,0.1993,0.5817,-0.3823,True
B11-M-044,HCPI,EM9,2025-05-01,2025-06-01,2,206.9791,208.7,208.1,-0.5386,0.2883,-0.8269,False
B11-M-044,HCPI,EM9,2025-05-01,2025-07-01,3,207.0238,208.3,206.9,0.0599,0.6767,-0.6168,False
B11-M-044,HCPI,EM9,2025-05-01,2025-08-01,4,207.0228,207.2,204.1,1.432,1.5189,-0.0868,True
B11-M-044,HCPI,EM9,2025-05-01,2025-09-01,5,207.0889,207.4,203.1,1.964,2.1172,-0.1532,True
B11-M-044,HCPI,EM9,2025-05-01,2025-10-01,6,207.1535,207.5,202.1,2.5005,2.6719,-0.1715,True
B11-M-044,HCPI,EM9,2025-05-01,2025-11-01,7,207.3139,207.2,202.4,2.4278,2.3715,0.0563,True
B11-M-044,HCPI,EM9,2025-05-01,2025-12-01,8,207.4366,210.5,204.6,1.3864,2.8837,-1.4972,False
B11-M-044,HCPI,EM9,2025-05-01,2026-01-01,9,207.5611,211.4,206.4,0.5625,2.4225,-1.8599,False
B11-M-044,HCPI,EM9,2025-05-01,2026-02-01,10,207.5572,209.4,206.2,0.6582,1.5519,-0.8937,False
B11-M-044,HCPI,EM9,2025-05-01,2026-03-01,11,207.5267,210.9,206.0,0.7411,2.3786,-1.6375,False
B11-M-044,HCPI,EM9,2025-05-01,2026-04-01,12,207.6672,216.3,206.5,0.5652,4.7458,-4.1805,False
B11-M-045,HCPI,EM9,2025-06-01,2025-06-01,1,205.5718,208.7,208.1,-1.2149,0.2883,-1.5032,False
B11-M-045,HCPI,EM9,2025-06-01,2025-07-01,2,205.759,208.3,206.9,-0.5515,0.6767,-1.2281,False
B11-M-045,HCPI,EM9,2025-06-01,2025-08-01,3,205.8014,207.2,204.1,0.8336,1.5189,-0.6852,False
B11-M-045,HCPI,EM9,2025-06-01,2025-09-01,4,205.8266,207.4,203.1,1.3425,2.1172,-0.7747,False
B11-M-045,HCPI,EM9,2025-06-01,2025-10-01,5,205.9771,207.5,202.1,1.9184,2.6719,-0.7535,False
B11-M-045,HCPI,EM9,2025-06-01,2025-11-01,6,206.4592,207.2,202.4,2.0055,2.3715,-0.366,True
B11-M-045,HCPI,EM9,2025-06-01,2025-12-01,7,207.1096,210.5,204.6,1.2266,2.8837,-1.6571,False
B11-M-045,HCPI,EM9,2025-06-01,2026-01-01,8,207.8631,211.4,206.4,0.7089,2.4225,-1.7136,False
B11-M-045,HCPI,EM9,2025-06-01,2026-02-01,9,208.1441,209.4,206.2,0.9428,1.5519,-0.6091,False
B11-M-045,HCPI,EM9,2025-06-01,2026-03-01,10,207.6223,210.9,206.0,0.7875,2.3786,-1.5911,False
B11-M-045,HCPI,EM9,2025-06-01,2026-04-01,11,208.4032,216.3,206.5,0.9216,4.7458,-3.8241,False
B11-M-045,HCPI,EM9,2025-06-01,2026-05-01,12,208.8728,218.8,207.5,0.6616,5.4458,-4.7842,False
B11-M-046,HCPI,EM9,2025-07-01,2025-07-01,1,207.3685,208.3,206.9,0.2264,0.6767,-0.4502,True
B11-M-046,HCPI,EM9,2025-07-01,2025-08-01,2,207.1418,207.2,204.1,1.4904,1.5189,-0.0285,True
B11-M-046,HCPI,EM9,2025-07-01,2025-09-01,3,208.1883,207.4,203.1,2.5053,2.1172,0.3882,True
B11-M-046,HCPI,EM9,2025-07-01,2025-10-01,4,207.8786,207.5,202.1,2.8593,2.6719,0.1873,True
B11-M-046,HCPI,EM9,2025-07-01,2025-11-01,5,208.4634,207.2,202.4,2.9958,2.3715,0.6242,False
B11-M-046,HCPI,EM9,2025-07-01,2025-12-01,6,209.1,210.5,204.6,2.1994,2.8837,-0.6843,False
B11-M-046,HCPI,EM9,2025-07-01,2026-01-01,7,209.9948,211.4,206.4,1.7417,2.4225,-0.6808,False
B11-M-046,HCPI,EM9,2025-07-01,2026-02-01,8,209.5434,209.4,206.2,1.6214,1.5519,0.0696,True
B11-M-046,HCPI,EM9,2025-07-01,2026-03-01,9,210.3841,210.9,206.0,2.1282,2.3786,-0.2504,True
B11-M-046,HCPI,EM9,2025-07-01,2026-04-01,10,209.9853,216.3,206.5,1.6878,4.7458,-3.058,False
B11-M-046,HCPI,EM9,2025-07-01,2026-05-01,11,210.9953,218.8,207.5,1.6845,5.4458,-3.7613,False
B11-M-046,HCPI,EM9,2025-07-01,2026-06-01,12,211.6899,222.3,208.7,1.4326,6.5165,-5.0839,False
B11-M-047,HCPI,EM9,2025-08-01,2025-08-01,1,210.217,207.2,204.1,2.9971,1.5189,1.4782,False
B11-M-047,HCPI,EM9,2025-08-01,2025-09-01,2,210.4146,207.4,203.1,3.6015,2.1172,1.4843,False
B11-M-047,HCPI,EM9,2025-08-01,2025-10-01,3,211.0234,207.5,202.1,4.4153,2.6719,1.7434,False
B11-M-047,HCPI,EM9,2025-08-01,2025-11-01,4,211.717,207.2,202.4,4.6032,2.3715,2.2317,False
B11-M-047,HCPI,EM9,2025-08-01,2025-12-01,5,212.4393,210.5,204.6,3.8315,2.8837,0.9479,False
B11-M-047,HCPI,EM9,2025-08-01,2026-01-01,6,213.281,211.4,206.4,3.3338,2.4225,0.9113,False
B11-M-047,HCPI,EM9,2025-08-01,2026-02-01,7,213.4543,209.4,206.2,3.5181,1.5519,1.9662,False
B11-M-047,HCPI,EM9,2025-08-01,2026-03-01,8,213.5292,210.9,206.0,3.6549,2.3786,1.2763,False
B11-M-047,HCPI,EM9,2025-08-01,2026-04-01,9,214.463,216.3,206.5,3.8562,4.7458,-0.8896,False
B11-M-047,HCPI,EM9,2025-08-01,2026-05-01,10,214.8051,218.8,207.5,3.5205,5.4458,-1.9253,False
B11-M-047,HCPI,EM9,2025-08-01,2026-06-01,11,216.0641,222.3,208.7,3.5286,6.5165,-2.988,False
B11-M-047,HCPI,EM9,2025-08-01,2026-07-01,12,216.2867,223.4,208.3,3.8342,7.2492,-3.4149,False
B11-M-048,HCPI,EM9,2025-09-01,2025-09-01,1,208.0213,207.4,203.1,2.4231,2.1172,0.3059,True
B11-M-048,HCPI,EM9,2025-09-01,2025-10-01,2,208.2688,207.5,202.1,3.0523,2.6719,0.3804,True
B11-M-048,HCPI,EM9,2025-09-01,2025-11-01,3,209.335,207.2,202.4,3.4264,2.3715,1.0548,False
B11-M-048,HCPI,EM9,2025-09-01,2025-12-01,4,209.7234,210.5,204.6,2.5041,2.8837,-0.3796,True
B11-M-048,HCPI,EM9,2025-09-01,2026-01-01,5,209.9026,211.4,206.4,1.697,2.4225,-0.7255,False
B11-M-048,HCPI,EM9,2025-09-01,2026-02-01,6,210.6202,209.4,206.2,2.1437,1.5519,0.5918,False
B11-M-048,HCPI,EM9,2025-09-01,2026-03-01,7,210.5927,210.9,206.0,2.2295,2.3786,-0.1492,True
B11-M-048,HCPI,EM9,2025-09-01,2026-04-01,8,210.636,216.3,206.5,2.0029,4.7458,-2.7428,False
B11-M-048,HCPI,EM9,2025-09-01,2026-05-01,9,211.8662,218.8,207.5,2.1042,5.4458,-3.3416,False
B11-M-048,HCPI,EM9,2025-09-01,2026-06-01,10,212.1867,222.3,208.7,1.6707,6.5165,-4.8459,False
B11-M-048,HCPI,EM9,2025-09-01,2026-07-01,11,212.8909,223.4,208.3,2.204,7.2492,-5.0452,False
B11-M-048,HCPI,EM9,2025-09-01,2026-08-01,12,212.6263,223.9,207.2,2.6189,8.0598,-5.441,False
B11-M-049,HCPI,EM10,2025-04-01,2025-04-01,1,204.8006,206.5,208.2,-1.6328,-0.8165,-0.8162,False
B11-M-049,HCPI,EM10,2025-04-01,2025-05-01,2,205.3251,207.5,206.3,-0.4725,0.5817,-1.0542,False
B11-M-049,HCPI,EM10,2025-04-01,2025-06-01,3,205.7596,208.7,208.1,-1.1247,0.2883,-1.413,False
B11-M-049,HCPI,EM10,2025-04-01,2025-07-01,4,205.6451,208.3,206.9,-0.6065,0.6767,-1.2832,False
B11-M-049,HCPI,EM10,2025-04-01,2025-08-01,5,205.7234,207.2,204.1,0.7954,1.5189,-0.7235,False
B11-M-049,HCPI,EM10,2025-04-01,2025-09-01,6,205.8417,207.4,203.1,1.3499,2.1172,-0.7673,False
B11-M-049,HCPI,EM10,2025-04-01,2025-10-01,7,205.7555,207.5,202.1,1.8087,2.6719,-0.8632,False
B11-M-049,HCPI,EM10,2025-04-01,2025-11-01,8,205.9101,207.2,202.4,1.7342,2.3715,-0.6373,False
B11-M-049,HCPI,EM10,2025-04-01,2025-12-01,9,205.9682,210.5,204.6,0.6687,2.8837,-2.215,False
B11-M-049,HCPI,EM10,2025-04-01,2026-01-01,10,205.5311,211.4,206.4,-0.421,2.4225,-2.8434,False
B11-M-049,HCPI,EM10,2025-04-01,2026-02-01,11,205.2613,209.4,206.2,-0.4552,1.5519,-2.0071,False
B11-M-049,HCPI,EM10,2025-04-01,2026-03-01,12,205.3158,210.9,206.0,-0.3321,2.3786,-2.7108,False
B11-M-050,HCPI,EM10,2025-05-01,2025-05-01,1,206.7044,207.5,206.3,0.196,0.5817,-0.3856,True
B11-M-050,HCPI,EM10,2025-05-01,2025-06-01,2,206.9637,208.7,208.1,-0.546,0.2883,-0.8344,False
B11-M-050,HCPI,EM10,2025-05-01,2025-07-01,3,207.0069,208.3,206.9,0.0517,0.6767,-0.625,False
B11-M-050,HCPI,EM10,2025-05-01,2025-08-01,4,207.0059,207.2,204.1,1.4238,1.5189,-0.0951,True
B11-M-050,HCPI,EM10,2025-05-01,2025-09-01,5,207.0699,207.4,203.1,1.9547,2.1172,-0.1625,True
B11-M-050,HCPI,EM10,2025-05-01,2025-10-01,6,207.1324,207.5,202.1,2.4901,2.6719,-0.1819,True
B11-M-050,HCPI,EM10,2025-05-01,2025-11-01,7,207.2876,207.2,202.4,2.4148,2.3715,0.0433,True
B11-M-050,HCPI,EM10,2025-05-01,2025-12-01,8,207.4064,210.5,204.6,1.3717,2.8837,-1.512,False
B11-M-050,HCPI,EM10,2025-05-01,2026-01-01,9,207.5269,211.4,206.4,0.546,2.4225,-1.8765,False
B11-M-050,HCPI,EM10,2025-05-01,2026-02-01,10,207.5231,209.4,206.2,0.6417,1.5519,-0.9102,False
B11-M-050,HCPI,EM10,2025-05-01,2026-03-01,11,207.4936,210.9,206.0,0.725,2.3786,-1.6536,False
B11-M-050,HCPI,EM10,2025-05-01,2026-04-01,12,207.6295,216.3,206.5,0.547,4.7458,-4.1988,False
B11-M-051,HCPI,EM10,2025-06-01,2025-06-01,1,205.6143,208.7,208.1,-1.1945,0.2883,-1.4828,False
B11-M-051,HCPI,EM10,2025-06-01,2025-07-01,2,205.8021,208.3,206.9,-0.5306,0.6767,-1.2073,False
B11-M-051,HCPI,EM10,2025-06-01,2025-08-01,3,205.8443,207.2,204.1,0.8546,1.5189,-0.6643,False
B11-M-051,HCPI,EM10,2025-06-01,2025-09-01,4,205.8725,207.4,203.1,1.3651,2.1172,-0.7521,False
B11-M-051,HCPI,EM10,2025-06-01,2025-10-01,5,206.0244,207.5,202.1,1.9418,2.6719,-0.7301,False
B11-M-051,HCPI,EM10,2025-06-01,2025-11-01,6,206.5064,207.2,202.4,2.0289,2.3715,-0.3427,True
B11-M-051,HCPI,EM10,2025-06-01,2025-12-01,7,207.1547,210.5,204.6,1.2487,2.8837,-1.635,False
B11-M-051,HCPI,EM10,2025-06-01,2026-01-01,8,207.904,211.4,206.4,0.7287,2.4225,-1.6938,False
B11-M-051,HCPI,EM10,2025-06-01,2026-02-01,9,208.1818,209.4,206.2,0.9611,1.5519,-0.5908,False
B11-M-051,HCPI,EM10,2025-06-01,2026-03-01,10,207.667,210.9,206.0,0.8092,2.3786,-1.5694,False
B11-M-051,HCPI,EM10,2025-06-01,2026-04-01,11,208.4436,216.3,206.5,0.9412,4.7458,-3.8046,False
B11-M-051,HCPI,EM10,2025-06-01,2026-05-01,12,208.9161,218.8,207.5,0.6825,5.4458,-4.7633,False
B11-M-052,HCPI,EM10,2025-07-01,2025-07-01,1,207.4821,208.3,206.9,0.2814,0.6767,-0.3953,True
B11-M-052,HCPI,EM10,2025-07-01,2025-08-01,2,207.2359,207.2,204.1,1.5365,1.5189,0.0176,True
B11-M-052,HCPI,EM10,2025-07-01,2025-09-01,3,208.3133,207.4,203.1,2.5669,2.1172,0.4497,True
B11-M-052,HCPI,EM10,2025-07-01,2025-10-01,4,207.9768,207.5,202.1,2.9079,2.6719,0.2359,True
B11-M-052,HCPI,EM10,2025-07-01,2025-11-01,5,208.5614,207.2,202.4,3.0442,2.3715,0.6726,False
B11-M-052,HCPI,EM10,2025-07-01,2025-12-01,6,209.1941,210.5,204.6,2.2454,2.8837,-0.6383,False
B11-M-052,HCPI,EM10,2025-07-01,2026-01-01,7,210.0965,211.4,206.4,1.7909,2.4225,-0.6315,False
B11-M-052,HCPI,EM10,2025-07-01,2026-02-01,8,209.5856,209.4,206.2,1.6419,1.5519,0.09,True
B11-M-052,HCPI,EM10,2025-07-01,2026-03-01,9,210.4477,210.9,206.0,2.1591,2.3786,-0.2196,True
B11-M-052,HCPI,EM10,2025-07-01,2026-04-01,10,210.0253,216.3,206.5,1.7072,4.7458,-3.0386,False
B11-M-052,HCPI,EM10,2025-07-01,2026-05-01,11,211.0021,218.8,207.5,1.6878,5.4458,-3.758,False
B11-M-052,HCPI,EM10,2025-07-01,2026-06-01,12,211.6904,222.3,208.7,1.4329,6.5165,-5.0837,False
B11-M-053,HCPI,EM10,2025-08-01,2025-08-01,1,210.5903,207.2,204.1,3.18,1.5189,1.6611,False
B11-M-053,HCPI,EM10,2025-08-01,2025-09-01,2,210.8015,207.4,203.1,3.792,2.1172,1.6748,False
B11-M-053,HCPI,EM10,2025-08-01,2025-10-01,3,211.4428,207.5,202.1,4.6229,2.6719,1.9509,False
B11-M-053,HCPI,EM10,2025-08-01,2025-11-01,4,212.158,207.2,202.4,4.8211,2.3715,2.4496,False
B11-M-053,HCPI,EM10,2025-08-01,2025-12-01,5,212.9057,210.5,204.6,4.0595,2.8837,1.1758,False
B11-M-053,HCPI,EM10,2025-08-01,2026-01-01,6,213.8079,211.4,206.4,3.5891,2.4225,1.1666,False
B11-M-053,HCPI,EM10,2025-08-01,2026-02-01,7,213.984,209.4,206.2,3.775,1.5519,2.2231,False
B11-M-053,HCPI,EM10,2025-08-01,2026-03-01,8,214.0738,210.9,206.0,3.9193,2.3786,1.5407,False
B11-M-053,HCPI,EM10,2025-08-01,2026-04-01,9,215.0329,216.3,206.5,4.1322,4.7458,-0.6136,False
B11-M-053,HCPI,EM10,2025-08-01,2026-05-01,10,215.3768,218.8,207.5,3.796,5.4458,-1.6497,False
B11-M-053,HCPI,EM10,2025-08-01,2026-06-01,11,216.6571,222.3,208.7,3.8127,6.5165,-2.7038,False
B11-M-053,HCPI,EM10,2025-08-01,2026-07-01,12,216.9044,223.4,208.3,4.1308,7.2492,-3.1184,False
B11-M-054,HCPI,EM10,2025-09-01,2025-09-01,1,207.8502,207.4,203.1,2.3388,2.1172,0.2216,True
B11-M-054,HCPI,EM10,2025-09-01,2025-10-01,2,208.09,207.5,202.1,2.9639,2.6719,0.2919,True
B11-M-054,HCPI,EM10,2025-09-01,2025-11-01,3,209.1248,207.2,202.4,3.3225,2.3715,0.951,False
B11-M-054,HCPI,EM10,2025-09-01,2025-12-01,4,209.5663,210.5,204.6,2.4273,2.8837,-0.4563,True
B11-M-054,HCPI,EM10,2025-09-01,2026-01-01,5,209.812,211.4,206.4,1.6531,2.4225,-0.7694,False
B11-M-054,HCPI,EM10,2025-09-01,2026-02-01,6,210.4069,209.4,206.2,2.0402,1.5519,0.4883,True
B11-M-054,HCPI,EM10,2025-09-01,2026-03-01,7,210.3436,210.9,206.0,2.1085,2.3786,-0.2701,True
B11-M-054,HCPI,EM10,2025-09-01,2026-04-01,8,210.4709,216.3,206.5,1.923,4.7458,-2.8228,False
B11-M-054,HCPI,EM10,2025-09-01,2026-05-01,9,211.666,218.8,207.5,2.0077,5.4458,-3.4381,False
B11-M-054,HCPI,EM10,2025-09-01,2026-06-01,10,212.1086,222.3,208.7,1.6332,6.5165,-4.8833,False
B11-M-054,HCPI,EM10,2025-09-01,2026-07-01,11,212.7672,223.4,208.3,2.1446,7.2492,-5.1045,False
B11-M-054,HCPI,EM10,2025-09-01,2026-08-01,12,212.5235,223.9,207.2,2.5692,8.0598,-5.4906,False
B11-M-055,HCPI,EM11,2025-04-01,2025-04-01,1,204.8006,206.5,208.2,-1.6328,-0.8165,-0.8162,False
B11-M-055,HCPI,EM11,2025-04-01,2025-05-01,2,205.3251,207.5,206.3,-0.4725,0.5817,-1.0542,False
B11-M-055,HCPI,EM11,2025-04-01,2025-06-01,3,205.7596,208.7,208.1,-1.1247,0.2883,-1.413,False
B11-M-055,HCPI,EM11,2025-04-01,2025-07-01,4,205.6451,208.3,206.9,-0.6065,0.6767,-1.2832,False
B11-M-055,HCPI,EM11,2025-04-01,2025-08-01,5,205.7234,207.2,204.1,0.7954,1.5189,-0.7235,False
B11-M-055,HCPI,EM11,2025-04-01,2025-09-01,6,205.8417,207.4,203.1,1.3499,2.1172,-0.7673,False
B11-M-055,HCPI,EM11,2025-04-01,2025-10-01,7,205.7555,207.5,202.1,1.8087,2.6719,-0.8632,False
B11-M-055,HCPI,EM11,2025-04-01,2025-11-01,8,205.9101,207.2,202.4,1.7342,2.3715,-0.6373,False
B11-M-055,HCPI,EM11,2025-04-01,2025-12-01,9,205.9682,210.5,204.6,0.6687,2.8837,-2.215,False
B11-M-055,HCPI,EM11,2025-04-01,2026-01-01,10,205.5311,211.4,206.4,-0.421,2.4225,-2.8434,False
B11-M-055,HCPI,EM11,2025-04-01,2026-02-01,11,205.2613,209.4,206.2,-0.4552,1.5519,-2.0071,False
B11-M-055,HCPI,EM11,2025-04-01,2026-03-01,12,205.3158,210.9,206.0,-0.3321,2.3786,-2.7108,False
B11-M-056,HCPI,EM11,2025-05-01,2025-05-01,1,206.7089,207.5,206.3,0.1982,0.5817,-0.3835,True
B11-M-056,HCPI,EM11,2025-05-01,2025-06-01,2,206.9739,208.7,208.1,-0.5411,0.2883,-0.8295,False
B11-M-056,HCPI,EM11,2025-05-01,2025-07-01,3,207.0181,208.3,206.9,0.0571,0.6767,-0.6196,False
B11-M-056,HCPI,EM11,2025-05-01,2025-08-01,4,207.0171,207.2,204.1,1.4292,1.5189,-0.0896,True
B11-M-056,HCPI,EM11,2025-05-01,2025-09-01,5,207.0824,207.4,203.1,1.9608,2.1172,-0.1564,True
B11-M-056,HCPI,EM11,2025-05-01,2025-10-01,6,207.1463,207.5,202.1,2.4969,2.6719,-0.175,True
B11-M-056,HCPI,EM11,2025-05-01,2025-11-01,7,207.3049,207.2,202.4,2.4234,2.3715,0.0518,True
B11-M-056,HCPI,EM11,2025-05-01,2025-12-01,8,207.4264,210.5,204.6,1.3814,2.8837,-1.5023,False
B11-M-056,HCPI,EM11,2025-05-01,2026-01-01,9,207.5494,211.4,206.4,0.5569,2.4225,-1.8656,False
B11-M-056,HCPI,EM11,2025-05-01,2026-02-01,10,207.5456,209.4,206.2,0.6526,1.5519,-0.8993,False
B11-M-056,HCPI,EM11,2025-05-01,2026-03-01,11,207.5154,210.9,206.0,0.7356,2.3786,-1.643,False
B11-M-056,HCPI,EM11,2025-05-01,2026-04-01,12,207.6544,216.3,206.5,0.559,4.7458,-4.1868,False
B11-M-057,HCPI,EM11,2025-06-01,2025-06-01,1,205.5718,208.7,208.1,-1.2149,0.2883,-1.5032,False
B11-M-057,HCPI,EM11,2025-06-01,2025-07-01,2,205.759,208.3,206.9,-0.5515,0.6767,-1.2281,False
B11-M-057,HCPI,EM11,2025-06-01,2025-08-01,3,205.8014,207.2,204.1,0.8336,1.5189,-0.6852,False
B11-M-057,HCPI,EM11,2025-06-01,2025-09-01,4,205.8266,207.4,203.1,1.3425,2.1172,-0.7747,False
B11-M-057,HCPI,EM11,2025-06-01,2025-10-01,5,205.9771,207.5,202.1,1.9184,2.6719,-0.7535,False
B11-M-057,HCPI,EM11,2025-06-01,2025-11-01,6,206.4592,207.2,202.4,2.0055,2.3715,-0.366,True
B11-M-057,HCPI,EM11,2025-06-01,2025-12-01,7,207.1096,210.5,204.6,1.2266,2.8837,-1.6571,False
B11-M-057,HCPI,EM11,2025-06-01,2026-01-01,8,207.8631,211.4,206.4,0.7089,2.4225,-1.7136,False
B11-M-057,HCPI,EM11,2025-06-01,2026-02-01,9,208.1441,209.4,206.2,0.9428,1.5519,-0.6091,False
B11-M-057,HCPI,EM11,2025-06-01,2026-03-01,10,207.6223,210.9,206.0,0.7875,2.3786,-1.5911,False
B11-M-057,HCPI,EM11,2025-06-01,2026-04-01,11,208.4032,216.3,206.5,0.9216,4.7458,-3.8241,False
B11-M-057,HCPI,EM11,2025-06-01,2026-05-01,12,208.8728,218.8,207.5,0.6616,5.4458,-4.7842,False
B11-M-058,HCPI,EM11,2025-07-01,2025-07-01,1,207.3889,208.3,206.9,0.2363,0.6767,-0.4404,True
B11-M-058,HCPI,EM11,2025-07-01,2025-08-01,2,207.1594,207.2,204.1,1.499,1.5189,-0.0199,True
B11-M-058,HCPI,EM11,2025-07-01,2025-09-01,3,208.1934,207.4,203.1,2.5078,2.1172,0.3906,True
B11-M-058,HCPI,EM11,2025-07-01,2025-10-01,4,207.8764,207.5,202.1,2.8582,2.6719,0.1862,True
B11-M-058,HCPI,EM11,2025-07-01,2025-11-01,5,208.4433,207.2,202.4,2.9858,2.3715,0.6143,False
B11-M-058,HCPI,EM11,2025-07-01,2025-12-01,6,209.0608,210.5,204.6,2.1802,2.8837,-0.7034,False
B11-M-058,HCPI,EM11,2025-07-01,2026-01-01,7,209.9348,211.4,206.4,1.7126,2.4225,-0.7099,False
B11-M-058,HCPI,EM11,2025-07-01,2026-02-01,8,209.4758,209.4,206.2,1.5886,1.5519,0.0367,True
B11-M-058,HCPI,EM11,2025-07-01,2026-03-01,9,210.3112,210.9,206.0,2.0928,2.3786,-0.2858,True
B11-M-058,HCPI,EM11,2025-07-01,2026-04-01,10,209.9003,216.3,206.5,1.6466,4.7458,-3.0991,False
B11-M-058,HCPI,EM11,2025-07-01,2026-05-01,11,210.8779,218.8,207.5,1.6279,5.4458,-3.8179,False
B11-M-058,HCPI,EM11,2025-07-01,2026-06-01,12,211.5415,222.3,208.7,1.3615,6.5165,-5.155,False
B11-M-059,HCPI,EM11,2025-08-01,2025-08-01,1,210.1576,207.2,204.1,2.968,1.5189,1.4491,False
B11-M-059,HCPI,EM11,2025-08-01,2025-09-01,2,210.3513,207.4,203.1,3.5703,2.1172,1.4531,False
B11-M-059,HCPI,EM11,2025-08-01,2025-10-01,3,210.9611,207.5,202.1,4.3845,2.6719,1.7126,False
B11-M-059,HCPI,EM11,2025-08-01,2025-11-01,4,211.6457,207.2,202.4,4.5681,2.3715,2.1965,False
B11-M-059,HCPI,EM11,2025-08-01,2025-12-01,5,212.3608,210.5,204.6,3.7931,2.8837,0.9095,False
B11-M-059,HCPI,EM11,2025-08-01,2026-01-01,6,213.1893,211.4,206.4,3.2894,2.4225,0.8669,False
B11-M-059,HCPI,EM11,2025-08-01,2026-02-01,7,213.3657,209.4,206.2,3.4751,1.5519,1.9232,False
B11-M-059,HCPI,EM11,2025-08-01,2026-03-01,8,213.4408,210.9,206.0,3.612,2.3786,1.2334,False
B11-M-059,HCPI,EM11,2025-08-01,2026-04-01,9,214.3784,216.3,206.5,3.8152,4.7458,-0.9305,False
B11-M-059,HCPI,EM11,2025-08-01,2026-05-01,10,214.7004,218.8,207.5,3.4701,5.4458,-1.9757,False
B11-M-059,HCPI,EM11,2025-08-01,2026-06-01,11,215.9537,222.3,208.7,3.4757,6.5165,-3.0409,False
B11-M-059,HCPI,EM11,2025-08-01,2026-07-01,12,216.1682,223.4,208.3,3.7773,7.2492,-3.4718,False
B11-M-060,HCPI,EM11,2025-09-01,2025-09-01,1,208.0427,207.4,203.1,2.4336,2.1172,0.3165,True
B11-M-060,HCPI,EM11,2025-09-01,2025-10-01,2,208.2954,207.5,202.1,3.0655,2.6719,0.3936,True
B11-M-060,HCPI,EM11,2025-09-01,2025-11-01,3,209.3686,207.2,202.4,3.443,2.3715,1.0714,False
B11-M-060,HCPI,EM11,2025-09-01,2025-12-01,4,209.7831,210.5,204.6,2.5333,2.8837,-0.3504,True
B11-M-060,HCPI,EM11,2025-09-01,2026-01-01,5,209.9805,211.4,206.4,1.7347,2.4225,-0.6877,False
B11-M-060,HCPI,EM11,2025-09-01,2026-02-01,6,210.6945,209.4,206.2,2.1797,1.5519,0.6278,False
B11-M-060,HCPI,EM11,2025-09-01,2026-03-01,7,210.6593,210.9,206.0,2.2618,2.3786,-0.1168,True
B11-M-060,HCPI,EM11,2025-09-01,2026-04-01,8,210.7118,216.3,206.5,2.0396,4.7458,-2.7061,False
B11-M-060,HCPI,EM11,2025-09-01,2026-05-01,9,211.9468,218.8,207.5,2.143,5.4458,-3.3028,False
B11-M-060,HCPI,EM11,2025-09-01,2026-06-01,10,212.3067,222.3,208.7,1.7282,6.5165,-4.7884,False
B11-M-060,HCPI,EM11,2025-09-01,2026-07-01,11,213.0053,223.4,208.3,2.2589,7.2492,-4.9903,False
B11-M-060,HCPI,EM11,2025-09-01,2026-08-01,12,212.7517,223.9,207.2,2.6794,8.0598,-5.3804,False
B11-M-061,HCPI,EM12,2025-04-01,2025-04-01,1,205.9999,206.5,208.2,-1.0567,-0.8165,-0.2402,True
B11-M-061,HCPI,EM12,2025-04-01,2025-05-01,2,206.1269,207.5,206.3,-0.0839,0.5817,-0.6656,False
B11-M-061,HCPI,EM12,2025-04-01,2025-06-01,3,206.4265,208.7,208.1,-0.8042,0.2883,-1.0925,False
B11-M-061,HCPI,EM12,2025-04-01,2025-07-01,4,206.5453,208.3,206.9,-0.1715,0.6767,-0.8481,False
B11-M-061,HCPI,EM12,2025-04-01,2025-08-01,5,206.651,207.2,204.1,1.2499,1.5189,-0.269,True
B11-M-061,HCPI,EM12,2025-04-01,2025-09-01,6,206.7467,207.4,203.1,1.7955,2.1172,-0.3217,True
B11-M-061,HCPI,EM12,2025-04-01,2025-10-01,7,206.8602,207.5,202.1,2.3554,2.6719,-0.3166,True
B11-M-061,HCPI,EM12,2025-04-01,2025-11-01,8,207.1323,207.2,202.4,2.3381,2.3715,-0.0334,True
B11-M-061,HCPI,EM12,2025-04-01,2025-12-01,9,207.4777,210.5,204.6,1.4065,2.8837,-1.4772,False
B11-M-061,HCPI,EM12,2025-04-01,2026-01-01,10,207.6804,211.4,206.4,0.6203,2.4225,-1.8021,False
B11-M-061,HCPI,EM12,2025-04-01,2026-02-01,11,207.805,209.4,206.2,0.7784,1.5519,-0.7735,False
B11-M-061,HCPI,EM12,2025-04-01,2026-03-01,12,207.9395,210.9,206.0,0.9415,2.3786,-1.4372,False
B11-M-062,HCPI,EM12,2025-05-01,2025-05-01,1,205.6812,207.5,206.3,-0.2999,0.5817,-0.8816,False
B11-M-062,HCPI,EM12,2025-05-01,2025-06-01,2,205.8552,208.7,208.1,-1.0787,0.2883,-1.367,False
B11-M-062,HCPI,EM12,2025-05-01,2025-07-01,3,205.9282,208.3,206.9,-0.4697,0.6767,-1.1463,False
B11-M-062,HCPI,EM12,2025-05-01,2025-08-01,4,205.746,207.2,204.1,0.8065,1.5189,-0.7124,False
B11-M-062,HCPI,EM12,2025-05-01,2025-09-01,5,206.1245,207.4,203.1,1.4891,2.1172,-0.628,False
B11-M-062,HCPI,EM12,2025-05-01,2025-10-01,6,206.308,207.5,202.1,2.0822,2.6719,-0.5898,False
B11-M-062,HCPI,EM12,2025-05-01,2025-11-01,7,206.9397,207.2,202.4,2.2429,2.3715,-0.1286,True
B11-M-062,HCPI,EM12,2025-05-01,2025-12-01,8,207.3916,210.5,204.6,1.3644,2.8837,-1.5193,False
B11-M-062,HCPI,EM12,2025-05-01,2026-01-01,9,207.8755,211.4,206.4,0.7149,2.4225,-1.7076,False
B11-M-062,HCPI,EM12,2025-05-01,2026-02-01,10,208.3978,209.4,206.2,1.0659,1.5519,-0.486,True
B11-M-062,HCPI,EM12,2025-05-01,2026-03-01,11,208.3676,210.9,206.0,1.1493,2.3786,-1.2293,False
B11-M-062,HCPI,EM12,2025-05-01,2026-04-01,12,208.4525,216.3,206.5,0.9455,4.7458,-3.8003,False
B11-M-063,HCPI,EM12,2025-06-01,2025-06-01,1,208.9757,208.7,208.1,0.4208,0.2883,0.1325,True
B11-M-063,HCPI,EM12,2025-06-01,2025-07-01,2,209.0015,208.3,206.9,1.0157,0.6767,0.3391,True
B11-M-063,HCPI,EM12,2025-06-01,2025-08-01,3,209.0771,207.2,204.1,2.4386,1.5189,0.9197,False
B11-M-063,HCPI,EM12,2025-06-01,2025-09-01,4,208.91,207.4,203.1,2.8607,2.1172,0.7435,False
B11-M-063,HCPI,EM12,2025-06-01,2025-10-01,5,209.1115,207.5,202.1,3.4693,2.6719,0.7974,False
B11-M-063,HCPI,EM12,2025-06-01,2025-11-01,6,209.3593,207.2,202.4,3.4384,2.3715,1.0669,False
B11-M-063,HCPI,EM12,2025-06-01,2025-12-01,7,210.1612,210.5,204.6,2.7181,2.8837,-0.1656,True
B11-M-063,HCPI,EM12,2025-06-01,2026-01-01,8,210.6246,211.4,206.4,2.0468,2.4225,-0.3757,True
B11-M-063,HCPI,EM12,2025-06-01,2026-02-01,9,210.885,209.4,206.2,2.2721,1.5519,0.7202,False
B11-M-063,HCPI,EM12,2025-06-01,2026-03-01,10,211.0596,210.9,206.0,2.4561,2.3786,0.0775,True
B11-M-063,HCPI,EM12,2025-06-01,2026-04-01,11,211.2263,216.3,206.5,2.2888,4.7458,-2.457,False
B11-M-063,HCPI,EM12,2025-06-01,2026-05-01,12,211.4983,218.8,207.5,1.9269,5.4458,-3.5189,False
B11-M-064,HCPI,EM12,2025-07-01,2025-07-01,1,209.0751,208.3,206.9,1.0513,0.6767,0.3746,True
B11-M-064,HCPI,EM12,2025-07-01,2025-08-01,2,208.5596,207.2,204.1,2.185,1.5189,0.6662,False
B11-M-064,HCPI,EM12,2025-07-01,2025-09-01,3,208.3652,207.4,203.1,2.5924,2.1172,0.4752,True
B11-M-064,HCPI,EM12,2025-07-01,2025-10-01,4,208.1745,207.5,202.1,3.0057,2.6719,0.3337,True
B11-M-064,HCPI,EM12,2025-07-01,2025-11-01,5,208.5342,207.2,202.4,3.0307,2.3715,0.6592,False
B11-M-064,HCPI,EM12,2025-07-01,2025-12-01,6,209.2285,210.5,204.6,2.2622,2.8837,-0.6215,False
B11-M-064,HCPI,EM12,2025-07-01,2026-01-01,7,209.8667,211.4,206.4,1.6796,2.4225,-0.7429,False
B11-M-064,HCPI,EM12,2025-07-01,2026-02-01,8,209.8442,209.4,206.2,1.7673,1.5519,0.2154,True
B11-M-064,HCPI,EM12,2025-07-01,2026-03-01,9,209.7055,210.9,206.0,1.7988,2.3786,-0.5799,False
B11-M-064,HCPI,EM12,2025-07-01,2026-04-01,10,210.2077,216.3,206.5,1.7955,4.7458,-2.9502,False
B11-M-064,HCPI,EM12,2025-07-01,2026-05-01,11,210.8313,218.8,207.5,1.6055,5.4458,-3.8403,False
B11-M-064,HCPI,EM12,2025-07-01,2026-06-01,12,211.3777,222.3,208.7,1.283,6.5165,-5.2335,False
B11-M-065,HCPI,EM12,2025-08-01,2025-08-01,1,210.3756,207.2,204.1,3.0747,1.5189,1.5559,False
B11-M-065,HCPI,EM12,2025-08-01,2025-09-01,2,210.4783,207.4,203.1,3.6328,2.1172,1.5156,False
B11-M-065,HCPI,EM12,2025-08-01,2025-10-01,3,210.9479,207.5,202.1,4.378,2.6719,1.7061,False
B11-M-065,HCPI,EM12,2025-08-01,2025-11-01,4,211.9624,207.2,202.4,4.7245,2.3715,2.353,False
B11-M-065,HCPI,EM12,2025-08-01,2025-12-01,5,213.2873,210.5,204.6,4.246,2.8837,1.3623,False
B11-M-065,HCPI,EM12,2025-08-01,2026-01-01,6,214.9613,211.4,206.4,4.1479,2.4225,1.7254,False
B11-M-065,HCPI,EM12,2025-08-01,2026-02-01,7,214.8592,209.4,206.2,4.1994,1.5519,2.6475,False
B11-M-065,HCPI,EM12,2025-08-01,2026-03-01,8,214.7407,210.9,206.0,4.243,2.3786,1.8644,False
B11-M-065,HCPI,EM12,2025-08-01,2026-04-01,9,215.3708,216.3,206.5,4.2958,4.7458,-0.45,True
B11-M-065,HCPI,EM12,2025-08-01,2026-05-01,10,216.0168,218.8,207.5,4.1045,5.4458,-1.3413,False
B11-M-065,HCPI,EM12,2025-08-01,2026-06-01,11,217.7787,222.3,208.7,4.3501,6.5165,-2.1664,False
B11-M-065,HCPI,EM12,2025-08-01,2026-07-01,12,218.2513,223.4,208.3,4.7774,7.2492,-2.4718,False
B11-M-066,HCPI,EM12,2025-09-01,2025-09-01,1,206.7213,207.4,203.1,1.783,2.1172,-0.3341,True
B11-M-066,HCPI,EM12,2025-09-01,2025-10-01,2,206.656,207.5,202.1,2.2543,2.6719,-0.4176,True
B11-M-066,HCPI,EM12,2025-09-01,2025-11-01,3,206.9811,207.2,202.4,2.2634,2.3715,-0.1082,True
B11-M-066,HCPI,EM12,2025-09-01,2025-12-01,4,208.2358,210.5,204.6,1.777,2.8837,-1.1066,False
B11-M-066,HCPI,EM12,2025-09-01,2026-01-01,5,208.7063,211.4,206.4,1.1174,2.4225,-1.3051,False
B11-M-066,HCPI,EM12,2025-09-01,2026-02-01,6,208.4956,209.4,206.2,1.1133,1.5519,-0.4386,True
B11-M-066,HCPI,EM12,2025-09-01,2026-03-01,7,207.6848,210.9,206.0,0.8179,2.3786,-1.5608,False
B11-M-066,HCPI,EM12,2025-09-01,2026-04-01,8,208.7203,216.3,206.5,1.0752,4.7458,-3.6706,False
B11-M-066,HCPI,EM12,2025-09-01,2026-05-01,9,210.0119,218.8,207.5,1.2105,5.4458,-4.2352,False
B11-M-066,HCPI,EM12,2025-09-01,2026-06-01,10,211.6493,222.3,208.7,1.4132,6.5165,-5.1033,False
B11-M-066,HCPI,EM12,2025-09-01,2026-07-01,11,211.6361,223.4,208.3,1.6016,7.2492,-5.6476,False
B11-M-066,HCPI,EM12,2025-09-01,2026-08-01,12,211.1328,223.9,207.2,1.8981,8.0598,-6.1618,False
B11-M-067,HCPI,EM13,2025-04-01,2025-04-01,1,205.6138,206.5,208.2,-1.2422,-0.8165,-0.4257,True
B11-M-067,HCPI,EM13,2025-04-01,2025-05-01,2,206.2873,207.5,206.3,-0.0061,0.5817,-0.5878,False
B11-M-067,HCPI,EM13,2025-04-01,2025-06-01,3,206.5851,208.7,208.1,-0.728,0.2883,-1.0163,False
B11-M-067,HCPI,EM13,2025-04-01,2025-07-01,4,206.1878,208.3,206.9,-0.3442,0.6767,-1.0209,False
B11-M-067,HCPI,EM13,2025-04-01,2025-08-01,5,206.5033,207.2,204.1,1.1775,1.5189,-0.3414,True
B11-M-067,HCPI,EM13,2025-04-01,2025-09-01,6,206.4488,207.4,203.1,1.6489,2.1172,-0.4683,True
B11-M-067,HCPI,EM13,2025-04-01,2025-10-01,7,206.4398,207.5,202.1,2.1473,2.6719,-0.5246,False
B11-M-067,HCPI,EM13,2025-04-01,2025-11-01,8,206.4336,207.2,202.4,1.9929,2.3715,-0.3786,True
B11-M-067,HCPI,EM13,2025-04-01,2025-12-01,9,206.6178,210.5,204.6,0.9862,2.8837,-1.8975,False
B11-M-067,HCPI,EM13,2025-04-01,2026-01-01,10,206.1335,211.4,206.4,-0.1291,2.4225,-2.5516,False
B11-M-067,HCPI,EM13,2025-04-01,2026-02-01,11,205.7814,209.4,206.2,-0.203,1.5519,-1.7549,False
B11-M-067,HCPI,EM13,2025-04-01,2026-03-01,12,205.7991,210.9,206.0,-0.0975,2.3786,-2.4761,False
B11-M-068,HCPI,EM13,2025-05-01,2025-05-01,1,206.4727,207.5,206.3,0.0837,0.5817,-0.498,True
B11-M-068,HCPI,EM13,2025-05-01,2025-06-01,2,206.5365,208.7,208.1,-0.7513,0.2883,-1.0397,False
B11-M-068,HCPI,EM13,2025-05-01,2025-07-01,3,206.6002,208.3,206.9,-0.1449,0.6767,-0.8215,False
B11-M-068,HCPI,EM13,2025-05-01,2025-08-01,4,206.4727,207.2,204.1,1.1625,1.5189,-0.3563,True
B11-M-068,HCPI,EM13,2025-05-01,2025-09-01,5,206.7916,207.4,203.1,1.8176,2.1172,-0.2996,True
B11-M-068,HCPI,EM13,2025-05-01,2025-10-01,6,206.9509,207.5,202.1,2.4003,2.6719,-0.2717,True
B11-M-068,HCPI,EM13,2025-05-01,2025-11-01,7,207.4611,207.2,202.4,2.5005,2.3715,0.129,True
B11-M-068,HCPI,EM13,2025-05-01,2025-12-01,8,207.8118,210.5,204.6,1.5698,2.8837,-1.3139,False
B11-M-068,HCPI,EM13,2025-05-01,2026-01-01,9,208.29,211.4,206.4,0.9157,2.4225,-1.5068,False
B11-M-068,HCPI,EM13,2025-05-01,2026-02-01,10,208.8958,209.4,206.2,1.3074,1.5519,-0.2445,True
B11-M-068,HCPI,EM13,2025-05-01,2026-03-01,11,208.8639,210.9,206.0,1.3903,2.3786,-0.9884,False
B11-M-068,HCPI,EM13,2025-05-01,2026-04-01,12,208.8639,216.3,206.5,1.1448,4.7458,-3.601,False
B11-M-069,HCPI,EM13,2025-06-01,2025-06-01,1,208.8704,208.7,208.1,0.3702,0.2883,0.0819,True
B11-M-069,HCPI,EM13,2025-06-01,2025-07-01,2,209.1462,208.3,206.9,1.0856,0.6767,0.409,True
B11-M-069,HCPI,EM13,2025-06-01,2025-08-01,3,209.0211,207.2,204.1,2.4111,1.5189,0.8922,False
B11-M-069,HCPI,EM13,2025-06-01,2025-09-01,4,208.9091,207.4,203.1,2.8602,2.1172,0.7431,False
B11-M-069,HCPI,EM13,2025-06-01,2025-10-01,5,209.1437,207.5,202.1,3.4853,2.6719,0.8133,False
B11-M-069,HCPI,EM13,2025-06-01,2025-11-01,6,209.5228,207.2,202.4,3.5191,2.3715,1.1476,False
B11-M-069,HCPI,EM13,2025-06-01,2025-12-01,7,210.2095,210.5,204.6,2.7417,2.8837,-0.142,True
B11-M-069,HCPI,EM13,2025-06-01,2026-01-01,8,210.3339,211.4,206.4,1.9059,2.4225,-0.5165,False
B11-M-069,HCPI,EM13,2025-06-01,2026-02-01,9,210.6773,209.4,206.2,2.1713,1.5519,0.6194,False
B11-M-069,HCPI,EM13,2025-06-01,2026-03-01,10,210.9672,210.9,206.0,2.4113,2.3786,0.0326,True
B11-M-069,HCPI,EM13,2025-06-01,2026-04-01,11,210.9599,216.3,206.5,2.1598,4.7458,-2.586,False
B11-M-069,HCPI,EM13,2025-06-01,2026-05-01,12,211.1267,218.8,207.5,1.7478,5.4458,-3.698,False
B11-M-070,HCPI,EM13,2025-07-01,2025-07-01,1,207.9315,208.3,206.9,0.4985,0.6767,-0.1781,True
B11-M-070,HCPI,EM13,2025-07-01,2025-08-01,2,207.8641,207.2,204.1,1.8442,1.5189,0.3254,True
B11-M-070,HCPI,EM13,2025-07-01,2025-09-01,3,207.7517,207.4,203.1,2.2904,2.1172,0.1732,True
B11-M-070,HCPI,EM13,2025-07-01,2025-10-01,4,207.6182,207.5,202.1,2.7304,2.6719,0.0585,True
B11-M-070,HCPI,EM13,2025-07-01,2025-11-01,5,207.9401,207.2,202.4,2.7372,2.3715,0.3656,True
B11-M-070,HCPI,EM13,2025-07-01,2025-12-01,6,208.4842,210.5,204.6,1.8984,2.8837,-0.9852,False
B11-M-070,HCPI,EM13,2025-07-01,2026-01-01,7,209.1785,211.4,206.4,1.3462,2.4225,-1.0763,False
B11-M-070,HCPI,EM13,2025-07-01,2026-02-01,8,209.3011,209.4,206.2,1.5039,1.5519,-0.0479,True
B11-M-070,HCPI,EM13,2025-07-01,2026-03-01,9,208.941,210.9,206.0,1.4277,2.3786,-0.951,False
B11-M-070,HCPI,EM13,2025-07-01,2026-04-01,10,208.7991,216.3,206.5,1.1134,4.7458,-3.6324,False
B11-M-070,HCPI,EM13,2025-07-01,2026-05-01,11,209.3197,218.8,207.5,0.8769,5.4458,-4.5688,False
B11-M-070,HCPI,EM13,2025-07-01,2026-06-01,12,209.5849,222.3,208.7,0.424,6.5165,-6.0925,False
B11-M-071,HCPI,EM13,2025-08-01,2025-08-01,1,213.7571,207.2,204.1,4.7316,1.5189,3.2127,False
B11-M-071,HCPI,EM13,2025-08-01,2025-09-01,2,213.9797,207.4,203.1,5.3568,2.1172,3.2397,False
B11-M-071,HCPI,EM13,2025-08-01,2025-10-01,3,214.7956,207.5,202.1,6.2818,2.6719,3.6099,False
B11-M-071,HCPI,EM13,2025-08-01,2025-11-01,4,215.478,207.2,202.4,6.4615,2.3715,4.0899,False
B11-M-071,HCPI,EM13,2025-08-01,2025-12-01,5,216.4764,210.5,204.6,5.8047,2.8837,2.921,False
B11-M-071,HCPI,EM13,2025-08-01,2026-01-01,6,218.2754,211.4,206.4,5.7536,2.4225,3.3311,False
B11-M-071,HCPI,EM13,2025-08-01,2026-02-01,7,218.3784,209.4,206.2,5.9061,1.5519,4.3542,False
B11-M-071,HCPI,EM13,2025-08-01,2026-03-01,8,218.4617,210.9,206.0,6.0494,2.3786,3.6707,False
B11-M-071,HCPI,EM13,2025-08-01,2026-04-01,9,219.1858,216.3,206.5,6.1433,4.7458,1.3975,False
B11-M-071,HCPI,EM13,2025-08-01,2026-05-01,10,219.1547,218.8,207.5,5.6167,5.4458,0.171,True
B11-M-071,HCPI,EM13,2025-08-01,2026-06-01,11,220.3134,222.3,208.7,5.5646,6.5165,-0.9519,False
B11-M-071,HCPI,EM13,2025-08-01,2026-07-01,12,220.7249,223.4,208.3,5.9649,7.2492,-1.2842,False
B11-M-072,HCPI,EM13,2025-09-01,2025-09-01,1,215.2067,207.4,203.1,5.961,2.1172,3.8438,False
B11-M-072,HCPI,EM13,2025-09-01,2025-10-01,2,214.8007,207.5,202.1,6.2844,2.6719,3.6124,False
B11-M-072,HCPI,EM13,2025-09-01,2025-11-01,3,216.3482,207.2,202.4,6.8914,2.3715,4.5198,False
B11-M-072,HCPI,EM13,2025-09-01,2025-12-01,4,218.1774,210.5,204.6,6.6361,2.8837,3.7524,False
B11-M-072,HCPI,EM13,2025-09-01,2026-01-01,5,220.3487,211.4,206.4,6.7581,2.4225,4.3356,False
B11-M-072,HCPI,EM13,2025-09-01,2026-02-01,6,220.9744,209.4,206.2,7.1651,1.5519,5.6132,False
B11-M-072,HCPI,EM13,2025-09-01,2026-03-01,7,219.424,210.9,206.0,6.5165,2.3786,4.1378,False
B11-M-072,HCPI,EM13,2025-09-01,2026-04-01,8,221.8158,216.3,206.5,7.4169,4.7458,2.6711,False
B11-M-072,HCPI,EM13,2025-09-01,2026-05-01,9,222.9035,218.8,207.5,7.4234,5.4458,1.9776,False
B11-M-072,HCPI,EM13,2025-09-01,2026-06-01,10,224.2143,222.3,208.7,7.4338,6.5165,0.9172,False
B11-M-072,HCPI,EM13,2025-09-01,2026-07-01,11,224.8366,223.4,208.3,7.9389,7.2492,0.6897,False
B11-M-072,HCPI,EM13,2025-09-01,2026-08-01,12,224.5813,223.9,207.2,8.3887,8.0598,0.3288,True
B11-M-073,HCPI,EM14,2025-04-01,2025-04-01,1,204.24,206.5,208.2,-1.902,-0.8165,-1.0855,False
B11-M-073,HCPI,EM14,2025-04-01,2025-05-01,2,204.9775,207.5,206.3,-0.6411,0.5817,-1.2227,False
B11-M-073,HCPI,EM14,2025-04-01,2025-06-01,3,205.2673,208.7,208.1,-1.3612,0.2883,-1.6495,False
B11-M-073,HCPI,EM14,2025-04-01,2025-07-01,4,204.9945,208.3,206.9,-0.921,0.6767,-1.5976,False
B11-M-073,HCPI,EM14,2025-04-01,2025-08-01,5,205.2566,207.2,204.1,0.5667,1.5189,-0.9522,False
B11-M-073,HCPI,EM14,2025-04-01,2025-09-01,6,205.1979,207.4,203.1,1.033,2.1172,-1.0842,False
B11-M-073,HCPI,EM14,2025-04-01,2025-10-01,7,205.1674,207.5,202.1,1.5178,2.6719,-1.1542,False
B11-M-073,HCPI,EM14,2025-04-01,2025-11-01,8,205.1953,207.2,202.4,1.3811,2.3715,-0.9905,False
B11-M-073,HCPI,EM14,2025-04-01,2025-12-01,9,205.1703,210.5,204.6,0.2788,2.8837,-2.6049,False
B11-M-073,HCPI,EM14,2025-04-01,2026-01-01,10,204.5781,211.4,206.4,-0.8827,2.4225,-3.3052,False
B11-M-073,HCPI,EM14,2025-04-01,2026-02-01,11,204.2141,209.4,206.2,-0.9631,1.5519,-2.515,False
B11-M-073,HCPI,EM14,2025-04-01,2026-03-01,12,204.2651,210.9,206.0,-0.8422,2.3786,-3.2208,False
B11-M-074,HCPI,EM14,2025-05-01,2025-05-01,1,205.3876,207.5,206.3,-0.4423,0.5817,-1.0239,False
B11-M-074,HCPI,EM14,2025-05-01,2025-06-01,2,205.6541,208.7,208.1,-1.1754,0.2883,-1.4637,False
B11-M-074,HCPI,EM14,2025-05-01,2025-07-01,3,205.7555,208.3,206.9,-0.5532,0.6767,-1.2298,False
B11-M-074,HCPI,EM14,2025-05-01,2025-08-01,4,205.4871,207.2,204.1,0.6796,1.5189,-0.8392,False
B11-M-074,HCPI,EM14,2025-05-01,2025-09-01,5,205.9609,207.4,203.1,1.4086,2.1172,-0.7086,False
B11-M-074,HCPI,EM14,2025-05-01,2025-10-01,6,206.1842,207.5,202.1,2.0209,2.6719,-0.6511,False
B11-M-074,HCPI,EM14,2025-05-01,2025-11-01,7,207.001,207.2,202.4,2.2732,2.3715,-0.0983,True
B11-M-074,HCPI,EM14,2025-05-01,2025-12-01,8,207.6092,210.5,204.6,1.4708,2.8837,-1.4129,False
B11-M-074,HCPI,EM14,2025-05-01,2026-01-01,9,208.2256,211.4,206.4,0.8845,2.4225,-1.538,False
B11-M-074,HCPI,EM14,2025-05-01,2026-02-01,10,208.8438,209.4,206.2,1.2821,1.5519,-0.2698,True
B11-M-074,HCPI,EM14,2025-05-01,2026-03-01,11,208.805,210.9,206.0,1.3616,2.3786,-1.017,False
B11-M-074,HCPI,EM14,2025-05-01,2026-04-01,12,208.939,216.3,206.5,1.1811,4.7458,-3.5647,False
B11-M-075,HCPI,EM14,2025-06-01,2025-06-01,1,208.2685,208.7,208.1,0.081,0.2883,-0.2073,True
B11-M-075,HCPI,EM14,2025-06-01,2025-07-01,2,208.4297,208.3,206.9,0.7394,0.6767,0.0627,True
B11-M-075,HCPI,EM14,2025-06-01,2025-08-01,3,208.3822,207.2,204.1,2.0981,1.5189,0.5792,False
B11-M-075,HCPI,EM14,2025-06-01,2025-09-01,4,208.0766,207.4,203.1,2.4503,2.1172,0.3332,True
B11-M-075,HCPI,EM14,2025-06-01,2025-10-01,5,208.2956,207.5,202.1,3.0656,2.6719,0.3936,True
B11-M-075,HCPI,EM14,2025-06-01,2025-11-01,6,208.5672,207.2,202.4,3.047,2.3715,0.6755,False
B11-M-075,HCPI,EM14,2025-06-01,2025-12-01,7,209.4013,210.5,204.6,2.3467,2.8837,-0.537,False
B11-M-075,HCPI,EM14,2025-06-01,2026-01-01,8,209.898,211.4,206.4,1.6947,2.4225,-0.7277,False
B11-M-075,HCPI,EM14,2025-06-01,2026-02-01,9,210.2315,209.4,206.2,1.9551,1.5519,0.4032,True
B11-M-075,HCPI,EM14,2025-06-01,2026-03-01,10,210.4527,210.9,206.0,2.1615,2.3786,-0.2171,True
B11-M-075,HCPI,EM14,2025-06-01,2026-04-01,11,210.5627,216.3,206.5,1.9674,4.7458,-2.7783,False
B11-M-075,HCPI,EM14,2025-06-01,2026-05-01,12,210.7742,218.8,207.5,1.5779,5.4458,-3.8678,False
B11-M-076,HCPI,EM14,2025-07-01,2025-07-01,1,205.3199,208.3,206.9,-0.7637,0.6767,-1.4404,False
B11-M-076,HCPI,EM14,2025-07-01,2025-08-01,2,205.1014,207.2,204.1,0.4906,1.5189,-1.0282,False
B11-M-076,HCPI,EM14,2025-07-01,2025-09-01,3,204.949,207.4,203.1,0.9104,2.1172,-1.2068,False
B11-M-076,HCPI,EM14,2025-07-01,2025-10-01,4,204.8814,207.5,202.1,1.3763,2.6719,-1.2957,False
B11-M-076,HCPI,EM14,2025-07-01,2025-11-01,5,205.3988,207.2,202.4,1.4816,2.3715,-0.8899,False
B11-M-076,HCPI,EM14,2025-07-01,2025-12-01,6,206.404,210.5,204.6,0.8817,2.8837,-2.002,False
B11-M-076,HCPI,EM14,2025-07-01,2026-01-01,7,207.4147,211.4,206.4,0.4916,2.4225,-1.9309,False
B11-M-076,HCPI,EM14,2025-07-01,2026-02-01,8,207.5557,209.4,206.2,0.6575,1.5519,-0.8944,False
B11-M-076,HCPI,EM14,2025-07-01,2026-03-01,9,206.9075,210.9,206.0,0.4405,2.3786,-1.9381,False
B11-M-076,HCPI,EM14,2025-07-01,2026-04-01,10,206.4439,216.3,206.5,-0.0272,4.7458,-4.7729,False
B11-M-076,HCPI,EM14,2025-07-01,2026-05-01,11,207.2711,218.8,207.5,-0.1103,5.4458,-5.5561,False
B11-M-076,HCPI,EM14,2025-07-01,2026-06-01,12,208.4946,222.3,208.7,-0.0984,6.5165,-6.615,False
B11-M-077,HCPI,EM14,2025-08-01,2025-08-01,1,214.6114,207.2,204.1,5.1501,1.5189,3.6312,False
B11-M-077,HCPI,EM14,2025-08-01,2025-09-01,2,214.8346,207.4,203.1,5.7778,2.1172,3.6606,False
B11-M-077,HCPI,EM14,2025-08-01,2025-10-01,3,215.7314,207.5,202.1,6.7449,2.6719,4.0729,False
B11-M-077,HCPI,EM14,2025-08-01,2025-11-01,4,216.6656,207.2,202.4,7.0482,2.3715,4.6767,False
B11-M-077,HCPI,EM14,2025-08-01,2025-12-01,5,217.8858,210.5,204.6,6.4936,2.8837,3.6099,False
B11-M-077,HCPI,EM14,2025-08-01,2026-01-01,6,219.9013,211.4,206.4,6.5413,2.4225,4.1189,False
B11-M-077,HCPI,EM14,2025-08-01,2026-02-01,7,219.9921,209.4,206.2,6.6887,1.5519,5.1368,False
B11-M-077,HCPI,EM14,2025-08-01,2026-03-01,8,220.328,210.9,206.0,6.9554,2.3786,4.5767,False
B11-M-077,HCPI,EM14,2025-08-01,2026-04-01,9,220.9131,216.3,206.5,6.9797,4.7458,2.2339,False
B11-M-077,HCPI,EM14,2025-08-01,2026-05-01,10,220.8825,218.8,207.5,6.4494,5.4458,1.0036,False
B11-M-077,HCPI,EM14,2025-08-01,2026-06-01,11,222.1827,222.3,208.7,6.4603,6.5165,-0.0562,True
B11-M-077,HCPI,EM14,2025-08-01,2026-07-01,12,222.8059,223.4,208.3,6.964,7.2492,-0.2852,True
B11-M-078,HCPI,EM14,2025-09-01,2025-09-01,1,213.5436,207.4,203.1,5.1421,2.1172,3.0249,False
B11-M-078,HCPI,EM14,2025-09-01,2025-10-01,2,213.8021,207.5,202.1,5.7903,2.6719,3.1183,False
B11-M-078,HCPI,EM14,2025-09-01,2025-11-01,3,215.8658,207.2,202.4,6.6531,2.3715,4.2815,False
B11-M-078,HCPI,EM14,2025-09-01,2025-12-01,4,218.0216,210.5,204.6,6.5599,2.8837,3.6762,False
B11-M-078,HCPI,EM14,2025-09-01,2026-01-01,5,220.1188,211.4,206.4,6.6467,2.4225,4.2242,False
B11-M-078,HCPI,EM14,2025-09-01,2026-02-01,6,220.7028,209.4,206.2,7.0334,1.5519,5.4815,False
B11-M-078,HCPI,EM14,2025-09-01,2026-03-01,7,221.1414,210.9,206.0,7.3502,2.3786,4.9716,False
B11-M-078,HCPI,EM14,2025-09-01,2026-04-01,8,222.4738,216.3,206.5,7.7355,4.7458,2.9898,False
B11-M-078,HCPI,EM14,2025-09-01,2026-05-01,9,223.6894,218.8,207.5,7.8021,5.4458,2.3563,False
B11-M-078,HCPI,EM14,2025-09-01,2026-06-01,10,224.6805,222.3,208.7,7.6572,6.5165,1.1407,False
B11-M-078,HCPI,EM14,2025-09-01,2026-07-01,11,225.4621,223.4,208.3,8.2391,7.2492,0.9899,False
B11-M-078,HCPI,EM14,2025-09-01,2026-08-01,12,225.4508,223.9,207.2,8.8083,8.0598,0.7485,False
B11-M-079,HCPI,EM15,2025-04-01,2025-04-01,1,208.2,206.5,208.2,0.0,-0.8165,0.8165,False
B11-M-079,HCPI,EM15,2025-04-01,2025-05-01,2,206.3,207.5,206.3,0.0,0.5817,-0.5817,False
B11-M-079,HCPI,EM15,2025-04-01,2025-06-01,3,208.1,208.7,208.1,0.0,0.2883,-0.2883,True
B11-M-079,HCPI,EM15,2025-04-01,2025-07-01,4,206.9,208.3,206.9,0.0,0.6767,-0.6767,False
B11-M-079,HCPI,EM15,2025-04-01,2025-08-01,5,204.1,207.2,204.1,0.0,1.5189,-1.5189,False
B11-M-079,HCPI,EM15,2025-04-01,2025-09-01,6,203.1,207.4,203.1,0.0,2.1172,-2.1172,False
B11-M-079,HCPI,EM15,2025-04-01,2025-10-01,7,202.1,207.5,202.1,0.0,2.6719,-2.6719,False
B11-M-079,HCPI,EM15,2025-04-01,2025-11-01,8,202.4,207.2,202.4,0.0,2.3715,-2.3715,False
B11-M-079,HCPI,EM15,2025-04-01,2025-12-01,9,204.6,210.5,204.6,0.0,2.8837,-2.8837,False
B11-M-079,HCPI,EM15,2025-04-01,2026-01-01,10,206.4,211.4,206.4,0.0,2.4225,-2.4225,False
B11-M-079,HCPI,EM15,2025-04-01,2026-02-01,11,206.2,209.4,206.2,0.0,1.5519,-1.5519,False
B11-M-079,HCPI,EM15,2025-04-01,2026-03-01,12,206.0,210.9,206.0,0.0,2.3786,-2.3786,False
B11-M-080,HCPI,EM15,2025-05-01,2025-05-01,1,206.3,207.5,206.3,0.0,0.5817,-0.5817,False
B11-M-080,HCPI,EM15,2025-05-01,2025-06-01,2,208.1,208.7,208.1,0.0,0.2883,-0.2883,True
B11-M-080,HCPI,EM15,2025-05-01,2025-07-01,3,206.9,208.3,206.9,0.0,0.6767,-0.6767,False
B11-M-080,HCPI,EM15,2025-05-01,2025-08-01,4,204.1,207.2,204.1,0.0,1.5189,-1.5189,False
B11-M-080,HCPI,EM15,2025-05-01,2025-09-01,5,203.1,207.4,203.1,0.0,2.1172,-2.1172,False
B11-M-080,HCPI,EM15,2025-05-01,2025-10-01,6,202.1,207.5,202.1,0.0,2.6719,-2.6719,False
B11-M-080,HCPI,EM15,2025-05-01,2025-11-01,7,202.4,207.2,202.4,0.0,2.3715,-2.3715,False
B11-M-080,HCPI,EM15,2025-05-01,2025-12-01,8,204.6,210.5,204.6,0.0,2.8837,-2.8837,False
B11-M-080,HCPI,EM15,2025-05-01,2026-01-01,9,206.4,211.4,206.4,0.0,2.4225,-2.4225,False
B11-M-080,HCPI,EM15,2025-05-01,2026-02-01,10,206.2,209.4,206.2,0.0,1.5519,-1.5519,False
B11-M-080,HCPI,EM15,2025-05-01,2026-03-01,11,206.0,210.9,206.0,0.0,2.3786,-2.3786,False
B11-M-080,HCPI,EM15,2025-05-01,2026-04-01,12,206.5,216.3,206.5,0.0,4.7458,-4.7458,False
B11-M-081,HCPI,EM15,2025-06-01,2025-06-01,1,208.1,208.7,208.1,0.0,0.2883,-0.2883,True
B11-M-081,HCPI,EM15,2025-06-01,2025-07-01,2,206.9,208.3,206.9,0.0,0.6767,-0.6767,False
B11-M-081,HCPI,EM15,2025-06-01,2025-08-01,3,204.1,207.2,204.1,0.0,1.5189,-1.5189,False
B11-M-081,HCPI,EM15,2025-06-01,2025-09-01,4,203.1,207.4,203.1,0.0,2.1172,-2.1172,False
B11-M-081,HCPI,EM15,2025-06-01,2025-10-01,5,202.1,207.5,202.1,0.0,2.6719,-2.6719,False
B11-M-081,HCPI,EM15,2025-06-01,2025-11-01,6,202.4,207.2,202.4,0.0,2.3715,-2.3715,False
B11-M-081,HCPI,EM15,2025-06-01,2025-12-01,7,204.6,210.5,204.6,0.0,2.8837,-2.8837,False
B11-M-081,HCPI,EM15,2025-06-01,2026-01-01,8,206.4,211.4,206.4,0.0,2.4225,-2.4225,False
B11-M-081,HCPI,EM15,2025-06-01,2026-02-01,9,206.2,209.4,206.2,0.0,1.5519,-1.5519,False
B11-M-081,HCPI,EM15,2025-06-01,2026-03-01,10,206.0,210.9,206.0,0.0,2.3786,-2.3786,False
B11-M-081,HCPI,EM15,2025-06-01,2026-04-01,11,206.5,216.3,206.5,0.0,4.7458,-4.7458,False
B11-M-081,HCPI,EM15,2025-06-01,2026-05-01,12,207.5,218.8,207.5,0.0,5.4458,-5.4458,False
B11-M-082,HCPI,EM15,2025-07-01,2025-07-01,1,206.9,208.3,206.9,0.0,0.6767,-0.6767,False
B11-M-082,HCPI,EM15,2025-07-01,2025-08-01,2,204.1,207.2,204.1,0.0,1.5189,-1.5189,False
B11-M-082,HCPI,EM15,2025-07-01,2025-09-01,3,203.1,207.4,203.1,0.0,2.1172,-2.1172,False
B11-M-082,HCPI,EM15,2025-07-01,2025-10-01,4,202.1,207.5,202.1,0.0,2.6719,-2.6719,False
B11-M-082,HCPI,EM15,2025-07-01,2025-11-01,5,202.4,207.2,202.4,0.0,2.3715,-2.3715,False
B11-M-082,HCPI,EM15,2025-07-01,2025-12-01,6,204.6,210.5,204.6,0.0,2.8837,-2.8837,False
B11-M-082,HCPI,EM15,2025-07-01,2026-01-01,7,206.4,211.4,206.4,0.0,2.4225,-2.4225,False
B11-M-082,HCPI,EM15,2025-07-01,2026-02-01,8,206.2,209.4,206.2,0.0,1.5519,-1.5519,False
B11-M-082,HCPI,EM15,2025-07-01,2026-03-01,9,206.0,210.9,206.0,0.0,2.3786,-2.3786,False
B11-M-082,HCPI,EM15,2025-07-01,2026-04-01,10,206.5,216.3,206.5,0.0,4.7458,-4.7458,False
B11-M-082,HCPI,EM15,2025-07-01,2026-05-01,11,207.5,218.8,207.5,0.0,5.4458,-5.4458,False
B11-M-082,HCPI,EM15,2025-07-01,2026-06-01,12,208.7,222.3,208.7,0.0,6.5165,-6.5165,False
B11-M-083,HCPI,EM15,2025-08-01,2025-08-01,1,204.1,207.2,204.1,0.0,1.5189,-1.5189,False
B11-M-083,HCPI,EM15,2025-08-01,2025-09-01,2,203.1,207.4,203.1,0.0,2.1172,-2.1172,False
B11-M-083,HCPI,EM15,2025-08-01,2025-10-01,3,202.1,207.5,202.1,0.0,2.6719,-2.6719,False
B11-M-083,HCPI,EM15,2025-08-01,2025-11-01,4,202.4,207.2,202.4,0.0,2.3715,-2.3715,False
B11-M-083,HCPI,EM15,2025-08-01,2025-12-01,5,204.6,210.5,204.6,0.0,2.8837,-2.8837,False
B11-M-083,HCPI,EM15,2025-08-01,2026-01-01,6,206.4,211.4,206.4,0.0,2.4225,-2.4225,False
B11-M-083,HCPI,EM15,2025-08-01,2026-02-01,7,206.2,209.4,206.2,0.0,1.5519,-1.5519,False
B11-M-083,HCPI,EM15,2025-08-01,2026-03-01,8,206.0,210.9,206.0,0.0,2.3786,-2.3786,False
B11-M-083,HCPI,EM15,2025-08-01,2026-04-01,9,206.5,216.3,206.5,0.0,4.7458,-4.7458,False
B11-M-083,HCPI,EM15,2025-08-01,2026-05-01,10,207.5,218.8,207.5,0.0,5.4458,-5.4458,False
B11-M-083,HCPI,EM15,2025-08-01,2026-06-01,11,208.7,222.3,208.7,0.0,6.5165,-6.5165,False
B11-M-083,HCPI,EM15,2025-08-01,2026-07-01,12,208.3,223.4,208.3,0.0,7.2492,-7.2492,False
B11-M-084,HCPI,EM15,2025-09-01,2025-09-01,1,203.1,207.4,203.1,0.0,2.1172,-2.1172,False
B11-M-084,HCPI,EM15,2025-09-01,2025-10-01,2,202.1,207.5,202.1,0.0,2.6719,-2.6719,False
B11-M-084,HCPI,EM15,2025-09-01,2025-11-01,3,202.4,207.2,202.4,0.0,2.3715,-2.3715,False
B11-M-084,HCPI,EM15,2025-09-01,2025-12-01,4,204.6,210.5,204.6,0.0,2.8837,-2.8837,False
B11-M-084,HCPI,EM15,2025-09-01,2026-01-01,5,206.4,211.4,206.4,0.0,2.4225,-2.4225,False
B11-M-084,HCPI,EM15,2025-09-01,2026-02-01,6,206.2,209.4,206.2,0.0,1.5519,-1.5519,False
B11-M-084,HCPI,EM15,2025-09-01,2026-03-01,7,206.0,210.9,206.0,0.0,2.3786,-2.3786,False
B11-M-084,HCPI,EM15,2025-09-01,2026-04-01,8,206.5,216.3,206.5,0.0,4.7458,-4.7458,False
B11-M-084,HCPI,EM15,2025-09-01,2026-05-01,9,207.5,218.8,207.5,0.0,5.4458,-5.4458,False
B11-M-084,HCPI,EM15,2025-09-01,2026-06-01,10,208.7,222.3,208.7,0.0,6.5165,-6.5165,False
B11-M-084,HCPI,EM15,2025-09-01,2026-07-01,11,208.3,223.4,208.3,0.0,7.2492,-7.2492,False
B11-M-084,HCPI,EM15,2025-09-01,2026-08-01,12,207.2,223.9,207.2,0.0,8.0598,-8.0598,False
B11-M-085,HCPI,EM16,2025-04-01,2025-04-01,1,208.2,206.5,208.2,0.0,-0.8165,0.8165,False
B11-M-085,HCPI,EM16,2025-04-01,2025-05-01,2,206.3,207.5,206.3,0.0,0.5817,-0.5817,False
B11-M-085,HCPI,EM16,2025-04-01,2025-06-01,3,208.1,208.7,208.1,0.0,0.2883,-0.2883,True
B11-M-085,HCPI,EM16,2025-04-01,2025-07-01,4,206.9,208.3,206.9,0.0,0.6767,-0.6767,False
B11-M-085,HCPI,EM16,2025-04-01,2025-08-01,5,204.1,207.2,204.1,0.0,1.5189,-1.5189,False
B11-M-085,HCPI,EM16,2025-04-01,2025-09-01,6,203.1,207.4,203.1,0.0,2.1172,-2.1172,False
B11-M-085,HCPI,EM16,2025-04-01,2025-10-01,7,202.1,207.5,202.1,0.0,2.6719,-2.6719,False
B11-M-085,HCPI,EM16,2025-04-01,2025-11-01,8,202.4,207.2,202.4,0.0,2.3715,-2.3715,False
B11-M-085,HCPI,EM16,2025-04-01,2025-12-01,9,204.6,210.5,204.6,0.0,2.8837,-2.8837,False
B11-M-085,HCPI,EM16,2025-04-01,2026-01-01,10,206.4,211.4,206.4,0.0,2.4225,-2.4225,False
B11-M-085,HCPI,EM16,2025-04-01,2026-02-01,11,206.2,209.4,206.2,0.0,1.5519,-1.5519,False
B11-M-085,HCPI,EM16,2025-04-01,2026-03-01,12,206.0,210.9,206.0,0.0,2.3786,-2.3786,False
B11-M-086,HCPI,EM16,2025-05-01,2025-05-01,1,206.3,207.5,206.3,0.0,0.5817,-0.5817,False
B11-M-086,HCPI,EM16,2025-05-01,2025-06-01,2,208.1,208.7,208.1,0.0,0.2883,-0.2883,True
B11-M-086,HCPI,EM16,2025-05-01,2025-07-01,3,206.9,208.3,206.9,0.0,0.6767,-0.6767,False
B11-M-086,HCPI,EM16,2025-05-01,2025-08-01,4,204.1,207.2,204.1,0.0,1.5189,-1.5189,False
B11-M-086,HCPI,EM16,2025-05-01,2025-09-01,5,203.1,207.4,203.1,0.0,2.1172,-2.1172,False
B11-M-086,HCPI,EM16,2025-05-01,2025-10-01,6,202.1,207.5,202.1,0.0,2.6719,-2.6719,False
B11-M-086,HCPI,EM16,2025-05-01,2025-11-01,7,202.4,207.2,202.4,0.0,2.3715,-2.3715,False
B11-M-086,HCPI,EM16,2025-05-01,2025-12-01,8,204.6,210.5,204.6,0.0,2.8837,-2.8837,False
B11-M-086,HCPI,EM16,2025-05-01,2026-01-01,9,206.4,211.4,206.4,0.0,2.4225,-2.4225,False
B11-M-086,HCPI,EM16,2025-05-01,2026-02-01,10,206.2,209.4,206.2,0.0,1.5519,-1.5519,False
B11-M-086,HCPI,EM16,2025-05-01,2026-03-01,11,206.0,210.9,206.0,0.0,2.3786,-2.3786,False
B11-M-086,HCPI,EM16,2025-05-01,2026-04-01,12,206.5,216.3,206.5,0.0,4.7458,-4.7458,False
B11-M-087,HCPI,EM16,2025-06-01,2025-06-01,1,207.3923,208.7,208.1,-0.3401,0.2883,-0.6284,False
B11-M-087,HCPI,EM16,2025-06-01,2025-07-01,2,206.8611,208.3,206.9,-0.0188,0.6767,-0.6955,False
B11-M-087,HCPI,EM16,2025-06-01,2025-08-01,3,207.2598,207.2,204.1,1.5482,1.5189,0.0293,True
B11-M-087,HCPI,EM16,2025-06-01,2025-09-01,4,206.4316,207.4,203.1,1.6404,2.1172,-0.4768,True
B11-M-087,HCPI,EM16,2025-06-01,2025-10-01,5,206.8914,207.5,202.1,2.3708,2.6719,-0.3012,True
B11-M-087,HCPI,EM16,2025-06-01,2025-11-01,6,206.8374,207.2,202.4,2.1924,2.3715,-0.1791,True
B11-M-087,HCPI,EM16,2025-06-01,2025-12-01,7,207.1971,210.5,204.6,1.2694,2.8837,-1.6143,False
B11-M-087,HCPI,EM16,2025-06-01,2026-01-01,8,207.3183,211.4,206.4,0.4449,2.4225,-1.9776,False
B11-M-087,HCPI,EM16,2025-06-01,2026-02-01,9,207.7637,209.4,206.2,0.7584,1.5519,-0.7935,False
B11-M-087,HCPI,EM16,2025-06-01,2026-03-01,10,206.902,210.9,206.0,0.4379,2.3786,-1.9408,False
B11-M-087,HCPI,EM16,2025-06-01,2026-04-01,11,206.8054,216.3,206.5,0.1479,4.7458,-4.5979,False
B11-M-087,HCPI,EM16,2025-06-01,2026-05-01,12,207.075,218.8,207.5,-0.2048,5.4458,-5.6506,False
B11-M-088,HCPI,EM16,2025-07-01,2025-07-01,1,205.2537,208.3,206.9,-0.7957,0.6767,-1.4723,False
B11-M-088,HCPI,EM16,2025-07-01,2025-08-01,2,205.2348,207.2,204.1,0.556,1.5189,-0.9628,False
B11-M-088,HCPI,EM16,2025-07-01,2025-09-01,3,205.438,207.4,203.1,1.1511,2.1172,-0.966,False
B11-M-088,HCPI,EM16,2025-07-01,2025-10-01,4,205.2544,207.5,202.1,1.5608,2.6719,-1.1111,False
B11-M-088,HCPI,EM16,2025-07-01,2025-11-01,5,205.2396,207.2,202.4,1.403,2.3715,-0.9686,False
B11-M-088,HCPI,EM16,2025-07-01,2025-12-01,6,205.3259,210.5,204.6,0.3548,2.8837,-2.5289,False
B11-M-088,HCPI,EM16,2025-07-01,2026-01-01,7,205.4461,211.4,206.4,-0.4622,2.4225,-2.8847,False
B11-M-088,HCPI,EM16,2025-07-01,2026-02-01,8,205.7644,209.4,206.2,-0.2113,1.5519,-1.7632,False
B11-M-088,HCPI,EM16,2025-07-01,2026-03-01,9,206.2317,210.9,206.0,0.1125,2.3786,-2.2662,False
B11-M-088,HCPI,EM16,2025-07-01,2026-04-01,10,205.6206,216.3,206.5,-0.4258,4.7458,-5.1716,False
B11-M-088,HCPI,EM16,2025-07-01,2026-05-01,11,206.2569,218.8,207.5,-0.5991,5.4458,-6.0449,False
B11-M-088,HCPI,EM16,2025-07-01,2026-06-01,12,205.918,222.3,208.7,-1.333,6.5165,-7.8495,False
B11-M-089,HCPI,EM16,2025-08-01,2025-08-01,1,204.1,207.2,204.1,0.0,1.5189,-1.5189,False
B11-M-089,HCPI,EM16,2025-08-01,2025-09-01,2,203.1,207.4,203.1,0.0,2.1172,-2.1172,False
B11-M-089,HCPI,EM16,2025-08-01,2025-10-01,3,202.1,207.5,202.1,0.0,2.6719,-2.6719,False
B11-M-089,HCPI,EM16,2025-08-01,2025-11-01,4,202.4,207.2,202.4,0.0,2.3715,-2.3715,False
B11-M-089,HCPI,EM16,2025-08-01,2025-12-01,5,204.6,210.5,204.6,0.0,2.8837,-2.8837,False
B11-M-089,HCPI,EM16,2025-08-01,2026-01-01,6,206.4,211.4,206.4,0.0,2.4225,-2.4225,False
B11-M-089,HCPI,EM16,2025-08-01,2026-02-01,7,206.2,209.4,206.2,0.0,1.5519,-1.5519,False
B11-M-089,HCPI,EM16,2025-08-01,2026-03-01,8,206.0,210.9,206.0,0.0,2.3786,-2.3786,False
B11-M-089,HCPI,EM16,2025-08-01,2026-04-01,9,206.5,216.3,206.5,0.0,4.7458,-4.7458,False
B11-M-089,HCPI,EM16,2025-08-01,2026-05-01,10,207.5,218.8,207.5,0.0,5.4458,-5.4458,False
B11-M-089,HCPI,EM16,2025-08-01,2026-06-01,11,208.7,222.3,208.7,0.0,6.5165,-6.5165,False
B11-M-089,HCPI,EM16,2025-08-01,2026-07-01,12,208.3,223.4,208.3,0.0,7.2492,-7.2492,False
B11-M-090,HCPI,EM16,2025-09-01,2025-09-01,1,206.5397,207.4,203.1,1.6936,2.1172,-0.4236,True
B11-M-090,HCPI,EM16,2025-09-01,2025-10-01,2,206.4508,207.5,202.1,2.1528,2.6719,-0.5191,False
B11-M-090,HCPI,EM16,2025-09-01,2025-11-01,3,206.7994,207.2,202.4,2.1736,2.3715,-0.1979,True
B11-M-090,HCPI,EM16,2025-09-01,2025-12-01,4,207.4298,210.5,204.6,1.3831,2.8837,-1.5006,False
B11-M-090,HCPI,EM16,2025-09-01,2026-01-01,5,208.2262,211.4,206.4,0.8848,2.4225,-1.5377,False
B11-M-090,HCPI,EM16,2025-09-01,2026-02-01,6,209.1148,209.4,206.2,1.4136,1.5519,-0.1383,True
B11-M-090,HCPI,EM16,2025-09-01,2026-03-01,7,210.0525,210.9,206.0,1.9673,2.3786,-0.4114,True
B11-M-090,HCPI,EM16,2025-09-01,2026-04-01,8,211.0156,216.3,206.5,2.1867,4.7458,-2.5591,False
B11-M-090,HCPI,EM16,2025-09-01,2026-05-01,9,211.9912,218.8,207.5,2.1645,5.4458,-3.2813,False
B11-M-090,HCPI,EM16,2025-09-01,2026-06-01,10,212.9731,222.3,208.7,2.0475,6.5165,-4.469,False
B11-M-090,HCPI,EM16,2025-09-01,2026-07-01,11,213.9579,223.4,208.3,2.7162,7.2492,-4.5329,False
B11-M-090,HCPI,EM16,2025-09-01,2026-08-01,12,214.9441,223.9,207.2,3.7375,8.0598,-4.3223,False
B11-M-091,HCPI,EM17,2025-04-01,2025-04-01,1,256.0325,206.5,208.2,22.9743,-0.8165,23.7908,False
B11-M-091,HCPI,EM17,2025-04-01,2025-05-01,2,256.9616,207.5,206.3,24.5572,0.5817,23.9756,False
B11-M-091,HCPI,EM17,2025-04-01,2025-06-01,3,257.6236,208.7,208.1,23.798,0.2883,23.5096,False
B11-M-091,HCPI,EM17,2025-04-01,2025-07-01,4,257.5819,208.3,206.9,24.4958,0.6767,23.8192,False
B11-M-091,HCPI,EM17,2025-04-01,2025-08-01,5,257.3315,207.2,204.1,26.0811,1.5189,24.5622,False
B11-M-091,HCPI,EM17,2025-04-01,2025-09-01,6,257.2223,207.4,203.1,26.6481,2.1172,24.5309,False
B11-M-091,HCPI,EM17,2025-04-01,2025-10-01,7,257.1108,207.5,202.1,27.2196,2.6719,24.5477,False
B11-M-091,HCPI,EM17,2025-04-01,2025-11-01,8,257.1363,207.2,202.4,27.0436,2.3715,24.6721,False
B11-M-091,HCPI,EM17,2025-04-01,2025-12-01,9,257.1088,210.5,204.6,25.6641,2.8837,22.7805,False
B11-M-091,HCPI,EM17,2025-04-01,2026-01-01,10,261.6784,211.4,206.4,26.7822,2.4225,24.3597,False
B11-M-091,HCPI,EM17,2025-04-01,2026-02-01,11,261.5835,209.4,206.2,26.8591,1.5519,25.3072,False
B11-M-091,HCPI,EM17,2025-04-01,2026-03-01,12,261.3571,210.9,206.0,26.8724,2.3786,24.4937,False
B11-M-092,HCPI,EM17,2025-05-01,2025-05-01,1,206.7218,207.5,206.3,0.2045,0.5817,-0.3772,True
B11-M-092,HCPI,EM17,2025-05-01,2025-06-01,2,207.1183,208.7,208.1,-0.4718,0.2883,-0.7601,False
B11-M-092,HCPI,EM17,2025-05-01,2025-07-01,3,207.2972,208.3,206.9,0.192,0.6767,-0.4847,True
B11-M-092,HCPI,EM17,2025-05-01,2025-08-01,4,207.1613,207.2,204.1,1.4999,1.5189,-0.019,True
B11-M-092,HCPI,EM17,2025-05-01,2025-09-01,5,207.7061,207.4,203.1,2.2679,2.1172,0.1507,True
B11-M-092,HCPI,EM17,2025-05-01,2025-10-01,6,208.019,207.5,202.1,2.9288,2.6719,0.2568,True
B11-M-092,HCPI,EM17,2025-05-01,2025-11-01,7,208.9081,207.2,202.4,3.2155,2.3715,0.8439,False
B11-M-092,HCPI,EM17,2025-05-01,2025-12-01,8,209.5523,210.5,204.6,2.4205,2.8837,-0.4632,True
B11-M-092,HCPI,EM17,2025-05-01,2026-01-01,9,210.3843,211.4,206.4,1.9304,2.4225,-0.4921,True
B11-M-092,HCPI,EM17,2025-05-01,2026-02-01,10,211.2551,209.4,206.2,2.4515,1.5519,0.8996,False
B11-M-092,HCPI,EM17,2025-05-01,2026-03-01,11,211.2235,210.9,206.0,2.5357,2.3786,0.157,True
B11-M-092,HCPI,EM17,2025-05-01,2026-04-01,12,211.3991,216.3,206.5,2.3724,4.7458,-2.3733,False
B11-M-093,HCPI,EM17,2025-06-01,2025-06-01,1,212.3292,208.7,208.1,2.0323,0.2883,1.744,False
B11-M-093,HCPI,EM17,2025-06-01,2025-07-01,2,211.9783,208.3,206.9,2.4545,0.6767,1.7778,False
B11-M-093,HCPI,EM17,2025-06-01,2025-08-01,3,212.4775,207.2,204.1,4.1046,1.5189,2.5858,False
B11-M-093,HCPI,EM17,2025-06-01,2025-09-01,4,211.4218,207.4,203.1,4.0974,2.1172,1.9802,False
B11-M-093,HCPI,EM17,2025-06-01,2025-10-01,5,212.4321,207.5,202.1,5.1124,2.6719,2.4404,False
B11-M-093,HCPI,EM17,2025-06-01,2025-11-01,6,212.5796,207.2,202.4,5.0294,2.3715,2.6579,False
B11-M-093,HCPI,EM17,2025-06-01,2025-12-01,7,213.4331,210.5,204.6,4.3172,2.8837,1.4336,False
B11-M-093,HCPI,EM17,2025-06-01,2026-01-01,8,213.4597,211.4,206.4,3.4204,2.4225,0.9979,False
B11-M-093,HCPI,EM17,2025-06-01,2026-02-01,9,214.0306,209.4,206.2,3.7976,1.5519,2.2457,False
B11-M-093,HCPI,EM17,2025-06-01,2026-03-01,10,213.9042,210.9,206.0,3.837,2.3786,1.4583,False
B11-M-093,HCPI,EM17,2025-06-01,2026-04-01,11,213.3094,216.3,206.5,3.2975,4.7458,-1.4482,False
B11-M-093,HCPI,EM17,2025-06-01,2026-05-01,12,214.0933,218.8,207.5,3.1775,5.4458,-2.2683,False
B11-M-094,HCPI,EM17,2025-07-01,2025-07-01,1,209.0664,208.3,206.9,1.0471,0.6767,0.3704,True
B11-M-094,HCPI,EM17,2025-07-01,2025-08-01,2,208.7687,207.2,204.1,2.2875,1.5189,0.7686,False
B11-M-094,HCPI,EM17,2025-07-01,2025-09-01,3,209.6344,207.4,203.1,3.2173,2.1172,1.1002,False
B11-M-094,HCPI,EM17,2025-07-01,2025-10-01,4,209.0717,207.5,202.1,3.4496,2.6719,0.7777,False
B11-M-094,HCPI,EM17,2025-07-01,2025-11-01,5,209.1429,207.2,202.4,3.3315,2.3715,0.9599,False
B11-M-094,HCPI,EM17,2025-07-01,2025-12-01,6,209.2483,210.5,204.6,2.2719,2.8837,-0.6118,False
B11-M-094,HCPI,EM17,2025-07-01,2026-01-01,7,209.5626,211.4,206.4,1.5323,2.4225,-0.8902,False
B11-M-094,HCPI,EM17,2025-07-01,2026-02-01,8,208.9515,209.4,206.2,1.3344,1.5519,-0.2175,True
B11-M-094,HCPI,EM17,2025-07-01,2026-03-01,9,210.0898,210.9,206.0,1.9853,2.3786,-0.3933,True
B11-M-094,HCPI,EM17,2025-07-01,2026-04-01,10,209.5558,216.3,206.5,1.4798,4.7458,-3.2659,False
B11-M-094,HCPI,EM17,2025-07-01,2026-05-01,11,209.857,218.8,207.5,1.1359,5.4458,-4.3099,False
B11-M-094,HCPI,EM17,2025-07-01,2026-06-01,12,209.5002,222.3,208.7,0.3834,6.5165,-6.1331,False
B11-M-095,HCPI,EM17,2025-08-01,2025-08-01,1,206.3036,207.2,204.1,1.0797,1.5189,-0.4392,True
B11-M-095,HCPI,EM17,2025-08-01,2025-09-01,2,206.3103,207.4,203.1,1.5807,2.1172,-0.5365,False
B11-M-095,HCPI,EM17,2025-08-01,2025-10-01,3,206.196,207.5,202.1,2.0267,2.6719,-0.6452,False
B11-M-095,HCPI,EM17,2025-08-01,2025-11-01,4,207.1786,207.2,202.4,2.3609,2.3715,-0.0106,True
B11-M-095,HCPI,EM17,2025-08-01,2025-12-01,5,208.1874,210.5,204.6,1.7534,2.8837,-1.1303,False
B11-M-095,HCPI,EM17,2025-08-01,2026-01-01,6,208.3152,211.4,206.4,0.9279,2.4225,-1.4946,False
B11-M-095,HCPI,EM17,2025-08-01,2026-02-01,7,207.6211,209.4,206.2,0.6892,1.5519,-0.8627,False
B11-M-095,HCPI,EM17,2025-08-01,2026-03-01,8,207.2221,210.9,206.0,0.5933,2.3786,-1.7854,False
B11-M-095,HCPI,EM17,2025-08-01,2026-04-01,9,208.1868,216.3,206.5,0.8168,4.7458,-3.9289,False
B11-M-095,HCPI,EM17,2025-08-01,2026-05-01,10,208.9409,218.8,207.5,0.6944,5.4458,-4.7514,False
B11-M-095,HCPI,EM17,2025-08-01,2026-06-01,11,210.4566,222.3,208.7,0.8417,6.5165,-5.6749,False
B11-M-095,HCPI,EM17,2025-08-01,2026-07-01,12,210.6099,223.4,208.3,1.1089,7.2492,-6.1402,False
B11-M-096,HCPI,EM17,2025-09-01,2025-09-01,1,210.8347,207.4,203.1,3.8083,2.1172,1.6911,False
B11-M-096,HCPI,EM17,2025-09-01,2025-10-01,2,209.9093,207.5,202.1,3.8641,2.6719,1.1921,False
B11-M-096,HCPI,EM17,2025-09-01,2025-11-01,3,210.0836,207.2,202.4,3.7962,2.3715,1.4247,False
B11-M-096,HCPI,EM17,2025-09-01,2025-12-01,4,210.3988,210.5,204.6,2.8342,2.8837,-0.0495,True
B11-M-096,HCPI,EM17,2025-09-01,2026-01-01,5,211.4229,211.4,206.4,2.4336,2.4225,0.0111,True
B11-M-096,HCPI,EM17,2025-09-01,2026-02-01,6,211.8321,209.4,206.2,2.7314,1.5519,1.1795,False
B11-M-096,HCPI,EM17,2025-09-01,2026-03-01,7,209.406,210.9,206.0,1.6534,2.3786,-0.7253,False
B11-M-096,HCPI,EM17,2025-09-01,2026-04-01,8,211.5792,216.3,206.5,2.4597,4.7458,-2.2861,False
B11-M-096,HCPI,EM17,2025-09-01,2026-05-01,9,212.067,218.8,207.5,2.201,5.4458,-3.2448,False
B11-M-096,HCPI,EM17,2025-09-01,2026-06-01,10,212.558,222.3,208.7,1.8486,6.5165,-4.668,False
B11-M-096,HCPI,EM17,2025-09-01,2026-07-01,11,213.0504,223.4,208.3,2.2806,7.2492,-4.9686,False
B11-M-096,HCPI,EM17,2025-09-01,2026-08-01,12,212.9028,223.9,207.2,2.7523,8.0598,-5.3075,False
B11-M-097,HCPI,EM18,2025-04-01,2025-04-01,1,220.4038,206.5,208.2,5.8616,-0.8165,6.6781,False
B11-M-097,HCPI,EM18,2025-04-01,2025-05-01,2,220.71,207.5,206.3,6.985,0.5817,6.4033,False
B11-M-097,HCPI,EM18,2025-04-01,2025-06-01,3,222.51,208.7,208.1,6.9246,0.2883,6.6362,False
B11-M-097,HCPI,EM18,2025-04-01,2025-07-01,4,221.31,208.3,206.9,6.9647,0.6767,6.2881,False
B11-M-097,HCPI,EM18,2025-04-01,2025-08-01,5,218.51,207.2,204.1,7.0603,1.5189,5.5414,False
B11-M-097,HCPI,EM18,2025-04-01,2025-09-01,6,217.51,207.4,203.1,7.095,2.1172,4.9779,False
B11-M-097,HCPI,EM18,2025-04-01,2025-10-01,7,216.51,207.5,202.1,7.1301,2.6719,4.4582,False
B11-M-097,HCPI,EM18,2025-04-01,2025-11-01,8,216.81,207.2,202.4,7.1196,2.3715,4.748,False
B11-M-097,HCPI,EM18,2025-04-01,2025-12-01,9,219.01,210.5,204.6,7.043,2.8837,4.1593,False
B11-M-097,HCPI,EM18,2025-04-01,2026-01-01,10,220.81,211.4,206.4,6.9816,2.4225,4.5591,False
B11-M-097,HCPI,EM18,2025-04-01,2026-02-01,11,220.61,209.4,206.2,6.9884,1.5519,5.4365,False
B11-M-097,HCPI,EM18,2025-04-01,2026-03-01,12,220.41,210.9,206.0,6.9952,2.3786,4.6165,False
B11-M-098,HCPI,EM18,2025-05-01,2025-05-01,1,134.151,207.5,206.3,-34.9728,0.5817,-35.5545,False
B11-M-098,HCPI,EM18,2025-05-01,2025-06-01,2,139.9431,208.7,208.1,-32.752,0.2883,-33.0403,False
B11-M-098,HCPI,EM18,2025-05-01,2025-07-01,3,139.2368,208.3,206.9,-32.7033,0.6767,-33.38,False
B11-M-098,HCPI,EM18,2025-05-01,2025-08-01,4,138.9725,207.2,204.1,-31.9096,1.5189,-33.4285,False
B11-M-098,HCPI,EM18,2025-05-01,2025-09-01,5,141.7757,207.4,203.1,-30.1941,2.1172,-32.3113,False
B11-M-098,HCPI,EM18,2025-05-01,2025-10-01,6,143.2527,207.5,202.1,-29.1179,2.6719,-31.7899,False
B11-M-098,HCPI,EM18,2025-05-01,2025-11-01,7,147.8271,207.2,202.4,-26.9629,2.3715,-29.3344,False
B11-M-098,HCPI,EM18,2025-05-01,2025-12-01,8,150.317,210.5,204.6,-26.5313,2.8837,-29.4149,False
B11-M-098,HCPI,EM18,2025-05-01,2026-01-01,9,144.8619,211.4,206.4,-29.815,2.4225,-32.2374,False
B11-M-098,HCPI,EM18,2025-05-01,2026-02-01,10,133.5401,209.4,206.2,-35.2376,1.5519,-36.7895,False
B11-M-098,HCPI,EM18,2025-05-01,2026-03-01,11,134.1394,210.9,206.0,-34.8838,2.3786,-37.2624,False
B11-M-098,HCPI,EM18,2025-05-01,2026-04-01,12,140.0894,216.3,206.5,-32.1601,4.7458,-36.9059,False
B11-M-099,HCPI,EM18,2025-06-01,2025-06-01,1,138.5866,208.7,208.1,-33.4038,0.2883,-33.6922,False
B11-M-099,HCPI,EM18,2025-06-01,2025-07-01,2,140.4053,208.3,206.9,-32.1386,0.6767,-32.8152,False
B11-M-099,HCPI,EM18,2025-06-01,2025-08-01,3,139.0301,207.2,204.1,-31.8814,1.5189,-33.4002,False
B11-M-099,HCPI,EM18,2025-06-01,2025-09-01,4,139.7119,207.4,203.1,-31.2103,2.1172,-33.3275,False
B11-M-099,HCPI,EM18,2025-06-01,2025-10-01,5,141.9531,207.5,202.1,-29.761,2.6719,-32.4329,False
B11-M-099,HCPI,EM18,2025-06-01,2025-11-01,6,144.6486,207.2,202.4,-28.5333,2.3715,-30.9048,False
B11-M-099,HCPI,EM18,2025-06-01,2025-12-01,7,149.2739,210.5,204.6,-27.0411,2.8837,-29.9248,False
B11-M-099,HCPI,EM18,2025-06-01,2026-01-01,8,152.4128,211.4,206.4,-26.1566,2.4225,-28.5791,False
B11-M-099,HCPI,EM18,2025-06-01,2026-02-01,9,144.8726,209.4,206.2,-29.7417,1.5519,-31.2936,False
B11-M-099,HCPI,EM18,2025-06-01,2026-03-01,10,132.9659,210.9,206.0,-35.4535,2.3786,-37.8321,False
B11-M-099,HCPI,EM18,2025-06-01,2026-04-01,11,135.2125,216.3,206.5,-34.5218,4.7458,-39.2676,False
B11-M-099,HCPI,EM18,2025-06-01,2026-05-01,12,141.6449,218.8,207.5,-31.7374,5.4458,-37.1832,False
B11-M-100,HCPI,EM18,2025-07-01,2025-07-01,1,140.3107,208.3,206.9,-32.1843,0.6767,-32.8609,False
B11-M-100,HCPI,EM18,2025-07-01,2025-08-01,2,140.3753,207.2,204.1,-31.2223,1.5189,-32.7411,False
B11-M-100,HCPI,EM18,2025-07-01,2025-09-01,3,139.608,207.4,203.1,-31.2614,2.1172,-33.3786,False
B11-M-100,HCPI,EM18,2025-07-01,2025-10-01,4,140.175,207.5,202.1,-30.6408,2.6719,-33.3127,False
B11-M-100,HCPI,EM18,2025-07-01,2025-11-01,5,142.9528,207.2,202.4,-29.3711,2.3715,-31.7427,False
B11-M-100,HCPI,EM18,2025-07-01,2025-12-01,6,146.4579,210.5,204.6,-28.4174,2.8837,-31.3011,False
B11-M-100,HCPI,EM18,2025-07-01,2026-01-01,7,150.9906,211.4,206.4,-26.8456,2.4225,-29.2681,False
B11-M-100,HCPI,EM18,2025-07-01,2026-02-01,8,152.5654,209.4,206.2,-26.011,1.5519,-27.5629,False
B11-M-100,HCPI,EM18,2025-07-01,2026-03-01,9,144.4899,210.9,206.0,-29.8593,2.3786,-32.2379,False
B11-M-100,HCPI,EM18,2025-07-01,2026-04-01,10,133.5817,216.3,206.5,-35.3115,4.7458,-40.0573,False
B11-M-100,HCPI,EM18,2025-07-01,2026-05-01,11,137.0934,218.8,207.5,-33.9309,5.4458,-39.3767,False
B11-M-100,HCPI,EM18,2025-07-01,2026-06-01,12,143.9809,222.3,208.7,-31.0106,6.5165,-37.5271,False
B11-M-101,HCPI,EM18,2025-08-01,2025-08-01,1,140.962,207.2,204.1,-30.9348,1.5189,-32.4537,False
B11-M-101,HCPI,EM18,2025-08-01,2025-09-01,2,141.1499,207.4,203.1,-30.5023,2.1172,-32.6194,False
B11-M-101,HCPI,EM18,2025-08-01,2025-10-01,3,139.9981,207.5,202.1,-30.7283,2.6719,-33.4002,False
B11-M-101,HCPI,EM18,2025-08-01,2025-11-01,4,141.4016,207.2,202.4,-30.1375,2.3715,-32.5091,False
B11-M-101,HCPI,EM18,2025-08-01,2025-12-01,5,144.1129,210.5,204.6,-29.5636,2.8837,-32.4473,False
B11-M-101,HCPI,EM18,2025-08-01,2026-01-01,6,148.5201,211.4,206.4,-28.0426,2.4225,-30.4651,False
B11-M-101,HCPI,EM18,2025-08-01,2026-02-01,7,151.1306,209.4,206.2,-26.7068,1.5519,-28.2587,False
B11-M-101,HCPI,EM18,2025-08-01,2026-03-01,8,152.2858,210.9,206.0,-26.0749,2.3786,-28.4535,False
B11-M-101,HCPI,EM18,2025-08-01,2026-04-01,9,145.7668,216.3,206.5,-29.4108,4.7458,-34.1565,False
B11-M-101,HCPI,EM18,2025-08-01,2026-05-01,10,135.0481,218.8,207.5,-34.9166,5.4458,-40.3623,False
B11-M-101,HCPI,EM18,2025-08-01,2026-06-01,11,139.5618,222.3,208.7,-33.128,6.5165,-39.6446,False
B11-M-101,HCPI,EM18,2025-08-01,2026-07-01,12,144.1978,223.4,208.3,-30.774,7.2492,-38.0231,False
B11-M-102,HCPI,EM18,2025-09-01,2025-09-01,1,205.93,207.4,203.1,1.3934,2.1172,-0.7238,False
B11-M-102,HCPI,EM18,2025-09-01,2025-10-01,2,202.4909,207.5,202.1,0.1934,2.6719,-2.4785,False
B11-M-102,HCPI,EM18,2025-09-01,2025-11-01,3,202.1567,207.2,202.4,-0.1202,2.3715,-2.4918,False
B11-M-102,HCPI,EM18,2025-09-01,2025-12-01,4,204.5589,210.5,204.6,-0.0201,2.8837,-2.9038,False
B11-M-102,HCPI,EM18,2025-09-01,2026-01-01,5,204.411,211.4,206.4,-0.9637,2.4225,-3.3861,False
B11-M-102,HCPI,EM18,2025-09-01,2026-02-01,6,204.8869,209.4,206.2,-0.6368,1.5519,-2.1887,False
B11-M-102,HCPI,EM18,2025-09-01,2026-03-01,7,203.584,210.9,206.0,-1.1728,2.3786,-3.5515,False
B11-M-102,HCPI,EM18,2025-09-01,2026-04-01,8,206.3151,216.3,206.5,-0.0896,4.7458,-4.8353,False
B11-M-102,HCPI,EM18,2025-09-01,2026-05-01,9,206.2771,218.8,207.5,-0.5894,5.4458,-6.0351,False
B11-M-102,HCPI,EM18,2025-09-01,2026-06-01,10,208.7677,222.3,208.7,0.0324,6.5165,-6.4841,False
B11-M-102,HCPI,EM18,2025-09-01,2026-07-01,11,209.3344,223.4,208.3,0.4966,7.2492,-6.7526,False
B11-M-102,HCPI,EM18,2025-09-01,2026-08-01,12,207.0134,223.9,207.2,-0.0901,8.0598,-8.1499,False
B11-M-103,FCPI,EM2,2025-04-01,2025-04-01,1,237.5128,237.8,231.1,2.7749,2.8992,-0.1243,True
B11-M-103,FCPI,EM2,2025-04-01,2025-05-01,2,236.5018,240.6,227.3,4.0483,5.8513,-1.803,False
B11-M-103,FCPI,EM2,2025-04-01,2025-06-01,3,237.5823,242.5,232.8,2.0542,4.1667,-2.1124,False
B11-M-103,FCPI,EM2,2025-04-01,2025-07-01,4,238.9954,239.2,234.0,2.1348,2.2222,-0.0875,True
B11-M-103,FCPI,EM2,2025-04-01,2025-08-01,5,240.6047,236.3,229.7,4.7474,2.8733,1.874,False
B11-M-103,FCPI,EM2,2025-04-01,2025-09-01,6,243.0425,236.6,227.9,6.6444,3.8175,2.8269,False
B11-M-103,FCPI,EM2,2025-04-01,2025-10-01,7,246.2674,236.4,227.1,8.4401,4.0951,4.345,False
B11-M-103,FCPI,EM2,2025-04-01,2025-11-01,8,250.3715,236.1,228.0,9.8121,3.5526,6.2594,False
B11-M-103,FCPI,EM2,2025-04-01,2025-12-01,9,255.6955,244.3,233.9,9.3183,4.4463,4.872,False
B11-M-103,FCPI,EM2,2025-04-01,2026-01-01,10,256.7633,244.3,236.3,8.6599,3.3855,5.2744,False
B11-M-103,FCPI,EM2,2025-04-01,2026-02-01,11,258.3037,239.4,236.8,9.081,1.098,7.983,False
B11-M-103,FCPI,EM2,2025-04-01,2026-03-01,12,260.0285,237.9,236.2,10.0883,0.7197,9.3686,False
B11-M-104,FCPI,EM2,2025-05-01,2025-05-01,1,240.3499,240.6,227.3,5.7413,5.8513,-0.11,True
B11-M-104,FCPI,EM2,2025-05-01,2025-06-01,2,244.929,242.5,232.8,5.2101,4.1667,1.0434,False
B11-M-104,FCPI,EM2,2025-05-01,2025-07-01,3,244.1791,239.2,234.0,4.3501,2.2222,2.1278,False
B11-M-104,FCPI,EM2,2025-05-01,2025-08-01,4,241.3865,236.3,229.7,5.0877,2.8733,2.2144,False
B11-M-104,FCPI,EM2,2025-05-01,2025-09-01,5,241.8117,236.6,227.9,6.1043,3.8175,2.2869,False
B11-M-104,FCPI,EM2,2025-05-01,2025-10-01,6,243.0585,236.4,227.1,7.0271,4.0951,2.932,False
B11-M-104,FCPI,EM2,2025-05-01,2025-11-01,7,245.9351,236.1,228.0,7.8663,3.5526,4.3136,False
B11-M-104,FCPI,EM2,2025-05-01,2025-12-01,8,249.4404,244.3,233.9,6.644,4.4463,2.1977,False
B11-M-104,FCPI,EM2,2025-05-01,2026-01-01,9,250.2158,244.3,236.3,5.889,3.3855,2.5035,False
B11-M-104,FCPI,EM2,2025-05-01,2026-02-01,10,247.6373,239.4,236.8,4.5766,1.098,3.4786,False
B11-M-104,FCPI,EM2,2025-05-01,2026-03-01,11,245.007,237.9,236.2,3.7286,0.7197,3.0089,False
B11-M-104,FCPI,EM2,2025-05-01,2026-04-01,12,245.6157,240.4,237.8,3.2867,1.0934,2.1933,False
B11-M-105,FCPI,EM2,2025-06-01,2025-06-01,1,248.1273,242.5,232.8,6.5839,4.1667,2.4172,False
B11-M-105,FCPI,EM2,2025-06-01,2025-07-01,2,247.1376,239.2,234.0,5.6144,2.2222,3.3921,False
B11-M-105,FCPI,EM2,2025-06-01,2025-08-01,3,243.1438,236.3,229.7,5.8528,2.8733,2.9794,False
B11-M-105,FCPI,EM2,2025-06-01,2025-09-01,4,241.6873,236.6,227.9,6.0497,3.8175,2.2323,False
B11-M-105,FCPI,EM2,2025-06-01,2025-10-01,5,242.9394,236.4,227.1,6.9746,4.0951,2.8795,False
B11-M-105,FCPI,EM2,2025-06-01,2025-11-01,6,248.0863,236.1,228.0,8.8098,3.5526,5.2571,False
B11-M-105,FCPI,EM2,2025-06-01,2025-12-01,7,252.257,244.3,233.9,7.8482,4.4463,3.4019,False
B11-M-105,FCPI,EM2,2025-06-01,2026-01-01,8,252.8243,244.3,236.3,6.9929,3.3855,3.6074,False
B11-M-105,FCPI,EM2,2025-06-01,2026-02-01,9,249.183,239.4,236.8,5.2293,1.098,4.1313,False
B11-M-105,FCPI,EM2,2025-06-01,2026-03-01,10,244.5362,237.9,236.2,3.5293,0.7197,2.8096,False
B11-M-105,FCPI,EM2,2025-06-01,2026-04-01,11,247.2138,240.4,237.8,3.9587,1.0934,2.8653,False
B11-M-105,FCPI,EM2,2025-06-01,2026-05-01,12,249.9987,244.3,240.6,3.9064,1.5378,2.3686,False
B11-M-106,FCPI,EM2,2025-07-01,2025-07-01,1,240.7756,239.2,234.0,2.8955,2.2222,0.6733,False
B11-M-106,FCPI,EM2,2025-07-01,2025-08-01,2,239.503,236.3,229.7,4.2677,2.8733,1.3944,False
B11-M-106,FCPI,EM2,2025-07-01,2025-09-01,3,239.1038,236.6,227.9,4.9161,3.8175,1.0986,False
B11-M-106,FCPI,EM2,2025-07-01,2025-10-01,4,239.1971,236.4,227.1,5.3268,4.0951,1.2317,False
B11-M-106,FCPI,EM2,2025-07-01,2025-11-01,5,241.5821,236.1,228.0,5.9571,3.5526,2.4044,False
B11-M-106,FCPI,EM2,2025-07-01,2025-12-01,6,244.2916,244.3,233.9,4.4427,4.4463,-0.0036,True
B11-M-106,FCPI,EM2,2025-07-01,2026-01-01,7,244.2141,244.3,236.3,3.3492,3.3855,-0.0363,True
B11-M-106,FCPI,EM2,2025-07-01,2026-02-01,8,243.1431,239.4,236.8,2.6787,1.098,1.5807,False
B11-M-106,FCPI,EM2,2025-07-01,2026-03-01,9,241.6974,237.9,236.2,2.3274,0.7197,1.6077,False
B11-M-106,FCPI,EM2,2025-07-01,2026-04-01,10,241.7532,240.4,237.8,1.6624,1.0934,0.5691,False
B11-M-106,FCPI,EM2,2025-07-01,2026-05-01,11,243.8904,244.3,240.6,1.3676,1.5378,-0.1702,True
B11-M-106,FCPI,EM2,2025-07-01,2026-06-01,12,246.5372,250.5,242.5,1.6648,3.299,-1.6342,False
B11-M-107,FCPI,EM2,2025-08-01,2025-08-01,1,237.8623,236.3,229.7,3.5535,2.8733,0.6801,False
B11-M-107,FCPI,EM2,2025-08-01,2025-09-01,2,237.4115,236.6,227.9,4.1736,3.8175,0.3561,True
B11-M-107,FCPI,EM2,2025-08-01,2025-10-01,3,238.0544,236.4,227.1,4.8236,4.0951,0.7285,False
B11-M-107,FCPI,EM2,2025-08-01,2025-11-01,4,239.2435,236.1,228.0,4.9314,3.5526,1.3787,False
B11-M-107,FCPI,EM2,2025-08-01,2025-12-01,5,240.8851,244.3,233.9,2.9864,4.4463,-1.46,False
B11-M-107,FCPI,EM2,2025-08-01,2026-01-01,6,241.0088,244.3,236.3,1.9927,3.3855,-1.3928,False
B11-M-107,FCPI,EM2,2025-08-01,2026-02-01,7,238.988,239.4,236.8,0.924,1.098,-0.174,True
B11-M-107,FCPI,EM2,2025-08-01,2026-03-01,8,238.1523,237.9,236.2,0.8265,0.7197,0.1068,True
B11-M-107,FCPI,EM2,2025-08-01,2026-04-01,9,239.9294,240.4,237.8,0.8955,1.0934,-0.1979,True
B11-M-107,FCPI,EM2,2025-08-01,2026-05-01,10,241.7728,244.3,240.6,0.4875,1.5378,-1.0504,False
B11-M-107,FCPI,EM2,2025-08-01,2026-06-01,11,243.7245,250.5,242.5,0.5049,3.299,-2.794,False
B11-M-107,FCPI,EM2,2025-08-01,2026-07-01,12,243.4361,250.9,239.2,1.7709,4.8913,-3.1204,False
B11-M-108,FCPI,EM2,2025-09-01,2025-09-01,1,236.3335,236.6,227.9,3.7005,3.8175,-0.1169,True
B11-M-108,FCPI,EM2,2025-09-01,2025-10-01,2,237.0391,236.4,227.1,4.3765,4.0951,0.2814,True
B11-M-108,FCPI,EM2,2025-09-01,2025-11-01,3,237.9576,236.1,228.0,4.3674,3.5526,0.8147,False
B11-M-108,FCPI,EM2,2025-09-01,2025-12-01,4,239.5243,244.3,233.9,2.4046,4.4463,-2.0418,False
B11-M-108,FCPI,EM2,2025-09-01,2026-01-01,5,240.6965,244.3,236.3,1.8605,3.3855,-1.525,False
B11-M-108,FCPI,EM2,2025-09-01,2026-02-01,6,241.5865,239.4,236.8,2.0213,1.098,0.9233,False
B11-M-108,FCPI,EM2,2025-09-01,2026-03-01,7,242.3479,237.9,236.2,2.6028,0.7197,1.8831,False
B11-M-108,FCPI,EM2,2025-09-01,2026-04-01,8,243.3915,240.4,237.8,2.3514,1.0934,1.258,False
B11-M-108,FCPI,EM2,2025-09-01,2026-05-01,9,244.5834,244.3,240.6,1.6556,1.5378,0.1178,True
B11-M-108,FCPI,EM2,2025-09-01,2026-06-01,10,245.6556,250.5,242.5,1.3013,3.299,-1.9977,False
B11-M-108,FCPI,EM2,2025-09-01,2026-07-01,11,246.064,250.9,239.2,2.8696,4.8913,-2.0218,False
B11-M-108,FCPI,EM2,2025-09-01,2026-08-01,12,246.5215,251.9,236.3,4.3256,6.6018,-2.2761,False
B11-M-109,FCPI,EM3,2025-04-01,2025-04-01,1,236.6799,237.8,231.1,2.4145,2.8992,-0.4847,True
B11-M-109,FCPI,EM3,2025-04-01,2025-05-01,2,235.663,240.6,227.3,3.6793,5.8513,-2.172,False
B11-M-109,FCPI,EM3,2025-04-01,2025-06-01,3,237.379,242.5,232.8,1.9669,4.1667,-2.1997,False
B11-M-109,FCPI,EM3,2025-04-01,2025-07-01,4,239.1529,239.2,234.0,2.2021,2.2222,-0.0201,True
B11-M-109,FCPI,EM3,2025-04-01,2025-08-01,5,240.8782,236.3,229.7,4.8664,2.8733,1.9931,False
B11-M-109,FCPI,EM3,2025-04-01,2025-09-01,6,243.6512,236.6,227.9,6.9115,3.8175,3.094,False
B11-M-109,FCPI,EM3,2025-04-01,2025-10-01,7,247.3966,236.4,227.1,8.9373,4.0951,4.8422,False
B11-M-109,FCPI,EM3,2025-04-01,2025-11-01,8,252.2157,236.1,228.0,10.6209,3.5526,7.0683,False
B11-M-109,FCPI,EM3,2025-04-01,2025-12-01,9,258.5352,244.3,233.9,10.5324,4.4463,6.086,False
B11-M-109,FCPI,EM3,2025-04-01,2026-01-01,10,259.8477,244.3,236.3,9.9652,3.3855,6.5796,False
B11-M-109,FCPI,EM3,2025-04-01,2026-02-01,11,261.6449,239.4,236.8,10.4919,1.098,9.3939,False
B11-M-109,FCPI,EM3,2025-04-01,2026-03-01,12,263.6656,237.9,236.2,11.6281,0.7197,10.9084,False
B11-M-110,FCPI,EM3,2025-05-01,2025-05-01,1,236.9517,240.6,227.3,4.2462,5.8513,-1.6051,False
B11-M-110,FCPI,EM3,2025-05-01,2025-06-01,2,238.0501,242.5,232.8,2.2552,4.1667,-1.9115,False
B11-M-110,FCPI,EM3,2025-05-01,2025-07-01,3,238.7541,239.2,234.0,2.0317,2.2222,-0.1906,True
B11-M-110,FCPI,EM3,2025-05-01,2025-08-01,4,238.8916,236.3,229.7,4.0016,2.8733,1.1282,False
B11-M-110,FCPI,EM3,2025-05-01,2025-09-01,5,239.355,236.6,227.9,5.0263,3.8175,1.2089,False
B11-M-110,FCPI,EM3,2025-05-01,2025-10-01,6,240.0151,236.4,227.1,5.687,4.0951,1.5918,False
B11-M-110,FCPI,EM3,2025-05-01,2025-11-01,7,241.1842,236.1,228.0,5.7826,3.5526,2.2299,False
B11-M-110,FCPI,EM3,2025-05-01,2025-12-01,8,242.8784,244.3,233.9,3.8385,4.4463,-0.6078,False
B11-M-110,FCPI,EM3,2025-05-01,2026-01-01,9,243.2715,244.3,236.3,2.9503,3.3855,-0.4353,True
B11-M-110,FCPI,EM3,2025-05-01,2026-02-01,10,243.4035,239.4,236.8,2.7887,1.098,1.6907,False
B11-M-110,FCPI,EM3,2025-05-01,2026-03-01,11,244.0942,237.9,236.2,3.3422,0.7197,2.6224,False
B11-M-110,FCPI,EM3,2025-05-01,2026-04-01,12,244.5447,240.4,237.8,2.8363,1.0934,1.7429,False
B11-M-111,FCPI,EM3,2025-06-01,2025-06-01,1,244.4017,242.5,232.8,4.9836,4.1667,0.8169,False
B11-M-111,FCPI,EM3,2025-06-01,2025-07-01,2,244.5523,239.2,234.0,4.5095,2.2222,2.2873,False
B11-M-111,FCPI,EM3,2025-06-01,2025-08-01,3,243.1908,236.3,229.7,5.8732,2.8733,2.9999,False
B11-M-111,FCPI,EM3,2025-06-01,2025-09-01,4,243.7896,236.6,227.9,6.9722,3.8175,3.1547,False
B11-M-111,FCPI,EM3,2025-06-01,2025-10-01,5,244.7499,236.4,227.1,7.7719,4.0951,3.6768,False
B11-M-111,FCPI,EM3,2025-06-01,2025-11-01,6,247.7393,236.1,228.0,8.6576,3.5526,5.1049,False
B11-M-111,FCPI,EM3,2025-06-01,2025-12-01,7,252.7979,244.3,233.9,8.0795,4.4463,3.6331,False
B11-M-111,FCPI,EM3,2025-06-01,2026-01-01,8,255.4524,244.3,236.3,8.1051,3.3855,4.7196,False
B11-M-111,FCPI,EM3,2025-06-01,2026-02-01,9,252.7338,239.4,236.8,6.7288,1.098,5.6308,False
B11-M-111,FCPI,EM3,2025-06-01,2026-03-01,10,250.0346,237.9,236.2,5.8571,0.7197,5.1374,False
B11-M-111,FCPI,EM3,2025-06-01,2026-04-01,11,251.7393,240.4,237.8,5.8618,1.0934,4.7684,False
B11-M-111,FCPI,EM3,2025-06-01,2026-05-01,12,255.2028,244.3,240.6,6.0693,1.5378,4.5315,False
B11-M-112,FCPI,EM3,2025-07-01,2025-07-01,1,239.4403,239.2,234.0,2.3249,2.2222,0.1027,True
B11-M-112,FCPI,EM3,2025-07-01,2025-08-01,2,238.7842,236.3,229.7,3.9548,2.8733,1.0815,False
B11-M-112,FCPI,EM3,2025-07-01,2025-09-01,3,238.9886,236.6,227.9,4.8656,3.8175,1.0481,False
B11-M-112,FCPI,EM3,2025-07-01,2025-10-01,4,239.4387,236.4,227.1,5.4332,4.0951,1.338,False
B11-M-112,FCPI,EM3,2025-07-01,2025-11-01,5,241.066,236.1,228.0,5.7307,3.5526,2.1781,False
B11-M-112,FCPI,EM3,2025-07-01,2025-12-01,6,243.5362,244.3,233.9,4.1198,4.4463,-0.3266,True
B11-M-112,FCPI,EM3,2025-07-01,2026-01-01,7,244.2971,244.3,236.3,3.3843,3.3855,-0.0012,True
B11-M-112,FCPI,EM3,2025-07-01,2026-02-01,8,244.4251,239.4,236.8,3.2201,1.098,2.1221,False
B11-M-112,FCPI,EM3,2025-07-01,2026-03-01,9,243.9195,237.9,236.2,3.2682,0.7197,2.5485,False
B11-M-112,FCPI,EM3,2025-07-01,2026-04-01,10,243.7104,240.4,237.8,2.4855,1.0934,1.3921,False
B11-M-112,FCPI,EM3,2025-07-01,2026-05-01,11,245.7735,244.3,240.6,2.1502,1.5378,0.6124,False
B11-M-112,FCPI,EM3,2025-07-01,2026-06-01,12,248.3275,250.5,242.5,2.4031,3.299,-0.8959,False
B11-M-113,FCPI,EM3,2025-08-01,2025-08-01,1,235.8707,236.3,229.7,2.6864,2.8733,-0.1869,True
B11-M-113,FCPI,EM3,2025-08-01,2025-09-01,2,235.0781,236.6,227.9,3.1497,3.8175,-0.6678,False
B11-M-113,FCPI,EM3,2025-08-01,2025-10-01,3,235.358,236.4,227.1,3.6363,4.0951,-0.4588,True
B11-M-113,FCPI,EM3,2025-08-01,2025-11-01,4,236.9123,236.1,228.0,3.9089,3.5526,0.3563,True
B11-M-113,FCPI,EM3,2025-08-01,2025-12-01,5,238.3137,244.3,233.9,1.887,4.4463,-2.5593,False
B11-M-113,FCPI,EM3,2025-08-01,2026-01-01,6,237.8545,244.3,236.3,0.6579,3.3855,-2.7277,False
B11-M-113,FCPI,EM3,2025-08-01,2026-02-01,7,236.324,239.4,236.8,-0.201,1.098,-1.299,False
B11-M-113,FCPI,EM3,2025-08-01,2026-03-01,8,235.4764,237.9,236.2,-0.3063,0.7197,-1.0261,False
B11-M-113,FCPI,EM3,2025-08-01,2026-04-01,9,236.5334,240.4,237.8,-0.5326,1.0934,-1.626,False
B11-M-113,FCPI,EM3,2025-08-01,2026-05-01,10,237.5418,244.3,240.6,-1.2711,1.5378,-2.8089,False
B11-M-113,FCPI,EM3,2025-08-01,2026-06-01,11,239.2863,250.5,242.5,-1.3253,3.299,-4.6242,False
B11-M-113,FCPI,EM3,2025-08-01,2026-07-01,12,238.5928,250.9,239.2,-0.2538,4.8913,-5.1452,False
B11-M-114,FCPI,EM3,2025-09-01,2025-09-01,1,239.3141,236.6,227.9,5.0084,3.8175,1.1909,False
B11-M-114,FCPI,EM3,2025-09-01,2025-10-01,2,238.6847,236.4,227.1,5.1011,4.0951,1.006,False
B11-M-114,FCPI,EM3,2025-09-01,2025-11-01,3,239.1656,236.1,228.0,4.8972,3.5526,1.3446,False
B11-M-114,FCPI,EM3,2025-09-01,2025-12-01,4,242.3512,244.3,233.9,3.6132,4.4463,-0.8332,False
B11-M-114,FCPI,EM3,2025-09-01,2026-01-01,5,242.9139,244.3,236.3,2.7989,3.3855,-0.5866,False
B11-M-114,FCPI,EM3,2025-09-01,2026-02-01,6,243.6621,239.4,236.8,2.8978,1.098,1.7999,False
B11-M-114,FCPI,EM3,2025-09-01,2026-03-01,7,245.035,237.9,236.2,3.7405,0.7197,3.0207,False
B11-M-114,FCPI,EM3,2025-09-01,2026-04-01,8,248.1166,240.4,237.8,4.3384,1.0934,3.245,False
B11-M-114,FCPI,EM3,2025-09-01,2026-05-01,9,250.4695,244.3,240.6,4.102,1.5378,2.5642,False
B11-M-114,FCPI,EM3,2025-09-01,2026-06-01,10,250.6416,250.5,242.5,3.3573,3.299,0.0584,True
B11-M-114,FCPI,EM3,2025-09-01,2026-07-01,11,251.8908,250.9,239.2,5.3055,4.8913,0.4142,True
B11-M-114,FCPI,EM3,2025-09-01,2026-08-01,12,254.9727,251.9,236.3,7.9021,6.6018,1.3004,False
B11-M-115,FCPI,EM4,2025-04-01,2025-04-01,1,237.5128,237.8,231.1,2.7749,2.8992,-0.1243,True
B11-M-115,FCPI,EM4,2025-04-01,2025-05-01,2,236.5018,240.6,227.3,4.0483,5.8513,-1.803,False
B11-M-115,FCPI,EM4,2025-04-01,2025-06-01,3,237.5823,242.5,232.8,2.0542,4.1667,-2.1124,False
B11-M-115,FCPI,EM4,2025-04-01,2025-07-01,4,238.9954,239.2,234.0,2.1348,2.2222,-0.0875,True
B11-M-115,FCPI,EM4,2025-04-01,2025-08-01,5,240.6047,236.3,229.7,4.7474,2.8733,1.874,False
B11-M-115,FCPI,EM4,2025-04-01,2025-09-01,6,243.0425,236.6,227.9,6.6444,3.8175,2.8269,False
B11-M-115,FCPI,EM4,2025-04-01,2025-10-01,7,246.2674,236.4,227.1,8.4401,4.0951,4.345,False
B11-M-115,FCPI,EM4,2025-04-01,2025-11-01,8,250.3715,236.1,228.0,9.8121,3.5526,6.2594,False
B11-M-115,FCPI,EM4,2025-04-01,2025-12-01,9,255.6955,244.3,233.9,9.3183,4.4463,4.872,False
B11-M-115,FCPI,EM4,2025-04-01,2026-01-01,10,256.7633,244.3,236.3,8.6599,3.3855,5.2744,False
B11-M-115,FCPI,EM4,2025-04-01,2026-02-01,11,258.3037,239.4,236.8,9.081,1.098,7.983,False
B11-M-115,FCPI,EM4,2025-04-01,2026-03-01,12,260.0285,237.9,236.2,10.0883,0.7197,9.3686,False
B11-M-116,FCPI,EM4,2025-05-01,2025-05-01,1,239.6472,240.6,227.3,5.4321,5.8513,-0.4192,True
B11-M-116,FCPI,EM4,2025-05-01,2025-06-01,2,244.2988,242.5,232.8,4.9393,4.1667,0.7727,False
B11-M-116,FCPI,EM4,2025-05-01,2025-07-01,3,243.4727,239.2,234.0,4.0482,2.2222,1.826,False
B11-M-116,FCPI,EM4,2025-05-01,2025-08-01,4,240.5782,236.3,229.7,4.7358,2.8733,1.8625,False
B11-M-116,FCPI,EM4,2025-05-01,2025-09-01,5,240.7775,236.6,227.9,5.6505,3.8175,1.833,False
B11-M-116,FCPI,EM4,2025-05-01,2025-10-01,6,242.0075,236.4,227.1,6.5643,4.0951,2.4692,False
B11-M-116,FCPI,EM4,2025-05-01,2025-11-01,7,244.8711,236.1,228.0,7.3996,3.5526,3.847,False
B11-M-116,FCPI,EM4,2025-05-01,2025-12-01,8,248.2811,244.3,233.9,6.1484,4.4463,1.7021,False
B11-M-116,FCPI,EM4,2025-05-01,2026-01-01,9,248.5664,244.3,236.3,5.191,3.3855,1.8055,False
B11-M-116,FCPI,EM4,2025-05-01,2026-02-01,10,245.6068,239.4,236.8,3.7191,1.098,2.6211,False
B11-M-116,FCPI,EM4,2025-05-01,2026-03-01,11,243.0427,237.9,236.2,2.897,0.7197,2.1772,False
B11-M-116,FCPI,EM4,2025-05-01,2026-04-01,12,243.73,240.4,237.8,2.4937,1.0934,1.4003,False
B11-M-117,FCPI,EM4,2025-06-01,2025-06-01,1,247.6214,242.5,232.8,6.3666,4.1667,2.1999,False
B11-M-117,FCPI,EM4,2025-06-01,2025-07-01,2,246.7926,239.2,234.0,5.4669,2.2222,3.2447,False
B11-M-117,FCPI,EM4,2025-06-01,2025-08-01,3,242.7487,236.3,229.7,5.6807,2.8733,2.8074,False
B11-M-117,FCPI,EM4,2025-06-01,2025-09-01,4,241.597,236.6,227.9,6.0101,3.8175,2.1926,False
B11-M-117,FCPI,EM4,2025-06-01,2025-10-01,5,242.924,236.4,227.1,6.9679,4.0951,2.8727,False
B11-M-117,FCPI,EM4,2025-06-01,2025-11-01,6,248.2305,236.1,228.0,8.873,3.5526,5.3204,False
B11-M-117,FCPI,EM4,2025-06-01,2025-12-01,7,252.8452,244.3,233.9,8.0997,4.4463,3.6534,False
B11-M-117,FCPI,EM4,2025-06-01,2026-01-01,8,253.8255,244.3,236.3,7.4166,3.3855,4.0311,False
B11-M-117,FCPI,EM4,2025-06-01,2026-02-01,9,249.8695,239.4,236.8,5.5192,1.098,4.4213,False
B11-M-117,FCPI,EM4,2025-06-01,2026-03-01,10,245.3693,237.9,236.2,3.882,0.7197,3.1623,False
B11-M-117,FCPI,EM4,2025-06-01,2026-04-01,11,247.905,240.4,237.8,4.2494,1.0934,3.156,False
B11-M-117,FCPI,EM4,2025-06-01,2026-05-01,12,251.0027,244.3,240.6,4.3237,1.5378,2.7858,False
B11-M-118,FCPI,EM4,2025-07-01,2025-07-01,1,240.6948,239.2,234.0,2.861,2.2222,0.6388,False
B11-M-118,FCPI,EM4,2025-07-01,2025-08-01,2,239.5256,236.3,229.7,4.2776,2.8733,1.4043,False
B11-M-118,FCPI,EM4,2025-07-01,2025-09-01,3,239.1591,236.6,227.9,4.9404,3.8175,1.1229,False
B11-M-118,FCPI,EM4,2025-07-01,2025-10-01,4,239.2831,236.4,227.1,5.3647,4.0951,1.2695,False
B11-M-118,FCPI,EM4,2025-07-01,2025-11-01,5,241.6374,236.1,228.0,5.9813,3.5526,2.4287,False
B11-M-118,FCPI,EM4,2025-07-01,2025-12-01,6,244.2892,244.3,233.9,4.4417,4.4463,-0.0046,True
B11-M-118,FCPI,EM4,2025-07-01,2026-01-01,7,244.2422,244.3,236.3,3.3611,3.3855,-0.0244,True
B11-M-118,FCPI,EM4,2025-07-01,2026-02-01,8,243.2589,239.4,236.8,2.7276,1.098,1.6296,False
B11-M-118,FCPI,EM4,2025-07-01,2026-03-01,9,241.9033,237.9,236.2,2.4146,0.7197,1.6949,False
B11-M-118,FCPI,EM4,2025-07-01,2026-04-01,10,241.8759,240.4,237.8,1.714,1.0934,0.6206,False
B11-M-118,FCPI,EM4,2025-07-01,2026-05-01,11,243.9901,244.3,240.6,1.409,1.5378,-0.1288,True
B11-M-118,FCPI,EM4,2025-07-01,2026-06-01,12,246.6358,250.5,242.5,1.7055,3.299,-1.5935,False
B11-M-119,FCPI,EM4,2025-08-01,2025-08-01,1,237.8668,236.3,229.7,3.5554,2.8733,0.6821,False
B11-M-119,FCPI,EM4,2025-08-01,2025-09-01,2,237.4175,236.6,227.9,4.1762,3.8175,0.3587,True
B11-M-119,FCPI,EM4,2025-08-01,2025-10-01,3,238.0634,236.4,227.1,4.8276,4.0951,0.7325,False
B11-M-119,FCPI,EM4,2025-08-01,2025-11-01,4,239.2487,236.1,228.0,4.9336,3.5526,1.381,False
B11-M-119,FCPI,EM4,2025-08-01,2025-12-01,5,240.8803,244.3,233.9,2.9843,4.4463,-1.462,False
B11-M-119,FCPI,EM4,2025-08-01,2026-01-01,6,240.9984,244.3,236.3,1.9883,3.3855,-1.3972,False
B11-M-119,FCPI,EM4,2025-08-01,2026-02-01,7,238.9839,239.4,236.8,0.9222,1.098,-0.1757,True
B11-M-119,FCPI,EM4,2025-08-01,2026-03-01,8,238.1578,237.9,236.2,0.8289,0.7197,0.1091,True
B11-M-119,FCPI,EM4,2025-08-01,2026-04-01,9,239.9315,240.4,237.8,0.8963,1.0934,-0.197,True
B11-M-119,FCPI,EM4,2025-08-01,2026-05-01,10,241.771,244.3,240.6,0.4867,1.5378,-1.0511,False
B11-M-119,FCPI,EM4,2025-08-01,2026-06-01,11,243.7025,250.5,242.5,0.4959,3.299,-2.8031,False
B11-M-119,FCPI,EM4,2025-08-01,2026-07-01,12,243.4194,250.9,239.2,1.764,4.8913,-3.1273,False
B11-M-120,FCPI,EM4,2025-09-01,2025-09-01,1,236.3335,236.6,227.9,3.7005,3.8175,-0.1169,True
B11-M-120,FCPI,EM4,2025-09-01,2025-10-01,2,237.0391,236.4,227.1,4.3765,4.0951,0.2814,True
B11-M-120,FCPI,EM4,2025-09-01,2025-11-01,3,237.9576,236.1,228.0,4.3674,3.5526,0.8147,False
B11-M-120,FCPI,EM4,2025-09-01,2025-12-01,4,239.5243,244.3,233.9,2.4046,4.4463,-2.0418,False
B11-M-120,FCPI,EM4,2025-09-01,2026-01-01,5,240.6965,244.3,236.3,1.8605,3.3855,-1.525,False
B11-M-120,FCPI,EM4,2025-09-01,2026-02-01,6,241.5865,239.4,236.8,2.0213,1.098,0.9233,False
B11-M-120,FCPI,EM4,2025-09-01,2026-03-01,7,242.3479,237.9,236.2,2.6028,0.7197,1.8831,False
B11-M-120,FCPI,EM4,2025-09-01,2026-04-01,8,243.3915,240.4,237.8,2.3514,1.0934,1.258,False
B11-M-120,FCPI,EM4,2025-09-01,2026-05-01,9,244.5834,244.3,240.6,1.6556,1.5378,0.1178,True
B11-M-120,FCPI,EM4,2025-09-01,2026-06-01,10,245.6556,250.5,242.5,1.3013,3.299,-1.9977,False
B11-M-120,FCPI,EM4,2025-09-01,2026-07-01,11,246.064,250.9,239.2,2.8696,4.8913,-2.0218,False
B11-M-120,FCPI,EM4,2025-09-01,2026-08-01,12,246.5215,251.9,236.3,4.3256,6.6018,-2.2761,False
B11-M-121,FCPI,EM5,2025-04-01,2025-04-01,1,237.5361,237.8,231.1,2.785,2.8992,-0.1142,True
B11-M-121,FCPI,EM5,2025-04-01,2025-05-01,2,236.5303,240.6,227.3,4.0608,5.8513,-1.7905,False
B11-M-121,FCPI,EM5,2025-04-01,2025-06-01,3,237.6214,242.5,232.8,2.071,4.1667,-2.0956,False
B11-M-121,FCPI,EM5,2025-04-01,2025-07-01,4,239.0384,239.2,234.0,2.1532,2.2222,-0.0691,True
B11-M-121,FCPI,EM5,2025-04-01,2025-08-01,5,240.6622,236.3,229.7,4.7724,2.8733,1.8991,False
B11-M-121,FCPI,EM5,2025-04-01,2025-09-01,6,243.1223,236.6,227.9,6.6794,3.8175,2.8619,False
B11-M-121,FCPI,EM5,2025-04-01,2025-10-01,7,246.3723,236.4,227.1,8.4863,4.0951,4.3912,False
B11-M-121,FCPI,EM5,2025-04-01,2025-11-01,8,250.5127,236.1,228.0,9.874,3.5526,6.3214,False
B11-M-121,FCPI,EM5,2025-04-01,2025-12-01,9,255.872,244.3,233.9,9.3937,4.4463,4.9474,False
B11-M-121,FCPI,EM5,2025-04-01,2026-01-01,10,256.9417,244.3,236.3,8.7354,3.3855,5.3499,False
B11-M-121,FCPI,EM5,2025-04-01,2026-02-01,11,258.4847,239.4,236.8,9.1574,1.098,8.0594,False
B11-M-121,FCPI,EM5,2025-04-01,2026-03-01,12,260.2121,237.9,236.2,10.166,0.7197,9.4463,False
B11-M-122,FCPI,EM5,2025-05-01,2025-05-01,1,240.3499,240.6,227.3,5.7413,5.8513,-0.11,True
B11-M-122,FCPI,EM5,2025-05-01,2025-06-01,2,244.929,242.5,232.8,5.2101,4.1667,1.0434,False
B11-M-122,FCPI,EM5,2025-05-01,2025-07-01,3,244.1791,239.2,234.0,4.3501,2.2222,2.1278,False
B11-M-122,FCPI,EM5,2025-05-01,2025-08-01,4,241.3865,236.3,229.7,5.0877,2.8733,2.2144,False
B11-M-122,FCPI,EM5,2025-05-01,2025-09-01,5,241.8117,236.6,227.9,6.1043,3.8175,2.2869,False
B11-M-122,FCPI,EM5,2025-05-01,2025-10-01,6,243.0585,236.4,227.1,7.0271,4.0951,2.932,False
B11-M-122,FCPI,EM5,2025-05-01,2025-11-01,7,245.9351,236.1,228.0,7.8663,3.5526,4.3136,False
B11-M-122,FCPI,EM5,2025-05-01,2025-12-01,8,249.4404,244.3,233.9,6.644,4.4463,2.1977,False
B11-M-122,FCPI,EM5,2025-05-01,2026-01-01,9,250.2158,244.3,236.3,5.889,3.3855,2.5035,False
B11-M-122,FCPI,EM5,2025-05-01,2026-02-01,10,247.6373,239.4,236.8,4.5766,1.098,3.4786,False
B11-M-122,FCPI,EM5,2025-05-01,2026-03-01,11,245.007,237.9,236.2,3.7286,0.7197,3.0089,False
B11-M-122,FCPI,EM5,2025-05-01,2026-04-01,12,245.6157,240.4,237.8,3.2867,1.0934,2.1933,False
B11-M-123,FCPI,EM5,2025-06-01,2025-06-01,1,248.1273,242.5,232.8,6.5839,4.1667,2.4172,False
B11-M-123,FCPI,EM5,2025-06-01,2025-07-01,2,247.1376,239.2,234.0,5.6144,2.2222,3.3921,False
B11-M-123,FCPI,EM5,2025-06-01,2025-08-01,3,243.1438,236.3,229.7,5.8528,2.8733,2.9794,False
B11-M-123,FCPI,EM5,2025-06-01,2025-09-01,4,241.6873,236.6,227.9,6.0497,3.8175,2.2323,False
B11-M-123,FCPI,EM5,2025-06-01,2025-10-01,5,242.9394,236.4,227.1,6.9746,4.0951,2.8795,False
B11-M-123,FCPI,EM5,2025-06-01,2025-11-01,6,248.0863,236.1,228.0,8.8098,3.5526,5.2571,False
B11-M-123,FCPI,EM5,2025-06-01,2025-12-01,7,252.257,244.3,233.9,7.8482,4.4463,3.4019,False
B11-M-123,FCPI,EM5,2025-06-01,2026-01-01,8,252.8243,244.3,236.3,6.9929,3.3855,3.6074,False
B11-M-123,FCPI,EM5,2025-06-01,2026-02-01,9,249.183,239.4,236.8,5.2293,1.098,4.1313,False
B11-M-123,FCPI,EM5,2025-06-01,2026-03-01,10,244.5362,237.9,236.2,3.5293,0.7197,2.8096,False
B11-M-123,FCPI,EM5,2025-06-01,2026-04-01,11,247.2138,240.4,237.8,3.9587,1.0934,2.8653,False
B11-M-123,FCPI,EM5,2025-06-01,2026-05-01,12,249.9987,244.3,240.6,3.9064,1.5378,2.3686,False
B11-M-124,FCPI,EM5,2025-07-01,2025-07-01,1,241.2628,239.2,234.0,3.1038,2.2222,0.8815,False
B11-M-124,FCPI,EM5,2025-07-01,2025-08-01,2,239.4764,236.3,229.7,4.2561,2.8733,1.3828,False
B11-M-124,FCPI,EM5,2025-07-01,2025-09-01,3,238.9337,236.6,227.9,4.8414,3.8175,1.024,False
B11-M-124,FCPI,EM5,2025-07-01,2025-10-01,4,238.8621,236.4,227.1,5.1792,4.0951,1.0841,False
B11-M-124,FCPI,EM5,2025-07-01,2025-11-01,5,241.5539,236.1,228.0,5.9447,3.5526,2.3921,False
B11-M-124,FCPI,EM5,2025-07-01,2025-12-01,6,244.7306,244.3,233.9,4.6305,4.4463,0.1841,True
B11-M-124,FCPI,EM5,2025-07-01,2026-01-01,7,244.6138,244.3,236.3,3.5183,3.3855,0.1328,True
B11-M-124,FCPI,EM5,2025-07-01,2026-02-01,8,243.0448,239.4,236.8,2.6372,1.098,1.5392,False
B11-M-124,FCPI,EM5,2025-07-01,2026-03-01,9,241.0862,237.9,236.2,2.0687,0.7197,1.3489,False
B11-M-124,FCPI,EM5,2025-07-01,2026-04-01,10,241.6017,240.4,237.8,1.5987,1.0934,0.5053,False
B11-M-124,FCPI,EM5,2025-07-01,2026-05-01,11,244.0288,244.3,240.6,1.4251,1.5378,-0.1127,True
B11-M-124,FCPI,EM5,2025-07-01,2026-06-01,12,247.3003,250.5,242.5,1.9795,3.299,-1.3195,False
B11-M-125,FCPI,EM5,2025-08-01,2025-08-01,1,237.8623,236.3,229.7,3.5535,2.8733,0.6801,False
B11-M-125,FCPI,EM5,2025-08-01,2025-09-01,2,237.4115,236.6,227.9,4.1736,3.8175,0.3561,True
B11-M-125,FCPI,EM5,2025-08-01,2025-10-01,3,238.0544,236.4,227.1,4.8236,4.0951,0.7285,False
B11-M-125,FCPI,EM5,2025-08-01,2025-11-01,4,239.2435,236.1,228.0,4.9314,3.5526,1.3787,False
B11-M-125,FCPI,EM5,2025-08-01,2025-12-01,5,240.8851,244.3,233.9,2.9864,4.4463,-1.46,False
B11-M-125,FCPI,EM5,2025-08-01,2026-01-01,6,241.0088,244.3,236.3,1.9927,3.3855,-1.3928,False
B11-M-125,FCPI,EM5,2025-08-01,2026-02-01,7,238.988,239.4,236.8,0.924,1.098,-0.174,True
B11-M-125,FCPI,EM5,2025-08-01,2026-03-01,8,238.1523,237.9,236.2,0.8265,0.7197,0.1068,True
B11-M-125,FCPI,EM5,2025-08-01,2026-04-01,9,239.9294,240.4,237.8,0.8955,1.0934,-0.1979,True
B11-M-125,FCPI,EM5,2025-08-01,2026-05-01,10,241.7728,244.3,240.6,0.4875,1.5378,-1.0504,False
B11-M-125,FCPI,EM5,2025-08-01,2026-06-01,11,243.7245,250.5,242.5,0.5049,3.299,-2.794,False
B11-M-125,FCPI,EM5,2025-08-01,2026-07-01,12,243.4361,250.9,239.2,1.7709,4.8913,-3.1204,False
B11-M-126,FCPI,EM5,2025-09-01,2025-09-01,1,236.4,236.6,227.9,3.7297,3.8175,-0.0878,True
B11-M-126,FCPI,EM5,2025-09-01,2025-10-01,2,237.1226,236.4,227.1,4.4133,4.0951,0.3182,True
B11-M-126,FCPI,EM5,2025-09-01,2025-11-01,3,238.0425,236.1,228.0,4.4046,3.5526,0.852,False
B11-M-126,FCPI,EM5,2025-09-01,2025-12-01,4,239.5629,244.3,233.9,2.4211,4.4463,-2.0252,False
B11-M-126,FCPI,EM5,2025-09-01,2026-01-01,5,240.7179,244.3,236.3,1.8696,3.3855,-1.5159,False
B11-M-126,FCPI,EM5,2025-09-01,2026-02-01,6,241.6114,239.4,236.8,2.0318,1.098,0.9339,False
B11-M-126,FCPI,EM5,2025-09-01,2026-03-01,7,242.3857,237.9,236.2,2.6188,0.7197,1.8991,False
B11-M-126,FCPI,EM5,2025-09-01,2026-04-01,8,243.4216,240.4,237.8,2.364,1.0934,1.2706,False
B11-M-126,FCPI,EM5,2025-09-01,2026-05-01,9,244.5948,244.3,240.6,1.6603,1.5378,0.1225,True
B11-M-126,FCPI,EM5,2025-09-01,2026-06-01,10,245.6571,250.5,242.5,1.3019,3.299,-1.9971,False
B11-M-126,FCPI,EM5,2025-09-01,2026-07-01,11,246.1043,250.9,239.2,2.8864,4.8913,-2.0049,False
B11-M-126,FCPI,EM5,2025-09-01,2026-08-01,12,246.5971,251.9,236.3,4.3576,6.6018,-2.2441,False
B11-M-127,FCPI,EM6,2025-04-01,2025-04-01,1,237.5128,237.8,231.1,2.7749,2.8992,-0.1243,True
B11-M-127,FCPI,EM6,2025-04-01,2025-05-01,2,236.5018,240.6,227.3,4.0483,5.8513,-1.803,False
B11-M-127,FCPI,EM6,2025-04-01,2025-06-01,3,237.5823,242.5,232.8,2.0542,4.1667,-2.1124,False
B11-M-127,FCPI,EM6,2025-04-01,2025-07-01,4,238.9954,239.2,234.0,2.1348,2.2222,-0.0875,True
B11-M-127,FCPI,EM6,2025-04-01,2025-08-01,5,240.6047,236.3,229.7,4.7474,2.8733,1.874,False
B11-M-127,FCPI,EM6,2025-04-01,2025-09-01,6,243.0425,236.6,227.9,6.6444,3.8175,2.8269,False
B11-M-127,FCPI,EM6,2025-04-01,2025-10-01,7,246.2674,236.4,227.1,8.4401,4.0951,4.345,False
B11-M-127,FCPI,EM6,2025-04-01,2025-11-01,8,250.3715,236.1,228.0,9.8121,3.5526,6.2594,False
B11-M-127,FCPI,EM6,2025-04-01,2025-12-01,9,255.6955,244.3,233.9,9.3183,4.4463,4.872,False
B11-M-127,FCPI,EM6,2025-04-01,2026-01-01,10,256.7633,244.3,236.3,8.6599,3.3855,5.2744,False
B11-M-127,FCPI,EM6,2025-04-01,2026-02-01,11,258.3037,239.4,236.8,9.081,1.098,7.983,False
B11-M-127,FCPI,EM6,2025-04-01,2026-03-01,12,260.0285,237.9,236.2,10.0883,0.7197,9.3686,False
B11-M-128,FCPI,EM6,2025-05-01,2025-05-01,1,240.3119,240.6,227.3,5.7245,5.8513,-0.1268,True
B11-M-128,FCPI,EM6,2025-05-01,2025-06-01,2,244.9282,242.5,232.8,5.2097,4.1667,1.043,False
B11-M-128,FCPI,EM6,2025-05-01,2025-07-01,3,244.1628,239.2,234.0,4.3431,2.2222,2.1209,False
B11-M-128,FCPI,EM6,2025-05-01,2025-08-01,4,241.3468,236.3,229.7,5.0704,2.8733,2.1971,False
B11-M-128,FCPI,EM6,2025-05-01,2025-09-01,5,241.7553,236.6,227.9,6.0795,3.8175,2.2621,False
B11-M-128,FCPI,EM6,2025-05-01,2025-10-01,6,243.0175,236.4,227.1,7.009,4.0951,2.9139,False
B11-M-128,FCPI,EM6,2025-05-01,2025-11-01,7,245.9066,236.1,228.0,7.8538,3.5526,4.3011,False
B11-M-128,FCPI,EM6,2025-05-01,2025-12-01,8,249.407,244.3,233.9,6.6298,4.4463,2.1834,False
B11-M-128,FCPI,EM6,2025-05-01,2026-01-01,9,250.1335,244.3,236.3,5.8542,3.3855,2.4687,False
B11-M-128,FCPI,EM6,2025-05-01,2026-02-01,10,247.5036,239.4,236.8,4.5201,1.098,3.4221,False
B11-M-128,FCPI,EM6,2025-05-01,2026-03-01,11,244.863,237.9,236.2,3.6676,0.7197,2.9479,False
B11-M-128,FCPI,EM6,2025-05-01,2026-04-01,12,245.494,240.4,237.8,3.2355,1.0934,2.1421,False
B11-M-129,FCPI,EM6,2025-06-01,2025-06-01,1,248.1273,242.5,232.8,6.5839,4.1667,2.4172,False
B11-M-129,FCPI,EM6,2025-06-01,2025-07-01,2,247.1376,239.2,234.0,5.6144,2.2222,3.3921,False
B11-M-129,FCPI,EM6,2025-06-01,2025-08-01,3,243.1438,236.3,229.7,5.8528,2.8733,2.9794,False
B11-M-129,FCPI,EM6,2025-06-01,2025-09-01,4,241.6873,236.6,227.9,6.0497,3.8175,2.2323,False
B11-M-129,FCPI,EM6,2025-06-01,2025-10-01,5,242.9394,236.4,227.1,6.9746,4.0951,2.8795,False
B11-M-129,FCPI,EM6,2025-06-01,2025-11-01,6,248.0863,236.1,228.0,8.8098,3.5526,5.2571,False
B11-M-129,FCPI,EM6,2025-06-01,2025-12-01,7,252.257,244.3,233.9,7.8482,4.4463,3.4019,False
B11-M-129,FCPI,EM6,2025-06-01,2026-01-01,8,252.8243,244.3,236.3,6.9929,3.3855,3.6074,False
B11-M-129,FCPI,EM6,2025-06-01,2026-02-01,9,249.183,239.4,236.8,5.2293,1.098,4.1313,False
B11-M-129,FCPI,EM6,2025-06-01,2026-03-01,10,244.5362,237.9,236.2,3.5293,0.7197,2.8096,False
B11-M-129,FCPI,EM6,2025-06-01,2026-04-01,11,247.2138,240.4,237.8,3.9587,1.0934,2.8653,False
B11-M-129,FCPI,EM6,2025-06-01,2026-05-01,12,249.9987,244.3,240.6,3.9064,1.5378,2.3686,False
B11-M-130,FCPI,EM6,2025-07-01,2025-07-01,1,240.7756,239.2,234.0,2.8955,2.2222,0.6733,False
B11-M-130,FCPI,EM6,2025-07-01,2025-08-01,2,239.503,236.3,229.7,4.2677,2.8733,1.3944,False
B11-M-130,FCPI,EM6,2025-07-01,2025-09-01,3,239.1038,236.6,227.9,4.9161,3.8175,1.0986,False
B11-M-130,FCPI,EM6,2025-07-01,2025-10-01,4,239.1971,236.4,227.1,5.3268,4.0951,1.2317,False
B11-M-130,FCPI,EM6,2025-07-01,2025-11-01,5,241.5821,236.1,228.0,5.9571,3.5526,2.4044,False
B11-M-130,FCPI,EM6,2025-07-01,2025-12-01,6,244.2916,244.3,233.9,4.4427,4.4463,-0.0036,True
B11-M-130,FCPI,EM6,2025-07-01,2026-01-01,7,244.2141,244.3,236.3,3.3492,3.3855,-0.0363,True
B11-M-130,FCPI,EM6,2025-07-01,2026-02-01,8,243.1431,239.4,236.8,2.6787,1.098,1.5807,False
B11-M-130,FCPI,EM6,2025-07-01,2026-03-01,9,241.6974,237.9,236.2,2.3274,0.7197,1.6077,False
B11-M-130,FCPI,EM6,2025-07-01,2026-04-01,10,241.7532,240.4,237.8,1.6624,1.0934,0.5691,False
B11-M-130,FCPI,EM6,2025-07-01,2026-05-01,11,243.8904,244.3,240.6,1.3676,1.5378,-0.1702,True
B11-M-130,FCPI,EM6,2025-07-01,2026-06-01,12,246.5372,250.5,242.5,1.6648,3.299,-1.6342,False
B11-M-131,FCPI,EM6,2025-08-01,2025-08-01,1,237.8623,236.3,229.7,3.5535,2.8733,0.6801,False
B11-M-131,FCPI,EM6,2025-08-01,2025-09-01,2,237.4115,236.6,227.9,4.1736,3.8175,0.3561,True
B11-M-131,FCPI,EM6,2025-08-01,2025-10-01,3,238.0544,236.4,227.1,4.8236,4.0951,0.7285,False
B11-M-131,FCPI,EM6,2025-08-01,2025-11-01,4,239.2435,236.1,228.0,4.9314,3.5526,1.3787,False
B11-M-131,FCPI,EM6,2025-08-01,2025-12-01,5,240.8851,244.3,233.9,2.9864,4.4463,-1.46,False
B11-M-131,FCPI,EM6,2025-08-01,2026-01-01,6,241.0088,244.3,236.3,1.9927,3.3855,-1.3928,False
B11-M-131,FCPI,EM6,2025-08-01,2026-02-01,7,238.988,239.4,236.8,0.924,1.098,-0.174,True
B11-M-131,FCPI,EM6,2025-08-01,2026-03-01,8,238.1523,237.9,236.2,0.8265,0.7197,0.1068,True
B11-M-131,FCPI,EM6,2025-08-01,2026-04-01,9,239.9294,240.4,237.8,0.8955,1.0934,-0.1979,True
B11-M-131,FCPI,EM6,2025-08-01,2026-05-01,10,241.7728,244.3,240.6,0.4875,1.5378,-1.0504,False
B11-M-131,FCPI,EM6,2025-08-01,2026-06-01,11,243.7245,250.5,242.5,0.5049,3.299,-2.794,False
B11-M-131,FCPI,EM6,2025-08-01,2026-07-01,12,243.4361,250.9,239.2,1.7709,4.8913,-3.1204,False
B11-M-132,FCPI,EM6,2025-09-01,2025-09-01,1,236.3335,236.6,227.9,3.7005,3.8175,-0.1169,True
B11-M-132,FCPI,EM6,2025-09-01,2025-10-01,2,237.0391,236.4,227.1,4.3765,4.0951,0.2814,True
B11-M-132,FCPI,EM6,2025-09-01,2025-11-01,3,237.9576,236.1,228.0,4.3674,3.5526,0.8147,False
B11-M-132,FCPI,EM6,2025-09-01,2025-12-01,4,239.5243,244.3,233.9,2.4046,4.4463,-2.0418,False
B11-M-132,FCPI,EM6,2025-09-01,2026-01-01,5,240.6965,244.3,236.3,1.8605,3.3855,-1.525,False
B11-M-132,FCPI,EM6,2025-09-01,2026-02-01,6,241.5865,239.4,236.8,2.0213,1.098,0.9233,False
B11-M-132,FCPI,EM6,2025-09-01,2026-03-01,7,242.3479,237.9,236.2,2.6028,0.7197,1.8831,False
B11-M-132,FCPI,EM6,2025-09-01,2026-04-01,8,243.3915,240.4,237.8,2.3514,1.0934,1.258,False
B11-M-132,FCPI,EM6,2025-09-01,2026-05-01,9,244.5834,244.3,240.6,1.6556,1.5378,0.1178,True
B11-M-132,FCPI,EM6,2025-09-01,2026-06-01,10,245.6556,250.5,242.5,1.3013,3.299,-1.9977,False
B11-M-132,FCPI,EM6,2025-09-01,2026-07-01,11,246.064,250.9,239.2,2.8696,4.8913,-2.0218,False
B11-M-132,FCPI,EM6,2025-09-01,2026-08-01,12,246.5215,251.9,236.3,4.3256,6.6018,-2.2761,False
B11-M-133,FCPI,EM7,2025-04-01,2025-04-01,1,237.5523,237.8,231.1,2.792,2.8992,-0.1072,True
B11-M-133,FCPI,EM7,2025-04-01,2025-05-01,2,236.2661,240.6,227.3,3.9446,5.8513,-1.9067,False
B11-M-133,FCPI,EM7,2025-04-01,2025-06-01,3,237.8285,242.5,232.8,2.16,4.1667,-2.0067,False
B11-M-133,FCPI,EM7,2025-04-01,2025-07-01,4,239.6133,239.2,234.0,2.3989,2.2222,0.1766,True
B11-M-133,FCPI,EM7,2025-04-01,2025-08-01,5,241.3538,236.3,229.7,5.0735,2.8733,2.2002,False
B11-M-133,FCPI,EM7,2025-04-01,2025-09-01,6,244.1575,236.6,227.9,7.1336,3.8175,3.3162,False
B11-M-133,FCPI,EM7,2025-04-01,2025-10-01,7,247.943,236.4,227.1,9.1779,4.0951,5.0828,False
B11-M-133,FCPI,EM7,2025-04-01,2025-11-01,8,252.8096,236.1,228.0,10.8814,3.5526,7.3288,False
B11-M-133,FCPI,EM7,2025-04-01,2025-12-01,9,259.3269,244.3,233.9,10.8708,4.4463,6.4245,False
B11-M-133,FCPI,EM7,2025-04-01,2026-01-01,10,260.7526,244.3,236.3,10.3481,3.3855,6.9626,False
B11-M-133,FCPI,EM7,2025-04-01,2026-02-01,11,262.6429,239.4,236.8,10.9134,1.098,9.8154,False
B11-M-133,FCPI,EM7,2025-04-01,2026-03-01,12,264.7159,237.9,236.2,12.0728,0.7197,11.353,False
B11-M-134,FCPI,EM7,2025-05-01,2025-05-01,1,236.8552,240.6,227.3,4.2038,5.8513,-1.6475,False
B11-M-134,FCPI,EM7,2025-05-01,2025-06-01,2,238.0032,242.5,232.8,2.2351,4.1667,-1.9316,False
B11-M-134,FCPI,EM7,2025-05-01,2025-07-01,3,238.7138,239.2,234.0,2.0144,2.2222,-0.2078,True
B11-M-134,FCPI,EM7,2025-05-01,2025-08-01,4,238.8055,236.3,229.7,3.9641,2.8733,1.0908,False
B11-M-134,FCPI,EM7,2025-05-01,2025-09-01,5,239.2468,236.6,227.9,4.9789,3.8175,1.1614,False
B11-M-134,FCPI,EM7,2025-05-01,2025-10-01,6,239.8929,236.4,227.1,5.6332,4.0951,1.5381,False
B11-M-134,FCPI,EM7,2025-05-01,2025-11-01,7,241.061,236.1,228.0,5.7285,3.5526,2.1759,False
B11-M-134,FCPI,EM7,2025-05-01,2025-12-01,8,242.8009,244.3,233.9,3.8054,4.4463,-0.6409,False
B11-M-134,FCPI,EM7,2025-05-01,2026-01-01,9,243.2188,244.3,236.3,2.928,3.3855,-0.4576,True
B11-M-134,FCPI,EM7,2025-05-01,2026-02-01,10,243.357,239.4,236.8,2.769,1.098,1.671,False
B11-M-134,FCPI,EM7,2025-05-01,2026-03-01,11,244.0331,237.9,236.2,3.3163,0.7197,2.5966,False
B11-M-134,FCPI,EM7,2025-05-01,2026-04-01,12,244.4983,240.4,237.8,2.8168,1.0934,1.7234,False
B11-M-135,FCPI,EM7,2025-06-01,2025-06-01,1,244.1401,242.5,232.8,4.8712,4.1667,0.7045,False
B11-M-135,FCPI,EM7,2025-06-01,2025-07-01,2,244.3548,239.2,234.0,4.4251,2.2222,2.2029,False
B11-M-135,FCPI,EM7,2025-06-01,2025-08-01,3,242.8522,236.3,229.7,5.7258,2.8733,2.8525,False
B11-M-135,FCPI,EM7,2025-06-01,2025-09-01,4,243.5844,236.6,227.9,6.8821,3.8175,3.0647,False
B11-M-135,FCPI,EM7,2025-06-01,2025-10-01,5,244.5651,236.4,227.1,7.6905,4.0951,3.5954,False
B11-M-135,FCPI,EM7,2025-06-01,2025-11-01,6,247.6174,236.1,228.0,8.6041,3.5526,5.0515,False
B11-M-135,FCPI,EM7,2025-06-01,2025-12-01,7,252.7779,244.3,233.9,8.0709,4.4463,3.6246,False
B11-M-135,FCPI,EM7,2025-06-01,2026-01-01,8,255.4876,244.3,236.3,8.12,3.3855,4.7345,False
B11-M-135,FCPI,EM7,2025-06-01,2026-02-01,9,252.6419,239.4,236.8,6.69,1.098,5.592,False
B11-M-135,FCPI,EM7,2025-06-01,2026-03-01,10,250.1389,237.9,236.2,5.9013,0.7197,5.1816,False
B11-M-135,FCPI,EM7,2025-06-01,2026-04-01,11,251.7715,240.4,237.8,5.8753,1.0934,4.782,False
B11-M-135,FCPI,EM7,2025-06-01,2026-05-01,12,255.3716,244.3,240.6,6.1395,1.5378,4.6016,False
B11-M-136,FCPI,EM7,2025-07-01,2025-07-01,1,239.3717,239.2,234.0,2.2956,2.2222,0.0734,True
B11-M-136,FCPI,EM7,2025-07-01,2025-08-01,2,238.6582,236.3,229.7,3.9,2.8733,1.0267,False
B11-M-136,FCPI,EM7,2025-07-01,2025-09-01,3,238.8225,236.6,227.9,4.7927,3.8175,0.9752,False
B11-M-136,FCPI,EM7,2025-07-01,2025-10-01,4,239.2681,236.4,227.1,5.358,4.0951,1.2629,False
B11-M-136,FCPI,EM7,2025-07-01,2025-11-01,5,240.9521,236.1,228.0,5.6808,3.5526,2.1281,False
B11-M-136,FCPI,EM7,2025-07-01,2025-12-01,6,243.541,244.3,233.9,4.1219,4.4463,-0.3245,True
B11-M-136,FCPI,EM7,2025-07-01,2026-01-01,7,244.2886,244.3,236.3,3.3807,3.3855,-0.0048,True
B11-M-136,FCPI,EM7,2025-07-01,2026-02-01,8,244.3267,239.4,236.8,3.1785,1.098,2.0805,False
B11-M-136,FCPI,EM7,2025-07-01,2026-03-01,9,243.7463,237.9,236.2,3.1949,0.7197,2.4752,False
B11-M-136,FCPI,EM7,2025-07-01,2026-04-01,10,243.5905,240.4,237.8,2.435,1.0934,1.3417,False
B11-M-136,FCPI,EM7,2025-07-01,2026-05-01,11,245.7326,244.3,240.6,2.1333,1.5378,0.5954,False
B11-M-136,FCPI,EM7,2025-07-01,2026-06-01,12,248.4093,250.5,242.5,2.4368,3.299,-0.8621,False
B11-M-137,FCPI,EM7,2025-08-01,2025-08-01,1,235.9588,236.3,229.7,2.7248,2.8733,-0.1486,True
B11-M-137,FCPI,EM7,2025-08-01,2025-09-01,2,235.2046,236.6,227.9,3.2052,3.8175,-0.6123,False
B11-M-137,FCPI,EM7,2025-08-01,2025-10-01,3,235.5057,236.4,227.1,3.7013,4.0951,-0.3938,True
B11-M-137,FCPI,EM7,2025-08-01,2025-11-01,4,237.0843,236.1,228.0,3.9843,3.5526,0.4317,True
B11-M-137,FCPI,EM7,2025-08-01,2025-12-01,5,238.5187,244.3,233.9,1.9746,4.4463,-2.4717,False
B11-M-137,FCPI,EM7,2025-08-01,2026-01-01,6,238.1025,244.3,236.3,0.7628,3.3855,-2.6227,False
B11-M-137,FCPI,EM7,2025-08-01,2026-02-01,7,236.5916,239.4,236.8,-0.088,1.098,-1.186,False
B11-M-137,FCPI,EM7,2025-08-01,2026-03-01,8,235.7473,237.9,236.2,-0.1917,0.7197,-0.9114,False
B11-M-137,FCPI,EM7,2025-08-01,2026-04-01,9,236.8319,240.4,237.8,-0.4071,1.0934,-1.5005,False
B11-M-137,FCPI,EM7,2025-08-01,2026-05-01,10,237.8764,244.3,240.6,-1.132,1.5378,-2.6698,False
B11-M-137,FCPI,EM7,2025-08-01,2026-06-01,11,239.703,250.5,242.5,-1.1534,3.299,-4.4524,False
B11-M-137,FCPI,EM7,2025-08-01,2026-07-01,12,239.07,250.9,239.2,-0.0544,4.8913,-4.9457,False
B11-M-138,FCPI,EM7,2025-09-01,2025-09-01,1,239.3203,236.6,227.9,5.0111,3.8175,1.1936,False
B11-M-138,FCPI,EM7,2025-09-01,2025-10-01,2,238.6657,236.4,227.1,5.0928,4.0951,0.9977,False
B11-M-138,FCPI,EM7,2025-09-01,2025-11-01,3,239.1719,236.1,228.0,4.9,3.5526,1.3473,False
B11-M-138,FCPI,EM7,2025-09-01,2025-12-01,4,242.4155,244.3,233.9,3.6407,4.4463,-0.8057,False
B11-M-138,FCPI,EM7,2025-09-01,2026-01-01,5,242.9656,244.3,236.3,2.8208,3.3855,-0.5647,False
B11-M-138,FCPI,EM7,2025-09-01,2026-02-01,6,243.6617,239.4,236.8,2.8977,1.098,1.7997,False
B11-M-138,FCPI,EM7,2025-09-01,2026-03-01,7,244.9754,237.9,236.2,3.7152,0.7197,2.9955,False
B11-M-138,FCPI,EM7,2025-09-01,2026-04-01,8,248.098,240.4,237.8,4.3305,1.0934,3.2372,False
B11-M-138,FCPI,EM7,2025-09-01,2026-05-01,9,250.4967,244.3,240.6,4.1134,1.5378,2.5755,False
B11-M-138,FCPI,EM7,2025-09-01,2026-06-01,10,250.7381,250.5,242.5,3.3971,3.299,0.0982,True
B11-M-138,FCPI,EM7,2025-09-01,2026-07-01,11,251.9722,250.9,239.2,5.3395,4.8913,0.4482,True
B11-M-138,FCPI,EM7,2025-09-01,2026-08-01,12,255.0294,251.9,236.3,7.9261,6.6018,1.3243,False
B11-M-139,FCPI,EM8,2025-04-01,2025-04-01,1,237.5128,237.8,231.1,2.7749,2.8992,-0.1243,True
B11-M-139,FCPI,EM8,2025-04-01,2025-05-01,2,236.5018,240.6,227.3,4.0483,5.8513,-1.803,False
B11-M-139,FCPI,EM8,2025-04-01,2025-06-01,3,237.5823,242.5,232.8,2.0542,4.1667,-2.1124,False
B11-M-139,FCPI,EM8,2025-04-01,2025-07-01,4,238.9954,239.2,234.0,2.1348,2.2222,-0.0875,True
B11-M-139,FCPI,EM8,2025-04-01,2025-08-01,5,240.6047,236.3,229.7,4.7474,2.8733,1.874,False
B11-M-139,FCPI,EM8,2025-04-01,2025-09-01,6,243.0425,236.6,227.9,6.6444,3.8175,2.8269,False
B11-M-139,FCPI,EM8,2025-04-01,2025-10-01,7,246.2674,236.4,227.1,8.4401,4.0951,4.345,False
B11-M-139,FCPI,EM8,2025-04-01,2025-11-01,8,250.3715,236.1,228.0,9.8121,3.5526,6.2594,False
B11-M-139,FCPI,EM8,2025-04-01,2025-12-01,9,255.6955,244.3,233.9,9.3183,4.4463,4.872,False
B11-M-139,FCPI,EM8,2025-04-01,2026-01-01,10,256.7633,244.3,236.3,8.6599,3.3855,5.2744,False
B11-M-139,FCPI,EM8,2025-04-01,2026-02-01,11,258.3037,239.4,236.8,9.081,1.098,7.983,False
B11-M-139,FCPI,EM8,2025-04-01,2026-03-01,12,260.0285,237.9,236.2,10.0883,0.7197,9.3686,False
B11-M-140,FCPI,EM8,2025-05-01,2025-05-01,1,240.3119,240.6,227.3,5.7245,5.8513,-0.1268,True
B11-M-140,FCPI,EM8,2025-05-01,2025-06-01,2,244.9282,242.5,232.8,5.2097,4.1667,1.043,False
B11-M-140,FCPI,EM8,2025-05-01,2025-07-01,3,244.1628,239.2,234.0,4.3431,2.2222,2.1209,False
B11-M-140,FCPI,EM8,2025-05-01,2025-08-01,4,241.3468,236.3,229.7,5.0704,2.8733,2.1971,False
B11-M-140,FCPI,EM8,2025-05-01,2025-09-01,5,241.7553,236.6,227.9,6.0795,3.8175,2.2621,False
B11-M-140,FCPI,EM8,2025-05-01,2025-10-01,6,243.0175,236.4,227.1,7.009,4.0951,2.9139,False
B11-M-140,FCPI,EM8,2025-05-01,2025-11-01,7,245.9066,236.1,228.0,7.8538,3.5526,4.3011,False
B11-M-140,FCPI,EM8,2025-05-01,2025-12-01,8,249.407,244.3,233.9,6.6298,4.4463,2.1834,False
B11-M-140,FCPI,EM8,2025-05-01,2026-01-01,9,250.1335,244.3,236.3,5.8542,3.3855,2.4687,False
B11-M-140,FCPI,EM8,2025-05-01,2026-02-01,10,247.5036,239.4,236.8,4.5201,1.098,3.4221,False
B11-M-140,FCPI,EM8,2025-05-01,2026-03-01,11,244.863,237.9,236.2,3.6676,0.7197,2.9479,False
B11-M-140,FCPI,EM8,2025-05-01,2026-04-01,12,245.494,240.4,237.8,3.2355,1.0934,2.1421,False
B11-M-141,FCPI,EM8,2025-06-01,2025-06-01,1,248.12,242.5,232.8,6.5807,4.1667,2.4141,False
B11-M-141,FCPI,EM8,2025-06-01,2025-07-01,2,247.134,239.2,234.0,5.6128,2.2222,3.3906,False
B11-M-141,FCPI,EM8,2025-06-01,2025-08-01,3,243.1438,236.3,229.7,5.8527,2.8733,2.9794,False
B11-M-141,FCPI,EM8,2025-06-01,2025-09-01,4,241.6924,236.6,227.9,6.052,3.8175,2.2345,False
B11-M-141,FCPI,EM8,2025-06-01,2025-10-01,5,242.9443,236.4,227.1,6.9768,4.0951,2.8817,False
B11-M-141,FCPI,EM8,2025-06-01,2025-11-01,6,248.0888,236.1,228.0,8.8109,3.5526,5.2582,False
B11-M-141,FCPI,EM8,2025-06-01,2025-12-01,7,252.2597,244.3,233.9,7.8494,4.4463,3.403,False
B11-M-141,FCPI,EM8,2025-06-01,2026-01-01,8,252.8286,244.3,236.3,6.9948,3.3855,3.6092,False
B11-M-141,FCPI,EM8,2025-06-01,2026-02-01,9,249.1905,239.4,236.8,5.2325,1.098,4.1345,False
B11-M-141,FCPI,EM8,2025-06-01,2026-03-01,10,244.5505,237.9,236.2,3.5354,0.7197,2.8156,False
B11-M-141,FCPI,EM8,2025-06-01,2026-04-01,11,247.2274,240.4,237.8,3.9644,1.0934,2.871,False
B11-M-141,FCPI,EM8,2025-06-01,2026-05-01,12,250.0146,244.3,240.6,3.913,1.5378,2.3751,False
B11-M-142,FCPI,EM8,2025-07-01,2025-07-01,1,241.2628,239.2,234.0,3.1038,2.2222,0.8815,False
B11-M-142,FCPI,EM8,2025-07-01,2025-08-01,2,239.4764,236.3,229.7,4.2561,2.8733,1.3828,False
B11-M-142,FCPI,EM8,2025-07-01,2025-09-01,3,238.9337,236.6,227.9,4.8414,3.8175,1.024,False
B11-M-142,FCPI,EM8,2025-07-01,2025-10-01,4,238.8621,236.4,227.1,5.1792,4.0951,1.0841,False
B11-M-142,FCPI,EM8,2025-07-01,2025-11-01,5,241.5539,236.1,228.0,5.9447,3.5526,2.3921,False
B11-M-142,FCPI,EM8,2025-07-01,2025-12-01,6,244.7306,244.3,233.9,4.6305,4.4463,0.1841,True
B11-M-142,FCPI,EM8,2025-07-01,2026-01-01,7,244.6138,244.3,236.3,3.5183,3.3855,0.1328,True
B11-M-142,FCPI,EM8,2025-07-01,2026-02-01,8,243.0448,239.4,236.8,2.6372,1.098,1.5392,False
B11-M-142,FCPI,EM8,2025-07-01,2026-03-01,9,241.0862,237.9,236.2,2.0687,0.7197,1.3489,False
B11-M-142,FCPI,EM8,2025-07-01,2026-04-01,10,241.6017,240.4,237.8,1.5987,1.0934,0.5053,False
B11-M-142,FCPI,EM8,2025-07-01,2026-05-01,11,244.0288,244.3,240.6,1.4251,1.5378,-0.1127,True
B11-M-142,FCPI,EM8,2025-07-01,2026-06-01,12,247.3003,250.5,242.5,1.9795,3.299,-1.3195,False
B11-M-143,FCPI,EM8,2025-08-01,2025-08-01,1,237.8623,236.3,229.7,3.5535,2.8733,0.6801,False
B11-M-143,FCPI,EM8,2025-08-01,2025-09-01,2,237.4115,236.6,227.9,4.1736,3.8175,0.3561,True
B11-M-143,FCPI,EM8,2025-08-01,2025-10-01,3,238.0544,236.4,227.1,4.8236,4.0951,0.7285,False
B11-M-143,FCPI,EM8,2025-08-01,2025-11-01,4,239.2435,236.1,228.0,4.9314,3.5526,1.3787,False
B11-M-143,FCPI,EM8,2025-08-01,2025-12-01,5,240.8851,244.3,233.9,2.9864,4.4463,-1.46,False
B11-M-143,FCPI,EM8,2025-08-01,2026-01-01,6,241.0088,244.3,236.3,1.9927,3.3855,-1.3928,False
B11-M-143,FCPI,EM8,2025-08-01,2026-02-01,7,238.988,239.4,236.8,0.924,1.098,-0.174,True
B11-M-143,FCPI,EM8,2025-08-01,2026-03-01,8,238.1523,237.9,236.2,0.8265,0.7197,0.1068,True
B11-M-143,FCPI,EM8,2025-08-01,2026-04-01,9,239.9294,240.4,237.8,0.8955,1.0934,-0.1979,True
B11-M-143,FCPI,EM8,2025-08-01,2026-05-01,10,241.7728,244.3,240.6,0.4875,1.5378,-1.0504,False
B11-M-143,FCPI,EM8,2025-08-01,2026-06-01,11,243.7245,250.5,242.5,0.5049,3.299,-2.794,False
B11-M-143,FCPI,EM8,2025-08-01,2026-07-01,12,243.4361,250.9,239.2,1.7709,4.8913,-3.1204,False
B11-M-144,FCPI,EM8,2025-09-01,2025-09-01,1,236.3872,236.6,227.9,3.7241,3.8175,-0.0934,True
B11-M-144,FCPI,EM8,2025-09-01,2025-10-01,2,237.0948,236.4,227.1,4.4011,4.0951,0.306,True
B11-M-144,FCPI,EM8,2025-09-01,2025-11-01,3,238.0116,236.1,228.0,4.3911,3.5526,0.8384,False
B11-M-144,FCPI,EM8,2025-09-01,2025-12-01,4,239.5683,244.3,233.9,2.4234,4.4463,-2.0229,False
B11-M-144,FCPI,EM8,2025-09-01,2026-01-01,5,240.7437,244.3,236.3,1.8806,3.3855,-1.505,False
B11-M-144,FCPI,EM8,2025-09-01,2026-02-01,6,241.6357,239.4,236.8,2.0421,1.098,0.9441,False
B11-M-144,FCPI,EM8,2025-09-01,2026-03-01,7,242.4025,237.9,236.2,2.6259,0.7197,1.9062,False
B11-M-144,FCPI,EM8,2025-09-01,2026-04-01,8,243.4476,240.4,237.8,2.3749,1.0934,1.2816,False
B11-M-144,FCPI,EM8,2025-09-01,2026-05-01,9,244.638,244.3,240.6,1.6783,1.5378,0.1405,True
B11-M-144,FCPI,EM8,2025-09-01,2026-06-01,10,245.7099,250.5,242.5,1.3237,3.299,-1.9753,False
B11-M-144,FCPI,EM8,2025-09-01,2026-07-01,11,246.1277,250.9,239.2,2.8962,4.8913,-1.9951,False
B11-M-144,FCPI,EM8,2025-09-01,2026-08-01,12,246.5938,251.9,236.3,4.3562,6.6018,-2.2455,False
B11-M-145,FCPI,EM9,2025-04-01,2025-04-01,1,235.4207,237.8,231.1,1.8696,2.8992,-1.0295,False
B11-M-145,FCPI,EM9,2025-04-01,2025-05-01,2,236.5766,240.6,227.3,4.0812,5.8513,-1.7701,False
B11-M-145,FCPI,EM9,2025-04-01,2025-06-01,3,238.5558,242.5,232.8,2.4724,4.1667,-1.6942,False
B11-M-145,FCPI,EM9,2025-04-01,2025-07-01,4,238.7172,239.2,234.0,2.0159,2.2222,-0.2063,True
B11-M-145,FCPI,EM9,2025-04-01,2025-08-01,5,238.3893,236.3,229.7,3.7829,2.8733,0.9096,False
B11-M-145,FCPI,EM9,2025-04-01,2025-09-01,6,238.7372,236.6,227.9,4.7552,3.8175,0.9378,False
B11-M-145,FCPI,EM9,2025-04-01,2025-10-01,7,239.2494,236.4,227.1,5.3498,4.0951,1.2547,False
B11-M-145,FCPI,EM9,2025-04-01,2025-11-01,8,240.1951,236.1,228.0,5.3487,3.5526,1.7961,False
B11-M-145,FCPI,EM9,2025-04-01,2025-12-01,9,241.1076,244.3,233.9,3.0815,4.4463,-1.3649,False
B11-M-145,FCPI,EM9,2025-04-01,2026-01-01,10,241.0344,244.3,236.3,2.0035,3.3855,-1.382,False
B11-M-145,FCPI,EM9,2025-04-01,2026-02-01,11,240.6112,239.4,236.8,1.6095,1.098,0.5115,False
B11-M-145,FCPI,EM9,2025-04-01,2026-03-01,12,240.2409,237.9,236.2,1.7108,0.7197,0.9911,False
B11-M-146,FCPI,EM9,2025-05-01,2025-05-01,1,238.857,240.6,227.3,5.0845,5.8513,-0.7668,False
B11-M-146,FCPI,EM9,2025-05-01,2025-06-01,2,240.7302,242.5,232.8,3.4064,4.1667,-0.7602,False
B11-M-146,FCPI,EM9,2025-05-01,2025-07-01,3,240.9117,239.2,234.0,2.9537,2.2222,0.7315,False
B11-M-146,FCPI,EM9,2025-05-01,2025-08-01,4,240.6219,236.3,229.7,4.7548,2.8733,1.8815,False
B11-M-146,FCPI,EM9,2025-05-01,2025-09-01,5,240.8134,236.6,227.9,5.6663,3.8175,1.8488,False
B11-M-146,FCPI,EM9,2025-05-01,2025-10-01,6,241.0871,236.4,227.1,6.159,4.0951,2.0639,False
B11-M-146,FCPI,EM9,2025-05-01,2025-11-01,7,242.1051,236.1,228.0,6.1865,3.5526,2.6338,False
B11-M-146,FCPI,EM9,2025-05-01,2025-12-01,8,243.1587,244.3,233.9,3.9584,4.4463,-0.4879,True
B11-M-146,FCPI,EM9,2025-05-01,2026-01-01,9,243.5585,244.3,236.3,3.0717,3.3855,-0.3138,True
B11-M-146,FCPI,EM9,2025-05-01,2026-02-01,10,243.0852,239.4,236.8,2.6542,1.098,1.5563,False
B11-M-146,FCPI,EM9,2025-05-01,2026-03-01,11,242.5505,237.9,236.2,2.6886,0.7197,1.9689,False
B11-M-146,FCPI,EM9,2025-05-01,2026-04-01,12,243.3415,240.4,237.8,2.3303,1.0934,1.237,False
B11-M-147,FCPI,EM9,2025-06-01,2025-06-01,1,243.5037,242.5,232.8,4.5978,4.1667,0.4311,True
B11-M-147,FCPI,EM9,2025-06-01,2025-07-01,2,243.8278,239.2,234.0,4.1999,2.2222,1.9777,False
B11-M-147,FCPI,EM9,2025-06-01,2025-08-01,3,242.412,236.3,229.7,5.5342,2.8733,2.6608,False
B11-M-147,FCPI,EM9,2025-06-01,2025-09-01,4,242.652,236.6,227.9,6.473,3.8175,2.6555,False
B11-M-147,FCPI,EM9,2025-06-01,2025-10-01,5,243.328,236.4,227.1,7.1458,4.0951,3.0506,False
B11-M-147,FCPI,EM9,2025-06-01,2025-11-01,6,245.3388,236.1,228.0,7.6047,3.5526,4.0521,False
B11-M-147,FCPI,EM9,2025-06-01,2025-12-01,7,247.9513,244.3,233.9,6.0074,4.4463,1.561,False
B11-M-147,FCPI,EM9,2025-06-01,2026-01-01,8,248.4365,244.3,236.3,5.136,3.3855,1.7505,False
B11-M-147,FCPI,EM9,2025-06-01,2026-02-01,9,246.9364,239.4,236.8,4.2806,1.098,3.1826,False
B11-M-147,FCPI,EM9,2025-06-01,2026-03-01,10,245.8139,237.9,236.2,4.0702,0.7197,3.3505,False
B11-M-147,FCPI,EM9,2025-06-01,2026-04-01,11,246.912,240.4,237.8,3.8318,1.0934,2.7384,False
B11-M-147,FCPI,EM9,2025-06-01,2026-05-01,12,249.3034,244.3,240.6,3.6174,1.5378,2.0796,False
B11-M-148,FCPI,EM9,2025-07-01,2025-07-01,1,241.7537,239.2,234.0,3.3136,2.2222,1.0913,False
B11-M-148,FCPI,EM9,2025-07-01,2025-08-01,2,241.5538,236.3,229.7,5.1605,2.8733,2.2872,False
B11-M-148,FCPI,EM9,2025-07-01,2025-09-01,3,241.9217,236.6,227.9,6.1526,3.8175,2.3351,False
B11-M-148,FCPI,EM9,2025-07-01,2025-10-01,4,242.3374,236.4,227.1,6.7096,4.0951,2.6145,False
B11-M-148,FCPI,EM9,2025-07-01,2025-11-01,5,243.8267,236.1,228.0,6.9415,3.5526,3.3889,False
B11-M-148,FCPI,EM9,2025-07-01,2025-12-01,6,245.5783,244.3,233.9,4.9929,4.4463,0.5465,False
B11-M-148,FCPI,EM9,2025-07-01,2026-01-01,7,246.7308,244.3,236.3,4.4142,3.3855,1.0287,False
B11-M-148,FCPI,EM9,2025-07-01,2026-02-01,8,246.6819,239.4,236.8,4.1731,1.098,3.0751,False
B11-M-148,FCPI,EM9,2025-07-01,2026-03-01,9,246.1987,237.9,236.2,4.2332,0.7197,3.5134,False
B11-M-148,FCPI,EM9,2025-07-01,2026-04-01,10,246.867,240.4,237.8,3.8129,1.0934,2.7195,False
B11-M-148,FCPI,EM9,2025-07-01,2026-05-01,11,248.5886,244.3,240.6,3.3203,1.5378,1.7825,False
B11-M-148,FCPI,EM9,2025-07-01,2026-06-01,12,251.7251,250.5,242.5,3.8042,3.299,0.5052,False
B11-M-149,FCPI,EM9,2025-08-01,2025-08-01,1,236.4844,236.3,229.7,2.9536,2.8733,0.0803,True
B11-M-149,FCPI,EM9,2025-08-01,2025-09-01,2,236.5047,236.6,227.9,3.7757,3.8175,-0.0418,True
B11-M-149,FCPI,EM9,2025-08-01,2025-10-01,3,237.2845,236.4,227.1,4.4846,4.0951,0.3895,True
B11-M-149,FCPI,EM9,2025-08-01,2025-11-01,4,240.1429,236.1,228.0,5.3258,3.5526,1.7732,False
B11-M-149,FCPI,EM9,2025-08-01,2025-12-01,5,242.9091,244.3,233.9,3.8517,4.4463,-0.5947,False
B11-M-149,FCPI,EM9,2025-08-01,2026-01-01,6,243.2984,244.3,236.3,2.9617,3.3855,-0.4239,True
B11-M-149,FCPI,EM9,2025-08-01,2026-02-01,7,240.7549,239.4,236.8,1.6701,1.098,0.5722,False
B11-M-149,FCPI,EM9,2025-08-01,2026-03-01,8,238.0831,237.9,236.2,0.7973,0.7197,0.0775,True
B11-M-149,FCPI,EM9,2025-08-01,2026-04-01,9,239.0701,240.4,237.8,0.5341,1.0934,-0.5593,False
B11-M-149,FCPI,EM9,2025-08-01,2026-05-01,10,241.3987,244.3,240.6,0.3319,1.5378,-1.2059,False
B11-M-149,FCPI,EM9,2025-08-01,2026-06-01,11,245.9831,250.5,242.5,1.4363,3.299,-1.8626,False
B11-M-149,FCPI,EM9,2025-08-01,2026-07-01,12,245.9358,250.9,239.2,2.816,4.8913,-2.0753,False
B11-M-150,FCPI,EM9,2025-09-01,2025-09-01,1,236.84,236.6,227.9,3.9228,3.8175,0.1053,True
B11-M-150,FCPI,EM9,2025-09-01,2025-10-01,2,237.3039,236.4,227.1,4.4932,4.0951,0.398,True
B11-M-150,FCPI,EM9,2025-09-01,2025-11-01,3,238.5075,236.1,228.0,4.6085,3.5526,1.0559,False
B11-M-150,FCPI,EM9,2025-09-01,2025-12-01,4,240.1754,244.3,233.9,2.6829,4.4463,-1.7634,False
B11-M-150,FCPI,EM9,2025-09-01,2026-01-01,5,241.1196,244.3,236.3,2.0396,3.3855,-1.3459,False
B11-M-150,FCPI,EM9,2025-09-01,2026-02-01,6,240.2946,239.4,236.8,1.4757,1.098,0.3778,True
B11-M-150,FCPI,EM9,2025-09-01,2026-03-01,7,239.6285,237.9,236.2,1.4515,0.7197,0.7318,False
B11-M-150,FCPI,EM9,2025-09-01,2026-04-01,8,240.7195,240.4,237.8,1.2277,1.0934,0.1344,True
B11-M-150,FCPI,EM9,2025-09-01,2026-05-01,9,242.418,244.3,240.6,0.7556,1.5378,-0.7822,False
B11-M-150,FCPI,EM9,2025-09-01,2026-06-01,10,244.9465,250.5,242.5,1.0089,3.299,-2.2901,False
B11-M-150,FCPI,EM9,2025-09-01,2026-07-01,11,245.3346,250.9,239.2,2.5646,4.8913,-2.3267,False
B11-M-150,FCPI,EM9,2025-09-01,2026-08-01,12,244.9806,251.9,236.3,3.6736,6.6018,-2.9282,False
B11-M-151,FCPI,EM10,2025-04-01,2025-04-01,1,235.3904,237.8,231.1,1.8565,2.8992,-1.0427,False
B11-M-151,FCPI,EM10,2025-04-01,2025-05-01,2,236.5009,240.6,227.3,4.0479,5.8513,-1.8034,False
B11-M-151,FCPI,EM10,2025-04-01,2025-06-01,3,238.3881,242.5,232.8,2.4004,4.1667,-1.7663,False
B11-M-151,FCPI,EM10,2025-04-01,2025-07-01,4,238.5598,239.2,234.0,1.9486,2.2222,-0.2736,True
B11-M-151,FCPI,EM10,2025-04-01,2025-08-01,5,238.2739,236.3,229.7,3.7327,2.8733,0.8593,False
B11-M-151,FCPI,EM10,2025-04-01,2025-09-01,6,238.6295,236.6,227.9,4.708,3.8175,0.8905,False
B11-M-151,FCPI,EM10,2025-04-01,2025-10-01,7,239.1325,236.4,227.1,5.2983,4.0951,1.2032,False
B11-M-151,FCPI,EM10,2025-04-01,2025-11-01,8,240.0264,236.1,228.0,5.2747,3.5526,1.7221,False
B11-M-151,FCPI,EM10,2025-04-01,2025-12-01,9,240.8912,244.3,233.9,2.989,4.4463,-1.4574,False
B11-M-151,FCPI,EM10,2025-04-01,2026-01-01,10,240.8203,244.3,236.3,1.913,3.3855,-1.4726,False
B11-M-151,FCPI,EM10,2025-04-01,2026-02-01,11,240.4508,239.4,236.8,1.5417,1.098,0.4437,True
B11-M-151,FCPI,EM10,2025-04-01,2026-03-01,12,240.1395,237.9,236.2,1.6679,0.7197,0.9481,False
B11-M-152,FCPI,EM10,2025-05-01,2025-05-01,1,238.9103,240.6,227.3,5.1079,5.8513,-0.7434,False
B11-M-152,FCPI,EM10,2025-05-01,2025-06-01,2,240.9069,242.5,232.8,3.4823,4.1667,-0.6843,False
B11-M-152,FCPI,EM10,2025-05-01,2025-07-01,3,241.058,239.2,234.0,3.0162,2.2222,0.794,False
B11-M-152,FCPI,EM10,2025-05-01,2025-08-01,4,240.7054,236.3,229.7,4.7912,2.8733,1.9179,False
B11-M-152,FCPI,EM10,2025-05-01,2025-09-01,5,240.8808,236.6,227.9,5.6958,3.8175,1.8784,False
B11-M-152,FCPI,EM10,2025-05-01,2025-10-01,6,241.1586,236.4,227.1,6.1905,4.0951,2.0954,False
B11-M-152,FCPI,EM10,2025-05-01,2025-11-01,7,242.2469,236.1,228.0,6.2487,3.5526,2.696,False
B11-M-152,FCPI,EM10,2025-05-01,2025-12-01,8,243.3576,244.3,233.9,4.0434,4.4463,-0.4029,True
B11-M-152,FCPI,EM10,2025-05-01,2026-01-01,9,243.7458,244.3,236.3,3.151,3.3855,-0.2345,True
B11-M-152,FCPI,EM10,2025-05-01,2026-02-01,10,243.1946,239.4,236.8,2.7004,1.098,1.6024,False
B11-M-152,FCPI,EM10,2025-05-01,2026-03-01,11,242.5743,237.9,236.2,2.6987,0.7197,1.979,False
B11-M-152,FCPI,EM10,2025-05-01,2026-04-01,12,243.4015,240.4,237.8,2.3555,1.0934,1.2622,False
B11-M-153,FCPI,EM10,2025-06-01,2025-06-01,1,243.3486,242.5,232.8,4.5312,4.1667,0.3645,True
B11-M-153,FCPI,EM10,2025-06-01,2025-07-01,2,243.7681,239.2,234.0,4.1744,2.2222,1.9522,False
B11-M-153,FCPI,EM10,2025-06-01,2025-08-01,3,242.4103,236.3,229.7,5.5335,2.8733,2.6601,False
B11-M-153,FCPI,EM10,2025-06-01,2025-09-01,4,242.7862,236.6,227.9,6.5319,3.8175,2.7144,False
B11-M-153,FCPI,EM10,2025-06-01,2025-10-01,5,243.4089,236.4,227.1,7.1814,4.0951,3.0863,False
B11-M-153,FCPI,EM10,2025-06-01,2025-11-01,6,245.3503,236.1,228.0,7.6098,3.5526,4.0572,False
B11-M-153,FCPI,EM10,2025-06-01,2025-12-01,7,247.8776,244.3,233.9,5.9759,4.4463,1.5295,False
B11-M-153,FCPI,EM10,2025-06-01,2026-01-01,8,248.4273,244.3,236.3,5.1322,3.3855,1.7466,False
B11-M-153,FCPI,EM10,2025-06-01,2026-02-01,9,246.9901,239.4,236.8,4.3033,1.098,3.2053,False
B11-M-153,FCPI,EM10,2025-06-01,2026-03-01,10,246.1141,237.9,236.2,4.1973,0.7197,3.4776,False
B11-M-153,FCPI,EM10,2025-06-01,2026-04-01,11,247.2058,240.4,237.8,3.9553,1.0934,2.862,False
B11-M-153,FCPI,EM10,2025-06-01,2026-05-01,12,249.5011,244.3,240.6,3.6996,1.5378,2.1617,False
B11-M-154,FCPI,EM10,2025-07-01,2025-07-01,1,241.9582,239.2,234.0,3.401,2.2222,1.1787,False
B11-M-154,FCPI,EM10,2025-07-01,2025-08-01,2,241.8413,236.3,229.7,5.2857,2.8733,2.4124,False
B11-M-154,FCPI,EM10,2025-07-01,2025-09-01,3,242.1828,236.6,227.9,6.2671,3.8175,2.4497,False
B11-M-154,FCPI,EM10,2025-07-01,2025-10-01,4,242.6088,236.4,227.1,6.8291,4.0951,2.7339,False
B11-M-154,FCPI,EM10,2025-07-01,2025-11-01,5,244.1551,236.1,228.0,7.0856,3.5526,3.533,False
B11-M-154,FCPI,EM10,2025-07-01,2025-12-01,6,245.9389,244.3,233.9,5.147,4.4463,0.7007,False
B11-M-154,FCPI,EM10,2025-07-01,2026-01-01,7,247.0619,244.3,236.3,4.5543,3.3855,1.1688,False
B11-M-154,FCPI,EM10,2025-07-01,2026-02-01,8,246.9399,239.4,236.8,4.282,1.098,3.1841,False
B11-M-154,FCPI,EM10,2025-07-01,2026-03-01,9,246.4608,237.9,236.2,4.3441,0.7197,3.6244,False
B11-M-154,FCPI,EM10,2025-07-01,2026-04-01,10,247.1741,240.4,237.8,3.942,1.0934,2.8487,False
B11-M-154,FCPI,EM10,2025-07-01,2026-05-01,11,248.9242,244.3,240.6,3.4598,1.5378,1.9219,False
B11-M-154,FCPI,EM10,2025-07-01,2026-06-01,12,252.2067,250.5,242.5,4.0028,3.299,0.7038,False
B11-M-155,FCPI,EM10,2025-08-01,2025-08-01,1,236.9953,236.3,229.7,3.176,2.8733,0.3027,True
B11-M-155,FCPI,EM10,2025-08-01,2025-09-01,2,237.0154,236.6,227.9,3.9997,3.8175,0.1823,True
B11-M-155,FCPI,EM10,2025-08-01,2025-10-01,3,237.959,236.4,227.1,4.7816,4.0951,0.6865,False
B11-M-155,FCPI,EM10,2025-08-01,2025-11-01,4,240.8524,236.1,228.0,5.637,3.5526,2.0844,False
B11-M-155,FCPI,EM10,2025-08-01,2025-12-01,5,243.5018,244.3,233.9,4.1051,4.4463,-0.3413,True
B11-M-155,FCPI,EM10,2025-08-01,2026-01-01,6,243.6971,244.3,236.3,3.1304,3.3855,-0.2552,True
B11-M-155,FCPI,EM10,2025-08-01,2026-02-01,7,240.9758,239.4,236.8,1.7634,1.098,0.6655,False
B11-M-155,FCPI,EM10,2025-08-01,2026-03-01,8,238.2712,237.9,236.2,0.8769,0.7197,0.1572,True
B11-M-155,FCPI,EM10,2025-08-01,2026-04-01,9,239.3202,240.4,237.8,0.6393,1.0934,-0.4541,True
B11-M-155,FCPI,EM10,2025-08-01,2026-05-01,10,241.6518,244.3,240.6,0.4371,1.5378,-1.1007,False
B11-M-155,FCPI,EM10,2025-08-01,2026-06-01,11,246.1787,250.5,242.5,1.517,3.299,-1.782,False
B11-M-155,FCPI,EM10,2025-08-01,2026-07-01,12,246.0131,250.9,239.2,2.8483,4.8913,-2.043,False
B11-M-156,FCPI,EM10,2025-09-01,2025-09-01,1,236.7527,236.6,227.9,3.8845,3.8175,0.067,True
B11-M-156,FCPI,EM10,2025-09-01,2025-10-01,2,237.2198,236.4,227.1,4.4561,4.0951,0.361,True
B11-M-156,FCPI,EM10,2025-09-01,2025-11-01,3,238.3766,236.1,228.0,4.5511,3.5526,0.9985,False
B11-M-156,FCPI,EM10,2025-09-01,2025-12-01,4,240.2756,244.3,233.9,2.7258,4.4463,-1.7206,False
B11-M-156,FCPI,EM10,2025-09-01,2026-01-01,5,241.2992,244.3,236.3,2.1156,3.3855,-1.2699,False
B11-M-156,FCPI,EM10,2025-09-01,2026-02-01,6,240.5245,239.4,236.8,1.5729,1.098,0.4749,True
B11-M-156,FCPI,EM10,2025-09-01,2026-03-01,7,239.8785,237.9,236.2,1.5574,0.7197,0.8377,False
B11-M-156,FCPI,EM10,2025-09-01,2026-04-01,8,241.1989,240.4,237.8,1.4293,1.0934,0.336,True
B11-M-156,FCPI,EM10,2025-09-01,2026-05-01,9,243.0466,244.3,240.6,1.0169,1.5378,-0.521,False
B11-M-156,FCPI,EM10,2025-09-01,2026-06-01,10,245.3621,250.5,242.5,1.1802,3.299,-2.1187,False
B11-M-156,FCPI,EM10,2025-09-01,2026-07-01,11,245.6709,250.9,239.2,2.7052,4.8913,-2.1861,False
B11-M-156,FCPI,EM10,2025-09-01,2026-08-01,12,245.7069,251.9,236.3,3.9809,6.6018,-2.6209,False
B11-M-157,FCPI,EM11,2025-04-01,2025-04-01,1,235.3904,237.8,231.1,1.8565,2.8992,-1.0427,False
B11-M-157,FCPI,EM11,2025-04-01,2025-05-01,2,236.5009,240.6,227.3,4.0479,5.8513,-1.8034,False
B11-M-157,FCPI,EM11,2025-04-01,2025-06-01,3,238.3881,242.5,232.8,2.4004,4.1667,-1.7663,False
B11-M-157,FCPI,EM11,2025-04-01,2025-07-01,4,238.5598,239.2,234.0,1.9486,2.2222,-0.2736,True
B11-M-157,FCPI,EM11,2025-04-01,2025-08-01,5,238.2739,236.3,229.7,3.7327,2.8733,0.8593,False
B11-M-157,FCPI,EM11,2025-04-01,2025-09-01,6,238.6295,236.6,227.9,4.708,3.8175,0.8905,False
B11-M-157,FCPI,EM11,2025-04-01,2025-10-01,7,239.1325,236.4,227.1,5.2983,4.0951,1.2032,False
B11-M-157,FCPI,EM11,2025-04-01,2025-11-01,8,240.0264,236.1,228.0,5.2747,3.5526,1.7221,False
B11-M-157,FCPI,EM11,2025-04-01,2025-12-01,9,240.8912,244.3,233.9,2.989,4.4463,-1.4574,False
B11-M-157,FCPI,EM11,2025-04-01,2026-01-01,10,240.8203,244.3,236.3,1.913,3.3855,-1.4726,False
B11-M-157,FCPI,EM11,2025-04-01,2026-02-01,11,240.4508,239.4,236.8,1.5417,1.098,0.4437,True
B11-M-157,FCPI,EM11,2025-04-01,2026-03-01,12,240.1395,237.9,236.2,1.6679,0.7197,0.9481,False
B11-M-158,FCPI,EM11,2025-05-01,2025-05-01,1,238.8296,240.6,227.3,5.0724,5.8513,-0.7789,False
B11-M-158,FCPI,EM11,2025-05-01,2025-06-01,2,240.6391,242.5,232.8,3.3673,4.1667,-0.7994,False
B11-M-158,FCPI,EM11,2025-05-01,2025-07-01,3,240.8363,239.2,234.0,2.9215,2.2222,0.6993,False
B11-M-158,FCPI,EM11,2025-05-01,2025-08-01,4,240.5788,236.3,229.7,4.7361,2.8733,1.8628,False
B11-M-158,FCPI,EM11,2025-05-01,2025-09-01,5,240.7787,236.6,227.9,5.651,3.8175,1.8336,False
B11-M-158,FCPI,EM11,2025-05-01,2025-10-01,6,241.0502,236.4,227.1,6.1428,4.0951,2.0477,False
B11-M-158,FCPI,EM11,2025-05-01,2025-11-01,7,242.032,236.1,228.0,6.1544,3.5526,2.6018,False
B11-M-158,FCPI,EM11,2025-05-01,2025-12-01,8,243.0562,244.3,233.9,3.9146,4.4463,-0.5318,False
B11-M-158,FCPI,EM11,2025-05-01,2026-01-01,9,243.462,244.3,236.3,3.0309,3.3855,-0.3546,True
B11-M-158,FCPI,EM11,2025-05-01,2026-02-01,10,243.0289,239.4,236.8,2.6304,1.098,1.5325,False
B11-M-158,FCPI,EM11,2025-05-01,2026-03-01,11,242.5382,237.9,236.2,2.6834,0.7197,1.9637,False
B11-M-158,FCPI,EM11,2025-05-01,2026-04-01,12,243.3106,240.4,237.8,2.3173,1.0934,1.224,False
B11-M-159,FCPI,EM11,2025-06-01,2025-06-01,1,243.4018,242.5,232.8,4.554,4.1667,0.3874,True
B11-M-159,FCPI,EM11,2025-06-01,2025-07-01,2,243.729,239.2,234.0,4.1577,2.2222,1.9355,False
B11-M-159,FCPI,EM11,2025-06-01,2025-08-01,3,242.4194,236.3,229.7,5.5374,2.8733,2.6641,False
B11-M-159,FCPI,EM11,2025-06-01,2025-09-01,4,242.6605,236.6,227.9,6.4768,3.8175,2.6593,False
B11-M-159,FCPI,EM11,2025-06-01,2025-10-01,5,243.3037,236.4,227.1,7.135,4.0951,3.0399,False
B11-M-159,FCPI,EM11,2025-06-01,2025-11-01,6,245.2112,236.1,228.0,7.5488,3.5526,3.9961,False
B11-M-159,FCPI,EM11,2025-06-01,2025-12-01,7,247.6922,244.3,233.9,5.8966,4.4463,1.4503,False
B11-M-159,FCPI,EM11,2025-06-01,2026-01-01,8,248.1769,244.3,236.3,5.0262,3.3855,1.6407,False
B11-M-159,FCPI,EM11,2025-06-01,2026-02-01,9,246.7843,239.4,236.8,4.2163,1.098,3.1184,False
B11-M-159,FCPI,EM11,2025-06-01,2026-03-01,10,245.7312,237.9,236.2,4.0352,0.7197,3.3155,False
B11-M-159,FCPI,EM11,2025-06-01,2026-04-01,11,246.7993,240.4,237.8,3.7844,1.0934,2.691,False
B11-M-159,FCPI,EM11,2025-06-01,2026-05-01,12,249.0709,244.3,240.6,3.5207,1.5378,1.9829,False
B11-M-160,FCPI,EM11,2025-07-01,2025-07-01,1,241.8508,239.2,234.0,3.355,2.2222,1.1328,False
B11-M-160,FCPI,EM11,2025-07-01,2025-08-01,2,241.6447,236.3,229.7,5.2001,2.8733,2.3268,False
B11-M-160,FCPI,EM11,2025-07-01,2025-09-01,3,242.016,236.6,227.9,6.1939,3.8175,2.3765,False
B11-M-160,FCPI,EM11,2025-07-01,2025-10-01,4,242.4333,236.4,227.1,6.7518,4.0951,2.6567,False
B11-M-160,FCPI,EM11,2025-07-01,2025-11-01,5,243.924,236.1,228.0,6.9842,3.5526,3.4316,False
B11-M-160,FCPI,EM11,2025-07-01,2025-12-01,6,245.6836,244.3,233.9,5.0379,4.4463,0.5915,False
B11-M-160,FCPI,EM11,2025-07-01,2026-01-01,7,246.828,244.3,236.3,4.4553,3.3855,1.0698,False
B11-M-160,FCPI,EM11,2025-07-01,2026-02-01,8,246.7576,239.4,236.8,4.2051,1.098,3.1071,False
B11-M-160,FCPI,EM11,2025-07-01,2026-03-01,9,246.2678,237.9,236.2,4.2624,0.7197,3.5427,False
B11-M-160,FCPI,EM11,2025-07-01,2026-04-01,10,246.9723,240.4,237.8,3.8571,1.0934,2.7638,False
B11-M-160,FCPI,EM11,2025-07-01,2026-05-01,11,248.7012,244.3,240.6,3.3671,1.5378,1.8292,False
B11-M-160,FCPI,EM11,2025-07-01,2026-06-01,12,251.8411,250.5,242.5,3.852,3.299,0.553,False
B11-M-161,FCPI,EM11,2025-08-01,2025-08-01,1,237.026,236.3,229.7,3.1894,2.8733,0.3161,True
B11-M-161,FCPI,EM11,2025-08-01,2025-09-01,2,237.0434,236.6,227.9,4.012,3.8175,0.1946,True
B11-M-161,FCPI,EM11,2025-08-01,2025-10-01,3,237.953,236.4,227.1,4.779,4.0951,0.6839,False
B11-M-161,FCPI,EM11,2025-08-01,2025-11-01,4,240.877,236.1,228.0,5.6478,3.5526,2.0952,False
B11-M-161,FCPI,EM11,2025-08-01,2025-12-01,5,243.605,244.3,233.9,4.1492,4.4463,-0.2972,True
B11-M-161,FCPI,EM11,2025-08-01,2026-01-01,6,243.8391,244.3,236.3,3.1905,3.3855,-0.1951,True
B11-M-161,FCPI,EM11,2025-08-01,2026-02-01,7,241.1145,239.4,236.8,1.822,1.098,0.724,False
B11-M-161,FCPI,EM11,2025-08-01,2026-03-01,8,238.3751,237.9,236.2,0.9209,0.7197,0.2011,True
B11-M-161,FCPI,EM11,2025-08-01,2026-04-01,9,239.5227,240.4,237.8,0.7244,1.0934,-0.3689,True
B11-M-161,FCPI,EM11,2025-08-01,2026-05-01,10,241.9362,244.3,240.6,0.5554,1.5378,-0.9825,False
B11-M-161,FCPI,EM11,2025-08-01,2026-06-01,11,246.6362,250.5,242.5,1.7056,3.299,-1.5933,False
B11-M-161,FCPI,EM11,2025-08-01,2026-07-01,12,246.4877,250.9,239.2,3.0467,4.8913,-1.8446,False
B11-M-162,FCPI,EM11,2025-09-01,2025-09-01,1,236.8777,236.6,227.9,3.9393,3.8175,0.1219,True
B11-M-162,FCPI,EM11,2025-09-01,2025-10-01,2,237.318,236.4,227.1,4.4993,4.0951,0.4042,True
B11-M-162,FCPI,EM11,2025-09-01,2025-11-01,3,238.4768,236.1,228.0,4.5951,3.5526,1.0424,False
B11-M-162,FCPI,EM11,2025-09-01,2025-12-01,4,240.1093,244.3,233.9,2.6547,4.4463,-1.7917,False
B11-M-162,FCPI,EM11,2025-09-01,2026-01-01,5,241.0525,244.3,236.3,2.0112,3.3855,-1.3743,False
B11-M-162,FCPI,EM11,2025-09-01,2026-02-01,6,240.2928,239.4,236.8,1.475,1.098,0.377,True
B11-M-162,FCPI,EM11,2025-09-01,2026-03-01,7,239.6584,237.9,236.2,1.4642,0.7197,0.7445,False
B11-M-162,FCPI,EM11,2025-09-01,2026-04-01,8,240.751,240.4,237.8,1.241,1.0934,0.1476,True
B11-M-162,FCPI,EM11,2025-09-01,2026-05-01,9,242.4253,244.3,240.6,0.7587,1.5378,-0.7792,False
B11-M-162,FCPI,EM11,2025-09-01,2026-06-01,10,244.9191,250.5,242.5,0.9976,3.299,-2.3014,False
B11-M-162,FCPI,EM11,2025-09-01,2026-07-01,11,245.3121,250.9,239.2,2.5552,4.8913,-2.3361,False
B11-M-162,FCPI,EM11,2025-09-01,2026-08-01,12,244.9934,251.9,236.3,3.679,6.6018,-2.9228,False
B11-M-163,FCPI,EM12,2025-04-01,2025-04-01,1,237.5375,237.8,231.1,2.7856,2.8992,-0.1136,True
B11-M-163,FCPI,EM12,2025-04-01,2025-05-01,2,236.9386,240.6,227.3,4.2405,5.8513,-1.6108,False
B11-M-163,FCPI,EM12,2025-04-01,2025-06-01,3,238.2851,242.5,232.8,2.3561,4.1667,-1.8105,False
B11-M-163,FCPI,EM12,2025-04-01,2025-07-01,4,239.5025,239.2,234.0,2.3515,2.2222,0.1293,True
B11-M-163,FCPI,EM12,2025-04-01,2025-08-01,5,240.7517,236.3,229.7,4.8114,2.8733,1.9381,False
B11-M-163,FCPI,EM12,2025-04-01,2025-09-01,6,242.8412,236.6,227.9,6.556,3.8175,2.7386,False
B11-M-163,FCPI,EM12,2025-04-01,2025-10-01,7,245.7017,236.4,227.1,8.191,4.0951,4.0959,False
B11-M-163,FCPI,EM12,2025-04-01,2025-11-01,8,249.465,236.1,228.0,9.4145,3.5526,5.8619,False
B11-M-163,FCPI,EM12,2025-04-01,2025-12-01,9,254.2176,244.3,233.9,8.6865,4.4463,4.2401,False
B11-M-163,FCPI,EM12,2025-04-01,2026-01-01,10,255.1593,244.3,236.3,7.9811,3.3855,4.5955,False
B11-M-163,FCPI,EM12,2025-04-01,2026-02-01,11,256.3108,239.4,236.8,8.2393,1.098,7.1414,False
B11-M-163,FCPI,EM12,2025-04-01,2026-03-01,12,257.5916,237.9,236.2,9.0565,0.7197,8.3368,False
B11-M-164,FCPI,EM12,2025-05-01,2025-05-01,1,240.0626,240.6,227.3,5.6149,5.8513,-0.2364,True
B11-M-164,FCPI,EM12,2025-05-01,2025-06-01,2,244.8435,242.5,232.8,5.1733,4.1667,1.0066,False
B11-M-164,FCPI,EM12,2025-05-01,2025-07-01,3,244.3245,239.2,234.0,4.4122,2.2222,2.1899,False
B11-M-164,FCPI,EM12,2025-05-01,2025-08-01,4,242.581,236.3,229.7,5.6078,2.8733,2.7344,False
B11-M-164,FCPI,EM12,2025-05-01,2025-09-01,5,242.5612,236.6,227.9,6.4332,3.8175,2.6157,False
B11-M-164,FCPI,EM12,2025-05-01,2025-10-01,6,243.5389,236.4,227.1,7.2386,4.0951,3.1435,False
B11-M-164,FCPI,EM12,2025-05-01,2025-11-01,7,247.4453,236.1,228.0,8.5287,3.5526,4.976,False
B11-M-164,FCPI,EM12,2025-05-01,2025-12-01,8,250.9414,244.3,233.9,7.2858,4.4463,2.8394,False
B11-M-164,FCPI,EM12,2025-05-01,2026-01-01,9,251.1198,244.3,236.3,6.2716,3.3855,2.8861,False
B11-M-164,FCPI,EM12,2025-05-01,2026-02-01,10,248.4349,239.4,236.8,4.9134,1.098,3.8154,False
B11-M-164,FCPI,EM12,2025-05-01,2026-03-01,11,245.7739,237.9,236.2,4.0533,0.7197,3.3336,False
B11-M-164,FCPI,EM12,2025-05-01,2026-04-01,12,247.0972,240.4,237.8,3.9097,1.0934,2.8163,False
B11-M-165,FCPI,EM12,2025-06-01,2025-06-01,1,243.9839,242.5,232.8,4.8041,4.1667,0.6374,False
B11-M-165,FCPI,EM12,2025-06-01,2025-07-01,2,244.15,239.2,234.0,4.3376,2.2222,2.1154,False
B11-M-165,FCPI,EM12,2025-06-01,2025-08-01,3,240.7306,236.3,229.7,4.8022,2.8733,1.9289,False
B11-M-165,FCPI,EM12,2025-06-01,2025-09-01,4,241.3896,236.6,227.9,5.9191,3.8175,2.1016,False
B11-M-165,FCPI,EM12,2025-06-01,2025-10-01,5,242.7842,236.4,227.1,6.9063,4.0951,2.8112,False
B11-M-165,FCPI,EM12,2025-06-01,2025-11-01,6,247.1982,236.1,228.0,8.4203,3.5526,4.8676,False
B11-M-165,FCPI,EM12,2025-06-01,2025-12-01,7,253.3894,244.3,233.9,8.3323,4.4463,3.886,False
B11-M-165,FCPI,EM12,2025-06-01,2026-01-01,8,255.547,244.3,236.3,8.1452,3.3855,4.7596,False
B11-M-165,FCPI,EM12,2025-06-01,2026-02-01,9,250.7161,239.4,236.8,5.8767,1.098,4.7788,False
B11-M-165,FCPI,EM12,2025-06-01,2026-03-01,10,247.7416,237.9,236.2,4.8864,0.7197,4.1666,False
B11-M-165,FCPI,EM12,2025-06-01,2026-04-01,11,248.7997,240.4,237.8,4.6256,1.0934,3.5323,False
B11-M-165,FCPI,EM12,2025-06-01,2026-05-01,12,253.6188,244.3,240.6,5.411,1.5378,3.8732,False
B11-M-166,FCPI,EM12,2025-07-01,2025-07-01,1,241.4971,239.2,234.0,3.2039,2.2222,0.9817,False
B11-M-166,FCPI,EM12,2025-07-01,2025-08-01,2,240.5279,236.3,229.7,4.7139,2.8733,1.8406,False
B11-M-166,FCPI,EM12,2025-07-01,2025-09-01,3,240.5791,236.6,227.9,5.5634,3.8175,1.746,False
B11-M-166,FCPI,EM12,2025-07-01,2025-10-01,4,241.1279,236.4,227.1,6.177,4.0951,2.0818,False
B11-M-166,FCPI,EM12,2025-07-01,2025-11-01,5,243.2032,236.1,228.0,6.668,3.5526,3.1154,False
B11-M-166,FCPI,EM12,2025-07-01,2025-12-01,6,245.4156,244.3,233.9,4.9233,4.4463,0.477,True
B11-M-166,FCPI,EM12,2025-07-01,2026-01-01,7,245.5832,244.3,236.3,3.9286,3.3855,0.543,False
B11-M-166,FCPI,EM12,2025-07-01,2026-02-01,8,244.373,239.4,236.8,3.198,1.098,2.1001,False
B11-M-166,FCPI,EM12,2025-07-01,2026-03-01,9,242.9306,237.9,236.2,2.8495,0.7197,2.1298,False
B11-M-166,FCPI,EM12,2025-07-01,2026-04-01,10,243.4101,240.4,237.8,2.3592,1.0934,1.2658,False
B11-M-166,FCPI,EM12,2025-07-01,2026-05-01,11,245.483,244.3,240.6,2.0295,1.5378,0.4917,True
B11-M-166,FCPI,EM12,2025-07-01,2026-06-01,12,248.9097,250.5,242.5,2.6432,3.299,-0.6558,False
B11-M-167,FCPI,EM12,2025-08-01,2025-08-01,1,237.3124,236.3,229.7,3.3141,2.8733,0.4408,True
B11-M-167,FCPI,EM12,2025-08-01,2025-09-01,2,236.6103,236.6,227.9,3.822,3.8175,0.0045,True
B11-M-167,FCPI,EM12,2025-08-01,2025-10-01,3,236.9305,236.4,227.1,4.3287,4.0951,0.2336,True
B11-M-167,FCPI,EM12,2025-08-01,2025-11-01,4,238.2815,236.1,228.0,4.5094,3.5526,0.9568,False
B11-M-167,FCPI,EM12,2025-08-01,2025-12-01,5,238.5544,244.3,233.9,1.9899,4.4463,-2.4564,False
B11-M-167,FCPI,EM12,2025-08-01,2026-01-01,6,237.427,244.3,236.3,0.4769,3.3855,-2.9086,False
B11-M-167,FCPI,EM12,2025-08-01,2026-02-01,7,235.5596,239.4,236.8,-0.5238,1.098,-1.6218,False
B11-M-167,FCPI,EM12,2025-08-01,2026-03-01,8,234.821,237.9,236.2,-0.5838,0.7197,-1.3035,False
B11-M-167,FCPI,EM12,2025-08-01,2026-04-01,9,235.4484,240.4,237.8,-0.9889,1.0934,-2.0822,False
B11-M-167,FCPI,EM12,2025-08-01,2026-05-01,10,235.8473,244.3,240.6,-1.9754,1.5378,-3.5132,False
B11-M-167,FCPI,EM12,2025-08-01,2026-06-01,11,236.7274,250.5,242.5,-2.3805,3.299,-5.6794,False
B11-M-167,FCPI,EM12,2025-08-01,2026-07-01,12,236.2911,250.9,239.2,-1.2161,4.8913,-6.1074,False
B11-M-168,FCPI,EM12,2025-09-01,2025-09-01,1,236.4135,236.6,227.9,3.7356,3.8175,-0.0818,True
B11-M-168,FCPI,EM12,2025-09-01,2025-10-01,2,236.9395,236.4,227.1,4.3327,4.0951,0.2376,True
B11-M-168,FCPI,EM12,2025-09-01,2025-11-01,3,238.5598,236.1,228.0,4.6315,3.5526,1.0788,False
B11-M-168,FCPI,EM12,2025-09-01,2025-12-01,4,240.6726,244.3,233.9,2.8955,4.4463,-1.5508,False
B11-M-168,FCPI,EM12,2025-09-01,2026-01-01,5,241.1113,244.3,236.3,2.0361,3.3855,-1.3494,False
B11-M-168,FCPI,EM12,2025-09-01,2026-02-01,6,240.244,239.4,236.8,1.4544,1.098,0.3564,True
B11-M-168,FCPI,EM12,2025-09-01,2026-03-01,7,239.148,237.9,236.2,1.2481,0.7197,0.5284,False
B11-M-168,FCPI,EM12,2025-09-01,2026-04-01,8,240.8298,240.4,237.8,1.2741,1.0934,0.1807,True
B11-M-168,FCPI,EM12,2025-09-01,2026-05-01,9,242.8214,244.3,240.6,0.9233,1.5378,-0.6146,False
B11-M-168,FCPI,EM12,2025-09-01,2026-06-01,10,245.8528,250.5,242.5,1.3826,3.299,-1.9164,False
B11-M-168,FCPI,EM12,2025-09-01,2026-07-01,11,245.7488,250.9,239.2,2.7378,4.8913,-2.1535,False
B11-M-168,FCPI,EM12,2025-09-01,2026-08-01,12,244.7741,251.9,236.3,3.5862,6.6018,-3.0156,False
B11-M-169,FCPI,EM13,2025-04-01,2025-04-01,1,237.0059,237.8,231.1,2.5556,2.8992,-0.3436,True
B11-M-169,FCPI,EM13,2025-04-01,2025-05-01,2,236.3994,240.6,227.3,4.0033,5.8513,-1.848,False
B11-M-169,FCPI,EM13,2025-04-01,2025-06-01,3,238.0624,242.5,232.8,2.2605,4.1667,-1.9062,False
B11-M-169,FCPI,EM13,2025-04-01,2025-07-01,4,239.7977,239.2,234.0,2.4776,2.2222,0.2554,True
B11-M-169,FCPI,EM13,2025-04-01,2025-08-01,5,241.7491,236.3,229.7,5.2456,2.8733,2.3722,False
B11-M-169,FCPI,EM13,2025-04-01,2025-09-01,6,244.68,236.6,227.9,7.3629,3.8175,3.5454,False
B11-M-169,FCPI,EM13,2025-04-01,2025-10-01,7,248.574,236.4,227.1,9.4558,4.0951,5.3606,False
B11-M-169,FCPI,EM13,2025-04-01,2025-11-01,8,253.5229,236.1,228.0,11.1942,3.5526,7.6416,False
B11-M-169,FCPI,EM13,2025-04-01,2025-12-01,9,259.6344,244.3,233.9,11.0023,4.4463,6.556,False
B11-M-169,FCPI,EM13,2025-04-01,2026-01-01,10,260.8308,244.3,236.3,10.3812,3.3855,6.9957,False
B11-M-169,FCPI,EM13,2025-04-01,2026-02-01,11,262.5339,239.4,236.8,10.8674,1.098,9.7694,False
B11-M-169,FCPI,EM13,2025-04-01,2026-03-01,12,264.5158,237.9,236.2,11.9881,0.7197,11.2683,False
B11-M-170,FCPI,EM13,2025-05-01,2025-05-01,1,238.0303,240.6,227.3,4.7207,5.8513,-1.1305,False
B11-M-170,FCPI,EM13,2025-05-01,2025-06-01,2,240.9009,242.5,232.8,3.4798,4.1667,-0.6869,False
B11-M-170,FCPI,EM13,2025-05-01,2025-07-01,3,240.8585,239.2,234.0,2.931,2.2222,0.7087,False
B11-M-170,FCPI,EM13,2025-05-01,2025-08-01,4,239.8147,236.3,229.7,4.4034,2.8733,1.5301,False
B11-M-170,FCPI,EM13,2025-05-01,2025-09-01,5,239.8326,236.6,227.9,5.2359,3.8175,1.4184,False
B11-M-170,FCPI,EM13,2025-05-01,2025-10-01,6,240.2991,236.4,227.1,5.812,4.0951,1.7169,False
B11-M-170,FCPI,EM13,2025-05-01,2025-11-01,7,242.3645,236.1,228.0,6.3002,3.5526,2.7476,False
B11-M-170,FCPI,EM13,2025-05-01,2025-12-01,8,244.6591,244.3,233.9,4.5999,4.4463,0.1535,True
B11-M-170,FCPI,EM13,2025-05-01,2026-01-01,9,244.6417,244.3,236.3,3.5301,3.3855,0.1446,True
B11-M-170,FCPI,EM13,2025-05-01,2026-02-01,10,243.225,239.4,236.8,2.7133,1.098,1.6153,False
B11-M-170,FCPI,EM13,2025-05-01,2026-03-01,11,242.2466,237.9,236.2,2.56,0.7197,1.8402,False
B11-M-170,FCPI,EM13,2025-05-01,2026-04-01,12,243.0385,240.4,237.8,2.2029,1.0934,1.1095,False
B11-M-171,FCPI,EM13,2025-06-01,2025-06-01,1,243.6702,242.5,232.8,4.6693,4.1667,0.5027,False
B11-M-171,FCPI,EM13,2025-06-01,2025-07-01,2,243.5407,239.2,234.0,4.0772,2.2222,1.855,False
B11-M-171,FCPI,EM13,2025-06-01,2025-08-01,3,239.8673,236.3,229.7,4.4263,2.8733,1.553,False
B11-M-171,FCPI,EM13,2025-06-01,2025-09-01,4,240.3717,236.6,227.9,5.4724,3.8175,1.655,False
B11-M-171,FCPI,EM13,2025-06-01,2025-10-01,5,242.3808,236.4,227.1,6.7287,4.0951,2.6336,False
B11-M-171,FCPI,EM13,2025-06-01,2025-11-01,6,248.1118,236.1,228.0,8.821,3.5526,5.2683,False
B11-M-171,FCPI,EM13,2025-06-01,2025-12-01,7,256.6843,244.3,233.9,9.741,4.4463,5.2947,False
B11-M-171,FCPI,EM13,2025-06-01,2026-01-01,8,260.893,244.3,236.3,10.4075,3.3855,7.022,False
B11-M-171,FCPI,EM13,2025-06-01,2026-02-01,9,254.2027,239.4,236.8,7.3491,1.098,6.2511,False
B11-M-171,FCPI,EM13,2025-06-01,2026-03-01,10,249.1606,237.9,236.2,5.4871,0.7197,4.7674,False
B11-M-171,FCPI,EM13,2025-06-01,2026-04-01,11,249.7876,240.4,237.8,5.041,1.0934,3.9477,False
B11-M-171,FCPI,EM13,2025-06-01,2026-05-01,12,255.8941,244.3,240.6,6.3566,1.5378,4.8188,False
B11-M-172,FCPI,EM13,2025-07-01,2025-07-01,1,240.9153,239.2,234.0,2.9552,2.2222,0.733,False
B11-M-172,FCPI,EM13,2025-07-01,2025-08-01,2,239.6987,236.3,229.7,4.3529,2.8733,1.4796,False
B11-M-172,FCPI,EM13,2025-07-01,2025-09-01,3,239.4875,236.6,227.9,5.0845,3.8175,1.267,False
B11-M-172,FCPI,EM13,2025-07-01,2025-10-01,4,240.0568,236.4,227.1,5.7053,4.0951,1.6102,False
B11-M-172,FCPI,EM13,2025-07-01,2025-11-01,5,242.719,236.1,228.0,6.4557,3.5526,2.9031,False
B11-M-172,FCPI,EM13,2025-07-01,2025-12-01,6,245.4817,244.3,233.9,4.9515,4.4463,0.5052,False
B11-M-172,FCPI,EM13,2025-07-01,2026-01-01,7,245.8596,244.3,236.3,4.0455,3.3855,0.66,False
B11-M-172,FCPI,EM13,2025-07-01,2026-02-01,8,244.1412,239.4,236.8,3.1002,1.098,2.0022,False
B11-M-172,FCPI,EM13,2025-07-01,2026-03-01,9,242.1056,237.9,236.2,2.5003,0.7197,1.7805,False
B11-M-172,FCPI,EM13,2025-07-01,2026-04-01,10,242.6519,240.4,237.8,2.0403,1.0934,0.947,False
B11-M-172,FCPI,EM13,2025-07-01,2026-05-01,11,245.1358,244.3,240.6,1.8852,1.5378,0.3474,True
B11-M-172,FCPI,EM13,2025-07-01,2026-06-01,12,250.144,250.5,242.5,3.1521,3.299,-0.1468,True
B11-M-173,FCPI,EM13,2025-08-01,2025-08-01,1,237.7473,236.3,229.7,3.5034,2.8733,0.6301,False
B11-M-173,FCPI,EM13,2025-08-01,2025-09-01,2,237.07,236.6,227.9,4.0237,3.8175,0.2062,True
B11-M-173,FCPI,EM13,2025-08-01,2025-10-01,3,237.4151,236.4,227.1,4.5421,4.0951,0.447,True
B11-M-173,FCPI,EM13,2025-08-01,2025-11-01,4,238.6769,236.1,228.0,4.6829,3.5526,1.1302,False
B11-M-173,FCPI,EM13,2025-08-01,2025-12-01,5,238.9156,244.3,233.9,2.1443,4.4463,-2.302,False
B11-M-173,FCPI,EM13,2025-08-01,2026-01-01,6,237.6467,244.3,236.3,0.5699,3.3855,-2.8156,False
B11-M-173,FCPI,EM13,2025-08-01,2026-02-01,7,235.9746,239.4,236.8,-0.3486,1.098,-1.4465,False
B11-M-173,FCPI,EM13,2025-08-01,2026-03-01,8,235.4265,237.9,236.2,-0.3275,0.7197,-1.0472,False
B11-M-173,FCPI,EM13,2025-08-01,2026-04-01,9,236.2015,240.4,237.8,-0.6722,1.0934,-1.7656,False
B11-M-173,FCPI,EM13,2025-08-01,2026-05-01,10,236.6844,244.3,240.6,-1.6274,1.5378,-3.1652,False
B11-M-173,FCPI,EM13,2025-08-01,2026-06-01,11,237.5858,250.5,242.5,-2.0265,3.299,-5.3254,False
B11-M-173,FCPI,EM13,2025-08-01,2026-07-01,12,237.157,250.9,239.2,-0.8541,4.8913,-5.7454,False
B11-M-174,FCPI,EM13,2025-09-01,2025-09-01,1,236.9366,236.6,227.9,3.9651,3.8175,0.1477,True
B11-M-174,FCPI,EM13,2025-09-01,2025-10-01,2,237.3094,236.4,227.1,4.4955,4.0951,0.4004,True
B11-M-174,FCPI,EM13,2025-09-01,2025-11-01,3,239.7927,236.1,228.0,5.1723,3.5526,1.6196,False
B11-M-174,FCPI,EM13,2025-09-01,2025-12-01,4,242.4935,244.3,233.9,3.674,4.4463,-0.7724,False
B11-M-174,FCPI,EM13,2025-09-01,2026-01-01,5,242.5943,244.3,236.3,2.6637,3.3855,-0.7218,False
B11-M-174,FCPI,EM13,2025-09-01,2026-02-01,6,240.7487,239.4,236.8,1.6675,1.098,0.5696,False
B11-M-174,FCPI,EM13,2025-09-01,2026-03-01,7,238.4673,237.9,236.2,0.9599,0.7197,0.2402,True
B11-M-174,FCPI,EM13,2025-09-01,2026-04-01,8,241.1932,240.4,237.8,1.4269,1.0934,0.3336,True
B11-M-174,FCPI,EM13,2025-09-01,2026-05-01,9,244.0802,244.3,240.6,1.4465,1.5378,-0.0913,True
B11-M-174,FCPI,EM13,2025-09-01,2026-06-01,10,248.8788,250.5,242.5,2.6304,3.299,-0.6686,False
B11-M-174,FCPI,EM13,2025-09-01,2026-07-01,11,248.8607,250.9,239.2,4.0387,4.8913,-0.8526,False
B11-M-174,FCPI,EM13,2025-09-01,2026-08-01,12,247.0305,251.9,236.3,4.5411,6.6018,-2.0607,False
B11-M-175,FCPI,EM14,2025-04-01,2025-04-01,1,237.6238,237.8,231.1,2.8229,2.8992,-0.0762,True
B11-M-175,FCPI,EM14,2025-04-01,2025-05-01,2,236.5961,240.6,227.3,4.0898,5.8513,-1.7615,False
B11-M-175,FCPI,EM14,2025-04-01,2025-06-01,3,238.3734,242.5,232.8,2.3941,4.1667,-1.7726,False
B11-M-175,FCPI,EM14,2025-04-01,2025-07-01,4,240.2837,239.2,234.0,2.6854,2.2222,0.4631,True
B11-M-175,FCPI,EM14,2025-04-01,2025-08-01,5,242.5351,236.3,229.7,5.5878,2.8733,2.7145,False
B11-M-175,FCPI,EM14,2025-04-01,2025-09-01,6,246.2126,236.6,227.9,8.0354,3.8175,4.2179,False
B11-M-175,FCPI,EM14,2025-04-01,2025-10-01,7,250.9276,236.4,227.1,10.4921,4.0951,6.397,False
B11-M-175,FCPI,EM14,2025-04-01,2025-11-01,8,256.5623,236.1,228.0,12.5273,3.5526,8.9747,False
B11-M-175,FCPI,EM14,2025-04-01,2025-12-01,9,263.7267,244.3,233.9,12.7519,4.4463,8.3056,False
B11-M-175,FCPI,EM14,2025-04-01,2026-01-01,10,264.7391,244.3,236.3,12.0352,3.3855,8.6496,False
B11-M-175,FCPI,EM14,2025-04-01,2026-02-01,11,267.0478,239.4,236.8,12.7736,1.098,11.6756,False
B11-M-175,FCPI,EM14,2025-04-01,2026-03-01,12,269.7429,237.9,236.2,14.201,0.7197,13.4813,False
B11-M-176,FCPI,EM14,2025-05-01,2025-05-01,1,237.3606,240.6,227.3,4.4261,5.8513,-1.4252,False
B11-M-176,FCPI,EM14,2025-05-01,2025-06-01,2,238.3057,242.5,232.8,2.365,4.1667,-1.8017,False
B11-M-176,FCPI,EM14,2025-05-01,2025-07-01,3,238.9709,239.2,234.0,2.1243,2.2222,-0.0979,True
B11-M-176,FCPI,EM14,2025-05-01,2025-08-01,4,239.1811,236.3,229.7,4.1276,2.8733,1.2543,False
B11-M-176,FCPI,EM14,2025-05-01,2025-09-01,5,239.731,236.6,227.9,5.1913,3.8175,1.3738,False
B11-M-176,FCPI,EM14,2025-05-01,2025-10-01,6,240.4008,236.4,227.1,5.8568,4.0951,1.7617,False
B11-M-176,FCPI,EM14,2025-05-01,2025-11-01,7,241.6113,236.1,228.0,5.9699,3.5526,2.4172,False
B11-M-176,FCPI,EM14,2025-05-01,2025-12-01,8,243.266,244.3,233.9,4.0043,4.4463,-0.4421,True
B11-M-176,FCPI,EM14,2025-05-01,2026-01-01,9,243.6946,244.3,236.3,3.1293,3.3855,-0.2562,True
B11-M-176,FCPI,EM14,2025-05-01,2026-02-01,10,243.8137,239.4,236.8,2.9619,1.098,1.8639,False
B11-M-176,FCPI,EM14,2025-05-01,2026-03-01,11,244.437,237.9,236.2,3.4873,0.7197,2.7676,False
B11-M-176,FCPI,EM14,2025-05-01,2026-04-01,12,244.7531,240.4,237.8,2.9239,1.0934,1.8306,False
B11-M-177,FCPI,EM14,2025-06-01,2025-06-01,1,244.5963,242.5,232.8,5.0671,4.1667,0.9005,False
B11-M-177,FCPI,EM14,2025-06-01,2025-07-01,2,244.745,239.2,234.0,4.5919,2.2222,2.3696,False
B11-M-177,FCPI,EM14,2025-06-01,2025-08-01,3,243.0036,236.3,229.7,5.7917,2.8733,2.9184,False
B11-M-177,FCPI,EM14,2025-06-01,2025-09-01,4,244.1764,236.6,227.9,7.1419,3.8175,3.3245,False
B11-M-177,FCPI,EM14,2025-06-01,2025-10-01,5,245.3748,236.4,227.1,8.047,4.0951,3.9519,False
B11-M-177,FCPI,EM14,2025-06-01,2025-11-01,6,248.8225,236.1,228.0,9.1327,3.5526,5.58,False
B11-M-177,FCPI,EM14,2025-06-01,2025-12-01,7,254.1848,244.3,233.9,8.6724,4.4463,4.2261,False
B11-M-177,FCPI,EM14,2025-06-01,2026-01-01,8,256.9496,244.3,236.3,8.7387,3.3855,5.3532,False
B11-M-177,FCPI,EM14,2025-06-01,2026-02-01,9,253.332,239.4,236.8,6.9814,1.098,5.8835,False
B11-M-177,FCPI,EM14,2025-06-01,2026-03-01,10,250.9128,237.9,236.2,6.229,0.7197,5.5092,False
B11-M-177,FCPI,EM14,2025-06-01,2026-04-01,11,252.3279,240.4,237.8,6.1093,1.0934,5.0159,False
B11-M-177,FCPI,EM14,2025-06-01,2026-05-01,12,256.4028,244.3,240.6,6.5681,1.5378,5.0303,False
B11-M-178,FCPI,EM14,2025-07-01,2025-07-01,1,239.3542,239.2,234.0,2.2881,2.2222,0.0659,True
B11-M-178,FCPI,EM14,2025-07-01,2025-08-01,2,239.2163,236.3,229.7,4.1429,2.8733,1.2696,False
B11-M-178,FCPI,EM14,2025-07-01,2025-09-01,3,239.8251,236.6,227.9,5.2326,3.8175,1.4151,False
B11-M-178,FCPI,EM14,2025-07-01,2025-10-01,4,240.5356,236.4,227.1,5.9162,4.0951,1.821,False
B11-M-178,FCPI,EM14,2025-07-01,2025-11-01,5,242.1601,236.1,228.0,6.2106,3.5526,2.6579,False
B11-M-178,FCPI,EM14,2025-07-01,2025-12-01,6,244.5855,244.3,233.9,4.5684,4.4463,0.122,True
B11-M-178,FCPI,EM14,2025-07-01,2026-01-01,7,245.1844,244.3,236.3,3.7598,3.3855,0.3743,True
B11-M-178,FCPI,EM14,2025-07-01,2026-02-01,8,245.3135,239.4,236.8,3.5952,1.098,2.4973,False
B11-M-178,FCPI,EM14,2025-07-01,2026-03-01,9,244.7338,237.9,236.2,3.613,0.7197,2.8932,False
B11-M-178,FCPI,EM14,2025-07-01,2026-04-01,10,244.0778,240.4,237.8,2.64,1.0934,1.5466,False
B11-M-178,FCPI,EM14,2025-07-01,2026-05-01,11,246.0502,244.3,240.6,2.2653,1.5378,0.7275,False
B11-M-178,FCPI,EM14,2025-07-01,2026-06-01,12,248.6536,250.5,242.5,2.5376,3.299,-0.7614,False
B11-M-179,FCPI,EM14,2025-08-01,2025-08-01,1,236.6882,236.3,229.7,3.0423,2.8733,0.169,True
B11-M-179,FCPI,EM14,2025-08-01,2025-09-01,2,235.9837,236.6,227.9,3.547,3.8175,-0.2704,True
B11-M-179,FCPI,EM14,2025-08-01,2025-10-01,3,236.2566,236.4,227.1,4.032,4.0951,-0.0632,True
B11-M-179,FCPI,EM14,2025-08-01,2025-11-01,4,238.0077,236.1,228.0,4.3893,3.5526,0.8367,False
B11-M-179,FCPI,EM14,2025-08-01,2025-12-01,5,238.7367,244.3,233.9,2.0679,4.4463,-2.3785,False
B11-M-179,FCPI,EM14,2025-08-01,2026-01-01,6,237.8972,244.3,236.3,0.6759,3.3855,-2.7096,False
B11-M-179,FCPI,EM14,2025-08-01,2026-02-01,7,236.1385,239.4,236.8,-0.2793,1.098,-1.3773,False
B11-M-179,FCPI,EM14,2025-08-01,2026-03-01,8,235.3599,237.9,236.2,-0.3557,0.7197,-1.0754,False
B11-M-179,FCPI,EM14,2025-08-01,2026-04-01,9,236.3469,240.4,237.8,-0.6111,1.0934,-1.7044,False
B11-M-179,FCPI,EM14,2025-08-01,2026-05-01,10,237.0871,244.3,240.6,-1.4601,1.5378,-2.9979,False
B11-M-179,FCPI,EM14,2025-08-01,2026-06-01,11,238.6647,250.5,242.5,-1.5816,3.299,-4.8805,False
B11-M-179,FCPI,EM14,2025-08-01,2026-07-01,12,238.2524,250.9,239.2,-0.3961,4.8913,-5.2874,False
B11-M-180,FCPI,EM14,2025-09-01,2025-09-01,1,235.6113,236.6,227.9,3.3836,3.8175,-0.4338,True
B11-M-180,FCPI,EM14,2025-09-01,2025-10-01,2,235.7822,236.4,227.1,3.8231,4.0951,-0.272,True
B11-M-180,FCPI,EM14,2025-09-01,2025-11-01,3,237.0919,236.1,228.0,3.9877,3.5526,0.435,True
B11-M-180,FCPI,EM14,2025-09-01,2025-12-01,4,240.9006,244.3,233.9,2.993,4.4463,-1.4533,False
B11-M-180,FCPI,EM14,2025-09-01,2026-01-01,5,242.8329,244.3,236.3,2.7646,3.3855,-0.6209,False
B11-M-180,FCPI,EM14,2025-09-01,2026-02-01,6,242.9769,239.4,236.8,2.6085,1.098,1.5105,False
B11-M-180,FCPI,EM14,2025-09-01,2026-03-01,7,243.5322,237.9,236.2,3.1043,0.7197,2.3845,False
B11-M-180,FCPI,EM14,2025-09-01,2026-04-01,8,248.8329,240.4,237.8,4.6396,1.0934,3.5462,False
B11-M-180,FCPI,EM14,2025-09-01,2026-05-01,9,252.5267,244.3,240.6,4.9571,1.5378,3.4193,False
B11-M-180,FCPI,EM14,2025-09-01,2026-06-01,10,252.0087,250.5,242.5,3.9211,3.299,0.6221,False
B11-M-180,FCPI,EM14,2025-09-01,2026-07-01,11,252.3356,250.9,239.2,5.4915,4.8913,0.6002,False
B11-M-180,FCPI,EM14,2025-09-01,2026-08-01,12,255.2561,251.9,236.3,8.022,6.6018,1.4203,False
B11-M-181,FCPI,EM15,2025-04-01,2025-04-01,1,231.1,237.8,231.1,0.0,2.8992,-2.8992,False
B11-M-181,FCPI,EM15,2025-04-01,2025-05-01,2,227.3,240.6,227.3,0.0,5.8513,-5.8513,False
B11-M-181,FCPI,EM15,2025-04-01,2025-06-01,3,232.8,242.5,232.8,0.0,4.1667,-4.1667,False
B11-M-181,FCPI,EM15,2025-04-01,2025-07-01,4,234.0,239.2,234.0,0.0,2.2222,-2.2222,False
B11-M-181,FCPI,EM15,2025-04-01,2025-08-01,5,229.7,236.3,229.7,0.0,2.8733,-2.8733,False
B11-M-181,FCPI,EM15,2025-04-01,2025-09-01,6,227.9,236.6,227.9,0.0,3.8175,-3.8175,False
B11-M-181,FCPI,EM15,2025-04-01,2025-10-01,7,227.1,236.4,227.1,0.0,4.0951,-4.0951,False
B11-M-181,FCPI,EM15,2025-04-01,2025-11-01,8,228.0,236.1,228.0,0.0,3.5526,-3.5526,False
B11-M-181,FCPI,EM15,2025-04-01,2025-12-01,9,233.9,244.3,233.9,0.0,4.4463,-4.4463,False
B11-M-181,FCPI,EM15,2025-04-01,2026-01-01,10,236.3,244.3,236.3,0.0,3.3855,-3.3855,False
B11-M-181,FCPI,EM15,2025-04-01,2026-02-01,11,236.8,239.4,236.8,0.0,1.098,-1.098,False
B11-M-181,FCPI,EM15,2025-04-01,2026-03-01,12,236.2,237.9,236.2,0.0,0.7197,-0.7197,False
B11-M-182,FCPI,EM15,2025-05-01,2025-05-01,1,227.3,240.6,227.3,0.0,5.8513,-5.8513,False
B11-M-182,FCPI,EM15,2025-05-01,2025-06-01,2,232.8,242.5,232.8,0.0,4.1667,-4.1667,False
B11-M-182,FCPI,EM15,2025-05-01,2025-07-01,3,234.0,239.2,234.0,0.0,2.2222,-2.2222,False
B11-M-182,FCPI,EM15,2025-05-01,2025-08-01,4,229.7,236.3,229.7,0.0,2.8733,-2.8733,False
B11-M-182,FCPI,EM15,2025-05-01,2025-09-01,5,227.9,236.6,227.9,0.0,3.8175,-3.8175,False
B11-M-182,FCPI,EM15,2025-05-01,2025-10-01,6,227.1,236.4,227.1,0.0,4.0951,-4.0951,False
B11-M-182,FCPI,EM15,2025-05-01,2025-11-01,7,228.0,236.1,228.0,0.0,3.5526,-3.5526,False
B11-M-182,FCPI,EM15,2025-05-01,2025-12-01,8,233.9,244.3,233.9,0.0,4.4463,-4.4463,False
B11-M-182,FCPI,EM15,2025-05-01,2026-01-01,9,236.3,244.3,236.3,0.0,3.3855,-3.3855,False
B11-M-182,FCPI,EM15,2025-05-01,2026-02-01,10,236.8,239.4,236.8,0.0,1.098,-1.098,False
B11-M-182,FCPI,EM15,2025-05-01,2026-03-01,11,236.2,237.9,236.2,0.0,0.7197,-0.7197,False
B11-M-182,FCPI,EM15,2025-05-01,2026-04-01,12,237.8,240.4,237.8,0.0,1.0934,-1.0934,False
B11-M-183,FCPI,EM15,2025-06-01,2025-06-01,1,232.8,242.5,232.8,0.0,4.1667,-4.1667,False
B11-M-183,FCPI,EM15,2025-06-01,2025-07-01,2,234.0,239.2,234.0,0.0,2.2222,-2.2222,False
B11-M-183,FCPI,EM15,2025-06-01,2025-08-01,3,229.7,236.3,229.7,0.0,2.8733,-2.8733,False
B11-M-183,FCPI,EM15,2025-06-01,2025-09-01,4,227.9,236.6,227.9,0.0,3.8175,-3.8175,False
B11-M-183,FCPI,EM15,2025-06-01,2025-10-01,5,227.1,236.4,227.1,0.0,4.0951,-4.0951,False
B11-M-183,FCPI,EM15,2025-06-01,2025-11-01,6,228.0,236.1,228.0,0.0,3.5526,-3.5526,False
B11-M-183,FCPI,EM15,2025-06-01,2025-12-01,7,233.9,244.3,233.9,0.0,4.4463,-4.4463,False
B11-M-183,FCPI,EM15,2025-06-01,2026-01-01,8,236.3,244.3,236.3,0.0,3.3855,-3.3855,False
B11-M-183,FCPI,EM15,2025-06-01,2026-02-01,9,236.8,239.4,236.8,0.0,1.098,-1.098,False
B11-M-183,FCPI,EM15,2025-06-01,2026-03-01,10,236.2,237.9,236.2,0.0,0.7197,-0.7197,False
B11-M-183,FCPI,EM15,2025-06-01,2026-04-01,11,237.8,240.4,237.8,0.0,1.0934,-1.0934,False
B11-M-183,FCPI,EM15,2025-06-01,2026-05-01,12,240.6,244.3,240.6,0.0,1.5378,-1.5378,False
B11-M-184,FCPI,EM15,2025-07-01,2025-07-01,1,234.0,239.2,234.0,0.0,2.2222,-2.2222,False
B11-M-184,FCPI,EM15,2025-07-01,2025-08-01,2,229.7,236.3,229.7,0.0,2.8733,-2.8733,False
B11-M-184,FCPI,EM15,2025-07-01,2025-09-01,3,227.9,236.6,227.9,0.0,3.8175,-3.8175,False
B11-M-184,FCPI,EM15,2025-07-01,2025-10-01,4,227.1,236.4,227.1,0.0,4.0951,-4.0951,False
B11-M-184,FCPI,EM15,2025-07-01,2025-11-01,5,228.0,236.1,228.0,0.0,3.5526,-3.5526,False
B11-M-184,FCPI,EM15,2025-07-01,2025-12-01,6,233.9,244.3,233.9,0.0,4.4463,-4.4463,False
B11-M-184,FCPI,EM15,2025-07-01,2026-01-01,7,236.3,244.3,236.3,0.0,3.3855,-3.3855,False
B11-M-184,FCPI,EM15,2025-07-01,2026-02-01,8,236.8,239.4,236.8,0.0,1.098,-1.098,False
B11-M-184,FCPI,EM15,2025-07-01,2026-03-01,9,236.2,237.9,236.2,0.0,0.7197,-0.7197,False
B11-M-184,FCPI,EM15,2025-07-01,2026-04-01,10,237.8,240.4,237.8,0.0,1.0934,-1.0934,False
B11-M-184,FCPI,EM15,2025-07-01,2026-05-01,11,240.6,244.3,240.6,0.0,1.5378,-1.5378,False
B11-M-184,FCPI,EM15,2025-07-01,2026-06-01,12,242.5,250.5,242.5,0.0,3.299,-3.299,False
B11-M-185,FCPI,EM15,2025-08-01,2025-08-01,1,229.7,236.3,229.7,0.0,2.8733,-2.8733,False
B11-M-185,FCPI,EM15,2025-08-01,2025-09-01,2,227.9,236.6,227.9,0.0,3.8175,-3.8175,False
B11-M-185,FCPI,EM15,2025-08-01,2025-10-01,3,227.1,236.4,227.1,0.0,4.0951,-4.0951,False
B11-M-185,FCPI,EM15,2025-08-01,2025-11-01,4,228.0,236.1,228.0,0.0,3.5526,-3.5526,False
B11-M-185,FCPI,EM15,2025-08-01,2025-12-01,5,233.9,244.3,233.9,0.0,4.4463,-4.4463,False
B11-M-185,FCPI,EM15,2025-08-01,2026-01-01,6,236.3,244.3,236.3,0.0,3.3855,-3.3855,False
B11-M-185,FCPI,EM15,2025-08-01,2026-02-01,7,236.8,239.4,236.8,0.0,1.098,-1.098,False
B11-M-185,FCPI,EM15,2025-08-01,2026-03-01,8,236.2,237.9,236.2,0.0,0.7197,-0.7197,False
B11-M-185,FCPI,EM15,2025-08-01,2026-04-01,9,237.8,240.4,237.8,0.0,1.0934,-1.0934,False
B11-M-185,FCPI,EM15,2025-08-01,2026-05-01,10,240.6,244.3,240.6,0.0,1.5378,-1.5378,False
B11-M-185,FCPI,EM15,2025-08-01,2026-06-01,11,242.5,250.5,242.5,0.0,3.299,-3.299,False
B11-M-185,FCPI,EM15,2025-08-01,2026-07-01,12,239.2,250.9,239.2,0.0,4.8913,-4.8913,False
B11-M-186,FCPI,EM15,2025-09-01,2025-09-01,1,227.9,236.6,227.9,0.0,3.8175,-3.8175,False
B11-M-186,FCPI,EM15,2025-09-01,2025-10-01,2,227.1,236.4,227.1,0.0,4.0951,-4.0951,False
B11-M-186,FCPI,EM15,2025-09-01,2025-11-01,3,228.0,236.1,228.0,0.0,3.5526,-3.5526,False
B11-M-186,FCPI,EM15,2025-09-01,2025-12-01,4,233.9,244.3,233.9,0.0,4.4463,-4.4463,False
B11-M-186,FCPI,EM15,2025-09-01,2026-01-01,5,236.3,244.3,236.3,0.0,3.3855,-3.3855,False
B11-M-186,FCPI,EM15,2025-09-01,2026-02-01,6,236.8,239.4,236.8,0.0,1.098,-1.098,False
B11-M-186,FCPI,EM15,2025-09-01,2026-03-01,7,236.2,237.9,236.2,0.0,0.7197,-0.7197,False
B11-M-186,FCPI,EM15,2025-09-01,2026-04-01,8,237.8,240.4,237.8,0.0,1.0934,-1.0934,False
B11-M-186,FCPI,EM15,2025-09-01,2026-05-01,9,240.6,244.3,240.6,0.0,1.5378,-1.5378,False
B11-M-186,FCPI,EM15,2025-09-01,2026-06-01,10,242.5,250.5,242.5,0.0,3.299,-3.299,False
B11-M-186,FCPI,EM15,2025-09-01,2026-07-01,11,239.2,250.9,239.2,0.0,4.8913,-4.8913,False
B11-M-186,FCPI,EM15,2025-09-01,2026-08-01,12,236.3,251.9,236.3,0.0,6.6018,-6.6018,False
B11-M-187,FCPI,EM16,2025-04-01,2025-04-01,1,236.2,237.8,231.1,2.2068,2.8992,-0.6923,False
B11-M-187,FCPI,EM16,2025-04-01,2025-05-01,2,236.2,240.6,227.3,3.9155,5.8513,-1.9358,False
B11-M-187,FCPI,EM16,2025-04-01,2025-06-01,3,236.2,242.5,232.8,1.4605,4.1667,-2.7062,False
B11-M-187,FCPI,EM16,2025-04-01,2025-07-01,4,236.2,239.2,234.0,0.9402,2.2222,-1.2821,False
B11-M-187,FCPI,EM16,2025-04-01,2025-08-01,5,236.2,236.3,229.7,2.8298,2.8733,-0.0435,True
B11-M-187,FCPI,EM16,2025-04-01,2025-09-01,6,236.2,236.6,227.9,3.6419,3.8175,-0.1755,True
B11-M-187,FCPI,EM16,2025-04-01,2025-10-01,7,236.2,236.4,227.1,4.007,4.0951,-0.0881,True
B11-M-187,FCPI,EM16,2025-04-01,2025-11-01,8,236.2,236.1,228.0,3.5965,3.5526,0.0439,True
B11-M-187,FCPI,EM16,2025-04-01,2025-12-01,9,236.2,244.3,233.9,0.9833,4.4463,-3.463,False
B11-M-187,FCPI,EM16,2025-04-01,2026-01-01,10,236.2,244.3,236.3,-0.0423,3.3855,-3.4278,False
B11-M-187,FCPI,EM16,2025-04-01,2026-02-01,11,236.2,239.4,236.8,-0.2534,1.098,-1.3514,False
B11-M-187,FCPI,EM16,2025-04-01,2026-03-01,12,236.2,237.9,236.2,0.0,0.7197,-0.7197,False
B11-M-188,FCPI,EM16,2025-05-01,2025-05-01,1,237.8,240.6,227.3,4.6194,5.8513,-1.2319,False
B11-M-188,FCPI,EM16,2025-05-01,2025-06-01,2,237.8,242.5,232.8,2.1478,4.1667,-2.0189,False
B11-M-188,FCPI,EM16,2025-05-01,2025-07-01,3,237.8,239.2,234.0,1.6239,2.2222,-0.5983,False
B11-M-188,FCPI,EM16,2025-05-01,2025-08-01,4,237.8,236.3,229.7,3.5263,2.8733,0.653,False
B11-M-188,FCPI,EM16,2025-05-01,2025-09-01,5,237.8,236.6,227.9,4.344,3.8175,0.5265,False
B11-M-188,FCPI,EM16,2025-05-01,2025-10-01,6,237.8,236.4,227.1,4.7116,4.0951,0.6165,False
B11-M-188,FCPI,EM16,2025-05-01,2025-11-01,7,237.8,236.1,228.0,4.2982,3.5526,0.7456,False
B11-M-188,FCPI,EM16,2025-05-01,2025-12-01,8,237.8,244.3,233.9,1.6674,4.4463,-2.779,False
B11-M-188,FCPI,EM16,2025-05-01,2026-01-01,9,237.8,244.3,236.3,0.6348,3.3855,-2.7507,False
B11-M-188,FCPI,EM16,2025-05-01,2026-02-01,10,237.8,239.4,236.8,0.4223,1.098,-0.6757,False
B11-M-188,FCPI,EM16,2025-05-01,2026-03-01,11,237.8,237.9,236.2,0.6774,0.7197,-0.0423,True
B11-M-188,FCPI,EM16,2025-05-01,2026-04-01,12,237.8,240.4,237.8,0.0,1.0934,-1.0934,False
B11-M-189,FCPI,EM16,2025-06-01,2025-06-01,1,242.9379,242.5,232.8,4.3548,4.1667,0.1881,True
B11-M-189,FCPI,EM16,2025-06-01,2025-07-01,2,243.9555,239.2,234.0,4.2545,2.2222,2.0323,False
B11-M-189,FCPI,EM16,2025-06-01,2025-08-01,3,244.4707,236.3,229.7,6.4304,2.8733,3.5571,False
B11-M-189,FCPI,EM16,2025-06-01,2025-09-01,4,245.3807,236.6,227.9,7.6703,3.8175,3.8529,False
B11-M-189,FCPI,EM16,2025-06-01,2025-10-01,5,246.3182,236.4,227.1,8.4624,4.0951,4.3673,False
B11-M-189,FCPI,EM16,2025-06-01,2025-11-01,6,247.7467,236.1,228.0,8.6608,3.5526,5.1082,False
B11-M-189,FCPI,EM16,2025-06-01,2025-12-01,7,249.4375,244.3,233.9,6.6428,4.4463,2.1964,False
B11-M-189,FCPI,EM16,2025-06-01,2026-01-01,8,250.5737,244.3,236.3,6.0405,3.3855,2.655,False
B11-M-189,FCPI,EM16,2025-06-01,2026-02-01,9,251.0192,239.4,236.8,6.0047,1.098,4.9068,False
B11-M-189,FCPI,EM16,2025-06-01,2026-03-01,10,251.3863,237.9,236.2,6.4294,0.7197,5.7097,False
B11-M-189,FCPI,EM16,2025-06-01,2026-04-01,11,252.7805,240.4,237.8,6.2996,1.0934,5.2063,False
B11-M-189,FCPI,EM16,2025-06-01,2026-05-01,12,254.3908,244.3,240.6,5.7318,1.5378,4.194,False
B11-M-190,FCPI,EM16,2025-07-01,2025-07-01,1,240.0676,239.2,234.0,2.593,2.2222,0.3708,True
B11-M-190,FCPI,EM16,2025-07-01,2025-08-01,2,239.4461,236.3,229.7,4.243,2.8733,1.3697,False
B11-M-190,FCPI,EM16,2025-07-01,2025-09-01,3,239.6852,236.6,227.9,5.1712,3.8175,1.3537,False
B11-M-190,FCPI,EM16,2025-07-01,2025-10-01,4,240.1577,236.4,227.1,5.7498,4.0951,1.6546,False
B11-M-190,FCPI,EM16,2025-07-01,2025-11-01,5,241.0358,236.1,228.0,5.7175,3.5526,2.1648,False
B11-M-190,FCPI,EM16,2025-07-01,2025-12-01,6,242.1249,244.3,233.9,3.5164,4.4463,-0.9299,False
B11-M-190,FCPI,EM16,2025-07-01,2026-01-01,7,241.038,244.3,236.3,2.0051,3.3855,-1.3805,False
B11-M-190,FCPI,EM16,2025-07-01,2026-02-01,8,240.6996,239.4,236.8,1.6468,1.098,0.5488,False
B11-M-190,FCPI,EM16,2025-07-01,2026-03-01,9,240.0606,237.9,236.2,1.6344,0.7197,0.9147,False
B11-M-190,FCPI,EM16,2025-07-01,2026-04-01,10,238.7845,240.4,237.8,0.414,1.0934,-0.6794,False
B11-M-190,FCPI,EM16,2025-07-01,2026-05-01,11,239.9071,244.3,240.6,-0.288,1.5378,-1.8258,False
B11-M-190,FCPI,EM16,2025-07-01,2026-06-01,12,239.7095,250.5,242.5,-1.1507,3.299,-4.4497,False
B11-M-191,FCPI,EM16,2025-08-01,2025-08-01,1,237.2352,236.3,229.7,3.2804,2.8733,0.4071,True
B11-M-191,FCPI,EM16,2025-08-01,2025-09-01,2,236.6599,236.6,227.9,3.8437,3.8175,0.0263,True
B11-M-191,FCPI,EM16,2025-08-01,2025-10-01,3,236.6714,236.4,227.1,4.2146,4.0951,0.1195,True
B11-M-191,FCPI,EM16,2025-08-01,2025-11-01,4,239.9239,236.1,228.0,5.2298,3.5526,1.6772,False
B11-M-191,FCPI,EM16,2025-08-01,2025-12-01,5,243.4257,244.3,233.9,4.0725,4.4463,-0.3738,True
B11-M-191,FCPI,EM16,2025-08-01,2026-01-01,6,243.3531,244.3,236.3,2.9848,3.3855,-0.4007,True
B11-M-191,FCPI,EM16,2025-08-01,2026-02-01,7,239.9342,239.4,236.8,1.3236,1.098,0.2256,True
B11-M-191,FCPI,EM16,2025-08-01,2026-03-01,8,236.0499,237.9,236.2,-0.0635,0.7197,-0.7833,False
B11-M-191,FCPI,EM16,2025-08-01,2026-04-01,9,238.3047,240.4,237.8,0.2122,1.0934,-0.8811,False
B11-M-191,FCPI,EM16,2025-08-01,2026-05-01,10,241.5797,244.3,240.6,0.4072,1.5378,-1.1306,False
B11-M-191,FCPI,EM16,2025-08-01,2026-06-01,11,248.5698,250.5,242.5,2.503,3.299,-0.7959,False
B11-M-191,FCPI,EM16,2025-08-01,2026-07-01,12,247.9999,250.9,239.2,3.6789,4.8913,-1.2124,False
B11-M-192,FCPI,EM16,2025-09-01,2025-09-01,1,234.4574,236.6,227.9,2.8773,3.8175,-0.9401,False
B11-M-192,FCPI,EM16,2025-09-01,2025-10-01,2,233.1835,236.4,227.1,2.6788,4.0951,-1.4163,False
B11-M-192,FCPI,EM16,2025-09-01,2025-11-01,3,233.9149,236.1,228.0,2.5942,3.5526,-0.9584,False
B11-M-192,FCPI,EM16,2025-09-01,2025-12-01,4,242.8438,244.3,233.9,3.8238,4.4463,-0.6226,False
B11-M-192,FCPI,EM16,2025-09-01,2026-01-01,5,248.0236,244.3,236.3,4.9613,3.3855,1.5758,False
B11-M-192,FCPI,EM16,2025-09-01,2026-02-01,6,248.8057,239.4,236.8,5.07,1.098,3.972,False
B11-M-192,FCPI,EM16,2025-09-01,2026-03-01,7,253.2502,237.9,236.2,7.2185,0.7197,6.4988,False
B11-M-192,FCPI,EM16,2025-09-01,2026-04-01,8,272.8561,240.4,237.8,14.7418,1.0934,13.6485,False
B11-M-192,FCPI,EM16,2025-09-01,2026-05-01,9,283.4229,244.3,240.6,17.7984,1.5378,16.2605,False
B11-M-192,FCPI,EM16,2025-09-01,2026-06-01,10,272.0603,250.5,242.5,12.1898,3.299,8.8908,False
B11-M-192,FCPI,EM16,2025-09-01,2026-07-01,11,273.6621,250.9,239.2,14.4072,4.8913,9.5159,False
B11-M-192,FCPI,EM16,2025-09-01,2026-08-01,12,287.6558,251.9,236.3,21.7333,6.6018,15.1315,False
B11-M-193,FCPI,EM17,2025-04-01,2025-04-01,1,236.5212,237.8,231.1,2.3458,2.8992,-0.5534,False
B11-M-193,FCPI,EM17,2025-04-01,2025-05-01,2,237.2804,240.6,227.3,4.3908,5.8513,-1.4605,False
B11-M-193,FCPI,EM17,2025-04-01,2025-06-01,3,240.4348,242.5,232.8,3.2796,4.1667,-0.8871,False
B11-M-193,FCPI,EM17,2025-04-01,2025-07-01,4,241.7592,239.2,234.0,3.3159,2.2222,1.0937,False
B11-M-193,FCPI,EM17,2025-04-01,2025-08-01,5,241.6404,236.3,229.7,5.1983,2.8733,2.325,False
B11-M-193,FCPI,EM17,2025-04-01,2025-09-01,6,242.3001,236.6,227.9,6.3186,3.8175,2.5011,False
B11-M-193,FCPI,EM17,2025-04-01,2025-10-01,7,243.2306,236.4,227.1,7.1028,4.0951,3.0077,False
B11-M-193,FCPI,EM17,2025-04-01,2025-11-01,8,244.8535,236.1,228.0,7.3919,3.5526,3.8393,False
B11-M-193,FCPI,EM17,2025-04-01,2025-12-01,9,247.5817,244.3,233.9,5.8494,4.4463,1.403,False
B11-M-193,FCPI,EM17,2025-04-01,2026-01-01,10,249.2614,244.3,236.3,5.4851,3.3855,2.0996,False
B11-M-193,FCPI,EM17,2025-04-01,2026-02-01,11,249.9732,239.4,236.8,5.563,1.098,4.465,False
B11-M-193,FCPI,EM17,2025-04-01,2026-03-01,12,250.4301,237.9,236.2,6.0246,0.7197,5.3048,False
B11-M-194,FCPI,EM17,2025-05-01,2025-05-01,1,237.6454,240.6,227.3,4.5514,5.8513,-1.2999,False
B11-M-194,FCPI,EM17,2025-05-01,2025-06-01,2,240.5061,242.5,232.8,3.3102,4.1667,-0.8565,False
B11-M-194,FCPI,EM17,2025-05-01,2025-07-01,3,243.1436,239.2,234.0,3.9075,2.2222,1.6853,False
B11-M-194,FCPI,EM17,2025-05-01,2025-08-01,4,243.2334,236.3,229.7,5.8918,2.8733,3.0185,False
B11-M-194,FCPI,EM17,2025-05-01,2025-09-01,5,243.1199,236.6,227.9,6.6783,3.8175,2.8608,False
B11-M-194,FCPI,EM17,2025-05-01,2025-10-01,6,245.0236,236.4,227.1,7.8924,4.0951,3.7973,False
B11-M-194,FCPI,EM17,2025-05-01,2025-11-01,7,246.768,236.1,228.0,8.2316,3.5526,4.679,False
B11-M-194,FCPI,EM17,2025-05-01,2025-12-01,8,248.8043,244.3,233.9,6.3721,4.4463,1.9257,False
B11-M-194,FCPI,EM17,2025-05-01,2026-01-01,9,248.7074,244.3,236.3,5.2507,3.3855,1.8652,False
B11-M-194,FCPI,EM17,2025-05-01,2026-02-01,10,248.7367,239.4,236.8,5.0408,1.098,3.9429,False
B11-M-194,FCPI,EM17,2025-05-01,2026-03-01,11,249.5203,237.9,236.2,5.6394,0.7197,4.9197,False
B11-M-194,FCPI,EM17,2025-05-01,2026-04-01,12,251.9065,240.4,237.8,5.9321,1.0934,4.8387,False
B11-M-195,FCPI,EM17,2025-06-01,2025-06-01,1,242.688,242.5,232.8,4.2474,4.1667,0.0807,True
B11-M-195,FCPI,EM17,2025-06-01,2025-07-01,2,243.5534,239.2,234.0,4.0826,2.2222,1.8604,False
B11-M-195,FCPI,EM17,2025-06-01,2025-08-01,3,236.1913,236.3,229.7,2.826,2.8733,-0.0473,True
B11-M-195,FCPI,EM17,2025-06-01,2025-09-01,4,238.4375,236.6,227.9,4.6237,3.8175,0.8063,False
B11-M-195,FCPI,EM17,2025-06-01,2025-10-01,5,239.1514,236.4,227.1,5.3067,4.0951,1.2115,False
B11-M-195,FCPI,EM17,2025-06-01,2025-11-01,6,244.482,236.1,228.0,7.229,3.5526,3.6763,False
B11-M-195,FCPI,EM17,2025-06-01,2025-12-01,7,251.1132,244.3,233.9,7.3592,4.4463,2.9129,False
B11-M-195,FCPI,EM17,2025-06-01,2026-01-01,8,251.4076,244.3,236.3,6.3934,3.3855,3.0079,False
B11-M-195,FCPI,EM17,2025-06-01,2026-02-01,9,244.1343,239.4,236.8,3.0973,1.098,1.9993,False
B11-M-195,FCPI,EM17,2025-06-01,2026-03-01,10,244.0073,237.9,236.2,3.3054,0.7197,2.5856,False
B11-M-195,FCPI,EM17,2025-06-01,2026-04-01,11,244.9883,240.4,237.8,3.0228,1.0934,1.9295,False
B11-M-195,FCPI,EM17,2025-06-01,2026-05-01,12,250.5015,244.3,240.6,4.1153,1.5378,2.5775,False
B11-M-196,FCPI,EM17,2025-07-01,2025-07-01,1,241.2853,239.2,234.0,3.1134,2.2222,0.8911,False
B11-M-196,FCPI,EM17,2025-07-01,2025-08-01,2,240.6566,236.3,229.7,4.77,2.8733,1.8967,False
B11-M-196,FCPI,EM17,2025-07-01,2025-09-01,3,241.0545,236.6,227.9,5.772,3.8175,1.9546,False
B11-M-196,FCPI,EM17,2025-07-01,2025-10-01,4,241.6322,236.4,227.1,6.399,4.0951,2.3039,False
B11-M-196,FCPI,EM17,2025-07-01,2025-11-01,5,243.0504,236.1,228.0,6.6011,3.5526,3.0484,False
B11-M-196,FCPI,EM17,2025-07-01,2025-12-01,6,244.824,244.3,233.9,4.6704,4.4463,0.224,True
B11-M-196,FCPI,EM17,2025-07-01,2026-01-01,7,244.5028,244.3,236.3,3.4713,3.3855,0.0858,True
B11-M-196,FCPI,EM17,2025-07-01,2026-02-01,8,244.0064,239.4,236.8,3.0432,1.098,1.9453,False
B11-M-196,FCPI,EM17,2025-07-01,2026-03-01,9,243.2192,237.9,236.2,2.9717,0.7197,2.252,False
B11-M-196,FCPI,EM17,2025-07-01,2026-04-01,10,242.9625,240.4,237.8,2.171,1.0934,1.0776,False
B11-M-196,FCPI,EM17,2025-07-01,2026-05-01,11,244.7388,244.3,240.6,1.7202,1.5378,0.1824,True
B11-M-196,FCPI,EM17,2025-07-01,2026-06-01,12,246.194,250.5,242.5,1.5233,3.299,-1.7757,False
B11-M-197,FCPI,EM17,2025-08-01,2025-08-01,1,233.9323,236.3,229.7,1.8425,2.8733,-1.0308,False
B11-M-197,FCPI,EM17,2025-08-01,2025-09-01,2,233.5323,236.6,227.9,2.4714,3.8175,-1.3461,False
B11-M-197,FCPI,EM17,2025-08-01,2025-10-01,3,233.1591,236.4,227.1,2.668,4.0951,-1.4271,False
B11-M-197,FCPI,EM17,2025-08-01,2025-11-01,4,233.4146,236.1,228.0,2.3748,3.5526,-1.1778,False
B11-M-197,FCPI,EM17,2025-08-01,2025-12-01,5,234.0857,244.3,233.9,0.0794,4.4463,-4.367,False
B11-M-197,FCPI,EM17,2025-08-01,2026-01-01,6,233.0066,244.3,236.3,-1.3937,3.3855,-4.7792,False
B11-M-197,FCPI,EM17,2025-08-01,2026-02-01,7,233.1816,239.4,236.8,-1.528,1.098,-2.626,False
B11-M-197,FCPI,EM17,2025-08-01,2026-03-01,8,233.297,237.9,236.2,-1.229,0.7197,-1.9488,False
B11-M-197,FCPI,EM17,2025-08-01,2026-04-01,9,232.8362,240.4,237.8,-2.0874,1.0934,-3.1807,False
B11-M-197,FCPI,EM17,2025-08-01,2026-05-01,10,231.6211,244.3,240.6,-3.7319,1.5378,-5.2697,False
B11-M-197,FCPI,EM17,2025-08-01,2026-06-01,11,233.7473,250.5,242.5,-3.6094,3.299,-6.9083,False
B11-M-197,FCPI,EM17,2025-08-01,2026-07-01,12,234.5274,250.9,239.2,-1.9534,4.8913,-6.8447,False
B11-M-198,FCPI,EM17,2025-09-01,2025-09-01,1,243.991,236.6,227.9,7.0605,3.8175,3.2431,False
B11-M-198,FCPI,EM17,2025-09-01,2025-10-01,2,246.3187,236.4,227.1,8.4626,4.0951,4.3675,False
B11-M-198,FCPI,EM17,2025-09-01,2025-11-01,3,245.168,236.1,228.0,7.5298,3.5526,3.9772,False
B11-M-198,FCPI,EM17,2025-09-01,2025-12-01,4,246.1669,244.3,233.9,5.2445,4.4463,0.7981,False
B11-M-198,FCPI,EM17,2025-09-01,2026-01-01,5,243.4173,244.3,236.3,3.012,3.3855,-0.3735,True
B11-M-198,FCPI,EM17,2025-09-01,2026-02-01,6,241.482,239.4,236.8,1.9772,1.098,0.8792,False
B11-M-198,FCPI,EM17,2025-09-01,2026-03-01,7,243.2413,237.9,236.2,2.9811,0.7197,2.2614,False
B11-M-198,FCPI,EM17,2025-09-01,2026-04-01,8,244.6958,240.4,237.8,2.8998,1.0934,1.8065,False
B11-M-198,FCPI,EM17,2025-09-01,2026-05-01,9,247.2671,244.3,240.6,2.771,1.5378,1.2332,False
B11-M-198,FCPI,EM17,2025-09-01,2026-06-01,10,246.965,250.5,242.5,1.8412,3.299,-1.4577,False
B11-M-198,FCPI,EM17,2025-09-01,2026-07-01,11,245.7498,250.9,239.2,2.7382,4.8913,-2.1531,False
B11-M-198,FCPI,EM17,2025-09-01,2026-08-01,12,245.5254,251.9,236.3,3.9041,6.6018,-2.6977,False
B11-M-199,FCPI,EM18,2025-04-01,2025-04-01,1,236.2,237.8,231.1,2.2068,2.8992,-0.6923,False
B11-M-199,FCPI,EM18,2025-04-01,2025-05-01,2,236.2,240.6,227.3,3.9155,5.8513,-1.9358,False
B11-M-199,FCPI,EM18,2025-04-01,2025-06-01,3,236.2,242.5,232.8,1.4605,4.1667,-2.7062,False
B11-M-199,FCPI,EM18,2025-04-01,2025-07-01,4,236.2,239.2,234.0,0.9402,2.2222,-1.2821,False
B11-M-199,FCPI,EM18,2025-04-01,2025-08-01,5,236.2,236.3,229.7,2.8298,2.8733,-0.0435,True
B11-M-199,FCPI,EM18,2025-04-01,2025-09-01,6,236.2,236.6,227.9,3.6419,3.8175,-0.1755,True
B11-M-199,FCPI,EM18,2025-04-01,2025-10-01,7,236.2,236.4,227.1,4.007,4.0951,-0.0881,True
B11-M-199,FCPI,EM18,2025-04-01,2025-11-01,8,236.2,236.1,228.0,3.5965,3.5526,0.0439,True
B11-M-199,FCPI,EM18,2025-04-01,2025-12-01,9,236.2,244.3,233.9,0.9833,4.4463,-3.463,False
B11-M-199,FCPI,EM18,2025-04-01,2026-01-01,10,236.2,244.3,236.3,-0.0423,3.3855,-3.4278,False
B11-M-199,FCPI,EM18,2025-04-01,2026-02-01,11,236.2,239.4,236.8,-0.2534,1.098,-1.3514,False
B11-M-199,FCPI,EM18,2025-04-01,2026-03-01,12,236.2,237.9,236.2,0.0,0.7197,-0.7197,False
B11-M-200,FCPI,EM18,2025-05-01,2025-05-01,1,237.8,240.6,227.3,4.6194,5.8513,-1.2319,False
B11-M-200,FCPI,EM18,2025-05-01,2025-06-01,2,237.8,242.5,232.8,2.1478,4.1667,-2.0189,False
B11-M-200,FCPI,EM18,2025-05-01,2025-07-01,3,237.8,239.2,234.0,1.6239,2.2222,-0.5983,False
B11-M-200,FCPI,EM18,2025-05-01,2025-08-01,4,237.8,236.3,229.7,3.5263,2.8733,0.653,False
B11-M-200,FCPI,EM18,2025-05-01,2025-09-01,5,237.8,236.6,227.9,4.344,3.8175,0.5265,False
B11-M-200,FCPI,EM18,2025-05-01,2025-10-01,6,237.8,236.4,227.1,4.7116,4.0951,0.6165,False
B11-M-200,FCPI,EM18,2025-05-01,2025-11-01,7,237.8,236.1,228.0,4.2982,3.5526,0.7456,False
B11-M-200,FCPI,EM18,2025-05-01,2025-12-01,8,237.8,244.3,233.9,1.6674,4.4463,-2.779,False
B11-M-200,FCPI,EM18,2025-05-01,2026-01-01,9,237.8,244.3,236.3,0.6348,3.3855,-2.7507,False
B11-M-200,FCPI,EM18,2025-05-01,2026-02-01,10,237.8,239.4,236.8,0.4223,1.098,-0.6757,False
B11-M-200,FCPI,EM18,2025-05-01,2026-03-01,11,237.8,237.9,236.2,0.6774,0.7197,-0.0423,True
B11-M-200,FCPI,EM18,2025-05-01,2026-04-01,12,237.8,240.4,237.8,0.0,1.0934,-1.0934,False
B11-M-201,FCPI,EM18,2025-06-01,2025-06-01,1,240.6,242.5,232.8,3.3505,4.1667,-0.8162,False
B11-M-201,FCPI,EM18,2025-06-01,2025-07-01,2,240.6,239.2,234.0,2.8205,2.2222,0.5983,False
B11-M-201,FCPI,EM18,2025-06-01,2025-08-01,3,240.6,236.3,229.7,4.7453,2.8733,1.872,False
B11-M-201,FCPI,EM18,2025-06-01,2025-09-01,4,240.6,236.6,227.9,5.5726,3.8175,1.7552,False
B11-M-201,FCPI,EM18,2025-06-01,2025-10-01,5,240.6,236.4,227.1,5.9445,4.0951,1.8494,False
B11-M-201,FCPI,EM18,2025-06-01,2025-11-01,6,240.6,236.1,228.0,5.5263,3.5526,1.9737,False
B11-M-201,FCPI,EM18,2025-06-01,2025-12-01,7,240.6,244.3,233.9,2.8645,4.4463,-1.5819,False
B11-M-201,FCPI,EM18,2025-06-01,2026-01-01,8,240.6,244.3,236.3,1.8197,3.3855,-1.5658,False
B11-M-201,FCPI,EM18,2025-06-01,2026-02-01,9,240.6,239.4,236.8,1.6047,1.098,0.5068,False
B11-M-201,FCPI,EM18,2025-06-01,2026-03-01,10,240.6,237.9,236.2,1.8628,0.7197,1.1431,False
B11-M-201,FCPI,EM18,2025-06-01,2026-04-01,11,240.6,240.4,237.8,1.1775,1.0934,0.0841,True
B11-M-201,FCPI,EM18,2025-06-01,2026-05-01,12,240.6,244.3,240.6,0.0,1.5378,-1.5378,False
B11-M-202,FCPI,EM18,2025-07-01,2025-07-01,1,156.2087,239.2,234.0,-33.2441,2.2222,-35.4663,False
B11-M-202,FCPI,EM18,2025-07-01,2025-08-01,2,153.8452,236.3,229.7,-33.0234,2.8733,-35.8967,False
B11-M-202,FCPI,EM18,2025-07-01,2025-09-01,3,152.2499,236.6,227.9,-33.1944,3.8175,-37.0119,False
B11-M-202,FCPI,EM18,2025-07-01,2025-10-01,4,152.6536,236.4,227.1,-32.7813,4.0951,-36.8764,False
B11-M-202,FCPI,EM18,2025-07-01,2025-11-01,5,156.7784,236.1,228.0,-31.2375,3.5526,-34.7902,False
B11-M-202,FCPI,EM18,2025-07-01,2025-12-01,6,163.63,244.3,233.9,-30.0428,4.4463,-34.4891,False
B11-M-202,FCPI,EM18,2025-07-01,2026-01-01,7,167.9441,244.3,236.3,-28.9276,3.3855,-32.3131,False
B11-M-202,FCPI,EM18,2025-07-01,2026-02-01,8,168.5082,239.4,236.8,-28.8394,1.098,-29.9374,False
B11-M-202,FCPI,EM18,2025-07-01,2026-03-01,9,157.2693,237.9,236.2,-33.4169,0.7197,-34.1366,False
B11-M-202,FCPI,EM18,2025-07-01,2026-04-01,10,144.3463,240.4,237.8,-39.2993,1.0934,-40.3926,False
B11-M-202,FCPI,EM18,2025-07-01,2026-05-01,11,149.7106,244.3,240.6,-37.7762,1.5378,-39.314,False
B11-M-202,FCPI,EM18,2025-07-01,2026-06-01,12,159.6511,250.5,242.5,-34.1645,3.299,-37.4635,False
B11-M-203,FCPI,EM18,2025-08-01,2025-08-01,1,239.2,236.3,229.7,4.1358,2.8733,1.2625,False
B11-M-203,FCPI,EM18,2025-08-01,2025-09-01,2,239.2,236.6,227.9,4.9583,3.8175,1.1409,False
B11-M-203,FCPI,EM18,2025-08-01,2025-10-01,3,239.2,236.4,227.1,5.328,4.0951,1.2329,False
B11-M-203,FCPI,EM18,2025-08-01,2025-11-01,4,239.2,236.1,228.0,4.9123,3.5526,1.3596,False
B11-M-203,FCPI,EM18,2025-08-01,2025-12-01,5,239.2,244.3,233.9,2.2659,4.4463,-2.1804,False
B11-M-203,FCPI,EM18,2025-08-01,2026-01-01,6,239.2,244.3,236.3,1.2273,3.3855,-2.1583,False
B11-M-203,FCPI,EM18,2025-08-01,2026-02-01,7,239.2,239.4,236.8,1.0135,1.098,-0.0845,True
B11-M-203,FCPI,EM18,2025-08-01,2026-03-01,8,239.2,237.9,236.2,1.2701,0.7197,0.5504,False
B11-M-203,FCPI,EM18,2025-08-01,2026-04-01,9,239.2,240.4,237.8,0.5887,1.0934,-0.5046,False
B11-M-203,FCPI,EM18,2025-08-01,2026-05-01,10,239.2,244.3,240.6,-0.5819,1.5378,-2.1197,False
B11-M-203,FCPI,EM18,2025-08-01,2026-06-01,11,239.2,250.5,242.5,-1.3608,3.299,-4.6598,False
B11-M-203,FCPI,EM18,2025-08-01,2026-07-01,12,239.2,250.9,239.2,0.0,4.8913,-4.8913,False
B11-M-204,FCPI,EM18,2025-09-01,2025-09-01,1,236.3,236.6,227.9,3.6858,3.8175,-0.1316,True
B11-M-204,FCPI,EM18,2025-09-01,2025-10-01,2,236.3,236.4,227.1,4.0511,4.0951,-0.044,True
B11-M-204,FCPI,EM18,2025-09-01,2025-11-01,3,236.3,236.1,228.0,3.6404,3.5526,0.0877,True
B11-M-204,FCPI,EM18,2025-09-01,2025-12-01,4,236.3,244.3,233.9,1.0261,4.4463,-3.4203,False
B11-M-204,FCPI,EM18,2025-09-01,2026-01-01,5,236.3,244.3,236.3,0.0,3.3855,-3.3855,False
B11-M-204,FCPI,EM18,2025-09-01,2026-02-01,6,236.3,239.4,236.8,-0.2111,1.098,-1.3091,False
B11-M-204,FCPI,EM18,2025-09-01,2026-03-01,7,236.3,237.9,236.2,0.0423,0.7197,-0.6774,False
B11-M-204,FCPI,EM18,2025-09-01,2026-04-01,8,236.3,240.4,237.8,-0.6308,1.0934,-1.7241,False
B11-M-204,FCPI,EM18,2025-09-01,2026-05-01,9,236.3,244.3,240.6,-1.7872,1.5378,-3.325,False
B11-M-204,FCPI,EM18,2025-09-01,2026-06-01,10,236.3,250.5,242.5,-2.5567,3.299,-5.8557,False
B11-M-204,FCPI,EM18,2025-09-01,2026-07-01,11,236.3,250.9,239.2,-1.2124,4.8913,-6.1037,False
B11-M-204,FCPI,EM18,2025-09-01,2026-08-01,12,236.3,251.9,236.3,0.0,6.6018,-6.6018,False
B11-M-205,CCPI,EM2,2025-04-01,2025-04-01,1,187.3247,191.2,195.2,-4.0345,-2.0492,-1.9853,False
B11-M-205,CCPI,EM2,2025-04-01,2025-05-01,2,187.3801,192.8,194.1,-3.4621,-0.6698,-2.7923,False
B11-M-205,CCPI,EM2,2025-04-01,2025-06-01,3,187.3776,194.5,195.6,-4.2037,-0.5624,-3.6413,False
B11-M-205,CCPI,EM2,2025-04-01,2025-07-01,4,187.2549,194.1,194.7,-3.8239,-0.3082,-3.5157,False
B11-M-205,CCPI,EM2,2025-04-01,2025-08-01,5,187.3208,193.3,191.1,-1.9776,1.1512,-3.1288,False
B11-M-205,CCPI,EM2,2025-04-01,2025-09-01,6,187.7971,193.7,190.9,-1.6254,1.4667,-3.0921,False
B11-M-205,CCPI,EM2,2025-04-01,2025-10-01,7,187.8363,193.8,189.9,-1.0867,2.0537,-3.1404,False
B11-M-205,CCPI,EM2,2025-04-01,2025-11-01,8,188.1128,193.4,189.4,-0.6796,2.1119,-2.7915,False
B11-M-205,CCPI,EM2,2025-04-01,2025-12-01,9,187.5583,195.8,191.7,-2.1605,2.1388,-4.2993,False
B11-M-205,CCPI,EM2,2025-04-01,2026-01-01,10,187.567,197.0,192.6,-2.6132,2.2845,-4.8977,False
B11-M-205,CCPI,EM2,2025-04-01,2026-02-01,11,187.438,195.3,192.2,-2.4776,1.6129,-4.0905,False
B11-M-205,CCPI,EM2,2025-04-01,2026-03-01,12,187.3358,195.8,191.6,-2.2256,2.1921,-4.4176,False
B11-M-206,CCPI,EM2,2025-05-01,2025-05-01,1,188.568,192.8,194.1,-2.8501,-0.6698,-2.1803,False
B11-M-206,CCPI,EM2,2025-05-01,2025-06-01,2,188.7444,194.5,195.6,-3.5049,-0.5624,-2.9425,False
B11-M-206,CCPI,EM2,2025-05-01,2025-07-01,3,189.2079,194.1,194.7,-2.8208,-0.3082,-2.5126,False
B11-M-206,CCPI,EM2,2025-05-01,2025-08-01,4,189.8562,193.3,191.1,-0.6509,1.1512,-1.8021,False
B11-M-206,CCPI,EM2,2025-05-01,2025-09-01,5,190.2655,193.7,190.9,-0.3324,1.4667,-1.7991,False
B11-M-206,CCPI,EM2,2025-05-01,2025-10-01,6,190.636,193.8,189.9,0.3876,2.0537,-1.6661,False
B11-M-206,CCPI,EM2,2025-05-01,2025-11-01,7,190.2627,193.4,189.4,0.4555,2.1119,-1.6564,False
B11-M-206,CCPI,EM2,2025-05-01,2025-12-01,8,189.5853,195.8,191.7,-1.1031,2.1388,-3.2419,False
B11-M-206,CCPI,EM2,2025-05-01,2026-01-01,9,189.2605,197.0,192.6,-1.7339,2.2845,-4.0184,False
B11-M-206,CCPI,EM2,2025-05-01,2026-02-01,10,189.0291,195.3,192.2,-1.6498,1.6129,-3.2627,False
B11-M-206,CCPI,EM2,2025-05-01,2026-03-01,11,188.9588,195.8,191.6,-1.3785,2.1921,-3.5706,False
B11-M-206,CCPI,EM2,2025-05-01,2026-04-01,12,189.0759,201.6,191.2,-1.1109,5.4393,-6.5502,False
B11-M-207,CCPI,EM2,2025-06-01,2025-06-01,1,189.1324,194.5,195.6,-3.3066,-0.5624,-2.7442,False
B11-M-207,CCPI,EM2,2025-06-01,2025-07-01,2,189.3938,194.1,194.7,-2.7253,-0.3082,-2.4171,False
B11-M-207,CCPI,EM2,2025-06-01,2025-08-01,3,189.2805,193.3,191.1,-0.9521,1.1512,-2.1034,False
B11-M-207,CCPI,EM2,2025-06-01,2025-09-01,4,189.2204,193.7,190.9,-0.8798,1.4667,-2.3466,False
B11-M-207,CCPI,EM2,2025-06-01,2025-10-01,5,189.2273,193.8,189.9,-0.3542,2.0537,-2.4079,False
B11-M-207,CCPI,EM2,2025-06-01,2025-11-01,6,189.6227,193.4,189.4,0.1176,2.1119,-1.9943,False
B11-M-207,CCPI,EM2,2025-06-01,2025-12-01,7,190.0506,195.8,191.7,-0.8604,2.1388,-2.9992,False
B11-M-207,CCPI,EM2,2025-06-01,2026-01-01,8,190.3579,197.0,192.6,-1.1641,2.2845,-3.4487,False
B11-M-207,CCPI,EM2,2025-06-01,2026-02-01,9,190.2631,195.3,192.2,-1.0077,1.6129,-2.6206,False
B11-M-207,CCPI,EM2,2025-06-01,2026-03-01,10,189.979,195.8,191.6,-0.846,2.1921,-3.0381,False
B11-M-207,CCPI,EM2,2025-06-01,2026-04-01,11,190.087,201.6,191.2,-0.5821,5.4393,-6.0214,False
B11-M-207,CCPI,EM2,2025-06-01,2026-05-01,12,190.1503,203.4,192.8,-1.3743,5.4979,-6.8723,False
B11-M-208,CCPI,EM2,2025-07-01,2025-07-01,1,189.6763,194.1,194.7,-2.5802,-0.3082,-2.2721,False
B11-M-208,CCPI,EM2,2025-07-01,2025-08-01,2,189.2556,193.3,191.1,-0.9652,1.1512,-2.1164,False
B11-M-208,CCPI,EM2,2025-07-01,2025-09-01,3,189.1466,193.7,190.9,-0.9185,1.4667,-2.3852,False
B11-M-208,CCPI,EM2,2025-07-01,2025-10-01,4,189.0526,193.8,189.9,-0.4462,2.0537,-2.4999,False
B11-M-208,CCPI,EM2,2025-07-01,2025-11-01,5,189.1115,193.4,189.4,-0.1523,2.1119,-2.2643,False
B11-M-208,CCPI,EM2,2025-07-01,2025-12-01,6,190.2643,195.8,191.7,-0.7489,2.1388,-2.8877,False
B11-M-208,CCPI,EM2,2025-07-01,2026-01-01,7,191.4205,197.0,192.6,-0.6124,2.2845,-2.8969,False
B11-M-208,CCPI,EM2,2025-07-01,2026-02-01,8,191.3963,195.3,192.2,-0.4182,1.6129,-2.0311,False
B11-M-208,CCPI,EM2,2025-07-01,2026-03-01,9,189.7921,195.8,191.6,-0.9436,2.1921,-3.1356,False
B11-M-208,CCPI,EM2,2025-07-01,2026-04-01,10,189.7537,201.6,191.2,-0.7564,5.4393,-6.1958,False
B11-M-208,CCPI,EM2,2025-07-01,2026-05-01,11,190.393,203.4,192.8,-1.2484,5.4979,-6.7463,False
B11-M-208,CCPI,EM2,2025-07-01,2026-06-01,12,191.2872,207.7,194.5,-1.6518,6.7866,-8.4385,False
B11-M-209,CCPI,EM2,2025-08-01,2025-08-01,1,189.6555,193.3,191.1,-0.7559,1.1512,-1.9071,False
B11-M-209,CCPI,EM2,2025-08-01,2025-09-01,2,189.9093,193.7,190.9,-0.519,1.4667,-1.9857,False
B11-M-209,CCPI,EM2,2025-08-01,2025-10-01,3,190.4448,193.8,189.9,0.2869,2.0537,-1.7668,False
B11-M-209,CCPI,EM2,2025-08-01,2025-11-01,4,190.0936,193.4,189.4,0.3662,2.1119,-1.7457,False
B11-M-209,CCPI,EM2,2025-08-01,2025-12-01,5,191.2339,195.8,191.7,-0.2432,2.1388,-2.3819,False
B11-M-209,CCPI,EM2,2025-08-01,2026-01-01,6,192.4589,197.0,192.6,-0.0733,2.2845,-2.3578,False
B11-M-209,CCPI,EM2,2025-08-01,2026-02-01,7,193.5442,195.3,192.2,0.6994,1.6129,-0.9135,False
B11-M-209,CCPI,EM2,2025-08-01,2026-03-01,8,193.3157,195.8,191.6,0.8954,2.1921,-1.2966,False
B11-M-209,CCPI,EM2,2025-08-01,2026-04-01,9,192.8871,201.6,191.2,0.8824,5.4393,-4.557,False
B11-M-209,CCPI,EM2,2025-08-01,2026-05-01,10,192.3821,203.4,192.8,-0.2168,5.4979,-5.7147,False
B11-M-209,CCPI,EM2,2025-08-01,2026-06-01,11,192.9822,207.7,194.5,-0.7804,6.7866,-7.567,False
B11-M-209,CCPI,EM2,2025-08-01,2026-07-01,12,193.1106,208.2,194.1,-0.5097,7.2643,-7.774,False
B11-M-210,CCPI,EM2,2025-09-01,2025-09-01,1,193.5837,193.7,190.9,1.4058,1.4667,-0.0609,True
B11-M-210,CCPI,EM2,2025-09-01,2025-10-01,2,193.6964,193.8,189.9,1.9992,2.0537,-0.0545,True
B11-M-210,CCPI,EM2,2025-09-01,2025-11-01,3,193.9066,193.4,189.4,2.3794,2.1119,0.2675,True
B11-M-210,CCPI,EM2,2025-09-01,2025-12-01,4,193.8658,195.8,191.7,1.1298,2.1388,-1.009,False
B11-M-210,CCPI,EM2,2025-09-01,2026-01-01,5,194.7583,197.0,192.6,1.1206,2.2845,-1.1639,False
B11-M-210,CCPI,EM2,2025-09-01,2026-02-01,6,195.0768,195.3,192.2,1.4968,1.6129,-0.1161,True
B11-M-210,CCPI,EM2,2025-09-01,2026-03-01,7,195.5989,195.8,191.6,2.0871,2.1921,-0.105,True
B11-M-210,CCPI,EM2,2025-09-01,2026-04-01,8,197.0623,201.6,191.2,3.0661,5.4393,-2.3733,False
B11-M-210,CCPI,EM2,2025-09-01,2026-05-01,9,197.7496,203.4,192.8,2.5672,5.4979,-2.9307,False
B11-M-210,CCPI,EM2,2025-09-01,2026-06-01,10,198.1305,207.7,194.5,1.8666,6.7866,-4.92,False
B11-M-210,CCPI,EM2,2025-09-01,2026-07-01,11,198.8031,208.2,194.1,2.423,7.2643,-4.8412,False
B11-M-210,CCPI,EM2,2025-09-01,2026-08-01,12,198.6989,208.8,193.3,2.793,8.0186,-5.2256,False
B11-M-211,CCPI,EM3,2025-04-01,2025-04-01,1,188.7614,191.2,195.2,-3.2984,-2.0492,-1.2493,False
B11-M-211,CCPI,EM3,2025-04-01,2025-05-01,2,189.1713,192.8,194.1,-2.5393,-0.6698,-1.8695,False
B11-M-211,CCPI,EM3,2025-04-01,2025-06-01,3,190.0173,194.5,195.6,-2.8542,-0.5624,-2.2918,False
B11-M-211,CCPI,EM3,2025-04-01,2025-07-01,4,189.5342,194.1,194.7,-2.6532,-0.3082,-2.3451,False
B11-M-211,CCPI,EM3,2025-04-01,2025-08-01,5,190.01,193.3,191.1,-0.5704,1.1512,-1.7216,False
B11-M-211,CCPI,EM3,2025-04-01,2025-09-01,6,190.7687,193.7,190.9,-0.0688,1.4667,-1.5355,False
B11-M-211,CCPI,EM3,2025-04-01,2025-10-01,7,190.6332,193.8,189.9,0.3861,2.0537,-1.6676,False
B11-M-211,CCPI,EM3,2025-04-01,2025-11-01,8,190.8611,193.4,189.4,0.7714,2.1119,-1.3405,False
B11-M-211,CCPI,EM3,2025-04-01,2025-12-01,9,190.5524,195.8,191.7,-0.5986,2.1388,-2.7374,False
B11-M-211,CCPI,EM3,2025-04-01,2026-01-01,10,190.2522,197.0,192.6,-1.219,2.2845,-3.5035,False
B11-M-211,CCPI,EM3,2025-04-01,2026-02-01,11,190.5547,195.3,192.2,-0.856,1.6129,-2.4689,False
B11-M-211,CCPI,EM3,2025-04-01,2026-03-01,12,190.6278,195.8,191.6,-0.5074,2.1921,-2.6995,False
B11-M-212,CCPI,EM3,2025-05-01,2025-05-01,1,189.6481,192.8,194.1,-2.2936,-0.6698,-1.6238,False
B11-M-212,CCPI,EM3,2025-05-01,2025-06-01,2,190.1053,194.5,195.6,-2.8092,-0.5624,-2.2468,False
B11-M-212,CCPI,EM3,2025-05-01,2025-07-01,3,190.5256,194.1,194.7,-2.144,-0.3082,-1.8359,False
B11-M-212,CCPI,EM3,2025-05-01,2025-08-01,4,191.082,193.3,191.1,-0.0094,1.1512,-1.1606,False
B11-M-212,CCPI,EM3,2025-05-01,2025-09-01,5,191.3256,193.7,190.9,0.223,1.4667,-1.2438,False
B11-M-212,CCPI,EM3,2025-05-01,2025-10-01,6,191.3399,193.8,189.9,0.7582,2.0537,-1.2955,False
B11-M-212,CCPI,EM3,2025-05-01,2025-11-01,7,191.4976,193.4,189.4,1.1075,2.1119,-1.0044,False
B11-M-212,CCPI,EM3,2025-05-01,2025-12-01,8,191.5591,195.8,191.7,-0.0735,2.1388,-2.2123,False
B11-M-212,CCPI,EM3,2025-05-01,2026-01-01,9,191.4241,197.0,192.6,-0.6105,2.2845,-2.895,False
B11-M-212,CCPI,EM3,2025-05-01,2026-02-01,10,191.1587,195.3,192.2,-0.5418,1.6129,-2.1547,False
B11-M-212,CCPI,EM3,2025-05-01,2026-03-01,11,190.7586,195.8,191.6,-0.4392,2.1921,-2.6312,False
B11-M-212,CCPI,EM3,2025-05-01,2026-04-01,12,190.8001,201.6,191.2,-0.2092,5.4393,-5.6485,False
B11-M-213,CCPI,EM3,2025-06-01,2025-06-01,1,190.4851,194.5,195.6,-2.615,-0.5624,-2.0526,False
B11-M-213,CCPI,EM3,2025-06-01,2025-07-01,2,190.6476,194.1,194.7,-2.0814,-0.3082,-1.7732,False
B11-M-213,CCPI,EM3,2025-06-01,2025-08-01,3,190.7384,193.3,191.1,-0.1892,1.1512,-1.3404,False
B11-M-213,CCPI,EM3,2025-06-01,2025-09-01,4,190.9824,193.7,190.9,0.0432,1.4667,-1.4236,False
B11-M-213,CCPI,EM3,2025-06-01,2025-10-01,5,190.6077,193.8,189.9,0.3727,2.0537,-1.681,False
B11-M-213,CCPI,EM3,2025-06-01,2025-11-01,6,190.2747,193.4,189.4,0.4618,2.1119,-1.6501,False
B11-M-213,CCPI,EM3,2025-06-01,2025-12-01,7,190.0528,195.8,191.7,-0.8592,2.1388,-2.998,False
B11-M-213,CCPI,EM3,2025-06-01,2026-01-01,8,189.9053,197.0,192.6,-1.3991,2.2845,-3.6836,False
B11-M-213,CCPI,EM3,2025-06-01,2026-02-01,9,189.5464,195.3,192.2,-1.3807,1.6129,-2.9936,False
B11-M-213,CCPI,EM3,2025-06-01,2026-03-01,10,189.1788,195.8,191.6,-1.2637,2.1921,-3.4557,False
B11-M-213,CCPI,EM3,2025-06-01,2026-04-01,11,189.3791,201.6,191.2,-0.9523,5.4393,-6.3917,False
B11-M-213,CCPI,EM3,2025-06-01,2026-05-01,12,189.5193,203.4,192.8,-1.7016,5.4979,-7.1995,False
B11-M-214,CCPI,EM3,2025-07-01,2025-07-01,1,192.1276,194.1,194.7,-1.3212,-0.3082,-1.013,False
B11-M-214,CCPI,EM3,2025-07-01,2025-08-01,2,191.8246,193.3,191.1,0.3792,1.1512,-0.7721,False
B11-M-214,CCPI,EM3,2025-07-01,2025-09-01,3,192.1598,193.7,190.9,0.6599,1.4667,-0.8068,False
B11-M-214,CCPI,EM3,2025-07-01,2025-10-01,4,192.7032,193.8,189.9,1.4761,2.0537,-0.5776,False
B11-M-214,CCPI,EM3,2025-07-01,2025-11-01,5,192.7165,193.4,189.4,1.7511,2.1119,-0.3609,True
B11-M-214,CCPI,EM3,2025-07-01,2025-12-01,6,193.1023,195.8,191.7,0.7315,2.1388,-1.4073,False
B11-M-214,CCPI,EM3,2025-07-01,2026-01-01,7,193.4665,197.0,192.6,0.4499,2.2845,-1.8346,False
B11-M-214,CCPI,EM3,2025-07-01,2026-02-01,8,193.4273,195.3,192.2,0.6385,1.6129,-0.9744,False
B11-M-214,CCPI,EM3,2025-07-01,2026-03-01,9,192.9342,195.8,191.6,0.6964,2.1921,-1.4957,False
B11-M-214,CCPI,EM3,2025-07-01,2026-04-01,10,192.6565,201.6,191.2,0.7617,5.4393,-4.6776,False
B11-M-214,CCPI,EM3,2025-07-01,2026-05-01,11,193.6861,203.4,192.8,0.4596,5.4979,-5.0383,False
B11-M-214,CCPI,EM3,2025-07-01,2026-06-01,12,195.1572,207.7,194.5,0.3379,6.7866,-6.4487,False
B11-M-215,CCPI,EM3,2025-08-01,2025-08-01,1,189.4469,193.3,191.1,-0.865,1.1512,-2.0163,False
B11-M-215,CCPI,EM3,2025-08-01,2025-09-01,2,189.5739,193.7,190.9,-0.6947,1.4667,-2.1614,False
B11-M-215,CCPI,EM3,2025-08-01,2025-10-01,3,189.8301,193.8,189.9,-0.0368,2.0537,-2.0905,False
B11-M-215,CCPI,EM3,2025-08-01,2025-11-01,4,189.8124,193.4,189.4,0.2177,2.1119,-1.8942,False
B11-M-215,CCPI,EM3,2025-08-01,2025-12-01,5,190.7453,195.8,191.7,-0.498,2.1388,-2.6368,False
B11-M-215,CCPI,EM3,2025-08-01,2026-01-01,6,191.4936,197.0,192.6,-0.5745,2.2845,-2.859,False
B11-M-215,CCPI,EM3,2025-08-01,2026-02-01,7,191.7041,195.3,192.2,-0.258,1.6129,-1.8709,False
B11-M-215,CCPI,EM3,2025-08-01,2026-03-01,8,191.8363,195.8,191.6,0.1233,2.1921,-2.0687,False
B11-M-215,CCPI,EM3,2025-08-01,2026-04-01,9,191.5663,201.6,191.2,0.1916,5.4393,-5.2477,False
B11-M-215,CCPI,EM3,2025-08-01,2026-05-01,10,191.0095,203.4,192.8,-0.9287,5.4979,-6.4266,False
B11-M-215,CCPI,EM3,2025-08-01,2026-06-01,11,192.3236,207.7,194.5,-1.119,6.7866,-7.9056,False
B11-M-215,CCPI,EM3,2025-08-01,2026-07-01,12,192.5053,208.2,194.1,-0.8216,7.2643,-8.0859,False
B11-M-216,CCPI,EM3,2025-09-01,2025-09-01,1,193.1136,193.7,190.9,1.1596,1.4667,-0.3072,True
B11-M-216,CCPI,EM3,2025-09-01,2025-10-01,2,193.2233,193.8,189.9,1.75,2.0537,-0.3037,True
B11-M-216,CCPI,EM3,2025-09-01,2025-11-01,3,193.5311,193.4,189.4,2.1811,2.1119,0.0692,True
B11-M-216,CCPI,EM3,2025-09-01,2025-12-01,4,193.6242,195.8,191.7,1.0037,2.1388,-1.135,False
B11-M-216,CCPI,EM3,2025-09-01,2026-01-01,5,194.7385,197.0,192.6,1.1103,2.2845,-1.1742,False
B11-M-216,CCPI,EM3,2025-09-01,2026-02-01,6,194.6383,195.3,192.2,1.2686,1.6129,-0.3443,True
B11-M-216,CCPI,EM3,2025-09-01,2026-03-01,7,195.3094,195.8,191.6,1.936,2.1921,-0.256,True
B11-M-216,CCPI,EM3,2025-09-01,2026-04-01,8,197.2941,201.6,191.2,3.1873,5.4393,-2.252,False
B11-M-216,CCPI,EM3,2025-09-01,2026-05-01,9,198.1949,203.4,192.8,2.7982,5.4979,-2.6997,False
B11-M-216,CCPI,EM3,2025-09-01,2026-06-01,10,198.9688,207.7,194.5,2.2976,6.7866,-4.4891,False
B11-M-216,CCPI,EM3,2025-09-01,2026-07-01,11,199.781,208.2,194.1,2.9268,7.2643,-4.3375,False
B11-M-216,CCPI,EM3,2025-09-01,2026-08-01,12,199.8303,208.8,193.3,3.3783,8.0186,-4.6403,False
B11-M-217,CCPI,EM4,2025-04-01,2025-04-01,1,187.3247,191.2,195.2,-4.0345,-2.0492,-1.9853,False
B11-M-217,CCPI,EM4,2025-04-01,2025-05-01,2,187.3801,192.8,194.1,-3.4621,-0.6698,-2.7923,False
B11-M-217,CCPI,EM4,2025-04-01,2025-06-01,3,187.3776,194.5,195.6,-4.2037,-0.5624,-3.6413,False
B11-M-217,CCPI,EM4,2025-04-01,2025-07-01,4,187.2549,194.1,194.7,-3.8239,-0.3082,-3.5157,False
B11-M-217,CCPI,EM4,2025-04-01,2025-08-01,5,187.3208,193.3,191.1,-1.9776,1.1512,-3.1288,False
B11-M-217,CCPI,EM4,2025-04-01,2025-09-01,6,187.7971,193.7,190.9,-1.6254,1.4667,-3.0921,False
B11-M-217,CCPI,EM4,2025-04-01,2025-10-01,7,187.8363,193.8,189.9,-1.0867,2.0537,-3.1404,False
B11-M-217,CCPI,EM4,2025-04-01,2025-11-01,8,188.1128,193.4,189.4,-0.6796,2.1119,-2.7915,False
B11-M-217,CCPI,EM4,2025-04-01,2025-12-01,9,187.5583,195.8,191.7,-2.1605,2.1388,-4.2993,False
B11-M-217,CCPI,EM4,2025-04-01,2026-01-01,10,187.567,197.0,192.6,-2.6132,2.2845,-4.8977,False
B11-M-217,CCPI,EM4,2025-04-01,2026-02-01,11,187.438,195.3,192.2,-2.4776,1.6129,-4.0905,False
B11-M-217,CCPI,EM4,2025-04-01,2026-03-01,12,187.3358,195.8,191.6,-2.2256,2.1921,-4.4176,False
B11-M-218,CCPI,EM4,2025-05-01,2025-05-01,1,188.6203,192.8,194.1,-2.8231,-0.6698,-2.1534,False
B11-M-218,CCPI,EM4,2025-05-01,2025-06-01,2,188.784,194.5,195.6,-3.4846,-0.5624,-2.9223,False
B11-M-218,CCPI,EM4,2025-05-01,2025-07-01,3,189.2373,194.1,194.7,-2.8057,-0.3082,-2.4976,False
B11-M-218,CCPI,EM4,2025-05-01,2025-08-01,4,189.8753,193.3,191.1,-0.6409,1.1512,-1.7921,False
B11-M-218,CCPI,EM4,2025-05-01,2025-09-01,5,190.2757,193.7,190.9,-0.3271,1.4667,-1.7938,False
B11-M-218,CCPI,EM4,2025-05-01,2025-10-01,6,190.6462,193.8,189.9,0.3929,2.0537,-1.6608,False
B11-M-218,CCPI,EM4,2025-05-01,2025-11-01,7,190.2919,193.4,189.4,0.4709,2.1119,-1.641,False
B11-M-218,CCPI,EM4,2025-05-01,2025-12-01,8,189.6357,195.8,191.7,-1.0768,2.1388,-3.2156,False
B11-M-218,CCPI,EM4,2025-05-01,2026-01-01,9,189.313,197.0,192.6,-1.7066,2.2845,-3.9912,False
B11-M-218,CCPI,EM4,2025-05-01,2026-02-01,10,189.0862,195.3,192.2,-1.6201,1.6129,-3.233,False
B11-M-218,CCPI,EM4,2025-05-01,2026-03-01,11,189.0203,195.8,191.6,-1.3464,2.1921,-3.5384,False
B11-M-218,CCPI,EM4,2025-05-01,2026-04-01,12,189.1387,201.6,191.2,-1.0781,5.4393,-6.5174,False
B11-M-219,CCPI,EM4,2025-06-01,2025-06-01,1,189.1245,194.5,195.6,-3.3106,-0.5624,-2.7482,False
B11-M-219,CCPI,EM4,2025-06-01,2025-07-01,2,189.3903,194.1,194.7,-2.7271,-0.3082,-2.4189,False
B11-M-219,CCPI,EM4,2025-06-01,2025-08-01,3,189.2772,193.3,191.1,-0.9538,1.1512,-2.1051,False
B11-M-219,CCPI,EM4,2025-06-01,2025-09-01,4,189.222,193.7,190.9,-0.879,1.4667,-2.3457,False
B11-M-219,CCPI,EM4,2025-06-01,2025-10-01,5,189.2326,193.8,189.9,-0.3515,2.0537,-2.4052,False
B11-M-219,CCPI,EM4,2025-06-01,2025-11-01,6,189.6347,193.4,189.4,0.1239,2.1119,-1.988,False
B11-M-219,CCPI,EM4,2025-06-01,2025-12-01,7,190.067,195.8,191.7,-0.8518,2.1388,-2.9906,False
B11-M-219,CCPI,EM4,2025-06-01,2026-01-01,8,190.378,197.0,192.6,-1.1537,2.2845,-3.4382,False
B11-M-219,CCPI,EM4,2025-06-01,2026-02-01,9,190.2799,195.3,192.2,-0.999,1.6129,-2.6119,False
B11-M-219,CCPI,EM4,2025-06-01,2026-03-01,10,190.0002,195.8,191.6,-0.835,2.1921,-3.0271,False
B11-M-219,CCPI,EM4,2025-06-01,2026-04-01,11,190.1093,201.6,191.2,-0.5705,5.4393,-6.0098,False
B11-M-219,CCPI,EM4,2025-06-01,2026-05-01,12,190.1773,203.4,192.8,-1.3603,5.4979,-6.8583,False
B11-M-220,CCPI,EM4,2025-07-01,2025-07-01,1,189.459,194.1,194.7,-2.6918,-0.3082,-2.3836,False
B11-M-220,CCPI,EM4,2025-07-01,2025-08-01,2,189.0986,193.3,191.1,-1.0473,1.1512,-2.1985,False
B11-M-220,CCPI,EM4,2025-07-01,2025-09-01,3,188.971,193.7,190.9,-1.0105,1.4667,-2.4772,False
B11-M-220,CCPI,EM4,2025-07-01,2025-10-01,4,188.8654,193.8,189.9,-0.5448,2.0537,-2.5985,False
B11-M-220,CCPI,EM4,2025-07-01,2025-11-01,5,188.9412,193.4,189.4,-0.2422,2.1119,-2.3542,False
B11-M-220,CCPI,EM4,2025-07-01,2025-12-01,6,190.2252,195.8,191.7,-0.7693,2.1388,-2.9081,False
B11-M-220,CCPI,EM4,2025-07-01,2026-01-01,7,191.2671,197.0,192.6,-0.6921,2.2845,-2.9766,False
B11-M-220,CCPI,EM4,2025-07-01,2026-02-01,8,191.3302,195.3,192.2,-0.4526,1.6129,-2.0655,False
B11-M-220,CCPI,EM4,2025-07-01,2026-03-01,9,189.8864,195.8,191.6,-0.8944,2.1921,-3.0865,False
B11-M-220,CCPI,EM4,2025-07-01,2026-04-01,10,189.815,201.6,191.2,-0.7244,5.4393,-6.1637,False
B11-M-220,CCPI,EM4,2025-07-01,2026-05-01,11,190.4282,203.4,192.8,-1.2302,5.4979,-6.7281,False
B11-M-220,CCPI,EM4,2025-07-01,2026-06-01,12,191.2359,207.7,194.5,-1.6782,6.7866,-8.4648,False
B11-M-221,CCPI,EM4,2025-08-01,2025-08-01,1,191.2382,193.3,191.1,0.0723,1.1512,-1.0789,False
B11-M-221,CCPI,EM4,2025-08-01,2025-09-01,2,191.6089,193.7,190.9,0.3714,1.4667,-1.0954,False
B11-M-221,CCPI,EM4,2025-08-01,2025-10-01,3,192.6732,193.8,189.9,1.4604,2.0537,-0.5934,False
B11-M-221,CCPI,EM4,2025-08-01,2025-11-01,4,192.1802,193.4,189.4,1.4679,2.1119,-0.644,False
B11-M-221,CCPI,EM4,2025-08-01,2025-12-01,5,193.5322,195.8,191.7,0.9558,2.1388,-1.183,False
B11-M-221,CCPI,EM4,2025-08-01,2026-01-01,6,194.4885,197.0,192.6,0.9805,2.2845,-1.304,False
B11-M-221,CCPI,EM4,2025-08-01,2026-02-01,7,196.1684,195.3,192.2,2.0647,1.6129,0.4518,True
B11-M-221,CCPI,EM4,2025-08-01,2026-03-01,8,195.61,195.8,191.6,2.0929,2.1921,-0.0992,True
B11-M-221,CCPI,EM4,2025-08-01,2026-04-01,9,195.8105,201.6,191.2,2.4113,5.4393,-3.028,False
B11-M-221,CCPI,EM4,2025-08-01,2026-05-01,10,194.7645,203.4,192.8,1.019,5.4979,-4.479,False
B11-M-221,CCPI,EM4,2025-08-01,2026-06-01,11,195.4333,207.7,194.5,0.4798,6.7866,-6.3068,False
B11-M-221,CCPI,EM4,2025-08-01,2026-07-01,12,195.7637,208.2,194.1,0.8571,7.2643,-6.4072,False
B11-M-222,CCPI,EM4,2025-09-01,2025-09-01,1,193.3117,193.7,190.9,1.2633,1.4667,-0.2034,True
B11-M-222,CCPI,EM4,2025-09-01,2025-10-01,2,193.573,193.8,189.9,1.9342,2.0537,-0.1196,True
B11-M-222,CCPI,EM4,2025-09-01,2025-11-01,3,193.6561,193.4,189.4,2.2471,2.1119,0.1352,True
B11-M-222,CCPI,EM4,2025-09-01,2025-12-01,4,193.6427,195.8,191.7,1.0134,2.1388,-1.1254,False
B11-M-222,CCPI,EM4,2025-09-01,2026-01-01,5,195.0186,197.0,192.6,1.2558,2.2845,-1.0288,False
B11-M-222,CCPI,EM4,2025-09-01,2026-02-01,6,196.4901,195.3,192.2,2.2321,1.6129,0.6192,False
B11-M-222,CCPI,EM4,2025-09-01,2026-03-01,7,196.0888,195.8,191.6,2.3428,2.1921,0.1507,True
B11-M-222,CCPI,EM4,2025-09-01,2026-04-01,8,198.4599,201.6,191.2,3.797,5.4393,-1.6423,False
B11-M-222,CCPI,EM4,2025-09-01,2026-05-01,9,199.4754,203.4,192.8,3.4624,5.4979,-2.0356,False
B11-M-222,CCPI,EM4,2025-09-01,2026-06-01,10,199.9068,207.7,194.5,2.7799,6.7866,-4.0068,False
B11-M-222,CCPI,EM4,2025-09-01,2026-07-01,11,200.7149,208.2,194.1,3.408,7.2643,-3.8563,False
B11-M-222,CCPI,EM4,2025-09-01,2026-08-01,12,200.5857,208.8,193.3,3.7691,8.0186,-4.2495,False
B11-M-223,CCPI,EM5,2025-04-01,2025-04-01,1,187.3247,191.2,195.2,-4.0345,-2.0492,-1.9853,False
B11-M-223,CCPI,EM5,2025-04-01,2025-05-01,2,187.3801,192.8,194.1,-3.4621,-0.6698,-2.7923,False
B11-M-223,CCPI,EM5,2025-04-01,2025-06-01,3,187.3776,194.5,195.6,-4.2037,-0.5624,-3.6413,False
B11-M-223,CCPI,EM5,2025-04-01,2025-07-01,4,187.2549,194.1,194.7,-3.8239,-0.3082,-3.5157,False
B11-M-223,CCPI,EM5,2025-04-01,2025-08-01,5,187.3208,193.3,191.1,-1.9776,1.1512,-3.1288,False
B11-M-223,CCPI,EM5,2025-04-01,2025-09-01,6,187.7971,193.7,190.9,-1.6254,1.4667,-3.0921,False
B11-M-223,CCPI,EM5,2025-04-01,2025-10-01,7,187.8363,193.8,189.9,-1.0867,2.0537,-3.1404,False
B11-M-223,CCPI,EM5,2025-04-01,2025-11-01,8,188.1128,193.4,189.4,-0.6796,2.1119,-2.7915,False
B11-M-223,CCPI,EM5,2025-04-01,2025-12-01,9,187.5583,195.8,191.7,-2.1605,2.1388,-4.2993,False
B11-M-223,CCPI,EM5,2025-04-01,2026-01-01,10,187.567,197.0,192.6,-2.6132,2.2845,-4.8977,False
B11-M-223,CCPI,EM5,2025-04-01,2026-02-01,11,187.438,195.3,192.2,-2.4776,1.6129,-4.0905,False
B11-M-223,CCPI,EM5,2025-04-01,2026-03-01,12,187.3358,195.8,191.6,-2.2256,2.1921,-4.4176,False
B11-M-224,CCPI,EM5,2025-05-01,2025-05-01,1,188.6186,192.8,194.1,-2.824,-0.6698,-2.1543,False
B11-M-224,CCPI,EM5,2025-05-01,2025-06-01,2,188.7823,194.5,195.6,-3.4855,-0.5624,-2.9231,False
B11-M-224,CCPI,EM5,2025-05-01,2025-07-01,3,189.2245,194.1,194.7,-2.8123,-0.3082,-2.5041,False
B11-M-224,CCPI,EM5,2025-05-01,2025-08-01,4,189.8514,193.3,191.1,-0.6534,1.1512,-1.8046,False
B11-M-224,CCPI,EM5,2025-05-01,2025-09-01,5,190.2462,193.7,190.9,-0.3425,1.4667,-1.8092,False
B11-M-224,CCPI,EM5,2025-05-01,2025-10-01,6,190.6168,193.8,189.9,0.3774,2.0537,-1.6763,False
B11-M-224,CCPI,EM5,2025-05-01,2025-11-01,7,190.2735,193.4,189.4,0.4612,2.1119,-1.6507,False
B11-M-224,CCPI,EM5,2025-05-01,2025-12-01,8,189.634,195.8,191.7,-1.0777,2.1388,-3.2165,False
B11-M-224,CCPI,EM5,2025-05-01,2026-01-01,9,189.3113,197.0,192.6,-1.7075,2.2845,-3.9921,False
B11-M-224,CCPI,EM5,2025-05-01,2026-02-01,10,189.0901,195.3,192.2,-1.6181,1.6129,-3.231,False
B11-M-224,CCPI,EM5,2025-05-01,2026-03-01,11,189.0242,195.8,191.6,-1.3444,2.1921,-3.5365,False
B11-M-224,CCPI,EM5,2025-05-01,2026-04-01,12,189.1425,201.6,191.2,-1.0761,5.4393,-6.5154,False
B11-M-225,CCPI,EM5,2025-06-01,2025-06-01,1,189.0227,194.5,195.6,-3.3626,-0.5624,-2.8003,False
B11-M-225,CCPI,EM5,2025-06-01,2025-07-01,2,189.384,194.1,194.7,-2.7303,-0.3082,-2.4222,False
B11-M-225,CCPI,EM5,2025-06-01,2025-08-01,3,189.2542,193.3,191.1,-0.9659,1.1512,-2.1171,False
B11-M-225,CCPI,EM5,2025-06-01,2025-09-01,4,189.1888,193.7,190.9,-0.8964,1.4667,-2.3631,False
B11-M-225,CCPI,EM5,2025-06-01,2025-10-01,5,189.1893,193.8,189.9,-0.3742,2.0537,-2.428,False
B11-M-225,CCPI,EM5,2025-06-01,2025-11-01,6,189.5905,193.4,189.4,0.1006,2.1119,-2.0114,False
B11-M-225,CCPI,EM5,2025-06-01,2025-12-01,7,190.0202,195.8,191.7,-0.8763,2.1388,-3.015,False
B11-M-225,CCPI,EM5,2025-06-01,2026-01-01,8,190.326,197.0,192.6,-1.1807,2.2845,-3.4652,False
B11-M-225,CCPI,EM5,2025-06-01,2026-02-01,9,190.2101,195.3,192.2,-1.0353,1.6129,-2.6482,False
B11-M-225,CCPI,EM5,2025-06-01,2026-03-01,10,189.9179,195.8,191.6,-0.8779,2.1921,-3.07,False
B11-M-225,CCPI,EM5,2025-06-01,2026-04-01,11,190.0167,201.6,191.2,-0.6189,5.4393,-6.0582,False
B11-M-225,CCPI,EM5,2025-06-01,2026-05-01,12,190.0777,203.4,192.8,-1.412,5.4979,-6.9099,False
B11-M-226,CCPI,EM5,2025-07-01,2025-07-01,1,189.025,194.1,194.7,-2.9147,-0.3082,-2.6066,False
B11-M-226,CCPI,EM5,2025-07-01,2025-08-01,2,189.6296,193.3,191.1,-0.7694,1.1512,-1.9207,False
B11-M-226,CCPI,EM5,2025-07-01,2025-09-01,3,189.4913,193.7,190.9,-0.7379,1.4667,-2.2047,False
B11-M-226,CCPI,EM5,2025-07-01,2025-10-01,4,189.348,193.8,189.9,-0.2907,2.0537,-2.3444,False
B11-M-226,CCPI,EM5,2025-07-01,2025-11-01,5,189.4022,193.4,189.4,0.0012,2.1119,-2.1108,False
B11-M-226,CCPI,EM5,2025-07-01,2025-12-01,6,190.6455,195.8,191.7,-0.5501,2.1388,-2.6888,False
B11-M-226,CCPI,EM5,2025-07-01,2026-01-01,7,191.5872,197.0,192.6,-0.5259,2.2845,-2.8104,False
B11-M-226,CCPI,EM5,2025-07-01,2026-02-01,8,191.6781,195.3,192.2,-0.2715,1.6129,-1.8844,False
B11-M-226,CCPI,EM5,2025-07-01,2026-03-01,9,190.3743,195.8,191.6,-0.6397,2.1921,-2.8318,False
B11-M-226,CCPI,EM5,2025-07-01,2026-04-01,10,190.2302,201.6,191.2,-0.5072,5.4393,-5.9465,False
B11-M-226,CCPI,EM5,2025-07-01,2026-05-01,11,190.8176,203.4,192.8,-1.0282,5.4979,-6.5261,False
B11-M-226,CCPI,EM5,2025-07-01,2026-06-01,12,191.5041,207.7,194.5,-1.5403,6.7866,-8.3269,False
B11-M-227,CCPI,EM5,2025-08-01,2025-08-01,1,189.4515,193.3,191.1,-0.8627,1.1512,-2.0139,False
B11-M-227,CCPI,EM5,2025-08-01,2025-09-01,2,189.7841,193.7,190.9,-0.5846,1.4667,-2.0513,False
B11-M-227,CCPI,EM5,2025-08-01,2025-10-01,3,191.4202,193.8,189.9,0.8005,2.0537,-1.2532,False
B11-M-227,CCPI,EM5,2025-08-01,2025-11-01,4,191.5528,193.4,189.4,1.1367,2.1119,-0.9753,False
B11-M-227,CCPI,EM5,2025-08-01,2025-12-01,5,192.2743,195.8,191.7,0.2996,2.1388,-1.8392,False
B11-M-227,CCPI,EM5,2025-08-01,2026-01-01,6,193.6787,197.0,192.6,0.5601,2.2845,-1.7245,False
B11-M-227,CCPI,EM5,2025-08-01,2026-02-01,7,193.9501,195.3,192.2,0.9106,1.6129,-0.7023,False
B11-M-227,CCPI,EM5,2025-08-01,2026-03-01,8,194.3727,195.8,191.6,1.4471,2.1921,-0.745,False
B11-M-227,CCPI,EM5,2025-08-01,2026-04-01,9,193.6059,201.6,191.2,1.2583,5.4393,-4.181,False
B11-M-227,CCPI,EM5,2025-08-01,2026-05-01,10,194.0547,203.4,192.8,0.6508,5.4979,-4.8472,False
B11-M-227,CCPI,EM5,2025-08-01,2026-06-01,11,194.7007,207.7,194.5,0.1032,6.7866,-6.6834,False
B11-M-227,CCPI,EM5,2025-08-01,2026-07-01,12,194.7593,208.2,194.1,0.3397,7.2643,-6.9246,False
B11-M-228,CCPI,EM5,2025-09-01,2025-09-01,1,193.3665,193.7,190.9,1.292,1.4667,-0.1747,True
B11-M-228,CCPI,EM5,2025-09-01,2025-10-01,2,193.4788,193.8,189.9,1.8846,2.0537,-0.1691,True
B11-M-228,CCPI,EM5,2025-09-01,2025-11-01,3,193.5284,193.4,189.4,2.1797,2.1119,0.0678,True
B11-M-228,CCPI,EM5,2025-09-01,2025-12-01,4,193.7459,195.8,191.7,1.0673,2.1388,-1.0715,False
B11-M-228,CCPI,EM5,2025-09-01,2026-01-01,5,194.5612,197.0,192.6,1.0183,2.2845,-1.2662,False
B11-M-228,CCPI,EM5,2025-09-01,2026-02-01,6,194.3984,195.3,192.2,1.1438,1.6129,-0.4691,True
B11-M-228,CCPI,EM5,2025-09-01,2026-03-01,7,194.8998,195.8,191.6,1.7222,2.1921,-0.4698,True
B11-M-228,CCPI,EM5,2025-09-01,2026-04-01,8,196.6035,201.6,191.2,2.8261,5.4393,-2.6132,False
B11-M-228,CCPI,EM5,2025-09-01,2026-05-01,9,196.5432,203.4,192.8,1.9415,5.4979,-3.5564,False
B11-M-228,CCPI,EM5,2025-09-01,2026-06-01,10,197.4715,207.7,194.5,1.5278,6.7866,-5.2589,False
B11-M-228,CCPI,EM5,2025-09-01,2026-07-01,11,198.2754,208.2,194.1,2.1512,7.2643,-5.1131,False
B11-M-228,CCPI,EM5,2025-09-01,2026-08-01,12,198.0537,208.8,193.3,2.4593,8.0186,-5.5594,False
B11-M-229,CCPI,EM6,2025-04-01,2025-04-01,1,187.3247,191.2,195.2,-4.0345,-2.0492,-1.9853,False
B11-M-229,CCPI,EM6,2025-04-01,2025-05-01,2,187.3801,192.8,194.1,-3.4621,-0.6698,-2.7923,False
B11-M-229,CCPI,EM6,2025-04-01,2025-06-01,3,187.3776,194.5,195.6,-4.2037,-0.5624,-3.6413,False
B11-M-229,CCPI,EM6,2025-04-01,2025-07-01,4,187.2549,194.1,194.7,-3.8239,-0.3082,-3.5157,False
B11-M-229,CCPI,EM6,2025-04-01,2025-08-01,5,187.3208,193.3,191.1,-1.9776,1.1512,-3.1288,False
B11-M-229,CCPI,EM6,2025-04-01,2025-09-01,6,187.7971,193.7,190.9,-1.6254,1.4667,-3.0921,False
B11-M-229,CCPI,EM6,2025-04-01,2025-10-01,7,187.8363,193.8,189.9,-1.0867,2.0537,-3.1404,False
B11-M-229,CCPI,EM6,2025-04-01,2025-11-01,8,188.1128,193.4,189.4,-0.6796,2.1119,-2.7915,False
B11-M-229,CCPI,EM6,2025-04-01,2025-12-01,9,187.5583,195.8,191.7,-2.1605,2.1388,-4.2993,False
B11-M-229,CCPI,EM6,2025-04-01,2026-01-01,10,187.567,197.0,192.6,-2.6132,2.2845,-4.8977,False
B11-M-229,CCPI,EM6,2025-04-01,2026-02-01,11,187.438,195.3,192.2,-2.4776,1.6129,-4.0905,False
B11-M-229,CCPI,EM6,2025-04-01,2026-03-01,12,187.3358,195.8,191.6,-2.2256,2.1921,-4.4176,False
B11-M-230,CCPI,EM6,2025-05-01,2025-05-01,1,188.6203,192.8,194.1,-2.8231,-0.6698,-2.1534,False
B11-M-230,CCPI,EM6,2025-05-01,2025-06-01,2,188.784,194.5,195.6,-3.4846,-0.5624,-2.9223,False
B11-M-230,CCPI,EM6,2025-05-01,2025-07-01,3,189.2373,194.1,194.7,-2.8057,-0.3082,-2.4976,False
B11-M-230,CCPI,EM6,2025-05-01,2025-08-01,4,189.8753,193.3,191.1,-0.6409,1.1512,-1.7921,False
B11-M-230,CCPI,EM6,2025-05-01,2025-09-01,5,190.2757,193.7,190.9,-0.3271,1.4667,-1.7938,False
B11-M-230,CCPI,EM6,2025-05-01,2025-10-01,6,190.6462,193.8,189.9,0.3929,2.0537,-1.6608,False
B11-M-230,CCPI,EM6,2025-05-01,2025-11-01,7,190.2919,193.4,189.4,0.4709,2.1119,-1.641,False
B11-M-230,CCPI,EM6,2025-05-01,2025-12-01,8,189.6357,195.8,191.7,-1.0768,2.1388,-3.2156,False
B11-M-230,CCPI,EM6,2025-05-01,2026-01-01,9,189.313,197.0,192.6,-1.7066,2.2845,-3.9912,False
B11-M-230,CCPI,EM6,2025-05-01,2026-02-01,10,189.0862,195.3,192.2,-1.6201,1.6129,-3.233,False
B11-M-230,CCPI,EM6,2025-05-01,2026-03-01,11,189.0203,195.8,191.6,-1.3464,2.1921,-3.5384,False
B11-M-230,CCPI,EM6,2025-05-01,2026-04-01,12,189.1387,201.6,191.2,-1.0781,5.4393,-6.5174,False
B11-M-231,CCPI,EM6,2025-06-01,2025-06-01,1,189.0464,194.5,195.6,-3.3505,-0.5624,-2.7881,False
B11-M-231,CCPI,EM6,2025-06-01,2025-07-01,2,189.3037,194.1,194.7,-2.7716,-0.3082,-2.4635,False
B11-M-231,CCPI,EM6,2025-06-01,2025-08-01,3,189.1738,193.3,191.1,-1.0079,1.1512,-2.1592,False
B11-M-231,CCPI,EM6,2025-06-01,2025-09-01,4,189.1084,193.7,190.9,-0.9385,1.4667,-2.4052,False
B11-M-231,CCPI,EM6,2025-06-01,2025-10-01,5,189.1089,193.8,189.9,-0.4166,2.0537,-2.4703,False
B11-M-231,CCPI,EM6,2025-06-01,2025-11-01,6,189.5101,193.4,189.4,0.0581,2.1119,-2.0538,False
B11-M-231,CCPI,EM6,2025-06-01,2025-12-01,7,189.9398,195.8,191.7,-0.9182,2.1388,-3.057,False
B11-M-231,CCPI,EM6,2025-06-01,2026-01-01,8,190.2457,197.0,192.6,-1.2224,2.2845,-3.5069,False
B11-M-231,CCPI,EM6,2025-06-01,2026-02-01,9,190.1297,195.3,192.2,-1.0772,1.6129,-2.6901,False
B11-M-231,CCPI,EM6,2025-06-01,2026-03-01,10,189.8375,195.8,191.6,-0.9199,2.1921,-3.1119,False
B11-M-231,CCPI,EM6,2025-06-01,2026-04-01,11,189.9364,201.6,191.2,-0.6609,5.4393,-6.1002,False
B11-M-231,CCPI,EM6,2025-06-01,2026-05-01,12,189.9973,203.4,192.8,-1.4537,5.4979,-6.9516,False
B11-M-232,CCPI,EM6,2025-07-01,2025-07-01,1,189.6315,194.1,194.7,-2.6033,-0.3082,-2.2951,False
B11-M-232,CCPI,EM6,2025-07-01,2025-08-01,2,189.0845,193.3,191.1,-1.0547,1.1512,-2.2059,False
B11-M-232,CCPI,EM6,2025-07-01,2025-09-01,3,189.1512,193.7,190.9,-0.9161,1.4667,-2.3828,False
B11-M-232,CCPI,EM6,2025-07-01,2025-10-01,4,188.8996,193.8,189.9,-0.5268,2.0537,-2.5805,False
B11-M-232,CCPI,EM6,2025-07-01,2025-11-01,5,189.1512,193.4,189.4,-0.1314,2.1119,-2.2433,False
B11-M-232,CCPI,EM6,2025-07-01,2025-12-01,6,190.3215,195.8,191.7,-0.7191,2.1388,-2.8579,False
B11-M-232,CCPI,EM6,2025-07-01,2026-01-01,7,191.6104,197.0,192.6,-0.5138,2.2845,-2.7983,False
B11-M-232,CCPI,EM6,2025-07-01,2026-02-01,8,191.3853,195.3,192.2,-0.4239,1.6129,-2.0368,False
B11-M-232,CCPI,EM6,2025-07-01,2026-03-01,9,189.9179,195.8,191.6,-0.8779,2.1921,-3.07,False
B11-M-232,CCPI,EM6,2025-07-01,2026-04-01,10,189.7775,201.6,191.2,-0.744,5.4393,-6.1833,False
B11-M-232,CCPI,EM6,2025-07-01,2026-05-01,11,190.5358,203.4,192.8,-1.1744,5.4979,-6.6723,False
B11-M-232,CCPI,EM6,2025-07-01,2026-06-01,12,191.3884,207.7,194.5,-1.5998,6.7866,-8.3864,False
B11-M-233,CCPI,EM6,2025-08-01,2025-08-01,1,189.4948,193.3,191.1,-0.84,1.1512,-1.9912,False
B11-M-233,CCPI,EM6,2025-08-01,2025-09-01,2,189.6312,193.7,190.9,-0.6646,1.4667,-2.1314,False
B11-M-233,CCPI,EM6,2025-08-01,2025-10-01,3,189.6543,193.8,189.9,-0.1294,2.0537,-2.1831,False
B11-M-233,CCPI,EM6,2025-08-01,2025-11-01,4,189.4865,193.4,189.4,0.0457,2.1119,-2.0663,False
B11-M-233,CCPI,EM6,2025-08-01,2025-12-01,5,190.4052,195.8,191.7,-0.6754,2.1388,-2.8142,False
B11-M-233,CCPI,EM6,2025-08-01,2026-01-01,6,191.7504,197.0,192.6,-0.4411,2.2845,-2.7257,False
B11-M-233,CCPI,EM6,2025-08-01,2026-02-01,7,192.0408,195.3,192.2,-0.0828,1.6129,-1.6957,False
B11-M-233,CCPI,EM6,2025-08-01,2026-03-01,8,192.1195,195.8,191.6,0.2711,2.1921,-1.9209,False
B11-M-233,CCPI,EM6,2025-08-01,2026-04-01,9,191.354,201.6,191.2,0.0806,5.4393,-5.3588,False
B11-M-233,CCPI,EM6,2025-08-01,2026-05-01,10,191.5752,203.4,192.8,-0.6353,5.4979,-6.1332,False
B11-M-233,CCPI,EM6,2025-08-01,2026-06-01,11,192.3773,207.7,194.5,-1.0914,6.7866,-7.878,False
B11-M-233,CCPI,EM6,2025-08-01,2026-07-01,12,192.2596,208.2,194.1,-0.9482,7.2643,-8.2125,False
B11-M-234,CCPI,EM6,2025-09-01,2025-09-01,1,193.5837,193.7,190.9,1.4058,1.4667,-0.0609,True
B11-M-234,CCPI,EM6,2025-09-01,2025-10-01,2,193.6964,193.8,189.9,1.9992,2.0537,-0.0545,True
B11-M-234,CCPI,EM6,2025-09-01,2025-11-01,3,193.9066,193.4,189.4,2.3794,2.1119,0.2675,True
B11-M-234,CCPI,EM6,2025-09-01,2025-12-01,4,193.8658,195.8,191.7,1.1298,2.1388,-1.009,False
B11-M-234,CCPI,EM6,2025-09-01,2026-01-01,5,194.7583,197.0,192.6,1.1206,2.2845,-1.1639,False
B11-M-234,CCPI,EM6,2025-09-01,2026-02-01,6,195.0768,195.3,192.2,1.4968,1.6129,-0.1161,True
B11-M-234,CCPI,EM6,2025-09-01,2026-03-01,7,195.5989,195.8,191.6,2.0871,2.1921,-0.105,True
B11-M-234,CCPI,EM6,2025-09-01,2026-04-01,8,197.0623,201.6,191.2,3.0661,5.4393,-2.3733,False
B11-M-234,CCPI,EM6,2025-09-01,2026-05-01,9,197.7496,203.4,192.8,2.5672,5.4979,-2.9307,False
B11-M-234,CCPI,EM6,2025-09-01,2026-06-01,10,198.1305,207.7,194.5,1.8666,6.7866,-4.92,False
B11-M-234,CCPI,EM6,2025-09-01,2026-07-01,11,198.8031,208.2,194.1,2.423,7.2643,-4.8412,False
B11-M-234,CCPI,EM6,2025-09-01,2026-08-01,12,198.6989,208.8,193.3,2.793,8.0186,-5.2256,False
B11-M-235,CCPI,EM7,2025-04-01,2025-04-01,1,188.7614,191.2,195.2,-3.2984,-2.0492,-1.2493,False
B11-M-235,CCPI,EM7,2025-04-01,2025-05-01,2,189.1713,192.8,194.1,-2.5393,-0.6698,-1.8695,False
B11-M-235,CCPI,EM7,2025-04-01,2025-06-01,3,190.0173,194.5,195.6,-2.8542,-0.5624,-2.2918,False
B11-M-235,CCPI,EM7,2025-04-01,2025-07-01,4,189.5342,194.1,194.7,-2.6532,-0.3082,-2.3451,False
B11-M-235,CCPI,EM7,2025-04-01,2025-08-01,5,190.01,193.3,191.1,-0.5704,1.1512,-1.7216,False
B11-M-235,CCPI,EM7,2025-04-01,2025-09-01,6,190.7687,193.7,190.9,-0.0688,1.4667,-1.5355,False
B11-M-235,CCPI,EM7,2025-04-01,2025-10-01,7,190.6332,193.8,189.9,0.3861,2.0537,-1.6676,False
B11-M-235,CCPI,EM7,2025-04-01,2025-11-01,8,190.8611,193.4,189.4,0.7714,2.1119,-1.3405,False
B11-M-235,CCPI,EM7,2025-04-01,2025-12-01,9,190.5524,195.8,191.7,-0.5986,2.1388,-2.7374,False
B11-M-235,CCPI,EM7,2025-04-01,2026-01-01,10,190.2522,197.0,192.6,-1.219,2.2845,-3.5035,False
B11-M-235,CCPI,EM7,2025-04-01,2026-02-01,11,190.5547,195.3,192.2,-0.856,1.6129,-2.4689,False
B11-M-235,CCPI,EM7,2025-04-01,2026-03-01,12,190.6278,195.8,191.6,-0.5074,2.1921,-2.6995,False
B11-M-236,CCPI,EM7,2025-05-01,2025-05-01,1,189.4065,192.8,194.1,-2.4181,-0.6698,-1.7483,False
B11-M-236,CCPI,EM7,2025-05-01,2025-06-01,2,189.8481,194.5,195.6,-2.9406,-0.5624,-2.3783,False
B11-M-236,CCPI,EM7,2025-05-01,2025-07-01,3,190.2407,194.1,194.7,-2.2904,-0.3082,-1.9822,False
B11-M-236,CCPI,EM7,2025-05-01,2025-08-01,4,190.7704,193.3,191.1,-0.1725,1.1512,-1.3237,False
B11-M-236,CCPI,EM7,2025-05-01,2025-09-01,5,191.0116,193.7,190.9,0.0585,1.4667,-1.4083,False
B11-M-236,CCPI,EM7,2025-05-01,2025-10-01,6,191.0323,193.8,189.9,0.5963,2.0537,-1.4574,False
B11-M-236,CCPI,EM7,2025-05-01,2025-11-01,7,191.2112,193.4,189.4,0.9563,2.1119,-1.1556,False
B11-M-236,CCPI,EM7,2025-05-01,2025-12-01,8,191.2807,195.8,191.7,-0.2187,2.1388,-2.3575,False
B11-M-236,CCPI,EM7,2025-05-01,2026-01-01,9,191.1195,197.0,192.6,-0.7687,2.2845,-3.0532,False
B11-M-236,CCPI,EM7,2025-05-01,2026-02-01,10,190.807,195.3,192.2,-0.7248,1.6129,-2.3377,False
B11-M-236,CCPI,EM7,2025-05-01,2026-03-01,11,190.4427,195.8,191.6,-0.604,2.1921,-2.7961,False
B11-M-236,CCPI,EM7,2025-05-01,2026-04-01,12,190.5129,201.6,191.2,-0.3594,5.4393,-5.7987,False
B11-M-237,CCPI,EM7,2025-06-01,2025-06-01,1,190.4711,194.5,195.6,-2.6221,-0.5624,-2.0598,False
B11-M-237,CCPI,EM7,2025-06-01,2025-07-01,2,190.6351,194.1,194.7,-2.0878,-0.3082,-1.7796,False
B11-M-237,CCPI,EM7,2025-06-01,2025-08-01,3,190.7245,193.3,191.1,-0.1965,1.1512,-1.3477,False
B11-M-237,CCPI,EM7,2025-06-01,2025-09-01,4,190.9694,193.7,190.9,0.0364,1.4667,-1.4304,False
B11-M-237,CCPI,EM7,2025-06-01,2025-10-01,5,190.5957,193.8,189.9,0.3664,2.0537,-1.6873,False
B11-M-237,CCPI,EM7,2025-06-01,2025-11-01,6,190.2639,193.4,189.4,0.4561,2.1119,-1.6558,False
B11-M-237,CCPI,EM7,2025-06-01,2025-12-01,7,190.0449,195.8,191.7,-0.8634,2.1388,-3.0021,False
B11-M-237,CCPI,EM7,2025-06-01,2026-01-01,8,189.8992,197.0,192.6,-1.4023,2.2845,-3.6868,False
B11-M-237,CCPI,EM7,2025-06-01,2026-02-01,9,189.5378,195.3,192.2,-1.3851,1.6129,-2.998,False
B11-M-237,CCPI,EM7,2025-06-01,2026-03-01,10,189.1671,195.8,191.6,-1.2698,2.1921,-3.4619,False
B11-M-237,CCPI,EM7,2025-06-01,2026-04-01,11,189.3681,201.6,191.2,-0.9581,5.4393,-6.3974,False
B11-M-237,CCPI,EM7,2025-06-01,2026-05-01,12,189.5118,203.4,192.8,-1.7055,5.4979,-7.2034,False
B11-M-238,CCPI,EM7,2025-07-01,2025-07-01,1,191.9745,194.1,194.7,-1.3998,-0.3082,-1.0917,False
B11-M-238,CCPI,EM7,2025-07-01,2025-08-01,2,191.7388,193.3,191.1,0.3343,1.1512,-0.817,False
B11-M-238,CCPI,EM7,2025-07-01,2025-09-01,3,192.0933,193.7,190.9,0.6251,1.4667,-0.8416,False
B11-M-238,CCPI,EM7,2025-07-01,2025-10-01,4,192.6637,193.8,189.9,1.4553,2.0537,-0.5984,False
B11-M-238,CCPI,EM7,2025-07-01,2025-11-01,5,192.7122,193.4,189.4,1.7488,2.1119,-0.3631,True
B11-M-238,CCPI,EM7,2025-07-01,2025-12-01,6,193.087,195.8,191.7,0.7235,2.1388,-1.4152,False
B11-M-238,CCPI,EM7,2025-07-01,2026-01-01,7,193.4644,197.0,192.6,0.4488,2.2845,-1.8357,False
B11-M-238,CCPI,EM7,2025-07-01,2026-02-01,8,193.458,195.3,192.2,0.6545,1.6129,-0.9584,False
B11-M-238,CCPI,EM7,2025-07-01,2026-03-01,9,192.9922,195.8,191.6,0.7266,2.1921,-1.4654,False
B11-M-238,CCPI,EM7,2025-07-01,2026-04-01,10,192.7267,201.6,191.2,0.7985,5.4393,-4.6408,False
B11-M-238,CCPI,EM7,2025-07-01,2026-05-01,11,193.7431,203.4,192.8,0.4892,5.4979,-5.0087,False
B11-M-238,CCPI,EM7,2025-07-01,2026-06-01,12,195.1992,207.7,194.5,0.3595,6.7866,-6.4271,False
B11-M-239,CCPI,EM7,2025-08-01,2025-08-01,1,189.4957,193.3,191.1,-0.8395,1.1512,-1.9907,False
B11-M-239,CCPI,EM7,2025-08-01,2025-09-01,2,189.6228,193.7,190.9,-0.669,1.4667,-2.1358,False
B11-M-239,CCPI,EM7,2025-08-01,2025-10-01,3,189.8798,193.8,189.9,-0.0106,2.0537,-2.0644,False
B11-M-239,CCPI,EM7,2025-08-01,2025-11-01,4,189.8728,193.4,189.4,0.2496,2.1119,-1.8623,False
B11-M-239,CCPI,EM7,2025-08-01,2025-12-01,5,190.801,195.8,191.7,-0.469,2.1388,-2.6077,False
B11-M-239,CCPI,EM7,2025-08-01,2026-01-01,6,191.5431,197.0,192.6,-0.5488,2.2845,-2.8333,False
B11-M-239,CCPI,EM7,2025-08-01,2026-02-01,7,191.7586,195.3,192.2,-0.2296,1.6129,-1.8425,False
B11-M-239,CCPI,EM7,2025-08-01,2026-03-01,8,191.8876,195.8,191.6,0.1501,2.1921,-2.042,False
B11-M-239,CCPI,EM7,2025-08-01,2026-04-01,9,191.6251,201.6,191.2,0.2223,5.4393,-5.217,False
B11-M-239,CCPI,EM7,2025-08-01,2026-05-01,10,191.0759,203.4,192.8,-0.8942,5.4979,-6.3922,False
B11-M-239,CCPI,EM7,2025-08-01,2026-06-01,11,192.3747,207.7,194.5,-1.0927,6.7866,-7.8793,False
B11-M-239,CCPI,EM7,2025-08-01,2026-07-01,12,192.5579,208.2,194.1,-0.7945,7.2643,-8.0588,False
B11-M-240,CCPI,EM7,2025-09-01,2025-09-01,1,193.1164,193.7,190.9,1.161,1.4667,-0.3057,True
B11-M-240,CCPI,EM7,2025-09-01,2025-10-01,2,193.2379,193.8,189.9,1.7577,2.0537,-0.296,True
B11-M-240,CCPI,EM7,2025-09-01,2025-11-01,3,193.5446,193.4,189.4,2.1883,2.1119,0.0763,True
B11-M-240,CCPI,EM7,2025-09-01,2025-12-01,4,193.6372,195.8,191.7,1.0105,2.1388,-1.1282,False
B11-M-240,CCPI,EM7,2025-09-01,2026-01-01,5,194.7467,197.0,192.6,1.1146,2.2845,-1.17,False
B11-M-240,CCPI,EM7,2025-09-01,2026-02-01,6,194.6612,195.3,192.2,1.2805,1.6129,-0.3324,True
B11-M-240,CCPI,EM7,2025-09-01,2026-03-01,7,195.3472,195.8,191.6,1.9558,2.1921,-0.2363,True
B11-M-240,CCPI,EM7,2025-09-01,2026-04-01,8,197.3302,201.6,191.2,3.2062,5.4393,-2.2331,False
B11-M-240,CCPI,EM7,2025-09-01,2026-05-01,9,198.2164,203.4,192.8,2.8094,5.4979,-2.6886,False
B11-M-240,CCPI,EM7,2025-09-01,2026-06-01,10,198.9611,207.7,194.5,2.2936,6.7866,-4.493,False
B11-M-240,CCPI,EM7,2025-09-01,2026-07-01,11,199.7818,208.2,194.1,2.9273,7.2643,-4.337,False
B11-M-240,CCPI,EM7,2025-09-01,2026-08-01,12,199.8506,208.8,193.3,3.3888,8.0186,-4.6298,False
B11-M-241,CCPI,EM8,2025-04-01,2025-04-01,1,187.3712,191.2,195.2,-4.0106,-2.0492,-1.9615,False
B11-M-241,CCPI,EM8,2025-04-01,2025-05-01,2,187.422,192.8,194.1,-3.4405,-0.6698,-2.7708,False
B11-M-241,CCPI,EM8,2025-04-01,2025-06-01,3,187.434,194.5,195.6,-4.1749,-0.5624,-3.6125,False
B11-M-241,CCPI,EM8,2025-04-01,2025-07-01,4,187.3322,194.1,194.7,-3.7842,-0.3082,-3.476,False
B11-M-241,CCPI,EM8,2025-04-01,2025-08-01,5,187.4018,193.3,191.1,-1.9352,1.1512,-3.0864,False
B11-M-241,CCPI,EM8,2025-04-01,2025-09-01,6,187.8704,193.7,190.9,-1.587,1.4667,-3.0537,False
B11-M-241,CCPI,EM8,2025-04-01,2025-10-01,7,187.9083,193.8,189.9,-1.0488,2.0537,-3.1025,False
B11-M-241,CCPI,EM8,2025-04-01,2025-11-01,8,188.2347,193.4,189.4,-0.6152,2.1119,-2.7272,False
B11-M-241,CCPI,EM8,2025-04-01,2025-12-01,9,187.6517,195.8,191.7,-2.1118,2.1388,-4.2506,False
B11-M-241,CCPI,EM8,2025-04-01,2026-01-01,10,187.6539,197.0,192.6,-2.5681,2.2845,-4.8526,False
B11-M-241,CCPI,EM8,2025-04-01,2026-02-01,11,187.5039,195.3,192.2,-2.4433,1.6129,-4.0562,False
B11-M-241,CCPI,EM8,2025-04-01,2026-03-01,12,187.3743,195.8,191.6,-2.2055,2.1921,-4.3975,False
B11-M-242,CCPI,EM8,2025-05-01,2025-05-01,1,188.568,192.8,194.1,-2.8501,-0.6698,-2.1803,False
B11-M-242,CCPI,EM8,2025-05-01,2025-06-01,2,188.7444,194.5,195.6,-3.5049,-0.5624,-2.9425,False
B11-M-242,CCPI,EM8,2025-05-01,2025-07-01,3,189.2079,194.1,194.7,-2.8208,-0.3082,-2.5126,False
B11-M-242,CCPI,EM8,2025-05-01,2025-08-01,4,189.8562,193.3,191.1,-0.6509,1.1512,-1.8021,False
B11-M-242,CCPI,EM8,2025-05-01,2025-09-01,5,190.2655,193.7,190.9,-0.3324,1.4667,-1.7991,False
B11-M-242,CCPI,EM8,2025-05-01,2025-10-01,6,190.636,193.8,189.9,0.3876,2.0537,-1.6661,False
B11-M-242,CCPI,EM8,2025-05-01,2025-11-01,7,190.2627,193.4,189.4,0.4555,2.1119,-1.6564,False
B11-M-242,CCPI,EM8,2025-05-01,2025-12-01,8,189.5853,195.8,191.7,-1.1031,2.1388,-3.2419,False
B11-M-242,CCPI,EM8,2025-05-01,2026-01-01,9,189.2605,197.0,192.6,-1.7339,2.2845,-4.0184,False
B11-M-242,CCPI,EM8,2025-05-01,2026-02-01,10,189.0291,195.3,192.2,-1.6498,1.6129,-3.2627,False
B11-M-242,CCPI,EM8,2025-05-01,2026-03-01,11,188.9588,195.8,191.6,-1.3785,2.1921,-3.5706,False
B11-M-242,CCPI,EM8,2025-05-01,2026-04-01,12,189.0759,201.6,191.2,-1.1109,5.4393,-6.5502,False
B11-M-243,CCPI,EM8,2025-06-01,2025-06-01,1,189.1245,194.5,195.6,-3.3106,-0.5624,-2.7482,False
B11-M-243,CCPI,EM8,2025-06-01,2025-07-01,2,189.3903,194.1,194.7,-2.7271,-0.3082,-2.4189,False
B11-M-243,CCPI,EM8,2025-06-01,2025-08-01,3,189.2772,193.3,191.1,-0.9538,1.1512,-2.1051,False
B11-M-243,CCPI,EM8,2025-06-01,2025-09-01,4,189.222,193.7,190.9,-0.879,1.4667,-2.3457,False
B11-M-243,CCPI,EM8,2025-06-01,2025-10-01,5,189.2326,193.8,189.9,-0.3515,2.0537,-2.4052,False
B11-M-243,CCPI,EM8,2025-06-01,2025-11-01,6,189.6347,193.4,189.4,0.1239,2.1119,-1.988,False
B11-M-243,CCPI,EM8,2025-06-01,2025-12-01,7,190.067,195.8,191.7,-0.8518,2.1388,-2.9906,False
B11-M-243,CCPI,EM8,2025-06-01,2026-01-01,8,190.378,197.0,192.6,-1.1537,2.2845,-3.4382,False
B11-M-243,CCPI,EM8,2025-06-01,2026-02-01,9,190.2799,195.3,192.2,-0.999,1.6129,-2.6119,False
B11-M-243,CCPI,EM8,2025-06-01,2026-03-01,10,190.0002,195.8,191.6,-0.835,2.1921,-3.0271,False
B11-M-243,CCPI,EM8,2025-06-01,2026-04-01,11,190.1093,201.6,191.2,-0.5705,5.4393,-6.0098,False
B11-M-243,CCPI,EM8,2025-06-01,2026-05-01,12,190.1773,203.4,192.8,-1.3603,5.4979,-6.8583,False
B11-M-244,CCPI,EM8,2025-07-01,2025-07-01,1,189.6763,194.1,194.7,-2.5802,-0.3082,-2.2721,False
B11-M-244,CCPI,EM8,2025-07-01,2025-08-01,2,189.2556,193.3,191.1,-0.9652,1.1512,-2.1164,False
B11-M-244,CCPI,EM8,2025-07-01,2025-09-01,3,189.1466,193.7,190.9,-0.9185,1.4667,-2.3852,False
B11-M-244,CCPI,EM8,2025-07-01,2025-10-01,4,189.0526,193.8,189.9,-0.4462,2.0537,-2.4999,False
B11-M-244,CCPI,EM8,2025-07-01,2025-11-01,5,189.1115,193.4,189.4,-0.1523,2.1119,-2.2643,False
B11-M-244,CCPI,EM8,2025-07-01,2025-12-01,6,190.2643,195.8,191.7,-0.7489,2.1388,-2.8877,False
B11-M-244,CCPI,EM8,2025-07-01,2026-01-01,7,191.4205,197.0,192.6,-0.6124,2.2845,-2.8969,False
B11-M-244,CCPI,EM8,2025-07-01,2026-02-01,8,191.3963,195.3,192.2,-0.4182,1.6129,-2.0311,False
B11-M-244,CCPI,EM8,2025-07-01,2026-03-01,9,189.7921,195.8,191.6,-0.9436,2.1921,-3.1356,False
B11-M-244,CCPI,EM8,2025-07-01,2026-04-01,10,189.7537,201.6,191.2,-0.7564,5.4393,-6.1958,False
B11-M-244,CCPI,EM8,2025-07-01,2026-05-01,11,190.393,203.4,192.8,-1.2484,5.4979,-6.7463,False
B11-M-244,CCPI,EM8,2025-07-01,2026-06-01,12,191.2872,207.7,194.5,-1.6518,6.7866,-8.4385,False
B11-M-245,CCPI,EM8,2025-08-01,2025-08-01,1,189.7712,193.3,191.1,-0.6953,1.1512,-1.8466,False
B11-M-245,CCPI,EM8,2025-08-01,2025-09-01,2,189.975,193.7,190.9,-0.4846,1.4667,-1.9513,False
B11-M-245,CCPI,EM8,2025-08-01,2025-10-01,3,190.3815,193.8,189.9,0.2535,2.0537,-1.8002,False
B11-M-245,CCPI,EM8,2025-08-01,2025-11-01,4,190.0524,193.4,189.4,0.3445,2.1119,-1.7675,False
B11-M-245,CCPI,EM8,2025-08-01,2025-12-01,5,191.0971,195.8,191.7,-0.3145,2.1388,-2.4532,False
B11-M-245,CCPI,EM8,2025-08-01,2026-01-01,6,192.2563,197.0,192.6,-0.1785,2.2845,-2.463,False
B11-M-245,CCPI,EM8,2025-08-01,2026-02-01,7,193.1175,195.3,192.2,0.4774,1.6129,-1.1355,False
B11-M-245,CCPI,EM8,2025-08-01,2026-03-01,8,192.9396,195.8,191.6,0.6992,2.1921,-1.4929,False
B11-M-245,CCPI,EM8,2025-08-01,2026-04-01,9,192.5302,201.6,191.2,0.6957,5.4393,-4.7436,False
B11-M-245,CCPI,EM8,2025-08-01,2026-05-01,10,192.1547,203.4,192.8,-0.3347,5.4979,-5.8326,False
B11-M-245,CCPI,EM8,2025-08-01,2026-06-01,11,192.8188,207.7,194.5,-0.8644,6.7866,-7.651,False
B11-M-245,CCPI,EM8,2025-08-01,2026-07-01,12,192.8548,208.2,194.1,-0.6415,7.2643,-7.9058,False
B11-M-246,CCPI,EM8,2025-09-01,2025-09-01,1,193.5837,193.7,190.9,1.4058,1.4667,-0.0609,True
B11-M-246,CCPI,EM8,2025-09-01,2025-10-01,2,193.6964,193.8,189.9,1.9992,2.0537,-0.0545,True
B11-M-246,CCPI,EM8,2025-09-01,2025-11-01,3,193.9066,193.4,189.4,2.3794,2.1119,0.2675,True
B11-M-246,CCPI,EM8,2025-09-01,2025-12-01,4,193.8658,195.8,191.7,1.1298,2.1388,-1.009,False
B11-M-246,CCPI,EM8,2025-09-01,2026-01-01,5,194.7583,197.0,192.6,1.1206,2.2845,-1.1639,False
B11-M-246,CCPI,EM8,2025-09-01,2026-02-01,6,195.0768,195.3,192.2,1.4968,1.6129,-0.1161,True
B11-M-246,CCPI,EM8,2025-09-01,2026-03-01,7,195.5989,195.8,191.6,2.0871,2.1921,-0.105,True
B11-M-246,CCPI,EM8,2025-09-01,2026-04-01,8,197.0623,201.6,191.2,3.0661,5.4393,-2.3733,False
B11-M-246,CCPI,EM8,2025-09-01,2026-05-01,9,197.7496,203.4,192.8,2.5672,5.4979,-2.9307,False
B11-M-246,CCPI,EM8,2025-09-01,2026-06-01,10,198.1305,207.7,194.5,1.8666,6.7866,-4.92,False
B11-M-246,CCPI,EM8,2025-09-01,2026-07-01,11,198.8031,208.2,194.1,2.423,7.2643,-4.8412,False
B11-M-246,CCPI,EM8,2025-09-01,2026-08-01,12,198.6989,208.8,193.3,2.793,8.0186,-5.2256,False
B11-M-247,CCPI,EM9,2025-04-01,2025-04-01,1,189.5834,191.2,195.2,-2.8774,-2.0492,-0.8282,False
B11-M-247,CCPI,EM9,2025-04-01,2025-05-01,2,189.8955,192.8,194.1,-2.1661,-0.6698,-1.4964,False
B11-M-247,CCPI,EM9,2025-04-01,2025-06-01,3,190.4068,194.5,195.6,-2.655,-0.5624,-2.0927,False
B11-M-247,CCPI,EM9,2025-04-01,2025-07-01,4,190.1102,194.1,194.7,-2.3574,-0.3082,-2.0492,False
B11-M-247,CCPI,EM9,2025-04-01,2025-08-01,5,190.4063,193.3,191.1,-0.363,1.1512,-1.5143,False
B11-M-247,CCPI,EM9,2025-04-01,2025-09-01,6,190.8662,193.7,190.9,-0.0177,1.4667,-1.4845,False
B11-M-247,CCPI,EM9,2025-04-01,2025-10-01,7,190.8387,193.8,189.9,0.4943,2.0537,-1.5594,False
B11-M-247,CCPI,EM9,2025-04-01,2025-11-01,8,190.9918,193.4,189.4,0.8405,2.1119,-1.2715,False
B11-M-247,CCPI,EM9,2025-04-01,2025-12-01,9,190.8594,195.8,191.7,-0.4385,2.1388,-2.5773,False
B11-M-247,CCPI,EM9,2025-04-01,2026-01-01,10,190.6778,197.0,192.6,-0.998,2.2845,-3.2825,False
B11-M-247,CCPI,EM9,2025-04-01,2026-02-01,11,190.8876,195.3,192.2,-0.6828,1.6129,-2.2957,False
B11-M-247,CCPI,EM9,2025-04-01,2026-03-01,12,191.0422,195.8,191.6,-0.2911,2.1921,-2.4832,False
B11-M-248,CCPI,EM9,2025-05-01,2025-05-01,1,190.6045,192.8,194.1,-1.8009,-0.6698,-1.1311,False
B11-M-248,CCPI,EM9,2025-05-01,2025-06-01,2,190.7931,194.5,195.6,-2.4575,-0.5624,-1.8951,False
B11-M-248,CCPI,EM9,2025-05-01,2025-07-01,3,190.8456,194.1,194.7,-1.9797,-0.3082,-1.6715,False
B11-M-248,CCPI,EM9,2025-05-01,2025-08-01,4,190.8969,193.3,191.1,-0.1063,1.1512,-1.2575,False
B11-M-248,CCPI,EM9,2025-05-01,2025-09-01,5,190.9835,193.7,190.9,0.0437,1.4667,-1.423,False
B11-M-248,CCPI,EM9,2025-05-01,2025-10-01,6,191.0103,193.8,189.9,0.5847,2.0537,-1.469,False
B11-M-248,CCPI,EM9,2025-05-01,2025-11-01,7,191.0969,193.4,189.4,0.8959,2.1119,-1.216,False
B11-M-248,CCPI,EM9,2025-05-01,2025-12-01,8,191.1565,195.8,191.7,-0.2835,2.1388,-2.4223,False
B11-M-248,CCPI,EM9,2025-05-01,2026-01-01,9,191.1565,197.0,192.6,-0.7495,2.2845,-3.034,False
B11-M-248,CCPI,EM9,2025-05-01,2026-02-01,10,191.0639,195.3,192.2,-0.5911,1.6129,-2.204,False
B11-M-248,CCPI,EM9,2025-05-01,2026-03-01,11,191.0628,195.8,191.6,-0.2804,2.1921,-2.4724,False
B11-M-248,CCPI,EM9,2025-05-01,2026-04-01,12,191.1531,201.6,191.2,-0.0245,5.4393,-5.4638,False
B11-M-249,CCPI,EM9,2025-06-01,2025-06-01,1,190.2538,194.5,195.6,-2.7333,-0.5624,-2.1709,False
B11-M-249,CCPI,EM9,2025-06-01,2025-07-01,2,190.2578,194.1,194.7,-2.2816,-0.3082,-1.9734,False
B11-M-249,CCPI,EM9,2025-06-01,2025-08-01,3,190.1329,193.3,191.1,-0.5061,1.1512,-1.6573,False
B11-M-249,CCPI,EM9,2025-06-01,2025-09-01,4,189.8448,193.7,190.9,-0.5528,1.4667,-2.0195,False
B11-M-249,CCPI,EM9,2025-06-01,2025-10-01,5,189.638,193.8,189.9,-0.138,2.0537,-2.1917,False
B11-M-249,CCPI,EM9,2025-06-01,2025-11-01,6,189.6408,193.4,189.4,0.1271,2.1119,-1.9848,False
B11-M-249,CCPI,EM9,2025-06-01,2025-12-01,7,189.8387,195.8,191.7,-0.9709,2.1388,-3.1097,False
B11-M-249,CCPI,EM9,2025-06-01,2026-01-01,8,190.0169,197.0,192.6,-1.3412,2.2845,-3.6257,False
B11-M-249,CCPI,EM9,2025-06-01,2026-02-01,9,190.1777,195.3,192.2,-1.0522,1.6129,-2.6651,False
B11-M-249,CCPI,EM9,2025-06-01,2026-03-01,10,189.665,195.8,191.6,-1.0099,2.1921,-3.202,False
B11-M-249,CCPI,EM9,2025-06-01,2026-04-01,11,189.7991,201.6,191.2,-0.7327,5.4393,-6.172,False
B11-M-249,CCPI,EM9,2025-06-01,2026-05-01,12,189.7204,203.4,192.8,-1.5973,5.4979,-7.0952,False
B11-M-250,CCPI,EM9,2025-07-01,2025-07-01,1,191.6692,194.1,194.7,-1.5567,-0.3082,-1.2485,False
B11-M-250,CCPI,EM9,2025-07-01,2025-08-01,2,191.5554,193.3,191.1,0.2383,1.1512,-0.9129,False
B11-M-250,CCPI,EM9,2025-07-01,2025-09-01,3,192.1397,193.7,190.9,0.6494,1.4667,-0.8174,False
B11-M-250,CCPI,EM9,2025-07-01,2025-10-01,4,191.6408,193.8,189.9,0.9167,2.0537,-1.137,False
B11-M-250,CCPI,EM9,2025-07-01,2025-11-01,5,192.0992,193.4,189.4,1.4251,2.1119,-0.6868,False
B11-M-250,CCPI,EM9,2025-07-01,2025-12-01,6,192.1907,195.8,191.7,0.256,2.1388,-1.8828,False
B11-M-250,CCPI,EM9,2025-07-01,2026-01-01,7,192.6868,197.0,192.6,0.0451,2.2845,-2.2395,False
B11-M-250,CCPI,EM9,2025-07-01,2026-02-01,8,192.6195,195.3,192.2,0.2183,1.6129,-1.3946,False
B11-M-250,CCPI,EM9,2025-07-01,2026-03-01,9,193.4565,195.8,191.6,0.969,2.1921,-1.2231,False
B11-M-250,CCPI,EM9,2025-07-01,2026-04-01,10,192.5871,201.6,191.2,0.7255,5.4393,-4.7138,False
B11-M-250,CCPI,EM9,2025-07-01,2026-05-01,11,193.4351,203.4,192.8,0.3294,5.4979,-5.1685,False
B11-M-250,CCPI,EM9,2025-07-01,2026-06-01,12,193.2557,207.7,194.5,-0.6398,6.7866,-7.4264,False
B11-M-251,CCPI,EM9,2025-08-01,2025-08-01,1,191.8291,193.3,191.1,0.3815,1.1512,-0.7697,False
B11-M-251,CCPI,EM9,2025-08-01,2025-09-01,2,192.0383,193.7,190.9,0.5963,1.4667,-0.8705,False
B11-M-251,CCPI,EM9,2025-08-01,2025-10-01,3,192.2225,193.8,189.9,1.223,2.0537,-0.8307,False
B11-M-251,CCPI,EM9,2025-08-01,2025-11-01,4,192.2823,193.4,189.4,1.5218,2.1119,-0.5901,False
B11-M-251,CCPI,EM9,2025-08-01,2025-12-01,5,192.6772,195.8,191.7,0.5097,2.1388,-1.629,False
B11-M-251,CCPI,EM9,2025-08-01,2026-01-01,6,193.1217,197.0,192.6,0.2709,2.2845,-2.0137,False
B11-M-251,CCPI,EM9,2025-08-01,2026-02-01,7,193.2223,195.3,192.2,0.5319,1.6129,-1.081,False
B11-M-251,CCPI,EM9,2025-08-01,2026-03-01,8,193.4178,195.8,191.6,0.9487,2.1921,-1.2433,False
B11-M-251,CCPI,EM9,2025-08-01,2026-04-01,9,193.9569,201.6,191.2,1.4419,5.4393,-3.9974,False
B11-M-251,CCPI,EM9,2025-08-01,2026-05-01,10,193.969,203.4,192.8,0.6063,5.4979,-4.8916,False
B11-M-251,CCPI,EM9,2025-08-01,2026-06-01,11,195.0763,207.7,194.5,0.2963,6.7866,-6.4903,False
B11-M-251,CCPI,EM9,2025-08-01,2026-07-01,12,195.0008,208.2,194.1,0.4641,7.2643,-6.8002,False
B11-M-252,CCPI,EM9,2025-09-01,2025-09-01,1,193.4772,193.7,190.9,1.35,1.4667,-0.1167,True
B11-M-252,CCPI,EM9,2025-09-01,2025-10-01,2,193.0921,193.8,189.9,1.681,2.0537,-0.3728,True
B11-M-252,CCPI,EM9,2025-09-01,2025-11-01,3,193.6758,193.4,189.4,2.2576,2.1119,0.1456,True
B11-M-252,CCPI,EM9,2025-09-01,2025-12-01,4,193.8816,195.8,191.7,1.138,2.1388,-1.0007,False
B11-M-252,CCPI,EM9,2025-09-01,2026-01-01,5,194.3953,197.0,192.6,0.9321,2.2845,-1.3524,False
B11-M-252,CCPI,EM9,2025-09-01,2026-02-01,6,194.4247,195.3,192.2,1.1575,1.6129,-0.4554,True
B11-M-252,CCPI,EM9,2025-09-01,2026-03-01,7,194.3807,195.8,191.6,1.4513,2.1921,-0.7407,False
B11-M-252,CCPI,EM9,2025-09-01,2026-04-01,8,194.8307,201.6,191.2,1.8989,5.4393,-3.5404,False
B11-M-252,CCPI,EM9,2025-09-01,2026-05-01,9,195.7858,203.4,192.8,1.5486,5.4979,-3.9493,False
B11-M-252,CCPI,EM9,2025-09-01,2026-06-01,10,195.8413,207.7,194.5,0.6896,6.7866,-6.097,False
B11-M-252,CCPI,EM9,2025-09-01,2026-07-01,11,195.8933,208.2,194.1,0.9239,7.2643,-6.3404,False
B11-M-252,CCPI,EM9,2025-09-01,2026-08-01,12,195.9097,208.8,193.3,1.3501,8.0186,-6.6686,False
B11-M-253,CCPI,EM10,2025-04-01,2025-04-01,1,189.5834,191.2,195.2,-2.8774,-2.0492,-0.8282,False
B11-M-253,CCPI,EM10,2025-04-01,2025-05-01,2,189.8955,192.8,194.1,-2.1661,-0.6698,-1.4964,False
B11-M-253,CCPI,EM10,2025-04-01,2025-06-01,3,190.4068,194.5,195.6,-2.655,-0.5624,-2.0927,False
B11-M-253,CCPI,EM10,2025-04-01,2025-07-01,4,190.1102,194.1,194.7,-2.3574,-0.3082,-2.0492,False
B11-M-253,CCPI,EM10,2025-04-01,2025-08-01,5,190.4063,193.3,191.1,-0.363,1.1512,-1.5143,False
B11-M-253,CCPI,EM10,2025-04-01,2025-09-01,6,190.8662,193.7,190.9,-0.0177,1.4667,-1.4845,False
B11-M-253,CCPI,EM10,2025-04-01,2025-10-01,7,190.8387,193.8,189.9,0.4943,2.0537,-1.5594,False
B11-M-253,CCPI,EM10,2025-04-01,2025-11-01,8,190.9918,193.4,189.4,0.8405,2.1119,-1.2715,False
B11-M-253,CCPI,EM10,2025-04-01,2025-12-01,9,190.8594,195.8,191.7,-0.4385,2.1388,-2.5773,False
B11-M-253,CCPI,EM10,2025-04-01,2026-01-01,10,190.6778,197.0,192.6,-0.998,2.2845,-3.2825,False
B11-M-253,CCPI,EM10,2025-04-01,2026-02-01,11,190.8876,195.3,192.2,-0.6828,1.6129,-2.2957,False
B11-M-253,CCPI,EM10,2025-04-01,2026-03-01,12,191.0422,195.8,191.6,-0.2911,2.1921,-2.4832,False
B11-M-254,CCPI,EM10,2025-05-01,2025-05-01,1,190.5916,192.8,194.1,-1.8075,-0.6698,-1.1377,False
B11-M-254,CCPI,EM10,2025-05-01,2025-06-01,2,190.7843,194.5,195.6,-2.462,-0.5624,-1.8996,False
B11-M-254,CCPI,EM10,2025-05-01,2025-07-01,3,190.838,194.1,194.7,-1.9836,-0.3082,-1.6754,False
B11-M-254,CCPI,EM10,2025-05-01,2025-08-01,4,190.8903,193.3,191.1,-0.1097,1.1512,-1.2609,False
B11-M-254,CCPI,EM10,2025-05-01,2025-09-01,5,190.9788,193.7,190.9,0.0413,1.4667,-1.4254,False
B11-M-254,CCPI,EM10,2025-05-01,2025-10-01,6,191.0062,193.8,189.9,0.5825,2.0537,-1.4712,False
B11-M-254,CCPI,EM10,2025-05-01,2025-11-01,7,191.0947,193.4,189.4,0.8948,2.1119,-1.2172,False
B11-M-254,CCPI,EM10,2025-05-01,2025-12-01,8,191.1556,195.8,191.7,-0.284,2.1388,-2.4228,False
B11-M-254,CCPI,EM10,2025-05-01,2026-01-01,9,191.1556,197.0,192.6,-0.7499,2.2845,-3.0345,False
B11-M-254,CCPI,EM10,2025-05-01,2026-02-01,10,191.061,195.3,192.2,-0.5926,1.6129,-2.2055,False
B11-M-254,CCPI,EM10,2025-05-01,2026-03-01,11,191.0599,195.8,191.6,-0.2819,2.1921,-2.474,False
B11-M-254,CCPI,EM10,2025-05-01,2026-04-01,12,191.1521,201.6,191.2,-0.025,5.4393,-5.4644,False
B11-M-255,CCPI,EM10,2025-06-01,2025-06-01,1,190.2483,194.5,195.6,-2.7361,-0.5624,-2.1737,False
B11-M-255,CCPI,EM10,2025-06-01,2025-07-01,2,190.2517,194.1,194.7,-2.2847,-0.3082,-1.9766,False
B11-M-255,CCPI,EM10,2025-06-01,2025-08-01,3,190.1267,193.3,191.1,-0.5093,1.1512,-1.6605,False
B11-M-255,CCPI,EM10,2025-06-01,2025-09-01,4,189.8372,193.7,190.9,-0.5567,1.4667,-2.0234,False
B11-M-255,CCPI,EM10,2025-06-01,2025-10-01,5,189.6299,193.8,189.9,-0.1422,2.0537,-2.1959,False
B11-M-255,CCPI,EM10,2025-06-01,2025-11-01,6,189.6316,193.4,189.4,0.1223,2.1119,-1.9896,False
B11-M-255,CCPI,EM10,2025-06-01,2025-12-01,7,189.8285,195.8,191.7,-0.9763,2.1388,-3.115,False
B11-M-255,CCPI,EM10,2025-06-01,2026-01-01,8,190.0054,197.0,192.6,-1.3472,2.2845,-3.6317,False
B11-M-255,CCPI,EM10,2025-06-01,2026-02-01,9,190.166,195.3,192.2,-1.0583,1.6129,-2.6712,False
B11-M-255,CCPI,EM10,2025-06-01,2026-03-01,10,189.6524,195.8,191.6,-1.0165,2.1921,-3.2086,False
B11-M-255,CCPI,EM10,2025-06-01,2026-04-01,11,189.7854,201.6,191.2,-0.7399,5.4393,-6.1792,False
B11-M-255,CCPI,EM10,2025-06-01,2026-05-01,12,189.7046,203.4,192.8,-1.6055,5.4979,-7.1034,False
B11-M-256,CCPI,EM10,2025-07-01,2025-07-01,1,191.7095,194.1,194.7,-1.5359,-0.3082,-1.2278,False
B11-M-256,CCPI,EM10,2025-07-01,2025-08-01,2,191.5803,193.3,191.1,0.2513,1.1512,-0.8999,False
B11-M-256,CCPI,EM10,2025-07-01,2025-09-01,3,192.2008,193.7,190.9,0.6814,1.4667,-0.7853,False
B11-M-256,CCPI,EM10,2025-07-01,2025-10-01,4,191.6854,193.8,189.9,0.9402,2.0537,-1.1135,False
B11-M-256,CCPI,EM10,2025-07-01,2025-11-01,5,192.1807,193.4,189.4,1.4682,2.1119,-0.6438,False
B11-M-256,CCPI,EM10,2025-07-01,2025-12-01,6,192.2792,195.8,191.7,0.3021,2.1388,-1.8366,False
B11-M-256,CCPI,EM10,2025-07-01,2026-01-01,7,192.8127,197.0,192.6,0.1104,2.2845,-2.1741,False
B11-M-256,CCPI,EM10,2025-07-01,2026-02-01,8,192.7181,195.3,192.2,0.2696,1.6129,-1.3433,False
B11-M-256,CCPI,EM10,2025-07-01,2026-03-01,9,193.5741,195.8,191.6,1.0303,2.1921,-1.1617,False
B11-M-256,CCPI,EM10,2025-07-01,2026-04-01,10,192.6955,201.6,191.2,0.7822,5.4393,-4.6571,False
B11-M-256,CCPI,EM10,2025-07-01,2026-05-01,11,193.584,203.4,192.8,0.4066,5.4979,-5.0913,False
B11-M-256,CCPI,EM10,2025-07-01,2026-06-01,12,193.4452,207.7,194.5,-0.5423,6.7866,-7.3289,False
B11-M-257,CCPI,EM10,2025-08-01,2025-08-01,1,191.8365,193.3,191.1,0.3854,1.1512,-0.7658,False
B11-M-257,CCPI,EM10,2025-08-01,2025-09-01,2,192.0377,193.7,190.9,0.596,1.4667,-0.8708,False
B11-M-257,CCPI,EM10,2025-08-01,2025-10-01,3,192.2265,193.8,189.9,1.2251,2.0537,-0.8286,False
B11-M-257,CCPI,EM10,2025-08-01,2025-11-01,4,192.2737,193.4,189.4,1.5172,2.1119,-0.5947,False
B11-M-257,CCPI,EM10,2025-08-01,2025-12-01,5,192.6551,195.8,191.7,0.4982,2.1388,-1.6405,False
B11-M-257,CCPI,EM10,2025-08-01,2026-01-01,6,193.081,197.0,192.6,0.2497,2.2845,-2.0348,False
B11-M-257,CCPI,EM10,2025-08-01,2026-02-01,7,193.1914,195.3,192.2,0.5158,1.6129,-1.0971,False
B11-M-257,CCPI,EM10,2025-08-01,2026-03-01,8,193.3935,195.8,191.6,0.9361,2.1921,-1.256,False
B11-M-257,CCPI,EM10,2025-08-01,2026-04-01,9,193.9221,201.6,191.2,1.4237,5.4393,-4.0156,False
B11-M-257,CCPI,EM10,2025-08-01,2026-05-01,10,193.9028,203.4,192.8,0.572,5.4979,-4.9259,False
B11-M-257,CCPI,EM10,2025-08-01,2026-06-01,11,194.9606,207.7,194.5,0.2368,6.7866,-6.5498,False
B11-M-257,CCPI,EM10,2025-08-01,2026-07-01,12,194.8834,208.2,194.1,0.4036,7.2643,-6.8607,False
B11-M-258,CCPI,EM10,2025-09-01,2025-09-01,1,193.5074,193.7,190.9,1.3659,1.4667,-0.1009,True
B11-M-258,CCPI,EM10,2025-09-01,2025-10-01,2,193.1178,193.8,189.9,1.6945,2.0537,-0.3592,True
B11-M-258,CCPI,EM10,2025-09-01,2025-11-01,3,193.7051,193.4,189.4,2.273,2.1119,0.1611,True
B11-M-258,CCPI,EM10,2025-09-01,2025-12-01,4,193.9164,195.8,191.7,1.1562,2.1388,-0.9826,False
B11-M-258,CCPI,EM10,2025-09-01,2026-01-01,5,194.4349,197.0,192.6,0.9527,2.2845,-1.3318,False
B11-M-258,CCPI,EM10,2025-09-01,2026-02-01,6,194.4642,195.3,192.2,1.178,1.6129,-0.4349,True
B11-M-258,CCPI,EM10,2025-09-01,2026-03-01,7,194.4192,195.8,191.6,1.4714,2.1921,-0.7206,False
B11-M-258,CCPI,EM10,2025-09-01,2026-04-01,8,194.8722,201.6,191.2,1.9206,5.4393,-3.5187,False
B11-M-258,CCPI,EM10,2025-09-01,2026-05-01,9,195.8324,203.4,192.8,1.5728,5.4979,-3.9251,False
B11-M-258,CCPI,EM10,2025-09-01,2026-06-01,10,195.893,207.7,194.5,0.7162,6.7866,-6.0704,False
B11-M-258,CCPI,EM10,2025-09-01,2026-07-01,11,195.9398,208.2,194.1,0.9479,7.2643,-6.3164,False
B11-M-258,CCPI,EM10,2025-09-01,2026-08-01,12,195.9604,208.8,193.3,1.3763,8.0186,-6.6423,False
B11-M-259,CCPI,EM11,2025-04-01,2025-04-01,1,189.5834,191.2,195.2,-2.8774,-2.0492,-0.8282,False
B11-M-259,CCPI,EM11,2025-04-01,2025-05-01,2,189.8955,192.8,194.1,-2.1661,-0.6698,-1.4964,False
B11-M-259,CCPI,EM11,2025-04-01,2025-06-01,3,190.4068,194.5,195.6,-2.655,-0.5624,-2.0927,False
B11-M-259,CCPI,EM11,2025-04-01,2025-07-01,4,190.1102,194.1,194.7,-2.3574,-0.3082,-2.0492,False
B11-M-259,CCPI,EM11,2025-04-01,2025-08-01,5,190.4063,193.3,191.1,-0.363,1.1512,-1.5143,False
B11-M-259,CCPI,EM11,2025-04-01,2025-09-01,6,190.8662,193.7,190.9,-0.0177,1.4667,-1.4845,False
B11-M-259,CCPI,EM11,2025-04-01,2025-10-01,7,190.8387,193.8,189.9,0.4943,2.0537,-1.5594,False
B11-M-259,CCPI,EM11,2025-04-01,2025-11-01,8,190.9918,193.4,189.4,0.8405,2.1119,-1.2715,False
B11-M-259,CCPI,EM11,2025-04-01,2025-12-01,9,190.8594,195.8,191.7,-0.4385,2.1388,-2.5773,False
B11-M-259,CCPI,EM11,2025-04-01,2026-01-01,10,190.6778,197.0,192.6,-0.998,2.2845,-3.2825,False
B11-M-259,CCPI,EM11,2025-04-01,2026-02-01,11,190.8876,195.3,192.2,-0.6828,1.6129,-2.2957,False
B11-M-259,CCPI,EM11,2025-04-01,2026-03-01,12,191.0422,195.8,191.6,-0.2911,2.1921,-2.4832,False
B11-M-260,CCPI,EM11,2025-05-01,2025-05-01,1,190.6167,192.8,194.1,-1.7946,-0.6698,-1.1248,False
B11-M-260,CCPI,EM11,2025-05-01,2025-06-01,2,190.8015,194.5,195.6,-2.4532,-0.5624,-1.8909,False
B11-M-260,CCPI,EM11,2025-05-01,2025-07-01,3,190.8529,194.1,194.7,-1.9759,-0.3082,-1.6677,False
B11-M-260,CCPI,EM11,2025-05-01,2025-08-01,4,190.9031,193.3,191.1,-0.103,1.1512,-1.2543,False
B11-M-260,CCPI,EM11,2025-05-01,2025-09-01,5,190.9879,193.7,190.9,0.0461,1.4667,-1.4207,False
B11-M-260,CCPI,EM11,2025-05-01,2025-10-01,6,191.0142,193.8,189.9,0.5867,2.0537,-1.467,False
B11-M-260,CCPI,EM11,2025-05-01,2025-11-01,7,191.099,193.4,189.4,0.897,2.1119,-1.2149,False
B11-M-260,CCPI,EM11,2025-05-01,2025-12-01,8,191.1574,195.8,191.7,-0.283,2.1388,-2.4218,False
B11-M-260,CCPI,EM11,2025-05-01,2026-01-01,9,191.1574,197.0,192.6,-0.749,2.2845,-3.0335,False
B11-M-260,CCPI,EM11,2025-05-01,2026-02-01,10,191.0667,195.3,192.2,-0.5896,1.6129,-2.2025,False
B11-M-260,CCPI,EM11,2025-05-01,2026-03-01,11,191.0657,195.8,191.6,-0.2789,2.1921,-2.4709,False
B11-M-260,CCPI,EM11,2025-05-01,2026-04-01,12,191.1541,201.6,191.2,-0.024,5.4393,-5.4633,False
B11-M-261,CCPI,EM11,2025-06-01,2025-06-01,1,190.2538,194.5,195.6,-2.7333,-0.5624,-2.1709,False
B11-M-261,CCPI,EM11,2025-06-01,2025-07-01,2,190.2578,194.1,194.7,-2.2816,-0.3082,-1.9734,False
B11-M-261,CCPI,EM11,2025-06-01,2025-08-01,3,190.1329,193.3,191.1,-0.5061,1.1512,-1.6573,False
B11-M-261,CCPI,EM11,2025-06-01,2025-09-01,4,189.8448,193.7,190.9,-0.5528,1.4667,-2.0195,False
B11-M-261,CCPI,EM11,2025-06-01,2025-10-01,5,189.638,193.8,189.9,-0.138,2.0537,-2.1917,False
B11-M-261,CCPI,EM11,2025-06-01,2025-11-01,6,189.6408,193.4,189.4,0.1271,2.1119,-1.9848,False
B11-M-261,CCPI,EM11,2025-06-01,2025-12-01,7,189.8387,195.8,191.7,-0.9709,2.1388,-3.1097,False
B11-M-261,CCPI,EM11,2025-06-01,2026-01-01,8,190.0169,197.0,192.6,-1.3412,2.2845,-3.6257,False
B11-M-261,CCPI,EM11,2025-06-01,2026-02-01,9,190.1777,195.3,192.2,-1.0522,1.6129,-2.6651,False
B11-M-261,CCPI,EM11,2025-06-01,2026-03-01,10,189.665,195.8,191.6,-1.0099,2.1921,-3.202,False
B11-M-261,CCPI,EM11,2025-06-01,2026-04-01,11,189.7991,201.6,191.2,-0.7327,5.4393,-6.172,False
B11-M-261,CCPI,EM11,2025-06-01,2026-05-01,12,189.7204,203.4,192.8,-1.5973,5.4979,-7.0952,False
B11-M-262,CCPI,EM11,2025-07-01,2025-07-01,1,191.7232,194.1,194.7,-1.5289,-0.3082,-1.2207,False
B11-M-262,CCPI,EM11,2025-07-01,2025-08-01,2,191.6423,193.3,191.1,0.2838,1.1512,-0.8674,False
B11-M-262,CCPI,EM11,2025-07-01,2025-09-01,3,192.1739,193.7,190.9,0.6673,1.4667,-0.7994,False
B11-M-262,CCPI,EM11,2025-07-01,2025-10-01,4,191.7335,193.8,189.9,0.9655,2.0537,-1.0882,False
B11-M-262,CCPI,EM11,2025-07-01,2025-11-01,5,192.1406,193.4,189.4,1.447,2.1119,-0.665,False
B11-M-262,CCPI,EM11,2025-07-01,2025-12-01,6,192.2543,195.8,191.7,0.2892,2.1388,-1.8496,False
B11-M-262,CCPI,EM11,2025-07-01,2026-01-01,7,192.7131,197.0,192.6,0.0587,2.2845,-2.2258,False
B11-M-262,CCPI,EM11,2025-07-01,2026-02-01,8,192.7085,195.3,192.2,0.2646,1.6129,-1.3483,False
B11-M-262,CCPI,EM11,2025-07-01,2026-03-01,9,193.4979,195.8,191.6,0.9905,2.1921,-1.2015,False
B11-M-262,CCPI,EM11,2025-07-01,2026-04-01,10,192.7123,201.6,191.2,0.7909,5.4393,-4.6484,False
B11-M-262,CCPI,EM11,2025-07-01,2026-05-01,11,193.5186,203.4,192.8,0.3727,5.4979,-5.1252,False
B11-M-262,CCPI,EM11,2025-07-01,2026-06-01,12,193.3629,207.7,194.5,-0.5846,6.7866,-7.3712,False
B11-M-263,CCPI,EM11,2025-08-01,2025-08-01,1,192.1743,193.3,191.1,0.5622,1.1512,-0.589,False
B11-M-263,CCPI,EM11,2025-08-01,2025-09-01,2,192.3641,193.7,190.9,0.767,1.4667,-0.6998,False
B11-M-263,CCPI,EM11,2025-08-01,2025-10-01,3,192.6945,193.8,189.9,1.4716,2.0537,-0.5821,False
B11-M-263,CCPI,EM11,2025-08-01,2025-11-01,4,192.6459,193.4,189.4,1.7138,2.1119,-0.3981,True
B11-M-263,CCPI,EM11,2025-08-01,2025-12-01,5,193.0616,195.8,191.7,0.7103,2.1388,-1.4285,False
B11-M-263,CCPI,EM11,2025-08-01,2026-01-01,6,193.3325,197.0,192.6,0.3803,2.2845,-1.9042,False
B11-M-263,CCPI,EM11,2025-08-01,2026-02-01,7,193.6227,195.3,192.2,0.7402,1.6129,-0.8727,False
B11-M-263,CCPI,EM11,2025-08-01,2026-03-01,8,193.689,195.8,191.6,1.0903,2.1921,-1.1018,False
B11-M-263,CCPI,EM11,2025-08-01,2026-04-01,9,194.406,201.6,191.2,1.6768,5.4393,-3.7626,False
B11-M-263,CCPI,EM11,2025-08-01,2026-05-01,10,194.1352,203.4,192.8,0.6925,5.4979,-4.8054,False
B11-M-263,CCPI,EM11,2025-08-01,2026-06-01,11,195.1238,207.7,194.5,0.3207,6.7866,-6.4659,False
B11-M-263,CCPI,EM11,2025-08-01,2026-07-01,12,195.0619,208.2,194.1,0.4956,7.2643,-6.7687,False
B11-M-264,CCPI,EM11,2025-09-01,2025-09-01,1,193.4772,193.7,190.9,1.35,1.4667,-0.1167,True
B11-M-264,CCPI,EM11,2025-09-01,2025-10-01,2,193.0921,193.8,189.9,1.681,2.0537,-0.3728,True
B11-M-264,CCPI,EM11,2025-09-01,2025-11-01,3,193.6758,193.4,189.4,2.2576,2.1119,0.1456,True
B11-M-264,CCPI,EM11,2025-09-01,2025-12-01,4,193.8816,195.8,191.7,1.138,2.1388,-1.0007,False
B11-M-264,CCPI,EM11,2025-09-01,2026-01-01,5,194.3953,197.0,192.6,0.9321,2.2845,-1.3524,False
B11-M-264,CCPI,EM11,2025-09-01,2026-02-01,6,194.4247,195.3,192.2,1.1575,1.6129,-0.4554,True
B11-M-264,CCPI,EM11,2025-09-01,2026-03-01,7,194.3807,195.8,191.6,1.4513,2.1921,-0.7407,False
B11-M-264,CCPI,EM11,2025-09-01,2026-04-01,8,194.8307,201.6,191.2,1.8989,5.4393,-3.5404,False
B11-M-264,CCPI,EM11,2025-09-01,2026-05-01,9,195.7858,203.4,192.8,1.5486,5.4979,-3.9493,False
B11-M-264,CCPI,EM11,2025-09-01,2026-06-01,10,195.8413,207.7,194.5,0.6896,6.7866,-6.097,False
B11-M-264,CCPI,EM11,2025-09-01,2026-07-01,11,195.8933,208.2,194.1,0.9239,7.2643,-6.3404,False
B11-M-264,CCPI,EM11,2025-09-01,2026-08-01,12,195.9097,208.8,193.3,1.3501,8.0186,-6.6686,False
B11-M-265,CCPI,EM12,2025-04-01,2025-04-01,1,190.9491,191.2,195.2,-2.1777,-2.0492,-0.1285,True
B11-M-265,CCPI,EM12,2025-04-01,2025-05-01,2,191.1603,192.8,194.1,-1.5145,-0.6698,-0.8447,False
B11-M-265,CCPI,EM12,2025-04-01,2025-06-01,3,192.0637,194.5,195.6,-1.8079,-0.5624,-1.2455,False
B11-M-265,CCPI,EM12,2025-04-01,2025-07-01,4,191.4571,194.1,194.7,-1.6656,-0.3082,-1.3574,False
B11-M-265,CCPI,EM12,2025-04-01,2025-08-01,5,191.8918,193.3,191.1,0.4143,1.1512,-0.7369,False
B11-M-265,CCPI,EM12,2025-04-01,2025-09-01,6,192.6535,193.7,190.9,0.9186,1.4667,-0.5482,False
B11-M-265,CCPI,EM12,2025-04-01,2025-10-01,7,192.3932,193.8,189.9,1.3129,2.0537,-0.7408,False
B11-M-265,CCPI,EM12,2025-04-01,2025-11-01,8,192.5966,193.4,189.4,1.6877,2.1119,-0.4242,True
B11-M-265,CCPI,EM12,2025-04-01,2025-12-01,9,192.526,195.8,191.7,0.4309,2.1388,-1.7079,False
B11-M-265,CCPI,EM12,2025-04-01,2026-01-01,10,192.4784,197.0,192.6,-0.0631,2.2845,-2.3476,False
B11-M-265,CCPI,EM12,2025-04-01,2026-02-01,11,192.8029,195.3,192.2,0.3137,1.6129,-1.2992,False
B11-M-265,CCPI,EM12,2025-04-01,2026-03-01,12,192.8742,195.8,191.6,0.665,2.1921,-1.527,False
B11-M-266,CCPI,EM12,2025-05-01,2025-05-01,1,190.8404,192.8,194.1,-1.6793,-0.6698,-1.0096,False
B11-M-266,CCPI,EM12,2025-05-01,2025-06-01,2,191.1587,194.5,195.6,-2.2706,-0.5624,-1.7082,False
B11-M-266,CCPI,EM12,2025-05-01,2025-07-01,3,191.6316,194.1,194.7,-1.576,-0.3082,-1.2678,False
B11-M-266,CCPI,EM12,2025-05-01,2025-08-01,4,192.0813,193.3,191.1,0.5135,1.1512,-0.6377,False
B11-M-266,CCPI,EM12,2025-05-01,2025-09-01,5,191.9476,193.7,190.9,0.5488,1.4667,-0.918,False
B11-M-266,CCPI,EM12,2025-05-01,2025-10-01,6,192.1021,193.8,189.9,1.1596,2.0537,-0.8941,False
B11-M-266,CCPI,EM12,2025-05-01,2025-11-01,7,192.0004,193.4,189.4,1.3729,2.1119,-0.739,False
B11-M-266,CCPI,EM12,2025-05-01,2025-12-01,8,192.0107,195.8,191.7,0.1621,2.1388,-1.9767,False
B11-M-266,CCPI,EM12,2025-05-01,2026-01-01,9,192.2666,197.0,192.6,-0.1731,2.2845,-2.4576,False
B11-M-266,CCPI,EM12,2025-05-01,2026-02-01,10,192.0298,195.3,192.2,-0.0886,1.6129,-1.7015,False
B11-M-266,CCPI,EM12,2025-05-01,2026-03-01,11,191.8056,195.8,191.6,0.1073,2.1921,-2.0847,False
B11-M-266,CCPI,EM12,2025-05-01,2026-04-01,12,191.6051,201.6,191.2,0.2119,5.4393,-5.2274,False
B11-M-267,CCPI,EM12,2025-06-01,2025-06-01,1,191.1131,194.5,195.6,-2.2939,-0.5624,-1.7316,False
B11-M-267,CCPI,EM12,2025-06-01,2025-07-01,2,191.2047,194.1,194.7,-1.7952,-0.3082,-1.487,False
B11-M-267,CCPI,EM12,2025-06-01,2025-08-01,3,191.3223,193.3,191.1,0.1163,1.1512,-1.0349,False
B11-M-267,CCPI,EM12,2025-06-01,2025-09-01,4,191.4836,193.7,190.9,0.3057,1.4667,-1.161,False
B11-M-267,CCPI,EM12,2025-06-01,2025-10-01,5,191.1218,193.8,189.9,0.6434,2.0537,-1.4103,False
B11-M-267,CCPI,EM12,2025-06-01,2025-11-01,6,190.795,193.4,189.4,0.7365,2.1119,-1.3754,False
B11-M-267,CCPI,EM12,2025-06-01,2025-12-01,7,190.52,195.8,191.7,-0.6155,2.1388,-2.7543,False
B11-M-267,CCPI,EM12,2025-06-01,2026-01-01,8,190.3397,197.0,192.6,-1.1736,2.2845,-3.4581,False
B11-M-267,CCPI,EM12,2025-06-01,2026-02-01,9,190.1118,195.3,192.2,-1.0864,1.6129,-2.6994,False
B11-M-267,CCPI,EM12,2025-06-01,2026-03-01,10,189.8679,195.8,191.6,-0.904,2.1921,-3.0961,False
B11-M-267,CCPI,EM12,2025-06-01,2026-04-01,11,190.0193,201.6,191.2,-0.6175,5.4393,-6.0569,False
B11-M-267,CCPI,EM12,2025-06-01,2026-05-01,12,190.0236,203.4,192.8,-1.44,5.4979,-6.938,False
B11-M-268,CCPI,EM12,2025-07-01,2025-07-01,1,194.0106,194.1,194.7,-0.3541,-0.3082,-0.0459,True
B11-M-268,CCPI,EM12,2025-07-01,2025-08-01,2,193.6707,193.3,191.1,1.3452,1.1512,0.194,True
B11-M-268,CCPI,EM12,2025-07-01,2025-09-01,3,194.0394,193.7,190.9,1.6445,1.4667,0.1778,True
B11-M-268,CCPI,EM12,2025-07-01,2025-10-01,4,194.7644,193.8,189.9,2.5616,2.0537,0.5079,False
B11-M-268,CCPI,EM12,2025-07-01,2025-11-01,5,194.5822,193.4,189.4,2.7361,2.1119,0.6242,False
B11-M-268,CCPI,EM12,2025-07-01,2025-12-01,6,194.4934,195.8,191.7,1.4571,2.1388,-0.6816,False
B11-M-268,CCPI,EM12,2025-07-01,2026-01-01,7,194.439,197.0,192.6,0.9548,2.2845,-1.3297,False
B11-M-268,CCPI,EM12,2025-07-01,2026-02-01,8,194.2394,195.3,192.2,1.0611,1.6129,-0.5518,False
B11-M-268,CCPI,EM12,2025-07-01,2026-03-01,9,194.0194,195.8,191.6,1.2627,2.1921,-0.9293,False
B11-M-268,CCPI,EM12,2025-07-01,2026-04-01,10,194.2935,201.6,191.2,1.618,5.4393,-3.8214,False
B11-M-268,CCPI,EM12,2025-07-01,2026-05-01,11,195.1279,203.4,192.8,1.2074,5.4979,-4.2905,False
B11-M-268,CCPI,EM12,2025-07-01,2026-06-01,12,196.2548,207.7,194.5,0.9022,6.7866,-5.8844,False
B11-M-269,CCPI,EM12,2025-08-01,2025-08-01,1,192.8251,193.3,191.1,0.9027,1.1512,-0.2485,True
B11-M-269,CCPI,EM12,2025-08-01,2025-09-01,2,192.8925,193.7,190.9,1.0438,1.4667,-0.423,True
B11-M-269,CCPI,EM12,2025-08-01,2025-10-01,3,192.8633,193.8,189.9,1.5605,2.0537,-0.4933,True
B11-M-269,CCPI,EM12,2025-08-01,2025-11-01,4,192.9657,193.4,189.4,1.8826,2.1119,-0.2293,True
B11-M-269,CCPI,EM12,2025-08-01,2025-12-01,5,193.7526,195.8,191.7,1.0707,2.1388,-1.068,False
B11-M-269,CCPI,EM12,2025-08-01,2026-01-01,6,194.1802,197.0,192.6,0.8204,2.2845,-1.4641,False
B11-M-269,CCPI,EM12,2025-08-01,2026-02-01,7,194.2646,195.3,192.2,1.0742,1.6129,-0.5387,False
B11-M-269,CCPI,EM12,2025-08-01,2026-03-01,8,194.1749,195.8,191.6,1.3439,2.1921,-0.8482,False
B11-M-269,CCPI,EM12,2025-08-01,2026-04-01,9,194.275,201.6,191.2,1.6083,5.4393,-3.8311,False
B11-M-269,CCPI,EM12,2025-08-01,2026-05-01,10,194.6411,203.4,192.8,0.9549,5.4979,-4.543,False
B11-M-269,CCPI,EM12,2025-08-01,2026-06-01,11,195.4118,207.7,194.5,0.4688,6.7866,-6.3179,False
B11-M-269,CCPI,EM12,2025-08-01,2026-07-01,12,195.4073,208.2,194.1,0.6735,7.2643,-6.5908,False
B11-M-270,CCPI,EM12,2025-09-01,2025-09-01,1,194.3954,193.7,190.9,1.831,1.4667,0.3643,True
B11-M-270,CCPI,EM12,2025-09-01,2025-10-01,2,194.5381,193.8,189.9,2.4424,2.0537,0.3887,True
B11-M-270,CCPI,EM12,2025-09-01,2025-11-01,3,194.8253,193.4,189.4,2.8645,2.1119,0.7526,False
B11-M-270,CCPI,EM12,2025-09-01,2025-12-01,4,194.996,195.8,191.7,1.7193,2.1388,-0.4194,True
B11-M-270,CCPI,EM12,2025-09-01,2026-01-01,5,195.8336,197.0,192.6,1.6789,2.2845,-0.6056,False
B11-M-270,CCPI,EM12,2025-09-01,2026-02-01,6,195.8178,195.3,192.2,1.8823,1.6129,0.2694,True
B11-M-270,CCPI,EM12,2025-09-01,2026-03-01,7,196.3465,195.8,191.6,2.4773,2.1921,0.2852,True
B11-M-270,CCPI,EM12,2025-09-01,2026-04-01,8,197.9158,201.6,191.2,3.5124,5.4393,-1.9269,False
B11-M-270,CCPI,EM12,2025-09-01,2026-05-01,9,198.651,203.4,192.8,3.0347,5.4979,-2.4632,False
B11-M-270,CCPI,EM12,2025-09-01,2026-06-01,10,199.3703,207.7,194.5,2.504,6.7866,-4.2826,False
B11-M-270,CCPI,EM12,2025-09-01,2026-07-01,11,199.9746,208.2,194.1,3.0266,7.2643,-4.2377,False
B11-M-270,CCPI,EM12,2025-09-01,2026-08-01,12,199.7493,208.8,193.3,3.3364,8.0186,-4.6822,False
B11-M-271,CCPI,EM13,2025-04-01,2025-04-01,1,190.0064,191.2,195.2,-2.6606,-2.0492,-0.6115,False
B11-M-271,CCPI,EM13,2025-04-01,2025-05-01,2,190.2495,192.8,194.1,-1.9838,-0.6698,-1.314,False
B11-M-271,CCPI,EM13,2025-04-01,2025-06-01,3,190.7318,194.5,195.6,-2.4889,-0.5624,-1.9265,False
B11-M-271,CCPI,EM13,2025-04-01,2025-07-01,4,190.5687,194.1,194.7,-2.1219,-0.3082,-1.8137,False
B11-M-271,CCPI,EM13,2025-04-01,2025-08-01,5,190.8061,193.3,191.1,-0.1538,1.1512,-1.305,False
B11-M-271,CCPI,EM13,2025-04-01,2025-09-01,6,191.2098,193.7,190.9,0.1623,1.4667,-1.3045,False
B11-M-271,CCPI,EM13,2025-04-01,2025-10-01,7,191.1506,193.8,189.9,0.6586,2.0537,-1.3951,False
B11-M-271,CCPI,EM13,2025-04-01,2025-11-01,8,191.2768,193.4,189.4,0.9909,2.1119,-1.121,False
B11-M-271,CCPI,EM13,2025-04-01,2025-12-01,9,191.0243,195.8,191.7,-0.3525,2.1388,-2.4912,False
B11-M-271,CCPI,EM13,2025-04-01,2026-01-01,10,190.856,197.0,192.6,-0.9055,2.2845,-3.19,False
B11-M-271,CCPI,EM13,2025-04-01,2026-02-01,11,190.9717,195.3,192.2,-0.6391,1.6129,-2.252,False
B11-M-271,CCPI,EM13,2025-04-01,2026-03-01,12,190.8354,195.8,191.6,-0.3991,2.1921,-2.5911,False
B11-M-272,CCPI,EM13,2025-05-01,2025-05-01,1,190.3991,192.8,194.1,-1.9067,-0.6698,-1.2369,False
B11-M-272,CCPI,EM13,2025-05-01,2025-06-01,2,190.5885,194.5,195.6,-2.5621,-0.5624,-1.9997,False
B11-M-272,CCPI,EM13,2025-05-01,2025-07-01,3,190.874,194.1,194.7,-1.9651,-0.3082,-1.6569,False
B11-M-272,CCPI,EM13,2025-05-01,2025-08-01,4,191.2722,193.3,191.1,0.0901,1.1512,-1.0611,False
B11-M-272,CCPI,EM13,2025-05-01,2025-09-01,5,191.4173,193.7,190.9,0.271,1.4667,-1.1958,False
B11-M-272,CCPI,EM13,2025-05-01,2025-10-01,6,191.4449,193.8,189.9,0.8135,2.0537,-1.2402,False
B11-M-272,CCPI,EM13,2025-05-01,2025-11-01,7,191.6666,193.4,189.4,1.1967,2.1119,-0.9152,False
B11-M-272,CCPI,EM13,2025-05-01,2025-12-01,8,191.7587,195.8,191.7,0.0306,2.1388,-2.1081,False
B11-M-272,CCPI,EM13,2025-05-01,2026-01-01,9,191.6602,197.0,192.6,-0.4879,2.2845,-2.7725,False
B11-M-272,CCPI,EM13,2025-05-01,2026-02-01,10,191.422,195.3,192.2,-0.4048,1.6129,-2.0177,False
B11-M-272,CCPI,EM13,2025-05-01,2026-03-01,11,191.2308,195.8,191.6,-0.1927,2.1921,-2.3848,False
B11-M-272,CCPI,EM13,2025-05-01,2026-04-01,12,191.3142,201.6,191.2,0.0597,5.4393,-5.3796,False
B11-M-273,CCPI,EM13,2025-06-01,2025-06-01,1,190.8978,194.5,195.6,-2.404,-0.5624,-1.8416,False
B11-M-273,CCPI,EM13,2025-06-01,2025-07-01,2,190.9924,194.1,194.7,-1.9043,-0.3082,-1.5961,False
B11-M-273,CCPI,EM13,2025-06-01,2025-08-01,3,191.1116,193.3,191.1,0.0061,1.1512,-1.1452,False
B11-M-273,CCPI,EM13,2025-06-01,2025-09-01,4,191.2659,193.7,190.9,0.1917,1.4667,-1.2751,False
B11-M-273,CCPI,EM13,2025-06-01,2025-10-01,5,190.8734,193.8,189.9,0.5126,2.0537,-1.5411,False
B11-M-273,CCPI,EM13,2025-06-01,2025-11-01,6,190.524,193.4,189.4,0.5935,2.1119,-1.5185,False
B11-M-273,CCPI,EM13,2025-06-01,2025-12-01,7,190.237,195.8,191.7,-0.7632,2.1388,-2.9019,False
B11-M-273,CCPI,EM13,2025-06-01,2026-01-01,8,190.0479,197.0,192.6,-1.3251,2.2845,-3.6096,False
B11-M-273,CCPI,EM13,2025-06-01,2026-02-01,9,189.8129,195.3,192.2,-1.242,1.6129,-2.8549,False
B11-M-273,CCPI,EM13,2025-06-01,2026-03-01,10,189.5317,195.8,191.6,-1.0795,2.1921,-3.2716,False
B11-M-273,CCPI,EM13,2025-06-01,2026-04-01,11,189.6927,201.6,191.2,-0.7883,5.4393,-6.2277,False
B11-M-273,CCPI,EM13,2025-06-01,2026-05-01,12,189.6862,203.4,192.8,-1.615,5.4979,-7.113,False
B11-M-274,CCPI,EM13,2025-07-01,2025-07-01,1,193.5115,194.1,194.7,-0.6104,-0.3082,-0.3023,True
B11-M-274,CCPI,EM13,2025-07-01,2025-08-01,2,193.479,193.3,191.1,1.2449,1.1512,0.0937,True
B11-M-274,CCPI,EM13,2025-07-01,2025-09-01,3,193.9137,193.7,190.9,1.5787,1.4667,0.1119,True
B11-M-274,CCPI,EM13,2025-07-01,2025-10-01,4,194.728,193.8,189.9,2.5424,2.0537,0.4887,True
B11-M-274,CCPI,EM13,2025-07-01,2025-11-01,5,194.6905,193.4,189.4,2.7933,2.1119,0.6814,False
B11-M-274,CCPI,EM13,2025-07-01,2025-12-01,6,194.5953,195.8,191.7,1.5103,2.1388,-0.6284,False
B11-M-274,CCPI,EM13,2025-07-01,2026-01-01,7,194.6215,197.0,192.6,1.0496,2.2845,-1.2349,False
B11-M-274,CCPI,EM13,2025-07-01,2026-02-01,8,194.5566,195.3,192.2,1.2261,1.6129,-0.3868,True
B11-M-274,CCPI,EM13,2025-07-01,2026-03-01,9,194.4045,195.8,191.6,1.4637,2.1921,-0.7283,False
B11-M-274,CCPI,EM13,2025-07-01,2026-04-01,10,194.6646,201.6,191.2,1.812,5.4393,-3.6273,False
B11-M-274,CCPI,EM13,2025-07-01,2026-05-01,11,195.4627,203.4,192.8,1.3811,5.4979,-4.1168,False
B11-M-274,CCPI,EM13,2025-07-01,2026-06-01,12,196.5619,207.7,194.5,1.0601,6.7866,-5.7265,False
B11-M-275,CCPI,EM13,2025-08-01,2025-08-01,1,191.9688,193.3,191.1,0.4546,1.1512,-0.6966,False
B11-M-275,CCPI,EM13,2025-08-01,2025-09-01,2,192.1006,193.7,190.9,0.6289,1.4667,-0.8378,False
B11-M-275,CCPI,EM13,2025-08-01,2025-10-01,3,192.2063,193.8,189.9,1.2145,2.0537,-0.8393,False
B11-M-275,CCPI,EM13,2025-08-01,2025-11-01,4,192.345,193.4,189.4,1.5549,2.1119,-0.557,False
B11-M-275,CCPI,EM13,2025-08-01,2025-12-01,5,193.1062,195.8,191.7,0.7335,2.1388,-1.4052,False
B11-M-275,CCPI,EM13,2025-08-01,2026-01-01,6,193.6061,197.0,192.6,0.5224,2.2845,-1.7621,False
B11-M-275,CCPI,EM13,2025-08-01,2026-02-01,7,193.7813,195.3,192.2,0.8228,1.6129,-0.7902,False
B11-M-275,CCPI,EM13,2025-08-01,2026-03-01,8,193.8118,195.8,191.6,1.1544,2.1921,-1.0377,False
B11-M-275,CCPI,EM13,2025-08-01,2026-04-01,9,194.0196,201.6,191.2,1.4747,5.4393,-3.9646,False
B11-M-275,CCPI,EM13,2025-08-01,2026-05-01,10,194.161,203.4,192.8,0.7059,5.4979,-4.792,False
B11-M-275,CCPI,EM13,2025-08-01,2026-06-01,11,195.0916,207.7,194.5,0.3042,6.7866,-6.4825,False
B11-M-275,CCPI,EM13,2025-08-01,2026-07-01,12,195.1232,208.2,194.1,0.5272,7.2643,-6.7371,False
B11-M-276,CCPI,EM13,2025-09-01,2025-09-01,1,195.0342,193.7,190.9,2.1656,1.4667,0.6989,False
B11-M-276,CCPI,EM13,2025-09-01,2025-10-01,2,195.5849,193.8,189.9,2.9936,2.0537,0.9399,False
B11-M-276,CCPI,EM13,2025-09-01,2025-11-01,3,194.9366,193.4,189.4,2.9232,2.1119,0.8113,False
B11-M-276,CCPI,EM13,2025-09-01,2025-12-01,4,195.1929,195.8,191.7,1.8221,2.1388,-0.3167,True
B11-M-276,CCPI,EM13,2025-09-01,2026-01-01,5,196.719,197.0,192.6,2.1386,2.2845,-0.1459,True
B11-M-276,CCPI,EM13,2025-09-01,2026-02-01,6,196.9416,195.3,192.2,2.467,1.6129,0.8541,False
B11-M-276,CCPI,EM13,2025-09-01,2026-03-01,7,198.8224,195.8,191.6,3.7695,2.1921,1.5775,False
B11-M-276,CCPI,EM13,2025-09-01,2026-04-01,8,202.8303,201.6,191.2,6.0828,5.4393,0.6434,False
B11-M-276,CCPI,EM13,2025-09-01,2026-05-01,9,203.1683,203.4,192.8,5.3778,5.4979,-0.1202,True
B11-M-276,CCPI,EM13,2025-09-01,2026-06-01,10,201.7644,207.7,194.5,3.7349,6.7866,-3.0517,False
B11-M-276,CCPI,EM13,2025-09-01,2026-07-01,11,203.6535,208.2,194.1,4.922,7.2643,-2.3423,False
B11-M-276,CCPI,EM13,2025-09-01,2026-08-01,12,204.1802,208.8,193.3,5.6287,8.0186,-2.3899,False
B11-M-277,CCPI,EM14,2025-04-01,2025-04-01,1,188.5613,191.2,195.2,-3.401,-2.0492,-1.3518,False
B11-M-277,CCPI,EM14,2025-04-01,2025-05-01,2,188.9878,192.8,194.1,-2.6338,-0.6698,-1.964,False
B11-M-277,CCPI,EM14,2025-04-01,2025-06-01,3,189.8817,194.5,195.6,-2.9235,-0.5624,-2.3611,False
B11-M-277,CCPI,EM14,2025-04-01,2025-07-01,4,189.3789,194.1,194.7,-2.733,-0.3082,-2.4248,False
B11-M-277,CCPI,EM14,2025-04-01,2025-08-01,5,189.875,193.3,191.1,-0.641,1.1512,-1.7923,False
B11-M-277,CCPI,EM14,2025-04-01,2025-09-01,6,190.6529,193.7,190.9,-0.1294,1.4667,-1.5962,False
B11-M-277,CCPI,EM14,2025-04-01,2025-10-01,7,190.5094,193.8,189.9,0.3209,2.0537,-1.7328,False
B11-M-277,CCPI,EM14,2025-04-01,2025-11-01,8,190.7679,193.4,189.4,0.7222,2.1119,-1.3897,False
B11-M-277,CCPI,EM14,2025-04-01,2025-12-01,9,190.4558,195.8,191.7,-0.649,2.1388,-2.7878,False
B11-M-277,CCPI,EM14,2025-04-01,2026-01-01,10,190.1219,197.0,192.6,-1.2866,2.2845,-3.5712,False
B11-M-277,CCPI,EM14,2025-04-01,2026-02-01,11,190.4367,195.3,192.2,-0.9174,1.6129,-2.5303,False
B11-M-277,CCPI,EM14,2025-04-01,2026-03-01,12,190.6784,195.8,191.6,-0.481,2.1921,-2.673,False
B11-M-278,CCPI,EM14,2025-05-01,2025-05-01,1,189.7247,192.8,194.1,-2.2541,-0.6698,-1.5844,False
B11-M-278,CCPI,EM14,2025-05-01,2025-06-01,2,190.1773,194.5,195.6,-2.7724,-0.5624,-2.21,False
B11-M-278,CCPI,EM14,2025-05-01,2025-07-01,3,190.5962,194.1,194.7,-2.1077,-0.3082,-1.7996,False
B11-M-278,CCPI,EM14,2025-05-01,2025-08-01,4,191.1536,193.3,191.1,0.028,1.1512,-1.1232,False
B11-M-278,CCPI,EM14,2025-05-01,2025-09-01,5,191.3929,193.7,190.9,0.2582,1.4667,-1.2086,False
B11-M-278,CCPI,EM14,2025-05-01,2025-10-01,6,191.4058,193.8,189.9,0.7929,2.0537,-1.2608,False
B11-M-278,CCPI,EM14,2025-05-01,2025-11-01,7,191.5436,193.4,189.4,1.1318,2.1119,-0.9802,False
B11-M-278,CCPI,EM14,2025-05-01,2025-12-01,8,191.5907,195.8,191.7,-0.057,2.1388,-2.1958,False
B11-M-278,CCPI,EM14,2025-05-01,2026-01-01,9,191.4619,197.0,192.6,-0.5909,2.2845,-2.8754,False
B11-M-278,CCPI,EM14,2025-05-01,2026-02-01,10,191.2219,195.3,192.2,-0.5089,1.6129,-2.1218,False
B11-M-278,CCPI,EM14,2025-05-01,2026-03-01,11,190.8163,195.8,191.6,-0.4091,2.1921,-2.6011,False
B11-M-278,CCPI,EM14,2025-05-01,2026-04-01,12,190.8443,201.6,191.2,-0.186,5.4393,-5.6254,False
B11-M-279,CCPI,EM14,2025-06-01,2025-06-01,1,190.5745,194.5,195.6,-2.5693,-0.5624,-2.0069,False
B11-M-279,CCPI,EM14,2025-06-01,2025-07-01,2,190.7274,194.1,194.7,-2.0404,-0.3082,-1.7322,False
B11-M-279,CCPI,EM14,2025-06-01,2025-08-01,3,190.8276,193.3,191.1,-0.1426,1.1512,-1.2938,False
B11-M-279,CCPI,EM14,2025-06-01,2025-09-01,4,191.0649,193.7,190.9,0.0864,1.4667,-1.3804,False
B11-M-279,CCPI,EM14,2025-06-01,2025-10-01,5,190.6841,193.8,189.9,0.4129,2.0537,-1.6408,False
B11-M-279,CCPI,EM14,2025-06-01,2025-11-01,6,190.3435,193.4,189.4,0.4982,2.1119,-1.6138,False
B11-M-279,CCPI,EM14,2025-06-01,2025-12-01,7,190.1033,195.8,191.7,-0.8329,2.1388,-2.9717,False
B11-M-279,CCPI,EM14,2025-06-01,2026-01-01,8,189.9443,197.0,192.6,-1.3789,2.2845,-3.6634,False
B11-M-279,CCPI,EM14,2025-06-01,2026-02-01,9,189.601,195.3,192.2,-1.3523,1.6129,-2.9652,False
B11-M-279,CCPI,EM14,2025-06-01,2026-03-01,10,189.2535,195.8,191.6,-1.2247,2.1921,-3.4168,False
B11-M-279,CCPI,EM14,2025-06-01,2026-04-01,11,189.4493,201.6,191.2,-0.9157,5.4393,-6.355,False
B11-M-279,CCPI,EM14,2025-06-01,2026-05-01,12,189.5675,203.4,192.8,-1.6766,5.4979,-7.1745,False
B11-M-280,CCPI,EM14,2025-07-01,2025-07-01,1,192.8098,194.1,194.7,-0.9708,-0.3082,-0.6627,False
B11-M-280,CCPI,EM14,2025-07-01,2025-08-01,2,192.3728,193.3,191.1,0.666,1.1512,-0.4852,True
B11-M-280,CCPI,EM14,2025-07-01,2025-09-01,3,192.9432,193.7,190.9,1.0703,1.4667,-0.3965,True
B11-M-280,CCPI,EM14,2025-07-01,2025-10-01,4,193.2954,193.8,189.9,1.788,2.0537,-0.2657,True
B11-M-280,CCPI,EM14,2025-07-01,2025-11-01,5,193.5053,193.4,189.4,2.1675,2.1119,0.0556,True
B11-M-280,CCPI,EM14,2025-07-01,2025-12-01,6,193.727,195.8,191.7,1.0574,2.1388,-1.0814,False
B11-M-280,CCPI,EM14,2025-07-01,2026-01-01,7,194.1734,197.0,192.6,0.8169,2.2845,-1.4676,False
B11-M-280,CCPI,EM14,2025-07-01,2026-02-01,8,193.851,195.3,192.2,0.859,1.6129,-0.7539,False
B11-M-280,CCPI,EM14,2025-07-01,2026-03-01,9,193.6498,195.8,191.6,1.0698,2.1921,-1.1222,False
B11-M-280,CCPI,EM14,2025-07-01,2026-04-01,10,193.2756,201.6,191.2,1.0856,5.4393,-4.3538,False
B11-M-280,CCPI,EM14,2025-07-01,2026-05-01,11,194.4349,203.4,192.8,0.848,5.4979,-4.6499,False
B11-M-280,CCPI,EM14,2025-07-01,2026-06-01,12,195.7725,207.7,194.5,0.6543,6.7866,-6.1324,False
B11-M-281,CCPI,EM14,2025-08-01,2025-08-01,1,190.0318,193.3,191.1,-0.559,1.1512,-1.7102,False
B11-M-281,CCPI,EM14,2025-08-01,2025-09-01,2,190.1491,193.7,190.9,-0.3934,1.4667,-1.8601,False
B11-M-281,CCPI,EM14,2025-08-01,2025-10-01,3,190.4047,193.8,189.9,0.2658,2.0537,-1.7879,False
B11-M-281,CCPI,EM14,2025-08-01,2025-11-01,4,190.3922,193.4,189.4,0.5239,2.1119,-1.5881,False
B11-M-281,CCPI,EM14,2025-08-01,2025-12-01,5,191.2568,195.8,191.7,-0.2312,2.1388,-2.3699,False
B11-M-281,CCPI,EM14,2025-08-01,2026-01-01,6,191.9397,197.0,192.6,-0.3428,2.2845,-2.6274,False
B11-M-281,CCPI,EM14,2025-08-01,2026-02-01,7,192.1262,195.3,192.2,-0.0384,1.6129,-1.6513,False
B11-M-281,CCPI,EM14,2025-08-01,2026-03-01,8,192.24,195.8,191.6,0.334,2.1921,-1.858,False
B11-M-281,CCPI,EM14,2025-08-01,2026-04-01,9,192.06,201.6,191.2,0.4498,5.4393,-4.9895,False
B11-M-281,CCPI,EM14,2025-08-01,2026-05-01,10,191.5969,203.4,192.8,-0.624,5.4979,-6.1219,False
B11-M-281,CCPI,EM14,2025-08-01,2026-06-01,11,192.8309,207.7,194.5,-0.8581,6.7866,-7.6448,False
B11-M-281,CCPI,EM14,2025-08-01,2026-07-01,12,192.9633,208.2,194.1,-0.5856,7.2643,-7.8499,False
B11-M-282,CCPI,EM14,2025-09-01,2025-09-01,1,194.1109,193.7,190.9,1.682,1.4667,0.2152,True
B11-M-282,CCPI,EM14,2025-09-01,2025-10-01,2,194.4549,193.8,189.9,2.3986,2.0537,0.3449,True
B11-M-282,CCPI,EM14,2025-09-01,2025-11-01,3,194.2514,193.4,189.4,2.5614,2.1119,0.4495,True
B11-M-282,CCPI,EM14,2025-09-01,2025-12-01,4,194.406,195.8,191.7,1.4116,2.1388,-0.7272,False
B11-M-282,CCPI,EM14,2025-09-01,2026-01-01,5,195.751,197.0,192.6,1.6361,2.2845,-0.6485,False
B11-M-282,CCPI,EM14,2025-09-01,2026-02-01,6,195.823,195.3,192.2,1.885,1.6129,0.2721,True
B11-M-282,CCPI,EM14,2025-09-01,2026-03-01,7,197.1896,195.8,191.6,2.9173,2.1921,0.7253,False
B11-M-282,CCPI,EM14,2025-09-01,2026-04-01,8,200.2886,201.6,191.2,4.7534,5.4393,-0.6859,False
B11-M-282,CCPI,EM14,2025-09-01,2026-05-01,9,200.8094,203.4,192.8,4.1543,5.4979,-1.3437,False
B11-M-282,CCPI,EM14,2025-09-01,2026-06-01,10,200.3936,207.7,194.5,3.0301,6.7866,-3.7565,False
B11-M-282,CCPI,EM14,2025-09-01,2026-07-01,11,201.7783,208.2,194.1,3.9559,7.2643,-3.3084,False
B11-M-282,CCPI,EM14,2025-09-01,2026-08-01,12,202.227,208.8,193.3,4.6182,8.0186,-3.4004,False
B11-M-283,CCPI,EM15,2025-04-01,2025-04-01,1,195.2,191.2,195.2,0.0,-2.0492,2.0492,False
B11-M-283,CCPI,EM15,2025-04-01,2025-05-01,2,194.1,192.8,194.1,0.0,-0.6698,0.6698,False
B11-M-283,CCPI,EM15,2025-04-01,2025-06-01,3,195.6,194.5,195.6,0.0,-0.5624,0.5624,False
B11-M-283,CCPI,EM15,2025-04-01,2025-07-01,4,194.7,194.1,194.7,0.0,-0.3082,0.3082,True
B11-M-283,CCPI,EM15,2025-04-01,2025-08-01,5,191.1,193.3,191.1,0.0,1.1512,-1.1512,False
B11-M-283,CCPI,EM15,2025-04-01,2025-09-01,6,190.9,193.7,190.9,0.0,1.4667,-1.4667,False
B11-M-283,CCPI,EM15,2025-04-01,2025-10-01,7,189.9,193.8,189.9,0.0,2.0537,-2.0537,False
B11-M-283,CCPI,EM15,2025-04-01,2025-11-01,8,189.4,193.4,189.4,0.0,2.1119,-2.1119,False
B11-M-283,CCPI,EM15,2025-04-01,2025-12-01,9,191.7,195.8,191.7,0.0,2.1388,-2.1388,False
B11-M-283,CCPI,EM15,2025-04-01,2026-01-01,10,192.6,197.0,192.6,0.0,2.2845,-2.2845,False
B11-M-283,CCPI,EM15,2025-04-01,2026-02-01,11,192.2,195.3,192.2,0.0,1.6129,-1.6129,False
B11-M-283,CCPI,EM15,2025-04-01,2026-03-01,12,191.6,195.8,191.6,0.0,2.1921,-2.1921,False
B11-M-284,CCPI,EM15,2025-05-01,2025-05-01,1,194.1,192.8,194.1,0.0,-0.6698,0.6698,False
B11-M-284,CCPI,EM15,2025-05-01,2025-06-01,2,195.6,194.5,195.6,0.0,-0.5624,0.5624,False
B11-M-284,CCPI,EM15,2025-05-01,2025-07-01,3,194.7,194.1,194.7,0.0,-0.3082,0.3082,True
B11-M-284,CCPI,EM15,2025-05-01,2025-08-01,4,191.1,193.3,191.1,0.0,1.1512,-1.1512,False
B11-M-284,CCPI,EM15,2025-05-01,2025-09-01,5,190.9,193.7,190.9,0.0,1.4667,-1.4667,False
B11-M-284,CCPI,EM15,2025-05-01,2025-10-01,6,189.9,193.8,189.9,0.0,2.0537,-2.0537,False
B11-M-284,CCPI,EM15,2025-05-01,2025-11-01,7,189.4,193.4,189.4,0.0,2.1119,-2.1119,False
B11-M-284,CCPI,EM15,2025-05-01,2025-12-01,8,191.7,195.8,191.7,0.0,2.1388,-2.1388,False
B11-M-284,CCPI,EM15,2025-05-01,2026-01-01,9,192.6,197.0,192.6,0.0,2.2845,-2.2845,False
B11-M-284,CCPI,EM15,2025-05-01,2026-02-01,10,192.2,195.3,192.2,0.0,1.6129,-1.6129,False
B11-M-284,CCPI,EM15,2025-05-01,2026-03-01,11,191.6,195.8,191.6,0.0,2.1921,-2.1921,False
B11-M-284,CCPI,EM15,2025-05-01,2026-04-01,12,191.2,201.6,191.2,0.0,5.4393,-5.4393,False
B11-M-285,CCPI,EM15,2025-06-01,2025-06-01,1,195.6,194.5,195.6,0.0,-0.5624,0.5624,False
B11-M-285,CCPI,EM15,2025-06-01,2025-07-01,2,194.7,194.1,194.7,0.0,-0.3082,0.3082,True
B11-M-285,CCPI,EM15,2025-06-01,2025-08-01,3,191.1,193.3,191.1,0.0,1.1512,-1.1512,False
B11-M-285,CCPI,EM15,2025-06-01,2025-09-01,4,190.9,193.7,190.9,0.0,1.4667,-1.4667,False
B11-M-285,CCPI,EM15,2025-06-01,2025-10-01,5,189.9,193.8,189.9,0.0,2.0537,-2.0537,False
B11-M-285,CCPI,EM15,2025-06-01,2025-11-01,6,189.4,193.4,189.4,0.0,2.1119,-2.1119,False
B11-M-285,CCPI,EM15,2025-06-01,2025-12-01,7,191.7,195.8,191.7,0.0,2.1388,-2.1388,False
B11-M-285,CCPI,EM15,2025-06-01,2026-01-01,8,192.6,197.0,192.6,0.0,2.2845,-2.2845,False
B11-M-285,CCPI,EM15,2025-06-01,2026-02-01,9,192.2,195.3,192.2,0.0,1.6129,-1.6129,False
B11-M-285,CCPI,EM15,2025-06-01,2026-03-01,10,191.6,195.8,191.6,0.0,2.1921,-2.1921,False
B11-M-285,CCPI,EM15,2025-06-01,2026-04-01,11,191.2,201.6,191.2,0.0,5.4393,-5.4393,False
B11-M-285,CCPI,EM15,2025-06-01,2026-05-01,12,192.8,203.4,192.8,0.0,5.4979,-5.4979,False
B11-M-286,CCPI,EM15,2025-07-01,2025-07-01,1,194.7,194.1,194.7,0.0,-0.3082,0.3082,True
B11-M-286,CCPI,EM15,2025-07-01,2025-08-01,2,191.1,193.3,191.1,0.0,1.1512,-1.1512,False
B11-M-286,CCPI,EM15,2025-07-01,2025-09-01,3,190.9,193.7,190.9,0.0,1.4667,-1.4667,False
B11-M-286,CCPI,EM15,2025-07-01,2025-10-01,4,189.9,193.8,189.9,0.0,2.0537,-2.0537,False
B11-M-286,CCPI,EM15,2025-07-01,2025-11-01,5,189.4,193.4,189.4,0.0,2.1119,-2.1119,False
B11-M-286,CCPI,EM15,2025-07-01,2025-12-01,6,191.7,195.8,191.7,0.0,2.1388,-2.1388,False
B11-M-286,CCPI,EM15,2025-07-01,2026-01-01,7,192.6,197.0,192.6,0.0,2.2845,-2.2845,False
B11-M-286,CCPI,EM15,2025-07-01,2026-02-01,8,192.2,195.3,192.2,0.0,1.6129,-1.6129,False
B11-M-286,CCPI,EM15,2025-07-01,2026-03-01,9,191.6,195.8,191.6,0.0,2.1921,-2.1921,False
B11-M-286,CCPI,EM15,2025-07-01,2026-04-01,10,191.2,201.6,191.2,0.0,5.4393,-5.4393,False
B11-M-286,CCPI,EM15,2025-07-01,2026-05-01,11,192.8,203.4,192.8,0.0,5.4979,-5.4979,False
B11-M-286,CCPI,EM15,2025-07-01,2026-06-01,12,194.5,207.7,194.5,0.0,6.7866,-6.7866,False
B11-M-287,CCPI,EM15,2025-08-01,2025-08-01,1,191.1,193.3,191.1,0.0,1.1512,-1.1512,False
B11-M-287,CCPI,EM15,2025-08-01,2025-09-01,2,190.9,193.7,190.9,0.0,1.4667,-1.4667,False
B11-M-287,CCPI,EM15,2025-08-01,2025-10-01,3,189.9,193.8,189.9,0.0,2.0537,-2.0537,False
B11-M-287,CCPI,EM15,2025-08-01,2025-11-01,4,189.4,193.4,189.4,0.0,2.1119,-2.1119,False
B11-M-287,CCPI,EM15,2025-08-01,2025-12-01,5,191.7,195.8,191.7,0.0,2.1388,-2.1388,False
B11-M-287,CCPI,EM15,2025-08-01,2026-01-01,6,192.6,197.0,192.6,0.0,2.2845,-2.2845,False
B11-M-287,CCPI,EM15,2025-08-01,2026-02-01,7,192.2,195.3,192.2,0.0,1.6129,-1.6129,False
B11-M-287,CCPI,EM15,2025-08-01,2026-03-01,8,191.6,195.8,191.6,0.0,2.1921,-2.1921,False
B11-M-287,CCPI,EM15,2025-08-01,2026-04-01,9,191.2,201.6,191.2,0.0,5.4393,-5.4393,False
B11-M-287,CCPI,EM15,2025-08-01,2026-05-01,10,192.8,203.4,192.8,0.0,5.4979,-5.4979,False
B11-M-287,CCPI,EM15,2025-08-01,2026-06-01,11,194.5,207.7,194.5,0.0,6.7866,-6.7866,False
B11-M-287,CCPI,EM15,2025-08-01,2026-07-01,12,194.1,208.2,194.1,0.0,7.2643,-7.2643,False
B11-M-288,CCPI,EM15,2025-09-01,2025-09-01,1,190.9,193.7,190.9,0.0,1.4667,-1.4667,False
B11-M-288,CCPI,EM15,2025-09-01,2025-10-01,2,189.9,193.8,189.9,0.0,2.0537,-2.0537,False
B11-M-288,CCPI,EM15,2025-09-01,2025-11-01,3,189.4,193.4,189.4,0.0,2.1119,-2.1119,False
B11-M-288,CCPI,EM15,2025-09-01,2025-12-01,4,191.7,195.8,191.7,0.0,2.1388,-2.1388,False
B11-M-288,CCPI,EM15,2025-09-01,2026-01-01,5,192.6,197.0,192.6,0.0,2.2845,-2.2845,False
B11-M-288,CCPI,EM15,2025-09-01,2026-02-01,6,192.2,195.3,192.2,0.0,1.6129,-1.6129,False
B11-M-288,CCPI,EM15,2025-09-01,2026-03-01,7,191.6,195.8,191.6,0.0,2.1921,-2.1921,False
B11-M-288,CCPI,EM15,2025-09-01,2026-04-01,8,191.2,201.6,191.2,0.0,5.4393,-5.4393,False
B11-M-288,CCPI,EM15,2025-09-01,2026-05-01,9,192.8,203.4,192.8,0.0,5.4979,-5.4979,False
B11-M-288,CCPI,EM15,2025-09-01,2026-06-01,10,194.5,207.7,194.5,0.0,6.7866,-6.7866,False
B11-M-288,CCPI,EM15,2025-09-01,2026-07-01,11,194.1,208.2,194.1,0.0,7.2643,-7.2643,False
B11-M-288,CCPI,EM15,2025-09-01,2026-08-01,12,193.3,208.8,193.3,0.0,8.0186,-8.0186,False
B11-M-289,CCPI,EM16,2025-04-01,2025-04-01,1,193.9945,191.2,195.2,-0.6176,-2.0492,1.4316,False
B11-M-289,CCPI,EM16,2025-04-01,2025-05-01,2,194.063,192.8,194.1,-0.0191,-0.6698,0.6507,False
B11-M-289,CCPI,EM16,2025-04-01,2025-06-01,3,193.943,194.5,195.6,-0.8472,-0.5624,-0.2848,True
B11-M-289,CCPI,EM16,2025-04-01,2025-07-01,4,194.3482,194.1,194.7,-0.1807,-0.3082,0.1275,True
B11-M-289,CCPI,EM16,2025-04-01,2025-08-01,5,194.3392,193.3,191.1,1.695,1.1512,0.5438,False
B11-M-289,CCPI,EM16,2025-04-01,2025-09-01,6,194.5529,193.7,190.9,1.9135,1.4667,0.4468,True
B11-M-289,CCPI,EM16,2025-04-01,2025-10-01,7,194.6034,193.8,189.9,2.4768,2.0537,0.4231,True
B11-M-289,CCPI,EM16,2025-04-01,2025-11-01,8,194.2549,193.4,189.4,2.5633,2.1119,0.4514,True
B11-M-289,CCPI,EM16,2025-04-01,2025-12-01,9,193.8096,195.8,191.7,1.1005,2.1388,-1.0383,False
B11-M-289,CCPI,EM16,2025-04-01,2026-01-01,10,194.3022,197.0,192.6,0.8838,2.2845,-1.4007,False
B11-M-289,CCPI,EM16,2025-04-01,2026-02-01,11,194.131,195.3,192.2,1.0047,1.6129,-0.6082,False
B11-M-289,CCPI,EM16,2025-04-01,2026-03-01,12,190.4701,195.8,191.6,-0.5897,2.1921,-2.7818,False
B11-M-290,CCPI,EM16,2025-05-01,2025-05-01,1,194.1,192.8,194.1,0.0,-0.6698,0.6698,False
B11-M-290,CCPI,EM16,2025-05-01,2025-06-01,2,195.6,194.5,195.6,0.0,-0.5624,0.5624,False
B11-M-290,CCPI,EM16,2025-05-01,2025-07-01,3,194.7,194.1,194.7,0.0,-0.3082,0.3082,True
B11-M-290,CCPI,EM16,2025-05-01,2025-08-01,4,191.1,193.3,191.1,0.0,1.1512,-1.1512,False
B11-M-290,CCPI,EM16,2025-05-01,2025-09-01,5,190.9,193.7,190.9,0.0,1.4667,-1.4667,False
B11-M-290,CCPI,EM16,2025-05-01,2025-10-01,6,189.9,193.8,189.9,0.0,2.0537,-2.0537,False
B11-M-290,CCPI,EM16,2025-05-01,2025-11-01,7,189.4,193.4,189.4,0.0,2.1119,-2.1119,False
B11-M-290,CCPI,EM16,2025-05-01,2025-12-01,8,191.7,195.8,191.7,0.0,2.1388,-2.1388,False
B11-M-290,CCPI,EM16,2025-05-01,2026-01-01,9,192.6,197.0,192.6,0.0,2.2845,-2.2845,False
B11-M-290,CCPI,EM16,2025-05-01,2026-02-01,10,192.2,195.3,192.2,0.0,1.6129,-1.6129,False
B11-M-290,CCPI,EM16,2025-05-01,2026-03-01,11,191.6,195.8,191.6,0.0,2.1921,-2.1921,False
B11-M-290,CCPI,EM16,2025-05-01,2026-04-01,12,191.2,201.6,191.2,0.0,5.4393,-5.4393,False
B11-M-291,CCPI,EM16,2025-06-01,2025-06-01,1,197.169,194.5,195.6,0.8021,-0.5624,1.3645,False
B11-M-291,CCPI,EM16,2025-06-01,2025-07-01,2,196.1203,194.1,194.7,0.7295,-0.3082,1.0377,False
B11-M-291,CCPI,EM16,2025-06-01,2025-08-01,3,193.4782,193.3,191.1,1.2445,1.1512,0.0932,True
B11-M-291,CCPI,EM16,2025-06-01,2025-09-01,4,192.8914,193.7,190.9,1.0432,1.4667,-0.4236,True
B11-M-291,CCPI,EM16,2025-06-01,2025-10-01,5,192.4874,193.8,189.9,1.3625,2.0537,-0.6912,False
B11-M-291,CCPI,EM16,2025-06-01,2025-11-01,6,192.055,193.4,189.4,1.4018,2.1119,-0.7102,False
B11-M-291,CCPI,EM16,2025-06-01,2025-12-01,7,194.0019,195.8,191.7,1.2008,2.1388,-0.938,False
B11-M-291,CCPI,EM16,2025-06-01,2026-01-01,8,194.6311,197.0,192.6,1.0546,2.2845,-1.2299,False
B11-M-291,CCPI,EM16,2025-06-01,2026-02-01,9,194.4802,195.3,192.2,1.1863,1.6129,-0.4266,True
B11-M-291,CCPI,EM16,2025-06-01,2026-03-01,10,193.7635,195.8,191.6,1.1292,2.1921,-1.0629,False
B11-M-291,CCPI,EM16,2025-06-01,2026-04-01,11,193.1581,201.6,191.2,1.0241,5.4393,-4.4152,False
B11-M-291,CCPI,EM16,2025-06-01,2026-05-01,12,194.8397,203.4,192.8,1.058,5.4979,-4.44,False
B11-M-292,CCPI,EM16,2025-07-01,2025-07-01,1,194.7,194.1,194.7,0.0,-0.3082,0.3082,True
B11-M-292,CCPI,EM16,2025-07-01,2025-08-01,2,191.1,193.3,191.1,0.0,1.1512,-1.1512,False
B11-M-292,CCPI,EM16,2025-07-01,2025-09-01,3,190.9,193.7,190.9,0.0,1.4667,-1.4667,False
B11-M-292,CCPI,EM16,2025-07-01,2025-10-01,4,189.9,193.8,189.9,0.0,2.0537,-2.0537,False
B11-M-292,CCPI,EM16,2025-07-01,2025-11-01,5,189.4,193.4,189.4,0.0,2.1119,-2.1119,False
B11-M-292,CCPI,EM16,2025-07-01,2025-12-01,6,191.7,195.8,191.7,0.0,2.1388,-2.1388,False
B11-M-292,CCPI,EM16,2025-07-01,2026-01-01,7,192.6,197.0,192.6,0.0,2.2845,-2.2845,False
B11-M-292,CCPI,EM16,2025-07-01,2026-02-01,8,192.2,195.3,192.2,0.0,1.6129,-1.6129,False
B11-M-292,CCPI,EM16,2025-07-01,2026-03-01,9,191.6,195.8,191.6,0.0,2.1921,-2.1921,False
B11-M-292,CCPI,EM16,2025-07-01,2026-04-01,10,191.2,201.6,191.2,0.0,5.4393,-5.4393,False
B11-M-292,CCPI,EM16,2025-07-01,2026-05-01,11,192.8,203.4,192.8,0.0,5.4979,-5.4979,False
B11-M-292,CCPI,EM16,2025-07-01,2026-06-01,12,194.5,207.7,194.5,0.0,6.7866,-6.7866,False
B11-M-293,CCPI,EM16,2025-08-01,2025-08-01,1,191.1,193.3,191.1,0.0,1.1512,-1.1512,False
B11-M-293,CCPI,EM16,2025-08-01,2025-09-01,2,190.9,193.7,190.9,0.0,1.4667,-1.4667,False
B11-M-293,CCPI,EM16,2025-08-01,2025-10-01,3,189.9,193.8,189.9,0.0,2.0537,-2.0537,False
B11-M-293,CCPI,EM16,2025-08-01,2025-11-01,4,189.4,193.4,189.4,0.0,2.1119,-2.1119,False
B11-M-293,CCPI,EM16,2025-08-01,2025-12-01,5,191.7,195.8,191.7,0.0,2.1388,-2.1388,False
B11-M-293,CCPI,EM16,2025-08-01,2026-01-01,6,192.6,197.0,192.6,0.0,2.2845,-2.2845,False
B11-M-293,CCPI,EM16,2025-08-01,2026-02-01,7,192.2,195.3,192.2,0.0,1.6129,-1.6129,False
B11-M-293,CCPI,EM16,2025-08-01,2026-03-01,8,191.6,195.8,191.6,0.0,2.1921,-2.1921,False
B11-M-293,CCPI,EM16,2025-08-01,2026-04-01,9,191.2,201.6,191.2,0.0,5.4393,-5.4393,False
B11-M-293,CCPI,EM16,2025-08-01,2026-05-01,10,192.8,203.4,192.8,0.0,5.4979,-5.4979,False
B11-M-293,CCPI,EM16,2025-08-01,2026-06-01,11,194.5,207.7,194.5,0.0,6.7866,-6.7866,False
B11-M-293,CCPI,EM16,2025-08-01,2026-07-01,12,194.1,208.2,194.1,0.0,7.2643,-7.2643,False
B11-M-294,CCPI,EM16,2025-09-01,2025-09-01,1,192.3303,193.7,190.9,0.7492,1.4667,-0.7175,False
B11-M-294,CCPI,EM16,2025-09-01,2025-10-01,2,192.7146,193.8,189.9,1.4822,2.0537,-0.5716,False
B11-M-294,CCPI,EM16,2025-09-01,2025-11-01,3,193.1973,193.4,189.4,2.0049,2.1119,-0.107,True
B11-M-294,CCPI,EM16,2025-09-01,2025-12-01,4,193.4054,195.8,191.7,0.8896,2.1388,-1.2492,False
B11-M-294,CCPI,EM16,2025-09-01,2026-01-01,5,193.793,197.0,192.6,0.6194,2.2845,-1.6651,False
B11-M-294,CCPI,EM16,2025-09-01,2026-02-01,6,194.1782,195.3,192.2,1.0293,1.6129,-0.5836,False
B11-M-294,CCPI,EM16,2025-09-01,2026-03-01,7,194.5639,195.8,191.6,1.5469,2.1921,-0.6451,False
B11-M-294,CCPI,EM16,2025-09-01,2026-04-01,8,195.0094,201.6,191.2,1.9924,5.4393,-3.447,False
B11-M-294,CCPI,EM16,2025-09-01,2026-05-01,9,195.6077,203.4,192.8,1.4563,5.4979,-4.0417,False
B11-M-294,CCPI,EM16,2025-09-01,2026-06-01,10,195.757,207.7,194.5,0.6463,6.7866,-6.1404,False
B11-M-294,CCPI,EM16,2025-09-01,2026-07-01,11,196.3896,208.2,194.1,1.1796,7.2643,-6.0847,False
B11-M-294,CCPI,EM16,2025-09-01,2026-08-01,12,196.5617,208.8,193.3,1.6874,8.0186,-6.3312,False
B11-M-295,CCPI,EM17,2025-04-01,2025-04-01,1,172.0664,191.2,195.2,-11.8512,-2.0492,-9.8021,False
B11-M-295,CCPI,EM17,2025-04-01,2025-05-01,2,177.6201,192.8,194.1,-8.4904,-0.6698,-7.8207,False
B11-M-295,CCPI,EM17,2025-04-01,2025-06-01,3,194.6387,194.5,195.6,-0.4914,-0.5624,0.0709,True
B11-M-295,CCPI,EM17,2025-04-01,2025-07-01,4,181.4273,194.1,194.7,-6.817,-0.3082,-6.5088,False
B11-M-295,CCPI,EM17,2025-04-01,2025-08-01,5,192.0299,193.3,191.1,0.4866,1.1512,-0.6646,False
B11-M-295,CCPI,EM17,2025-04-01,2025-09-01,6,208.3919,193.7,190.9,9.1628,1.4667,7.6961,False
B11-M-295,CCPI,EM17,2025-04-01,2025-10-01,7,203.1855,193.8,189.9,6.9961,2.0537,4.9424,False
B11-M-295,CCPI,EM17,2025-04-01,2025-11-01,8,207.1959,193.4,189.4,9.3959,2.1119,7.284,False
B11-M-295,CCPI,EM17,2025-04-01,2025-12-01,9,205.7184,195.8,191.7,7.3127,2.1388,5.1739,False
B11-M-295,CCPI,EM17,2025-04-01,2026-01-01,10,204.6774,197.0,192.6,6.2707,2.2845,3.9862,False
B11-M-295,CCPI,EM17,2025-04-01,2026-02-01,11,212.4946,195.3,192.2,10.5591,1.6129,8.9462,False
B11-M-295,CCPI,EM17,2025-04-01,2026-03-01,12,213.2337,195.8,191.6,11.2911,2.1921,9.099,False
B11-M-296,CCPI,EM17,2025-05-01,2025-05-01,1,189.318,192.8,194.1,-2.4637,-0.6698,-1.7939,False
B11-M-296,CCPI,EM17,2025-05-01,2025-06-01,2,189.1038,194.5,195.6,-3.3212,-0.5624,-2.7588,False
B11-M-296,CCPI,EM17,2025-05-01,2025-07-01,3,188.8451,194.1,194.7,-3.0071,-0.3082,-2.699,False
B11-M-296,CCPI,EM17,2025-05-01,2025-08-01,4,188.351,193.3,191.1,-1.4385,1.1512,-2.5897,False
B11-M-296,CCPI,EM17,2025-05-01,2025-09-01,5,188.0343,193.7,190.9,-1.5012,1.4667,-2.9679,False
B11-M-296,CCPI,EM17,2025-05-01,2025-10-01,6,187.73,193.8,189.9,-1.1427,2.0537,-3.1964,False
B11-M-296,CCPI,EM17,2025-05-01,2025-11-01,7,187.8611,193.4,189.4,-0.8125,2.1119,-2.9244,False
B11-M-296,CCPI,EM17,2025-05-01,2025-12-01,8,187.6889,195.8,191.7,-2.0924,2.1388,-4.2311,False
B11-M-296,CCPI,EM17,2025-05-01,2026-01-01,9,187.7971,197.0,192.6,-2.4937,2.2845,-4.7782,False
B11-M-296,CCPI,EM17,2025-05-01,2026-02-01,10,187.2789,195.3,192.2,-2.5604,1.6129,-4.1733,False
B11-M-296,CCPI,EM17,2025-05-01,2026-03-01,11,187.0739,195.8,191.6,-2.3623,2.1921,-4.5543,False
B11-M-296,CCPI,EM17,2025-05-01,2026-04-01,12,186.7237,201.6,191.2,-2.3411,5.4393,-7.7805,False
B11-M-297,CCPI,EM17,2025-06-01,2025-06-01,1,200.5222,194.5,195.6,2.5165,-0.5624,3.0788,False
B11-M-297,CCPI,EM17,2025-06-01,2025-07-01,2,199.6828,194.1,194.7,2.5592,-0.3082,2.8674,False
B11-M-297,CCPI,EM17,2025-06-01,2025-08-01,3,200.0787,193.3,191.1,4.6985,1.1512,3.5472,False
B11-M-297,CCPI,EM17,2025-06-01,2025-09-01,4,199.9685,193.7,190.9,4.7504,1.4667,3.2837,False
B11-M-297,CCPI,EM17,2025-06-01,2025-10-01,5,199.4566,193.8,189.9,5.0324,2.0537,2.9787,False
B11-M-297,CCPI,EM17,2025-06-01,2025-11-01,6,199.8552,193.4,189.4,5.5202,2.1119,3.4082,False
B11-M-297,CCPI,EM17,2025-06-01,2025-12-01,7,199.6131,195.8,191.7,4.1279,2.1388,1.9891,False
B11-M-297,CCPI,EM17,2025-06-01,2026-01-01,8,200.7503,197.0,192.6,4.2317,2.2845,1.9472,False
B11-M-297,CCPI,EM17,2025-06-01,2026-02-01,9,200.9991,195.3,192.2,4.5781,1.6129,2.9652,False
B11-M-297,CCPI,EM17,2025-06-01,2026-03-01,10,200.481,195.8,191.6,4.6352,2.1921,2.4431,False
B11-M-297,CCPI,EM17,2025-06-01,2026-04-01,11,200.1924,201.6,191.2,4.7031,5.4393,-0.7362,False
B11-M-297,CCPI,EM17,2025-06-01,2026-05-01,12,195.9911,203.4,192.8,1.6552,5.4979,-3.8428,False
B11-M-298,CCPI,EM17,2025-07-01,2025-07-01,1,230.1622,194.1,194.7,18.2138,-0.3082,18.5219,False
B11-M-298,CCPI,EM17,2025-07-01,2025-08-01,2,235.1512,193.3,191.1,23.0514,1.1512,21.9001,False
B11-M-298,CCPI,EM17,2025-07-01,2025-09-01,3,232.1861,193.7,190.9,21.6271,1.4667,20.1604,False
B11-M-298,CCPI,EM17,2025-07-01,2025-10-01,4,250.1195,193.8,189.9,31.7112,2.0537,29.6575,False
B11-M-298,CCPI,EM17,2025-07-01,2025-11-01,5,245.2578,193.4,189.4,29.4919,2.1119,27.38,False
B11-M-298,CCPI,EM17,2025-07-01,2025-12-01,6,252.0567,195.8,191.7,31.485,2.1388,29.3462,False
B11-M-298,CCPI,EM17,2025-07-01,2026-01-01,7,255.6915,197.0,192.6,32.7578,2.2845,30.4733,False
B11-M-298,CCPI,EM17,2025-07-01,2026-02-01,8,252.955,195.3,192.2,31.6103,1.6129,29.9974,False
B11-M-298,CCPI,EM17,2025-07-01,2026-03-01,9,251.3203,195.8,191.6,31.1692,2.1921,28.9772,False
B11-M-298,CCPI,EM17,2025-07-01,2026-04-01,10,265.2652,201.6,191.2,38.737,5.4393,33.2977,False
B11-M-298,CCPI,EM17,2025-07-01,2026-05-01,11,263.4086,203.4,192.8,36.6227,5.4979,31.1248,False
B11-M-298,CCPI,EM17,2025-07-01,2026-06-01,12,267.0017,207.7,194.5,37.2759,6.7866,30.4893,False
B11-M-299,CCPI,EM17,2025-08-01,2025-08-01,1,191.3084,193.3,191.1,0.109,1.1512,-1.0422,False
B11-M-299,CCPI,EM17,2025-08-01,2025-09-01,2,191.2708,193.7,190.9,0.1943,1.4667,-1.2725,False
B11-M-299,CCPI,EM17,2025-08-01,2025-10-01,3,191.3958,193.8,189.9,0.7877,2.0537,-1.266,False
B11-M-299,CCPI,EM17,2025-08-01,2025-11-01,4,191.1873,193.4,189.4,0.9437,2.1119,-1.1683,False
B11-M-299,CCPI,EM17,2025-08-01,2025-12-01,5,191.1809,195.8,191.7,-0.2708,2.1388,-2.4096,False
B11-M-299,CCPI,EM17,2025-08-01,2026-01-01,6,191.2059,197.0,192.6,-0.7238,2.2845,-3.0084,False
B11-M-299,CCPI,EM17,2025-08-01,2026-02-01,7,191.2681,195.3,192.2,-0.4849,1.6129,-2.0978,False
B11-M-299,CCPI,EM17,2025-08-01,2026-03-01,8,191.4205,195.8,191.6,-0.0937,2.1921,-2.2858,False
B11-M-299,CCPI,EM17,2025-08-01,2026-04-01,9,191.9271,201.6,191.2,0.3803,5.4393,-5.0591,False
B11-M-299,CCPI,EM17,2025-08-01,2026-05-01,10,191.391,203.4,192.8,-0.7308,5.4979,-6.2287,False
B11-M-299,CCPI,EM17,2025-08-01,2026-06-01,11,191.8141,207.7,194.5,-1.3809,6.7866,-8.1676,False
B11-M-299,CCPI,EM17,2025-08-01,2026-07-01,12,191.4628,208.2,194.1,-1.3587,7.2643,-8.623,False
B11-M-300,CCPI,EM17,2025-09-01,2025-09-01,1,197.2924,193.7,190.9,3.3486,1.4667,1.8818,False
B11-M-300,CCPI,EM17,2025-09-01,2025-10-01,2,197.3803,193.8,189.9,3.9391,2.0537,1.8854,False
B11-M-300,CCPI,EM17,2025-09-01,2025-11-01,3,197.5917,193.4,189.4,4.3251,2.1119,2.2131,False
B11-M-300,CCPI,EM17,2025-09-01,2025-12-01,4,197.8695,195.8,191.7,3.2183,2.1388,1.0796,False
B11-M-300,CCPI,EM17,2025-09-01,2026-01-01,5,197.8611,197.0,192.6,2.7316,2.2845,0.4471,True
B11-M-300,CCPI,EM17,2025-09-01,2026-02-01,6,198.2366,195.3,192.2,3.1408,1.6129,1.5279,False
B11-M-300,CCPI,EM17,2025-09-01,2026-03-01,7,198.5021,195.8,191.6,3.6023,2.1921,1.4103,False
B11-M-300,CCPI,EM17,2025-09-01,2026-04-01,8,198.9192,201.6,191.2,4.0372,5.4393,-1.4021,False
B11-M-300,CCPI,EM17,2025-09-01,2026-05-01,9,199.3389,203.4,192.8,3.3916,5.4979,-2.1064,False
B11-M-300,CCPI,EM17,2025-09-01,2026-06-01,10,199.7644,207.7,194.5,2.7066,6.7866,-4.08,False
B11-M-300,CCPI,EM17,2025-09-01,2026-07-01,11,200.0324,208.2,194.1,3.0564,7.2643,-4.2079,False
B11-M-300,CCPI,EM17,2025-09-01,2026-08-01,12,198.929,208.8,193.3,2.9121,8.0186,-5.1065,False
B11-M-301,CCPI,EM18,2025-04-01,2025-04-01,1,189.8337,191.2,195.2,-2.7491,-2.0492,-0.6999,False
B11-M-301,CCPI,EM18,2025-04-01,2025-05-01,2,189.6531,192.8,194.1,-2.291,-0.6698,-1.6213,False
B11-M-301,CCPI,EM18,2025-04-01,2025-06-01,3,189.5013,194.5,195.6,-3.118,-0.5624,-2.5556,False
B11-M-301,CCPI,EM18,2025-04-01,2025-07-01,4,189.0955,194.1,194.7,-2.8785,-0.3082,-2.5704,False
B11-M-301,CCPI,EM18,2025-04-01,2025-08-01,5,188.962,193.3,191.1,-1.1188,1.1512,-2.27,False
B11-M-301,CCPI,EM18,2025-04-01,2025-09-01,6,188.6375,193.7,190.9,-1.1852,1.4667,-2.6519,False
B11-M-301,CCPI,EM18,2025-04-01,2025-10-01,7,188.7805,193.8,189.9,-0.5895,2.0537,-2.6432,False
B11-M-301,CCPI,EM18,2025-04-01,2025-11-01,8,188.7392,193.4,189.4,-0.3489,2.1119,-2.4608,False
B11-M-301,CCPI,EM18,2025-04-01,2025-12-01,9,188.9672,195.8,191.7,-1.4256,2.1388,-3.5643,False
B11-M-301,CCPI,EM18,2025-04-01,2026-01-01,10,188.5325,197.0,192.6,-2.1119,2.2845,-4.3964,False
B11-M-301,CCPI,EM18,2025-04-01,2026-02-01,11,188.5232,195.3,192.2,-1.913,1.6129,-3.5259,False
B11-M-301,CCPI,EM18,2025-04-01,2026-03-01,12,188.14,195.8,191.6,-1.8059,2.1921,-3.9979,False
B11-M-302,CCPI,EM18,2025-05-01,2025-05-01,1,128.0086,192.8,194.1,-34.0502,-0.6698,-33.3804,False
B11-M-302,CCPI,EM18,2025-05-01,2025-06-01,2,133.7432,194.5,195.6,-31.6241,-0.5624,-31.0618,False
B11-M-302,CCPI,EM18,2025-05-01,2025-07-01,3,133.0458,194.1,194.7,-31.6662,-0.3082,-31.3581,False
B11-M-302,CCPI,EM18,2025-05-01,2025-08-01,4,132.7193,193.3,191.1,-30.5498,1.1512,-31.701,False
B11-M-302,CCPI,EM18,2025-05-01,2025-09-01,5,135.5858,193.7,190.9,-28.9755,1.4667,-30.4422,False
B11-M-302,CCPI,EM18,2025-05-01,2025-10-01,6,136.5333,193.8,189.9,-28.1025,2.0537,-30.1562,False
B11-M-302,CCPI,EM18,2025-05-01,2025-11-01,7,140.2801,193.4,189.4,-25.9345,2.1119,-28.0464,False
B11-M-302,CCPI,EM18,2025-05-01,2025-12-01,8,142.3311,195.8,191.7,-25.7532,2.1388,-27.8919,False
B11-M-302,CCPI,EM18,2025-05-01,2026-01-01,9,137.2614,197.0,192.6,-28.7324,2.2845,-31.0169,False
B11-M-302,CCPI,EM18,2025-05-01,2026-02-01,10,127.1418,195.3,192.2,-33.8492,1.6129,-35.4621,False
B11-M-302,CCPI,EM18,2025-05-01,2026-03-01,11,128.2191,195.8,191.6,-33.0798,2.1921,-35.2719,False
B11-M-302,CCPI,EM18,2025-05-01,2026-04-01,12,133.2285,201.6,191.2,-30.3198,5.4393,-35.7592,False
B11-M-303,CCPI,EM18,2025-06-01,2025-06-01,1,207.4065,194.5,195.6,6.036,-0.5624,6.5984,False
B11-M-303,CCPI,EM18,2025-06-01,2025-07-01,2,208.5676,194.1,194.7,7.1225,-0.3082,7.4307,False
B11-M-303,CCPI,EM18,2025-06-01,2025-08-01,3,204.9676,193.3,191.1,7.2567,1.1512,6.1055,False
B11-M-303,CCPI,EM18,2025-06-01,2025-09-01,4,204.7676,193.7,190.9,7.2643,1.4667,5.7976,False
B11-M-303,CCPI,EM18,2025-06-01,2025-10-01,5,203.7676,193.8,189.9,7.3026,2.0537,5.2489,False
B11-M-303,CCPI,EM18,2025-06-01,2025-11-01,6,203.2676,193.4,189.4,7.3219,2.1119,5.2099,False
B11-M-303,CCPI,EM18,2025-06-01,2025-12-01,7,205.5676,195.8,191.7,7.234,2.1388,5.0953,False
B11-M-303,CCPI,EM18,2025-06-01,2026-01-01,8,206.4676,197.0,192.6,7.2002,2.2845,4.9157,False
B11-M-303,CCPI,EM18,2025-06-01,2026-02-01,9,206.0676,195.3,192.2,7.2152,1.6129,5.6023,False
B11-M-303,CCPI,EM18,2025-06-01,2026-03-01,10,205.4676,195.8,191.6,7.2378,2.1921,5.0457,False
B11-M-303,CCPI,EM18,2025-06-01,2026-04-01,11,205.0676,201.6,191.2,7.2529,5.4393,1.8136,False
B11-M-303,CCPI,EM18,2025-06-01,2026-05-01,12,206.6676,203.4,192.8,7.1927,5.4979,1.6948,False
B11-M-304,CCPI,EM18,2025-07-01,2025-07-01,1,206.6847,194.1,194.7,6.1555,-0.3082,6.4637,False
B11-M-304,CCPI,EM18,2025-07-01,2025-08-01,2,205.1665,193.3,191.1,7.3608,1.1512,6.2096,False
B11-M-304,CCPI,EM18,2025-07-01,2025-09-01,3,204.9665,193.7,190.9,7.3685,1.4667,5.9018,False
B11-M-304,CCPI,EM18,2025-07-01,2025-10-01,4,203.9665,193.8,189.9,7.4073,2.0537,5.3536,False
B11-M-304,CCPI,EM18,2025-07-01,2025-11-01,5,203.4665,193.4,189.4,7.4269,2.1119,5.315,False
B11-M-304,CCPI,EM18,2025-07-01,2025-12-01,6,205.7665,195.8,191.7,7.3378,2.1388,5.199,False
B11-M-304,CCPI,EM18,2025-07-01,2026-01-01,7,206.6665,197.0,192.6,7.3035,2.2845,5.019,False
B11-M-304,CCPI,EM18,2025-07-01,2026-02-01,8,206.2665,195.3,192.2,7.3187,1.6129,5.7058,False
B11-M-304,CCPI,EM18,2025-07-01,2026-03-01,9,205.6665,195.8,191.6,7.3416,2.1921,5.1496,False
B11-M-304,CCPI,EM18,2025-07-01,2026-04-01,10,205.2665,201.6,191.2,7.357,5.4393,1.9176,False
B11-M-304,CCPI,EM18,2025-07-01,2026-05-01,11,206.8665,203.4,192.8,7.2959,5.4979,1.798,False
B11-M-304,CCPI,EM18,2025-07-01,2026-06-01,12,208.5665,207.7,194.5,7.2322,6.7866,0.4455,True
B11-M-305,CCPI,EM18,2025-08-01,2025-08-01,1,203.1188,193.3,191.1,6.2893,1.1512,5.1381,False
B11-M-305,CCPI,EM18,2025-08-01,2025-09-01,2,203.0009,193.7,190.9,6.3389,1.4667,4.8722,False
B11-M-305,CCPI,EM18,2025-08-01,2025-10-01,3,204.0201,193.8,189.9,7.4356,2.0537,5.3818,False
B11-M-305,CCPI,EM18,2025-08-01,2025-11-01,4,203.5201,193.4,189.4,7.4552,2.1119,5.3433,False
B11-M-305,CCPI,EM18,2025-08-01,2025-12-01,5,205.8201,195.8,191.7,7.3657,2.1388,5.227,False
B11-M-305,CCPI,EM18,2025-08-01,2026-01-01,6,206.7201,197.0,192.6,7.3313,2.2845,5.0468,False
B11-M-305,CCPI,EM18,2025-08-01,2026-02-01,7,206.3201,195.3,192.2,7.3466,1.6129,5.7337,False
B11-M-305,CCPI,EM18,2025-08-01,2026-03-01,8,205.7201,195.8,191.6,7.3696,2.1921,5.1775,False
B11-M-305,CCPI,EM18,2025-08-01,2026-04-01,9,205.3201,201.6,191.2,7.385,5.4393,1.9457,False
B11-M-305,CCPI,EM18,2025-08-01,2026-05-01,10,206.9201,203.4,192.8,7.3237,5.4979,1.8258,False
B11-M-305,CCPI,EM18,2025-08-01,2026-06-01,11,208.6201,207.7,194.5,7.2597,6.7866,0.4731,True
B11-M-305,CCPI,EM18,2025-08-01,2026-07-01,12,208.2201,208.2,194.1,7.2747,7.2643,0.0104,True
B11-M-306,CCPI,EM18,2025-09-01,2025-09-01,1,201.4917,193.7,190.9,5.5483,1.4667,4.0816,False
B11-M-306,CCPI,EM18,2025-09-01,2025-10-01,2,201.4917,193.8,189.9,6.1041,2.0537,4.0504,False
B11-M-306,CCPI,EM18,2025-09-01,2025-11-01,3,201.4917,193.4,189.4,6.3842,2.1119,4.2723,False
B11-M-306,CCPI,EM18,2025-09-01,2025-12-01,4,201.4654,195.8,191.7,5.0941,2.1388,2.9553,False
B11-M-306,CCPI,EM18,2025-09-01,2026-01-01,5,200.7636,197.0,192.6,4.2386,2.2845,1.9541,False
B11-M-306,CCPI,EM18,2025-09-01,2026-02-01,6,200.7636,195.3,192.2,4.4556,1.6129,2.8427,False
B11-M-306,CCPI,EM18,2025-09-01,2026-03-01,7,200.5005,195.8,191.6,4.6453,2.1921,2.4533,False
B11-M-306,CCPI,EM18,2025-09-01,2026-04-01,8,200.5132,201.6,191.2,4.8709,5.4393,-0.5684,False
B11-M-306,CCPI,EM18,2025-09-01,2026-05-01,9,200.5132,203.4,192.8,4.0006,5.4979,-1.4973,False
B11-M-306,CCPI,EM18,2025-09-01,2026-06-01,10,200.5132,207.7,194.5,3.0916,6.7866,-3.695,False
B11-M-306,CCPI,EM18,2025-09-01,2026-07-01,11,200.191,208.2,194.1,3.1381,7.2643,-4.1262,False
B11-M-306,CCPI,EM18,2025-09-01,2026-08-01,12,197.1211,208.8,193.3,1.9768,8.0186,-6.0418,False
