var,em,origin,h,band,hit,d_act,d_fc,flat_act,flat_fc
CCPI,EM12,2024-05-01,1,band1pp,True,-0.572,0.8073,True,True
CCPI,EM12,2024-05-01,2,band1pp,True,0.78,-0.0796,True,True
CCPI,EM12,2024-05-01,3,band1pp,False,0.6499,1.3115,True,False
CCPI,EM12,2024-05-01,4,band1pp,False,-1.8399,0.1012,False,True
CCPI,EM12,2024-05-01,5,band1pp,False,-0.9953,-1.1072,True,False
CCPI,EM12,2024-05-01,6,band1pp,True,-0.3145,0.1278,True,True
CCPI,EM12,2024-05-01,7,band1pp,False,-1.2846,-0.7352,False,True
CCPI,EM12,2024-05-01,8,band1pp,True,0.3256,-0.6356,True,True
CCPI,EM12,2024-05-01,9,band1pp,True,-2.2932,-2.5099,False,False
CCPI,EM12,2024-05-01,10,band1pp,True,-0.1516,-0.0634,True,True
CCPI,EM12,2024-05-01,11,band1pp,True,1.5947,2.1884,False,False
CCPI,EM12,2024-05-01,12,band1pp,False,0.5436,1.0345,True,False
CCPI,EM12,2024-05-01,1,noband,False,-0.572,0.8073,False,False
CCPI,EM12,2024-05-01,2,noband,False,0.78,-0.0796,False,False
CCPI,EM12,2024-05-01,3,noband,True,0.6499,1.3115,False,False
CCPI,EM12,2024-05-01,4,noband,False,-1.8399,0.1012,False,False
CCPI,EM12,2024-05-01,5,noband,True,-0.9953,-1.1072,False,False
CCPI,EM12,2024-05-01,6,noband,False,-0.3145,0.1278,False,False
CCPI,EM12,2024-05-01,7,noband,True,-1.2846,-0.7352,False,False
CCPI,EM12,2024-05-01,8,noband,False,0.3256,-0.6356,False,False
CCPI,EM12,2024-05-01,9,noband,True,-2.2932,-2.5099,False,False
CCPI,EM12,2024-05-01,10,noband,True,-0.1516,-0.0634,False,False
CCPI,EM12,2024-05-01,11,noband,True,1.5947,2.1884,False,False
CCPI,EM12,2024-05-01,12,noband,True,0.5436,1.0345,False,False
CCPI,EM12,2024-06-01,1,band1pp,True,0.78,0.6941,True,True
CCPI,EM12,2024-06-01,2,band1pp,False,0.6499,1.2106,True,False
CCPI,EM12,2024-06-01,3,band1pp,False,-1.8399,0.2265,False,True
CCPI,EM12,2024-06-01,4,band1pp,True,-0.9953,-0.7254,True,True
CCPI,EM12,2024-06-01,5,band1pp,True,-0.3145,0.2732,True,True
CCPI,EM12,2024-06-01,6,band1pp,False,-1.2846,-0.7774,False,True
CCPI,EM12,2024-06-01,7,band1pp,True,0.3256,-0.3075,True,True
CCPI,EM12,2024-06-01,8,band1pp,True,-2.2932,-2.2921,False,False
CCPI,EM12,2024-06-01,9,band1pp,True,-0.1516,0.3087,True,True
CCPI,EM12,2024-06-01,10,band1pp,True,1.5947,2.1859,False,False
CCPI,EM12,2024-06-01,11,band1pp,False,0.5436,1.0794,True,False
CCPI,EM12,2024-06-01,12,band1pp,False,1.3794,0.8988,False,True
CCPI,EM12,2024-06-01,1,noband,True,0.78,0.6941,False,False
CCPI,EM12,2024-06-01,2,noband,True,0.6499,1.2106,False,False
CCPI,EM12,2024-06-01,3,noband,False,-1.8399,0.2265,False,False
CCPI,EM12,2024-06-01,4,noband,True,-0.9953,-0.7254,False,False
CCPI,EM12,2024-06-01,5,noband,False,-0.3145,0.2732,False,False
CCPI,EM12,2024-06-01,6,noband,True,-1.2846,-0.7774,False,False
CCPI,EM12,2024-06-01,7,noband,False,0.3256,-0.3075,False,False
CCPI,EM12,2024-06-01,8,noband,True,-2.2932,-2.2921,False,False
CCPI,EM12,2024-06-01,9,noband,False,-0.1516,0.3087,False,False
CCPI,EM12,2024-06-01,10,noband,True,1.5947,2.1859,False,False
CCPI,EM12,2024-06-01,11,noband,True,0.5436,1.0794,False,False
CCPI,EM12,2024-06-01,12,noband,True,1.3794,0.8988,False,False
CCPI,EM12,2024-07-01,1,band1pp,False,0.6499,1.3451,True,False
CCPI,EM12,2024-07-01,2,band1pp,False,-1.8399,-0.0225,False,True
CCPI,EM12,2024-07-01,3,band1pp,True,-0.9953,-0.7859,True,True
CCPI,EM12,2024-07-01,4,band1pp,True,-0.3145,0.2525,True,True
CCPI,EM12,2024-07-01,5,band1pp,False,-1.2846,-0.9027,False,True
CCPI,EM12,2024-07-01,6,band1pp,True,0.3256,-0.7245,True,True
CCPI,EM12,2024-07-01,7,band1pp,True,-2.2932,-2.5356,False,False
CCPI,EM12,2024-07-01,8,band1pp,True,-0.1516,0.0481,True,True
CCPI,EM12,2024-07-01,9,band1pp,True,1.5947,2.0023,False,False
CCPI,EM12,2024-07-01,10,band1pp,True,0.5436,0.9655,True,True
CCPI,EM12,2024-07-01,11,band1pp,False,1.3794,0.9523,False,True
CCPI,EM12,2024-07-01,12,band1pp,True,0.1074,-0.2841,True,True
CCPI,EM12,2024-07-01,1,noband,True,0.6499,1.3451,False,False
CCPI,EM12,2024-07-01,2,noband,True,-1.8399,-0.0225,False,False
CCPI,EM12,2024-07-01,3,noband,True,-0.9953,-0.7859,False,False
CCPI,EM12,2024-07-01,4,noband,False,-0.3145,0.2525,False,False
CCPI,EM12,2024-07-01,5,noband,True,-1.2846,-0.9027,False,False
CCPI,EM12,2024-07-01,6,noband,False,0.3256,-0.7245,False,False
CCPI,EM12,2024-07-01,7,noband,True,-2.2932,-2.5356,False,False
CCPI,EM12,2024-07-01,8,noband,False,-0.1516,0.0481,False,False
CCPI,EM12,2024-07-01,9,noband,True,1.5947,2.0023,False,False
CCPI,EM12,2024-07-01,10,noband,True,0.5436,0.9655,False,False
CCPI,EM12,2024-07-01,11,noband,True,1.3794,0.9523,False,False
CCPI,EM12,2024-07-01,12,noband,False,0.1074,-0.2841,False,False
CCPI,EM12,2024-08-01,1,band1pp,False,-1.8399,0.3035,False,True
CCPI,EM12,2024-08-01,2,band1pp,True,-0.9953,-0.6218,True,True
CCPI,EM12,2024-08-01,3,band1pp,True,-0.3145,0.4805,True,True
CCPI,EM12,2024-08-01,4,band1pp,False,-1.2846,-0.7028,False,True
CCPI,EM12,2024-08-01,5,band1pp,True,0.3256,-0.5437,True,True
CCPI,EM12,2024-08-01,6,band1pp,True,-2.2932,-2.3833,False,False
CCPI,EM12,2024-08-01,7,band1pp,True,-0.1516,0.2797,True,True
CCPI,EM12,2024-08-01,8,band1pp,True,1.5947,2.3157,False,False
CCPI,EM12,2024-08-01,9,band1pp,False,0.5436,1.192,True,False
CCPI,EM12,2024-08-01,10,band1pp,True,1.3794,1.0859,False,False
CCPI,EM12,2024-08-01,11,band1pp,True,0.1074,-0.2164,True,True
CCPI,EM12,2024-08-01,12,band1pp,True,0.2542,0.7679,True,True
CCPI,EM12,2024-08-01,1,noband,False,-1.8399,0.3035,False,False
CCPI,EM12,2024-08-01,2,noband,True,-0.9953,-0.6218,False,False
CCPI,EM12,2024-08-01,3,noband,False,-0.3145,0.4805,False,False
CCPI,EM12,2024-08-01,4,noband,True,-1.2846,-0.7028,False,False
CCPI,EM12,2024-08-01,5,noband,False,0.3256,-0.5437,False,False
CCPI,EM12,2024-08-01,6,noband,True,-2.2932,-2.3833,False,False
CCPI,EM12,2024-08-01,7,noband,False,-0.1516,0.2797,False,False
CCPI,EM12,2024-08-01,8,noband,True,1.5947,2.3157,False,False
CCPI,EM12,2024-08-01,9,noband,True,0.5436,1.192,False,False
CCPI,EM12,2024-08-01,10,noband,True,1.3794,1.0859,False,False
CCPI,EM12,2024-08-01,11,noband,False,0.1074,-0.2164,False,False
CCPI,EM12,2024-08-01,12,noband,True,0.2542,0.7679,False,False
CCPI,EM12,2024-09-01,1,band1pp,True,-0.9953,-0.6895,True,True
CCPI,EM12,2024-09-01,2,band1pp,True,-0.3145,0.3318,True,True
CCPI,EM12,2024-09-01,3,band1pp,False,-1.2846,-0.725,False,True
CCPI,EM12,2024-09-01,4,band1pp,True,0.3256,-0.5797,True,True
CCPI,EM12,2024-09-01,5,band1pp,True,-2.2932,-2.357,False,False
CCPI,EM12,2024-09-01,6,band1pp,True,-0.1516,0.0954,True,True
CCPI,EM12,2024-09-01,7,band1pp,True,1.5947,1.9554,False,False
CCPI,EM12,2024-09-01,8,band1pp,False,0.5436,1.1192,True,False
CCPI,EM12,2024-09-01,9,band1pp,True,1.3794,1.0539,False,False
CCPI,EM12,2024-09-01,10,band1pp,True,0.1074,-0.0638,True,True
CCPI,EM12,2024-09-01,11,band1pp,True,0.2542,0.5636,True,True
CCPI,EM12,2024-09-01,12,band1pp,True,1.4594,1.9455,False,False
CCPI,EM12,2024-09-01,1,noband,True,-0.9953,-0.6895,False,False
CCPI,EM12,2024-09-01,2,noband,False,-0.3145,0.3318,False,False
CCPI,EM12,2024-09-01,3,noband,True,-1.2846,-0.725,False,False
CCPI,EM12,2024-09-01,4,noband,False,0.3256,-0.5797,False,False
CCPI,EM12,2024-09-01,5,noband,True,-2.2932,-2.357,False,False
CCPI,EM12,2024-09-01,6,noband,False,-0.1516,0.0954,False,False
CCPI,EM12,2024-09-01,7,noband,True,1.5947,1.9554,False,False
CCPI,EM12,2024-09-01,8,noband,True,0.5436,1.1192,False,False
CCPI,EM12,2024-09-01,9,noband,True,1.3794,1.0539,False,False
CCPI,EM12,2024-09-01,10,noband,False,0.1074,-0.0638,False,False
CCPI,EM12,2024-09-01,11,noband,True,0.2542,0.5636,False,False
CCPI,EM12,2024-09-01,12,noband,True,1.4594,1.9455,False,False
CCPI,EM12,2024-10-01,1,band1pp,True,-0.3145,0.3685,True,True
CCPI,EM12,2024-10-01,2,band1pp,False,-1.2846,-0.6326,False,True
CCPI,EM12,2024-10-01,3,band1pp,True,0.3256,-0.7402,True,True
CCPI,EM12,2024-10-01,4,band1pp,True,-2.2932,-2.3408,False,False
CCPI,EM12,2024-10-01,5,band1pp,True,-0.1516,-0.2491,True,True
CCPI,EM12,2024-10-01,6,band1pp,True,1.5947,1.6656,False,False
CCPI,EM12,2024-10-01,7,band1pp,True,0.5436,0.8325,True,True
CCPI,EM12,2024-10-01,8,band1pp,True,1.3794,1.0375,False,False
CCPI,EM12,2024-10-01,9,band1pp,True,0.1074,-0.0817,True,True
CCPI,EM12,2024-10-01,10,band1pp,True,0.2542,0.4923,True,True
CCPI,EM12,2024-10-01,11,band1pp,True,1.4594,1.6584,False,False
CCPI,EM12,2024-10-01,12,band1pp,True,0.3155,0.2877,True,True
CCPI,EM12,2024-10-01,1,noband,False,-0.3145,0.3685,False,False
CCPI,EM12,2024-10-01,2,noband,True,-1.2846,-0.6326,False,False
CCPI,EM12,2024-10-01,3,noband,False,0.3256,-0.7402,False,False
CCPI,EM12,2024-10-01,4,noband,True,-2.2932,-2.3408,False,False
CCPI,EM12,2024-10-01,5,noband,True,-0.1516,-0.2491,False,False
CCPI,EM12,2024-10-01,6,noband,True,1.5947,1.6656,False,False
CCPI,EM12,2024-10-01,7,noband,True,0.5436,0.8325,False,False
CCPI,EM12,2024-10-01,8,noband,True,1.3794,1.0375,False,False
CCPI,EM12,2024-10-01,9,noband,False,0.1074,-0.0817,False,False
CCPI,EM12,2024-10-01,10,noband,True,0.2542,0.4923,False,False
CCPI,EM12,2024-10-01,11,noband,True,1.4594,1.6584,False,False
CCPI,EM12,2024-10-01,12,noband,True,0.3155,0.2877,False,False
CCPI,EM12,2024-11-01,1,band1pp,False,-1.2846,0.3534,False,True
CCPI,EM12,2024-11-01,2,band1pp,True,0.3256,-0.7645,True,True
CCPI,EM12,2024-11-01,3,band1pp,True,-2.2932,-2.3025,False,False
CCPI,EM12,2024-11-01,4,band1pp,True,-0.1516,-0.2399,True,True
CCPI,EM12,2024-11-01,5,band1pp,True,1.5947,1.7391,False,False
CCPI,EM12,2024-11-01,6,band1pp,True,0.5436,0.8969,True,True
CCPI,EM12,2024-11-01,7,band1pp,True,1.3794,1.0514,False,False
CCPI,EM12,2024-11-01,8,band1pp,True,0.1074,0.0483,True,True
CCPI,EM12,2024-11-01,9,band1pp,True,0.2542,0.4275,True,True
CCPI,EM12,2024-11-01,10,band1pp,True,1.4594,1.5904,False,False
CCPI,EM12,2024-11-01,11,band1pp,True,0.3155,0.1399,True,True
CCPI,EM12,2024-11-01,12,band1pp,True,0.587,0.4145,True,True
CCPI,EM12,2024-11-01,1,noband,False,-1.2846,0.3534,False,False
CCPI,EM12,2024-11-01,2,noband,False,0.3256,-0.7645,False,False
CCPI,EM12,2024-11-01,3,noband,True,-2.2932,-2.3025,False,False
CCPI,EM12,2024-11-01,4,noband,True,-0.1516,-0.2399,False,False
CCPI,EM12,2024-11-01,5,noband,True,1.5947,1.7391,False,False
CCPI,EM12,2024-11-01,6,noband,True,0.5436,0.8969,False,False
CCPI,EM12,2024-11-01,7,noband,True,1.3794,1.0514,False,False
CCPI,EM12,2024-11-01,8,noband,True,0.1074,0.0483,False,False
CCPI,EM12,2024-11-01,9,noband,True,0.2542,0.4275,False,False
CCPI,EM12,2024-11-01,10,noband,True,1.4594,1.5904,False,False
CCPI,EM12,2024-11-01,11,noband,True,0.3155,0.1399,False,False
CCPI,EM12,2024-11-01,12,noband,True,0.587,0.4145,False,False
CCPI,EM12,2024-12-01,1,band1pp,True,0.3256,-0.6559,True,True
CCPI,EM12,2024-12-01,2,band1pp,True,-2.2932,-2.7684,False,False
CCPI,EM12,2024-12-01,3,band1pp,True,-0.1516,0.0262,True,True
CCPI,EM12,2024-12-01,4,band1pp,True,1.5947,1.8562,False,False
CCPI,EM12,2024-12-01,5,band1pp,True,0.5436,0.6765,True,True
CCPI,EM12,2024-12-01,6,band1pp,False,1.3794,0.5475,False,True
CCPI,EM12,2024-12-01,7,band1pp,True,0.1074,-0.6588,True,True
CCPI,EM12,2024-12-01,8,band1pp,True,0.2542,0.4611,True,True
CCPI,EM12,2024-12-01,9,band1pp,True,1.4594,1.7972,False,False
CCPI,EM12,2024-12-01,10,band1pp,True,0.3155,0.0856,True,True
CCPI,EM12,2024-12-01,11,band1pp,True,0.587,0.5354,True,True
CCPI,EM12,2024-12-01,12,band1pp,True,0.0582,0.2627,True,True
CCPI,EM12,2024-12-01,1,noband,False,0.3256,-0.6559,False,False
CCPI,EM12,2024-12-01,2,noband,True,-2.2932,-2.7684,False,False
CCPI,EM12,2024-12-01,3,noband,False,-0.1516,0.0262,False,False
CCPI,EM12,2024-12-01,4,noband,True,1.5947,1.8562,False,False
CCPI,EM12,2024-12-01,5,noband,True,0.5436,0.6765,False,False
CCPI,EM12,2024-12-01,6,noband,True,1.3794,0.5475,False,False
CCPI,EM12,2024-12-01,7,noband,False,0.1074,-0.6588,False,False
CCPI,EM12,2024-12-01,8,noband,True,0.2542,0.4611,False,False
CCPI,EM12,2024-12-01,9,noband,True,1.4594,1.7972,False,False
CCPI,EM12,2024-12-01,10,noband,True,0.3155,0.0856,False,False
CCPI,EM12,2024-12-01,11,noband,True,0.587,0.5354,False,False
CCPI,EM12,2024-12-01,12,noband,True,0.0582,0.2627,False,False
CCPI,EM12,2025-01-01,1,band1pp,True,-2.2932,-2.3434,False,False
CCPI,EM12,2025-01-01,2,band1pp,True,-0.1516,-0.0131,True,True
CCPI,EM12,2025-01-01,3,band1pp,True,1.5947,1.87,False,False
CCPI,EM12,2025-01-01,4,band1pp,True,0.5436,0.7163,True,True
CCPI,EM12,2025-01-01,5,band1pp,False,1.3794,0.5151,False,True
CCPI,EM12,2025-01-01,6,band1pp,True,0.1074,-0.7975,True,True
CCPI,EM12,2025-01-01,7,band1pp,True,0.2542,0.5164,True,True
CCPI,EM12,2025-01-01,8,band1pp,True,1.4594,1.8862,False,False
CCPI,EM12,2025-01-01,9,band1pp,True,0.3155,0.2437,True,True
CCPI,EM12,2025-01-01,10,band1pp,True,0.587,0.4417,True,True
CCPI,EM12,2025-01-01,11,band1pp,True,0.0582,0.2714,True,True
CCPI,EM12,2025-01-01,12,band1pp,False,0.0268,-1.2024,True,False
CCPI,EM12,2025-01-01,1,noband,True,-2.2932,-2.3434,False,False
CCPI,EM12,2025-01-01,2,noband,True,-0.1516,-0.0131,False,False
CCPI,EM12,2025-01-01,3,noband,True,1.5947,1.87,False,False
CCPI,EM12,2025-01-01,4,noband,True,0.5436,0.7163,False,False
CCPI,EM12,2025-01-01,5,noband,True,1.3794,0.5151,False,False
CCPI,EM12,2025-01-01,6,noband,False,0.1074,-0.7975,False,False
CCPI,EM12,2025-01-01,7,noband,True,0.2542,0.5164,False,False
CCPI,EM12,2025-01-01,8,noband,True,1.4594,1.8862,False,False
CCPI,EM12,2025-01-01,9,noband,True,0.3155,0.2437,False,False
CCPI,EM12,2025-01-01,10,noband,True,0.587,0.4417,False,False
CCPI,EM12,2025-01-01,11,noband,True,0.0582,0.2714,False,False
CCPI,EM12,2025-01-01,12,noband,False,0.0268,-1.2024,False,False
CCPI,EM12,2025-02-01,1,band1pp,True,-0.1516,0.3261,True,True
CCPI,EM12,2025-02-01,2,band1pp,True,1.5947,2.0766,False,False
CCPI,EM12,2025-02-01,3,band1pp,True,0.5436,0.8027,True,True
CCPI,EM12,2025-02-01,4,band1pp,False,1.3794,0.5834,False,True
CCPI,EM12,2025-02-01,5,band1pp,True,0.1074,-0.6282,True,True
CCPI,EM12,2025-02-01,6,band1pp,True,0.2542,0.6031,True,True
CCPI,EM12,2025-02-01,7,band1pp,True,1.4594,1.9766,False,False
CCPI,EM12,2025-02-01,8,band1pp,True,0.3155,0.2728,True,True
CCPI,EM12,2025-02-01,9,band1pp,True,0.587,0.5386,True,True
CCPI,EM12,2025-02-01,10,band1pp,True,0.0582,0.3319,True,True
CCPI,EM12,2025-02-01,11,band1pp,False,0.0268,-1.2887,True,False
CCPI,EM12,2025-02-01,12,band1pp,True,0.1458,-0.4744,True,True
CCPI,EM12,2025-02-01,1,noband,False,-0.1516,0.3261,False,False
CCPI,EM12,2025-02-01,2,noband,True,1.5947,2.0766,False,False
CCPI,EM12,2025-02-01,3,noband,True,0.5436,0.8027,False,False
CCPI,EM12,2025-02-01,4,noband,True,1.3794,0.5834,False,False
CCPI,EM12,2025-02-01,5,noband,False,0.1074,-0.6282,False,False
CCPI,EM12,2025-02-01,6,noband,True,0.2542,0.6031,False,False
CCPI,EM12,2025-02-01,7,noband,True,1.4594,1.9766,False,False
CCPI,EM12,2025-02-01,8,noband,True,0.3155,0.2728,False,False
CCPI,EM12,2025-02-01,9,noband,True,0.587,0.5386,False,False
CCPI,EM12,2025-02-01,10,noband,True,0.0582,0.3319,False,False
CCPI,EM12,2025-02-01,11,noband,False,0.0268,-1.2887,False,False
CCPI,EM12,2025-02-01,12,noband,False,0.1458,-0.4744,False,False
CCPI,EM12,2025-03-01,1,band1pp,False,1.5947,-0.2901,False,True
CCPI,EM12,2025-03-01,2,band1pp,False,0.5436,1.007,True,False
CCPI,EM12,2025-03-01,3,band1pp,False,1.3794,0.6449,False,True
CCPI,EM12,2025-03-01,4,band1pp,True,0.1074,-0.5529,True,True
CCPI,EM12,2025-03-01,5,band1pp,True,0.2542,0.6552,True,True
CCPI,EM12,2025-03-01,6,band1pp,True,1.4594,1.9769,False,False
CCPI,EM12,2025-03-01,7,band1pp,True,0.3155,0.4003,True,True
CCPI,EM12,2025-03-01,8,band1pp,True,0.587,0.6793,True,True
CCPI,EM12,2025-03-01,9,band1pp,True,0.0582,0.2261,True,True
CCPI,EM12,2025-03-01,10,band1pp,False,0.0268,-1.3464,True,False
CCPI,EM12,2025-03-01,11,band1pp,True,0.1458,-0.2472,True,True
CCPI,EM12,2025-03-01,12,band1pp,True,-0.6716,0.5085,True,True
CCPI,EM12,2025-03-01,1,noband,False,1.5947,-0.2901,False,False
CCPI,EM12,2025-03-01,2,noband,True,0.5436,1.007,False,False
CCPI,EM12,2025-03-01,3,noband,True,1.3794,0.6449,False,False
CCPI,EM12,2025-03-01,4,noband,False,0.1074,-0.5529,False,False
CCPI,EM12,2025-03-01,5,noband,True,0.2542,0.6552,False,False
CCPI,EM12,2025-03-01,6,noband,True,1.4594,1.9769,False,False
CCPI,EM12,2025-03-01,7,noband,True,0.3155,0.4003,False,False
CCPI,EM12,2025-03-01,8,noband,True,0.587,0.6793,False,False
CCPI,EM12,2025-03-01,9,noband,True,0.0582,0.2261,False,False
CCPI,EM12,2025-03-01,10,noband,False,0.0268,-1.3464,False,False
CCPI,EM12,2025-03-01,11,noband,False,0.1458,-0.2472,False,False
CCPI,EM12,2025-03-01,12,noband,False,-0.6716,0.5085,False,False
CCPI,EM12,2025-04-01,1,band1pp,True,0.5436,0.4151,True,True
CCPI,EM12,2025-04-01,2,band1pp,False,1.3794,0.6632,False,True
CCPI,EM12,2025-04-01,3,band1pp,True,0.1074,-0.2934,True,True
CCPI,EM12,2025-04-01,4,band1pp,True,0.2542,0.1423,True,True
CCPI,EM12,2025-04-01,5,band1pp,True,1.4594,2.0799,False,False
CCPI,EM12,2025-04-01,6,band1pp,True,0.3155,0.5042,True,True
CCPI,EM12,2025-04-01,7,band1pp,True,0.587,0.3944,True,True
CCPI,EM12,2025-04-01,8,band1pp,True,0.0582,0.3748,True,True
CCPI,EM12,2025-04-01,9,band1pp,False,0.0268,-1.2569,True,False
CCPI,EM12,2025-04-01,10,band1pp,True,0.1458,-0.494,True,True
CCPI,EM12,2025-04-01,11,band1pp,True,-0.6716,0.3768,True,True
CCPI,EM12,2025-04-01,12,band1pp,True,0.5792,0.3513,True,True
CCPI,EM12,2025-04-01,1,noband,True,0.5436,0.4151,False,False
CCPI,EM12,2025-04-01,2,noband,True,1.3794,0.6632,False,False
CCPI,EM12,2025-04-01,3,noband,False,0.1074,-0.2934,False,False
CCPI,EM12,2025-04-01,4,noband,True,0.2542,0.1423,False,False
CCPI,EM12,2025-04-01,5,noband,True,1.4594,2.0799,False,False
CCPI,EM12,2025-04-01,6,noband,True,0.3155,0.5042,False,False
CCPI,EM12,2025-04-01,7,noband,True,0.587,0.3944,False,False
CCPI,EM12,2025-04-01,8,noband,True,0.0582,0.3748,False,False
CCPI,EM12,2025-04-01,9,noband,False,0.0268,-1.2569,False,False
CCPI,EM12,2025-04-01,10,noband,False,0.1458,-0.494,False,False
CCPI,EM12,2025-04-01,11,noband,False,-0.6716,0.3768,False,False
CCPI,EM12,2025-04-01,12,noband,True,0.5792,0.3513,False,False
CCPI,EM12,2025-05-01,1,band1pp,False,1.3794,0.3698,False,True
CCPI,EM12,2025-05-01,2,band1pp,True,0.1074,-0.5913,True,True
CCPI,EM12,2025-05-01,3,band1pp,True,0.2542,0.6946,True,True
CCPI,EM12,2025-05-01,4,band1pp,True,1.4594,2.0895,False,False
CCPI,EM12,2025-05-01,5,band1pp,True,0.3155,0.0353,True,True
CCPI,EM12,2025-05-01,6,band1pp,True,0.587,0.6108,True,True
CCPI,EM12,2025-05-01,7,band1pp,True,0.0582,0.2134,True,True
CCPI,EM12,2025-05-01,8,band1pp,False,0.0268,-1.2109,True,False
CCPI,EM12,2025-05-01,9,band1pp,True,0.1458,-0.3352,True,True
CCPI,EM12,2025-05-01,10,band1pp,True,-0.6716,0.0846,True,True
CCPI,EM12,2025-05-01,11,band1pp,True,0.5792,0.1959,True,True
CCPI,EM12,2025-05-01,12,band1pp,False,3.2473,0.1046,False,True
CCPI,EM12,2025-05-01,1,noband,True,1.3794,0.3698,False,False
CCPI,EM12,2025-05-01,2,noband,False,0.1074,-0.5913,False,False
CCPI,EM12,2025-05-01,3,noband,True,0.2542,0.6946,False,False
CCPI,EM12,2025-05-01,4,noband,True,1.4594,2.0895,False,False
CCPI,EM12,2025-05-01,5,noband,True,0.3155,0.0353,False,False
CCPI,EM12,2025-05-01,6,noband,True,0.587,0.6108,False,False
CCPI,EM12,2025-05-01,7,noband,True,0.0582,0.2134,False,False
CCPI,EM12,2025-05-01,8,noband,False,0.0268,-1.2109,False,False
CCPI,EM12,2025-05-01,9,noband,False,0.1458,-0.3352,False,False
CCPI,EM12,2025-05-01,10,noband,False,-0.6716,0.0846,False,False
CCPI,EM12,2025-05-01,11,noband,True,0.5792,0.1959,False,False
CCPI,EM12,2025-05-01,12,noband,True,3.2473,0.1046,False,False
CCPI,EM12,2025-06-01,1,band1pp,False,0.1074,-1.6242,True,False
CCPI,EM12,2025-06-01,2,band1pp,True,0.2542,0.4987,True,True
CCPI,EM12,2025-06-01,3,band1pp,True,1.4594,1.9115,False,False
CCPI,EM12,2025-06-01,4,band1pp,True,0.3155,0.1894,True,True
CCPI,EM12,2025-06-01,5,band1pp,True,0.587,0.3377,True,True
CCPI,EM12,2025-06-01,6,band1pp,True,0.0582,0.0931,True,True
CCPI,EM12,2025-06-01,7,band1pp,False,0.0268,-1.3521,True,False
CCPI,EM12,2025-06-01,8,band1pp,True,0.1458,-0.558,True,True
CCPI,EM12,2025-06-01,9,band1pp,True,-0.6716,0.0871,True,True
CCPI,EM12,2025-06-01,10,band1pp,True,0.5792,0.1825,True,True
CCPI,EM12,2025-06-01,11,band1pp,False,3.2473,0.2865,False,True
CCPI,EM12,2025-06-01,12,band1pp,True,0.0586,-0.8225,True,True
CCPI,EM12,2025-06-01,1,noband,False,0.1074,-1.6242,False,False
CCPI,EM12,2025-06-01,2,noband,True,0.2542,0.4987,False,False
CCPI,EM12,2025-06-01,3,noband,True,1.4594,1.9115,False,False
CCPI,EM12,2025-06-01,4,noband,True,0.3155,0.1894,False,False
CCPI,EM12,2025-06-01,5,noband,True,0.587,0.3377,False,False
CCPI,EM12,2025-06-01,6,noband,True,0.0582,0.0931,False,False
CCPI,EM12,2025-06-01,7,noband,False,0.0268,-1.3521,False,False
CCPI,EM12,2025-06-01,8,noband,False,0.1458,-0.558,False,False
CCPI,EM12,2025-06-01,9,noband,False,-0.6716,0.0871,False,False
CCPI,EM12,2025-06-01,10,noband,True,0.5792,0.1825,False,False
CCPI,EM12,2025-06-01,11,noband,True,3.2473,0.2865,False,False
CCPI,EM12,2025-06-01,12,noband,False,0.0586,-0.8225,False,False
CCPI,EM12,2025-07-01,1,band1pp,True,0.2542,0.2083,True,True
CCPI,EM12,2025-07-01,2,band1pp,True,1.4594,1.6993,False,False
CCPI,EM12,2025-07-01,3,band1pp,True,0.3155,0.2993,True,True
CCPI,EM12,2025-07-01,4,band1pp,True,0.587,0.917,True,True
CCPI,EM12,2025-07-01,5,band1pp,True,0.0582,0.1746,True,True
CCPI,EM12,2025-07-01,6,band1pp,False,0.0268,-1.2789,True,False
CCPI,EM12,2025-07-01,7,band1pp,True,0.1458,-0.5023,True,True
CCPI,EM12,2025-07-01,8,band1pp,True,-0.6716,0.1063,True,True
CCPI,EM12,2025-07-01,9,band1pp,True,0.5792,0.2017,True,True
CCPI,EM12,2025-07-01,10,band1pp,False,3.2473,0.3552,False,True
CCPI,EM12,2025-07-01,11,band1pp,True,0.0586,-0.4105,True,True
CCPI,EM12,2025-07-01,12,band1pp,False,1.2887,-0.3052,False,True
CCPI,EM12,2025-07-01,1,noband,True,0.2542,0.2083,False,False
CCPI,EM12,2025-07-01,2,noband,True,1.4594,1.6993,False,False
CCPI,EM12,2025-07-01,3,noband,True,0.3155,0.2993,False,False
CCPI,EM12,2025-07-01,4,noband,True,0.587,0.917,False,False
CCPI,EM12,2025-07-01,5,noband,True,0.0582,0.1746,False,False
CCPI,EM12,2025-07-01,6,noband,False,0.0268,-1.2789,False,False
CCPI,EM12,2025-07-01,7,noband,False,0.1458,-0.5023,False,False
CCPI,EM12,2025-07-01,8,noband,False,-0.6716,0.1063,False,False
CCPI,EM12,2025-07-01,9,noband,True,0.5792,0.2017,False,False
CCPI,EM12,2025-07-01,10,noband,True,3.2473,0.3552,False,False
CCPI,EM12,2025-07-01,11,noband,False,0.0586,-0.4105,False,False
CCPI,EM12,2025-07-01,12,noband,False,1.2887,-0.3052,False,False
CCPI,EM12,2025-08-01,1,band1pp,True,1.4594,1.2109,False,False
CCPI,EM12,2025-08-01,2,band1pp,True,0.3155,0.141,True,True
CCPI,EM12,2025-08-01,3,band1pp,True,0.587,0.5167,True,True
CCPI,EM12,2025-08-01,4,band1pp,True,0.0582,0.3222,True,True
CCPI,EM12,2025-08-01,5,band1pp,True,0.0268,-0.8119,True,True
CCPI,EM12,2025-08-01,6,band1pp,True,0.1458,-0.2503,True,True
CCPI,EM12,2025-08-01,7,band1pp,True,-0.6716,0.2537,True,True
CCPI,EM12,2025-08-01,8,band1pp,True,0.5792,0.2697,True,True
CCPI,EM12,2025-08-01,9,band1pp,False,3.2473,0.2644,False,True
CCPI,EM12,2025-08-01,10,band1pp,True,0.0586,-0.6533,True,True
CCPI,EM12,2025-08-01,11,band1pp,False,1.2887,-0.4861,False,True
CCPI,EM12,2025-08-01,12,band1pp,True,0.4777,0.2047,True,True
CCPI,EM12,2025-08-01,1,noband,True,1.4594,1.2109,False,False
CCPI,EM12,2025-08-01,2,noband,True,0.3155,0.141,False,False
CCPI,EM12,2025-08-01,3,noband,True,0.587,0.5167,False,False
CCPI,EM12,2025-08-01,4,noband,True,0.0582,0.3222,False,False
CCPI,EM12,2025-08-01,5,noband,False,0.0268,-0.8119,False,False
CCPI,EM12,2025-08-01,6,noband,False,0.1458,-0.2503,False,False
CCPI,EM12,2025-08-01,7,noband,False,-0.6716,0.2537,False,False
CCPI,EM12,2025-08-01,8,noband,True,0.5792,0.2697,False,False
CCPI,EM12,2025-08-01,9,noband,True,3.2473,0.2644,False,False
CCPI,EM12,2025-08-01,10,noband,False,0.0586,-0.6533,False,False
CCPI,EM12,2025-08-01,11,noband,False,1.2887,-0.4861,False,False
CCPI,EM12,2025-08-01,12,noband,True,0.4777,0.2047,False,False
CCPI,EM12,2025-09-01,1,band1pp,True,0.3155,0.6798,True,True
CCPI,EM12,2025-09-01,2,band1pp,True,0.587,0.6114,True,True
CCPI,EM12,2025-09-01,3,band1pp,True,0.0582,0.4221,True,True
CCPI,EM12,2025-09-01,4,band1pp,False,0.0268,-1.1451,True,False
CCPI,EM12,2025-09-01,5,band1pp,True,0.1458,-0.0404,True,True
CCPI,EM12,2025-09-01,6,band1pp,True,-0.6716,0.2034,True,True
CCPI,EM12,2025-09-01,7,band1pp,True,0.5792,0.595,True,True
CCPI,EM12,2025-09-01,8,band1pp,True,3.2473,1.0352,False,False
CCPI,EM12,2025-09-01,9,band1pp,True,0.0586,-0.4777,True,True
CCPI,EM12,2025-09-01,10,band1pp,False,1.2887,-0.5307,False,True
CCPI,EM12,2025-09-01,11,band1pp,True,0.4777,0.5226,True,True
CCPI,EM12,2025-09-01,12,band1pp,True,0.7543,0.3098,True,True
CCPI,EM12,2025-09-01,1,noband,True,0.3155,0.6798,False,False
CCPI,EM12,2025-09-01,2,noband,True,0.587,0.6114,False,False
CCPI,EM12,2025-09-01,3,noband,True,0.0582,0.4221,False,False
CCPI,EM12,2025-09-01,4,noband,False,0.0268,-1.1451,False,False
CCPI,EM12,2025-09-01,5,noband,False,0.1458,-0.0404,False,False
CCPI,EM12,2025-09-01,6,noband,False,-0.6716,0.2034,False,False
CCPI,EM12,2025-09-01,7,noband,True,0.5792,0.595,False,False
CCPI,EM12,2025-09-01,8,noband,True,3.2473,1.0352,False,False
CCPI,EM12,2025-09-01,9,noband,False,0.0586,-0.4777,False,False
CCPI,EM12,2025-09-01,10,noband,False,1.2887,-0.5307,False,False
CCPI,EM12,2025-09-01,11,noband,True,0.4777,0.5226,False,False
CCPI,EM12,2025-09-01,12,noband,True,0.7543,0.3098,False,False
CCPI,EM13,2024-05-01,1,band1pp,True,-0.572,-0.9473,True,True
CCPI,EM13,2024-05-01,2,band1pp,True,0.78,-0.1578,True,True
CCPI,EM13,2024-05-01,3,band1pp,False,0.6499,1.5996,True,False
CCPI,EM13,2024-05-01,4,band1pp,False,-1.8399,0.2404,False,True
CCPI,EM13,2024-05-01,5,band1pp,True,-0.9953,-0.8804,True,True
CCPI,EM13,2024-05-01,6,band1pp,True,-0.3145,0.1626,True,True
CCPI,EM13,2024-05-01,7,band1pp,False,-1.2846,-0.5872,False,True
CCPI,EM13,2024-05-01,8,band1pp,True,0.3256,-0.661,True,True
CCPI,EM13,2024-05-01,9,band1pp,True,-2.2932,-2.1647,False,False
CCPI,EM13,2024-05-01,10,band1pp,True,-0.1516,-0.2102,True,True
CCPI,EM13,2024-05-01,11,band1pp,True,1.5947,2.1929,False,False
CCPI,EM13,2024-05-01,12,band1pp,False,0.5436,1.6001,True,False
CCPI,EM13,2024-05-01,1,noband,True,-0.572,-0.9473,False,False
CCPI,EM13,2024-05-01,2,noband,False,0.78,-0.1578,False,False
CCPI,EM13,2024-05-01,3,noband,True,0.6499,1.5996,False,False
CCPI,EM13,2024-05-01,4,noband,False,-1.8399,0.2404,False,False
CCPI,EM13,2024-05-01,5,noband,True,-0.9953,-0.8804,False,False
CCPI,EM13,2024-05-01,6,noband,False,-0.3145,0.1626,False,False
CCPI,EM13,2024-05-01,7,noband,True,-1.2846,-0.5872,False,False
CCPI,EM13,2024-05-01,8,noband,False,0.3256,-0.661,False,False
CCPI,EM13,2024-05-01,9,noband,True,-2.2932,-2.1647,False,False
CCPI,EM13,2024-05-01,10,noband,True,-0.1516,-0.2102,False,False
CCPI,EM13,2024-05-01,11,noband,True,1.5947,2.1929,False,False
CCPI,EM13,2024-05-01,12,noband,True,0.5436,1.6001,False,False
CCPI,EM13,2024-06-01,1,band1pp,True,0.78,0.5861,True,True
CCPI,EM13,2024-06-01,2,band1pp,False,0.6499,1.0863,True,False
CCPI,EM13,2024-06-01,3,band1pp,False,-1.8399,0.1089,False,True
CCPI,EM13,2024-06-01,4,band1pp,True,-0.9953,-0.818,True,True
CCPI,EM13,2024-06-01,5,band1pp,True,-0.3145,0.1324,True,True
CCPI,EM13,2024-06-01,6,band1pp,True,-1.2846,-1.0526,False,False
CCPI,EM13,2024-06-01,7,band1pp,True,0.3256,-0.657,True,True
CCPI,EM13,2024-06-01,8,band1pp,True,-2.2932,-2.5521,False,False
CCPI,EM13,2024-06-01,9,band1pp,True,-0.1516,0.1832,True,True
CCPI,EM13,2024-06-01,10,band1pp,True,1.5947,1.9626,False,False
CCPI,EM13,2024-06-01,11,band1pp,True,0.5436,0.9207,True,True
CCPI,EM13,2024-06-01,12,band1pp,False,1.3794,0.6922,False,True
CCPI,EM13,2024-06-01,1,noband,True,0.78,0.5861,False,False
CCPI,EM13,2024-06-01,2,noband,True,0.6499,1.0863,False,False
CCPI,EM13,2024-06-01,3,noband,False,-1.8399,0.1089,False,False
CCPI,EM13,2024-06-01,4,noband,True,-0.9953,-0.818,False,False
CCPI,EM13,2024-06-01,5,noband,False,-0.3145,0.1324,False,False
CCPI,EM13,2024-06-01,6,noband,True,-1.2846,-1.0526,False,False
CCPI,EM13,2024-06-01,7,noband,False,0.3256,-0.657,False,False
CCPI,EM13,2024-06-01,8,noband,True,-2.2932,-2.5521,False,False
CCPI,EM13,2024-06-01,9,noband,False,-0.1516,0.1832,False,False
CCPI,EM13,2024-06-01,10,noband,True,1.5947,1.9626,False,False
CCPI,EM13,2024-06-01,11,noband,True,0.5436,0.9207,False,False
CCPI,EM13,2024-06-01,12,noband,True,1.3794,0.6922,False,False
CCPI,EM13,2024-07-01,1,band1pp,False,0.6499,1.4503,True,False
CCPI,EM13,2024-07-01,2,band1pp,False,-1.8399,0.1239,False,True
CCPI,EM13,2024-07-01,3,band1pp,True,-0.9953,-0.7807,True,True
CCPI,EM13,2024-07-01,4,band1pp,True,-0.3145,0.3568,True,True
CCPI,EM13,2024-07-01,5,band1pp,False,-1.2846,-0.9782,False,True
CCPI,EM13,2024-07-01,6,band1pp,True,0.3256,-0.7684,True,True
CCPI,EM13,2024-07-01,7,band1pp,True,-2.2932,-2.6226,False,False
CCPI,EM13,2024-07-01,8,band1pp,True,-0.1516,0.2207,True,True
CCPI,EM13,2024-07-01,9,band1pp,True,1.5947,2.092,False,False
CCPI,EM13,2024-07-01,10,band1pp,True,0.5436,0.901,True,True
CCPI,EM13,2024-07-01,11,band1pp,False,1.3794,0.7566,False,True
CCPI,EM13,2024-07-01,12,band1pp,True,0.1074,-0.632,True,True
CCPI,EM13,2024-07-01,1,noband,True,0.6499,1.4503,False,False
CCPI,EM13,2024-07-01,2,noband,False,-1.8399,0.1239,False,False
CCPI,EM13,2024-07-01,3,noband,True,-0.9953,-0.7807,False,False
CCPI,EM13,2024-07-01,4,noband,False,-0.3145,0.3568,False,False
CCPI,EM13,2024-07-01,5,noband,True,-1.2846,-0.9782,False,False
CCPI,EM13,2024-07-01,6,noband,False,0.3256,-0.7684,False,False
CCPI,EM13,2024-07-01,7,noband,True,-2.2932,-2.6226,False,False
CCPI,EM13,2024-07-01,8,noband,False,-0.1516,0.2207,False,False
CCPI,EM13,2024-07-01,9,noband,True,1.5947,2.092,False,False
CCPI,EM13,2024-07-01,10,noband,True,0.5436,0.901,False,False
CCPI,EM13,2024-07-01,11,noband,True,1.3794,0.7566,False,False
CCPI,EM13,2024-07-01,12,noband,False,0.1074,-0.632,False,False
CCPI,EM13,2024-08-01,1,band1pp,False,-1.8399,0.3865,False,True
CCPI,EM13,2024-08-01,2,band1pp,True,-0.9953,-0.616,True,True
CCPI,EM13,2024-08-01,3,band1pp,True,-0.3145,0.5162,True,True
CCPI,EM13,2024-08-01,4,band1pp,False,-1.2846,-0.7223,False,True
CCPI,EM13,2024-08-01,5,band1pp,True,0.3256,-0.5657,True,True
CCPI,EM13,2024-08-01,6,band1pp,True,-2.2932,-2.4558,False,False
CCPI,EM13,2024-08-01,7,band1pp,True,-0.1516,0.3503,True,True
CCPI,EM13,2024-08-01,8,band1pp,True,1.5947,2.32,False,False
CCPI,EM13,2024-08-01,9,band1pp,False,0.5436,1.1501,True,False
CCPI,EM13,2024-08-01,10,band1pp,False,1.3794,0.9898,False,True
CCPI,EM13,2024-08-01,11,band1pp,True,0.1074,-0.3511,True,True
CCPI,EM13,2024-08-01,12,band1pp,True,0.2542,0.782,True,True
CCPI,EM13,2024-08-01,1,noband,False,-1.8399,0.3865,False,False
CCPI,EM13,2024-08-01,2,noband,True,-0.9953,-0.616,False,False
CCPI,EM13,2024-08-01,3,noband,False,-0.3145,0.5162,False,False
CCPI,EM13,2024-08-01,4,noband,True,-1.2846,-0.7223,False,False
CCPI,EM13,2024-08-01,5,noband,False,0.3256,-0.5657,False,False
CCPI,EM13,2024-08-01,6,noband,True,-2.2932,-2.4558,False,False
CCPI,EM13,2024-08-01,7,noband,False,-0.1516,0.3503,False,False
CCPI,EM13,2024-08-01,8,noband,True,1.5947,2.32,False,False
CCPI,EM13,2024-08-01,9,noband,True,0.5436,1.1501,False,False
CCPI,EM13,2024-08-01,10,noband,True,1.3794,0.9898,False,False
CCPI,EM13,2024-08-01,11,noband,False,0.1074,-0.3511,False,False
CCPI,EM13,2024-08-01,12,noband,True,0.2542,0.782,False,False
CCPI,EM13,2024-09-01,1,band1pp,True,-0.9953,-0.7524,True,True
CCPI,EM13,2024-09-01,2,band1pp,True,-0.3145,0.2829,True,True
CCPI,EM13,2024-09-01,3,band1pp,False,-1.2846,-0.794,False,True
CCPI,EM13,2024-09-01,4,band1pp,True,0.3256,-0.6484,True,True
CCPI,EM13,2024-09-01,5,band1pp,True,-2.2932,-2.4328,False,False
CCPI,EM13,2024-09-01,6,band1pp,True,-0.1516,0.0533,True,True
CCPI,EM13,2024-09-01,7,band1pp,True,1.5947,1.9239,False,False
CCPI,EM13,2024-09-01,8,band1pp,False,0.5436,1.0396,True,False
CCPI,EM13,2024-09-01,9,band1pp,False,1.3794,0.9635,False,True
CCPI,EM13,2024-09-01,10,band1pp,True,0.1074,-0.1912,True,True
CCPI,EM13,2024-09-01,11,band1pp,True,0.2542,0.5232,True,True
CCPI,EM13,2024-09-01,12,band1pp,True,1.4594,1.8971,False,False
CCPI,EM13,2024-09-01,1,noband,True,-0.9953,-0.7524,False,False
CCPI,EM13,2024-09-01,2,noband,False,-0.3145,0.2829,False,False
CCPI,EM13,2024-09-01,3,noband,True,-1.2846,-0.794,False,False
CCPI,EM13,2024-09-01,4,noband,False,0.3256,-0.6484,False,False
CCPI,EM13,2024-09-01,5,noband,True,-2.2932,-2.4328,False,False
CCPI,EM13,2024-09-01,6,noband,False,-0.1516,0.0533,False,False
CCPI,EM13,2024-09-01,7,noband,True,1.5947,1.9239,False,False
CCPI,EM13,2024-09-01,8,noband,True,0.5436,1.0396,False,False
CCPI,EM13,2024-09-01,9,noband,True,1.3794,0.9635,False,False
CCPI,EM13,2024-09-01,10,noband,False,0.1074,-0.1912,False,False
CCPI,EM13,2024-09-01,11,noband,True,0.2542,0.5232,False,False
CCPI,EM13,2024-09-01,12,noband,True,1.4594,1.8971,False,False
CCPI,EM13,2024-10-01,1,band1pp,True,-0.3145,0.71,True,True
CCPI,EM13,2024-10-01,2,band1pp,False,-1.2846,-0.6236,False,True
CCPI,EM13,2024-10-01,3,band1pp,True,0.3256,-0.7609,True,True
CCPI,EM13,2024-10-01,4,band1pp,True,-2.2932,-2.5229,False,False
CCPI,EM13,2024-10-01,5,band1pp,True,-0.1516,-0.0433,True,True
CCPI,EM13,2024-10-01,6,band1pp,True,1.5947,1.7364,False,False
CCPI,EM13,2024-10-01,7,band1pp,True,0.5436,0.7591,True,True
CCPI,EM13,2024-10-01,8,band1pp,False,1.3794,0.9566,False,True
CCPI,EM13,2024-10-01,9,band1pp,True,0.1074,-0.3859,True,True
CCPI,EM13,2024-10-01,10,band1pp,True,0.2542,0.4964,True,True
CCPI,EM13,2024-10-01,11,band1pp,True,1.4594,1.7729,False,False
CCPI,EM13,2024-10-01,12,band1pp,True,0.3155,0.2978,True,True
CCPI,EM13,2024-10-01,1,noband,False,-0.3145,0.71,False,False
CCPI,EM13,2024-10-01,2,noband,True,-1.2846,-0.6236,False,False
CCPI,EM13,2024-10-01,3,noband,False,0.3256,-0.7609,False,False
CCPI,EM13,2024-10-01,4,noband,True,-2.2932,-2.5229,False,False
CCPI,EM13,2024-10-01,5,noband,True,-0.1516,-0.0433,False,False
CCPI,EM13,2024-10-01,6,noband,True,1.5947,1.7364,False,False
CCPI,EM13,2024-10-01,7,noband,True,0.5436,0.7591,False,False
CCPI,EM13,2024-10-01,8,noband,True,1.3794,0.9566,False,False
CCPI,EM13,2024-10-01,9,noband,False,0.1074,-0.3859,False,False
CCPI,EM13,2024-10-01,10,noband,True,0.2542,0.4964,False,False
CCPI,EM13,2024-10-01,11,noband,True,1.4594,1.7729,False,False
CCPI,EM13,2024-10-01,12,noband,True,0.3155,0.2978,False,False
CCPI,EM13,2024-11-01,1,band1pp,False,-1.2846,0.4957,False,True
CCPI,EM13,2024-11-01,2,band1pp,True,0.3256,-0.8786,True,True
CCPI,EM13,2024-11-01,3,band1pp,True,-2.2932,-2.5414,False,False
CCPI,EM13,2024-11-01,4,band1pp,True,-0.1516,-0.075,True,True
CCPI,EM13,2024-11-01,5,band1pp,True,1.5947,1.8277,False,False
CCPI,EM13,2024-11-01,6,band1pp,True,0.5436,0.6962,True,True
CCPI,EM13,2024-11-01,7,band1pp,False,1.3794,0.7023,False,True
CCPI,EM13,2024-11-01,8,band1pp,True,0.1074,-0.5817,True,True
CCPI,EM13,2024-11-01,9,band1pp,True,0.2542,0.434,True,True
CCPI,EM13,2024-11-01,10,band1pp,True,1.4594,1.6997,False,False
CCPI,EM13,2024-11-01,11,band1pp,True,0.3155,0.0518,True,True
CCPI,EM13,2024-11-01,12,band1pp,True,0.587,0.4729,True,True
CCPI,EM13,2024-11-01,1,noband,False,-1.2846,0.4957,False,False
CCPI,EM13,2024-11-01,2,noband,False,0.3256,-0.8786,False,False
CCPI,EM13,2024-11-01,3,noband,True,-2.2932,-2.5414,False,False
CCPI,EM13,2024-11-01,4,noband,True,-0.1516,-0.075,False,False
CCPI,EM13,2024-11-01,5,noband,True,1.5947,1.8277,False,False
CCPI,EM13,2024-11-01,6,noband,True,0.5436,0.6962,False,False
CCPI,EM13,2024-11-01,7,noband,True,1.3794,0.7023,False,False
CCPI,EM13,2024-11-01,8,noband,False,0.1074,-0.5817,False,False
CCPI,EM13,2024-11-01,9,noband,True,0.2542,0.434,False,False
CCPI,EM13,2024-11-01,10,noband,True,1.4594,1.6997,False,False
CCPI,EM13,2024-11-01,11,noband,True,0.3155,0.0518,False,False
CCPI,EM13,2024-11-01,12,noband,True,0.587,0.4729,False,False
CCPI,EM13,2024-12-01,1,band1pp,True,0.3256,-0.6138,True,True
CCPI,EM13,2024-12-01,2,band1pp,True,-2.2932,-2.7883,False,False
CCPI,EM13,2024-12-01,3,band1pp,True,-0.1516,0.0295,True,True
CCPI,EM13,2024-12-01,4,band1pp,True,1.5947,1.8625,False,False
CCPI,EM13,2024-12-01,5,band1pp,True,0.5436,0.6576,True,True
CCPI,EM13,2024-12-01,6,band1pp,False,1.3794,0.5377,False,True
CCPI,EM13,2024-12-01,7,band1pp,True,0.1074,-0.6673,True,True
CCPI,EM13,2024-12-01,8,band1pp,True,0.2542,0.4658,True,True
CCPI,EM13,2024-12-01,9,band1pp,True,1.4594,1.7965,False,False
CCPI,EM13,2024-12-01,10,band1pp,True,0.3155,0.0857,True,True
CCPI,EM13,2024-12-01,11,band1pp,True,0.587,0.5456,True,True
CCPI,EM13,2024-12-01,12,band1pp,True,0.0582,0.2564,True,True
CCPI,EM13,2024-12-01,1,noband,False,0.3256,-0.6138,False,False
CCPI,EM13,2024-12-01,2,noband,True,-2.2932,-2.7883,False,False
CCPI,EM13,2024-12-01,3,noband,False,-0.1516,0.0295,False,False
CCPI,EM13,2024-12-01,4,noband,True,1.5947,1.8625,False,False
CCPI,EM13,2024-12-01,5,noband,True,0.5436,0.6576,False,False
CCPI,EM13,2024-12-01,6,noband,True,1.3794,0.5377,False,False
CCPI,EM13,2024-12-01,7,noband,False,0.1074,-0.6673,False,False
CCPI,EM13,2024-12-01,8,noband,True,0.2542,0.4658,False,False
CCPI,EM13,2024-12-01,9,noband,True,1.4594,1.7965,False,False
CCPI,EM13,2024-12-01,10,noband,True,0.3155,0.0857,False,False
CCPI,EM13,2024-12-01,11,noband,True,0.587,0.5456,False,False
CCPI,EM13,2024-12-01,12,noband,True,0.0582,0.2564,False,False
CCPI,EM13,2025-01-01,1,band1pp,True,-2.2932,-2.2897,False,False
CCPI,EM13,2025-01-01,2,band1pp,True,-0.1516,-0.0195,True,True
CCPI,EM13,2025-01-01,3,band1pp,True,1.5947,1.8591,False,False
CCPI,EM13,2025-01-01,4,band1pp,True,0.5436,0.7033,True,True
CCPI,EM13,2025-01-01,5,band1pp,False,1.3794,0.5238,False,True
CCPI,EM13,2025-01-01,6,band1pp,True,0.1074,-0.787,True,True
CCPI,EM13,2025-01-01,7,band1pp,True,0.2542,0.5307,True,True
CCPI,EM13,2025-01-01,8,band1pp,True,1.4594,1.8826,False,False
CCPI,EM13,2025-01-01,9,band1pp,True,0.3155,0.2882,True,True
CCPI,EM13,2025-01-01,10,band1pp,True,0.587,0.4075,True,True
CCPI,EM13,2025-01-01,11,band1pp,True,0.0582,0.2687,True,True
CCPI,EM13,2025-01-01,12,band1pp,False,0.0268,-1.1992,True,False
CCPI,EM13,2025-01-01,1,noband,True,-2.2932,-2.2897,False,False
CCPI,EM13,2025-01-01,2,noband,True,-0.1516,-0.0195,False,False
CCPI,EM13,2025-01-01,3,noband,True,1.5947,1.8591,False,False
CCPI,EM13,2025-01-01,4,noband,True,0.5436,0.7033,False,False
CCPI,EM13,2025-01-01,5,noband,True,1.3794,0.5238,False,False
CCPI,EM13,2025-01-01,6,noband,False,0.1074,-0.787,False,False
CCPI,EM13,2025-01-01,7,noband,True,0.2542,0.5307,False,False
CCPI,EM13,2025-01-01,8,noband,True,1.4594,1.8826,False,False
CCPI,EM13,2025-01-01,9,noband,True,0.3155,0.2882,False,False
CCPI,EM13,2025-01-01,10,noband,True,0.587,0.4075,False,False
CCPI,EM13,2025-01-01,11,noband,True,0.0582,0.2687,False,False
CCPI,EM13,2025-01-01,12,noband,False,0.0268,-1.1992,False,False
CCPI,EM13,2025-02-01,1,band1pp,True,-0.1516,0.3392,True,True
CCPI,EM13,2025-02-01,2,band1pp,True,1.5947,2.1254,False,False
CCPI,EM13,2025-02-01,3,band1pp,True,0.5436,0.7912,True,True
CCPI,EM13,2025-02-01,4,band1pp,False,1.3794,0.5448,False,True
CCPI,EM13,2025-02-01,5,band1pp,True,0.1074,-0.6609,True,True
CCPI,EM13,2025-02-01,6,band1pp,True,0.2542,0.6326,True,True
CCPI,EM13,2025-02-01,7,band1pp,True,1.4594,2.0034,False,False
CCPI,EM13,2025-02-01,8,band1pp,True,0.3155,0.2846,True,True
CCPI,EM13,2025-02-01,9,band1pp,True,0.587,0.5462,True,True
CCPI,EM13,2025-02-01,10,band1pp,True,0.0582,0.3246,True,True
CCPI,EM13,2025-02-01,11,band1pp,False,0.0268,-1.3143,True,False
CCPI,EM13,2025-02-01,12,band1pp,True,0.1458,-0.5012,True,True
CCPI,EM13,2025-02-01,1,noband,False,-0.1516,0.3392,False,False
CCPI,EM13,2025-02-01,2,noband,True,1.5947,2.1254,False,False
CCPI,EM13,2025-02-01,3,noband,True,0.5436,0.7912,False,False
CCPI,EM13,2025-02-01,4,noband,True,1.3794,0.5448,False,False
CCPI,EM13,2025-02-01,5,noband,False,0.1074,-0.6609,False,False
CCPI,EM13,2025-02-01,6,noband,True,0.2542,0.6326,False,False
CCPI,EM13,2025-02-01,7,noband,True,1.4594,2.0034,False,False
CCPI,EM13,2025-02-01,8,noband,True,0.3155,0.2846,False,False
CCPI,EM13,2025-02-01,9,noband,True,0.587,0.5462,False,False
CCPI,EM13,2025-02-01,10,noband,True,0.0582,0.3246,False,False
CCPI,EM13,2025-02-01,11,noband,False,0.0268,-1.3143,False,False
CCPI,EM13,2025-02-01,12,noband,False,0.1458,-0.5012,False,False
CCPI,EM13,2025-03-01,1,band1pp,False,1.5947,0.7524,False,True
CCPI,EM13,2025-03-01,2,band1pp,True,0.5436,0.8935,True,True
CCPI,EM13,2025-03-01,3,band1pp,False,1.3794,0.6162,False,True
CCPI,EM13,2025-03-01,4,band1pp,True,0.1074,-0.6361,True,True
CCPI,EM13,2025-03-01,5,band1pp,True,0.2542,0.5768,True,True
CCPI,EM13,2025-03-01,6,band1pp,True,1.4594,1.9405,False,False
CCPI,EM13,2025-03-01,7,band1pp,True,0.3155,0.2793,True,True
CCPI,EM13,2025-03-01,8,band1pp,True,0.587,0.6286,True,True
CCPI,EM13,2025-03-01,9,band1pp,True,0.0582,0.266,True,True
CCPI,EM13,2025-03-01,10,band1pp,False,0.0268,-1.2668,True,False
CCPI,EM13,2025-03-01,11,band1pp,True,0.1458,-0.3332,True,True
CCPI,EM13,2025-03-01,12,band1pp,True,-0.6716,0.386,True,True
CCPI,EM13,2025-03-01,1,noband,True,1.5947,0.7524,False,False
CCPI,EM13,2025-03-01,2,noband,True,0.5436,0.8935,False,False
CCPI,EM13,2025-03-01,3,noband,True,1.3794,0.6162,False,False
CCPI,EM13,2025-03-01,4,noband,False,0.1074,-0.6361,False,False
CCPI,EM13,2025-03-01,5,noband,True,0.2542,0.5768,False,False
CCPI,EM13,2025-03-01,6,noband,True,1.4594,1.9405,False,False
CCPI,EM13,2025-03-01,7,noband,True,0.3155,0.2793,False,False
CCPI,EM13,2025-03-01,8,noband,True,0.587,0.6286,False,False
CCPI,EM13,2025-03-01,9,noband,True,0.0582,0.266,False,False
CCPI,EM13,2025-03-01,10,noband,False,0.0268,-1.2668,False,False
CCPI,EM13,2025-03-01,11,noband,False,0.1458,-0.3332,False,False
CCPI,EM13,2025-03-01,12,noband,False,-0.6716,0.386,False,False
CCPI,EM13,2025-04-01,1,band1pp,True,0.5436,-0.0679,True,True
CCPI,EM13,2025-04-01,2,band1pp,False,1.3794,0.6769,False,True
CCPI,EM13,2025-04-01,3,band1pp,True,0.1074,-0.5051,True,True
CCPI,EM13,2025-04-01,4,band1pp,True,0.2542,0.367,True,True
CCPI,EM13,2025-04-01,5,band1pp,True,1.4594,1.9681,False,False
CCPI,EM13,2025-04-01,6,band1pp,True,0.3155,0.3161,True,True
CCPI,EM13,2025-04-01,7,band1pp,True,0.587,0.4963,True,True
CCPI,EM13,2025-04-01,8,band1pp,True,0.0582,0.3324,True,True
CCPI,EM13,2025-04-01,9,band1pp,False,0.0268,-1.3434,True,False
CCPI,EM13,2025-04-01,10,band1pp,True,0.1458,-0.553,True,True
CCPI,EM13,2025-04-01,11,band1pp,True,-0.6716,0.2664,True,True
CCPI,EM13,2025-04-01,12,band1pp,True,0.5792,0.24,True,True
CCPI,EM13,2025-04-01,1,noband,False,0.5436,-0.0679,False,False
CCPI,EM13,2025-04-01,2,noband,True,1.3794,0.6769,False,False
CCPI,EM13,2025-04-01,3,noband,False,0.1074,-0.5051,False,False
CCPI,EM13,2025-04-01,4,noband,True,0.2542,0.367,False,False
CCPI,EM13,2025-04-01,5,noband,True,1.4594,1.9681,False,False
CCPI,EM13,2025-04-01,6,noband,True,0.3155,0.3161,False,False
CCPI,EM13,2025-04-01,7,noband,True,0.587,0.4963,False,False
CCPI,EM13,2025-04-01,8,noband,True,0.0582,0.3324,False,False
CCPI,EM13,2025-04-01,9,noband,False,0.0268,-1.3434,False,False
CCPI,EM13,2025-04-01,10,noband,False,0.1458,-0.553,False,False
CCPI,EM13,2025-04-01,11,noband,False,-0.6716,0.2664,False,False
CCPI,EM13,2025-04-01,12,noband,True,0.5792,0.24,False,False
CCPI,EM13,2025-05-01,1,band1pp,False,1.3794,0.1425,False,True
CCPI,EM13,2025-05-01,2,band1pp,True,0.1074,-0.6554,True,True
CCPI,EM13,2025-05-01,3,band1pp,True,0.2542,0.597,True,True
CCPI,EM13,2025-05-01,4,band1pp,True,1.4594,2.0552,False,False
CCPI,EM13,2025-05-01,5,band1pp,True,0.3155,0.1809,True,True
CCPI,EM13,2025-05-01,6,band1pp,True,0.587,0.5426,True,True
CCPI,EM13,2025-05-01,7,band1pp,True,0.0582,0.3832,True,True
CCPI,EM13,2025-05-01,8,band1pp,False,0.0268,-1.1661,True,False
CCPI,EM13,2025-05-01,9,band1pp,True,0.1458,-0.5186,True,True
CCPI,EM13,2025-05-01,10,band1pp,True,-0.6716,0.0832,True,True
CCPI,EM13,2025-05-01,11,band1pp,True,0.5792,0.2121,True,True
CCPI,EM13,2025-05-01,12,band1pp,False,3.2473,0.2524,False,True
CCPI,EM13,2025-05-01,1,noband,True,1.3794,0.1425,False,False
CCPI,EM13,2025-05-01,2,noband,False,0.1074,-0.6554,False,False
CCPI,EM13,2025-05-01,3,noband,True,0.2542,0.597,False,False
CCPI,EM13,2025-05-01,4,noband,True,1.4594,2.0552,False,False
CCPI,EM13,2025-05-01,5,noband,True,0.3155,0.1809,False,False
CCPI,EM13,2025-05-01,6,noband,True,0.587,0.5426,False,False
CCPI,EM13,2025-05-01,7,noband,True,0.0582,0.3832,False,False
CCPI,EM13,2025-05-01,8,noband,False,0.0268,-1.1661,False,False
CCPI,EM13,2025-05-01,9,noband,False,0.1458,-0.5186,False,False
CCPI,EM13,2025-05-01,10,noband,False,-0.6716,0.0832,False,False
CCPI,EM13,2025-05-01,11,noband,True,0.5792,0.2121,False,False
CCPI,EM13,2025-05-01,12,noband,True,3.2473,0.2524,False,False
CCPI,EM13,2025-06-01,1,band1pp,False,0.1074,-1.7342,True,False
CCPI,EM13,2025-06-01,2,band1pp,True,0.2542,0.4997,True,True
CCPI,EM13,2025-06-01,3,band1pp,True,1.4594,1.9103,False,False
CCPI,EM13,2025-06-01,4,band1pp,True,0.3155,0.1856,True,True
CCPI,EM13,2025-06-01,5,band1pp,True,0.587,0.3209,True,True
CCPI,EM13,2025-06-01,6,band1pp,True,0.0582,0.0809,True,True
CCPI,EM13,2025-06-01,7,band1pp,False,0.0268,-1.3566,True,False
CCPI,EM13,2025-06-01,8,band1pp,True,0.1458,-0.5619,True,True
CCPI,EM13,2025-06-01,9,band1pp,True,-0.6716,0.0831,True,True
CCPI,EM13,2025-06-01,10,band1pp,True,0.5792,0.1625,True,True
CCPI,EM13,2025-06-01,11,band1pp,False,3.2473,0.2912,False,True
CCPI,EM13,2025-06-01,12,band1pp,True,0.0586,-0.8267,True,True
CCPI,EM13,2025-06-01,1,noband,False,0.1074,-1.7342,False,False
CCPI,EM13,2025-06-01,2,noband,True,0.2542,0.4997,False,False
CCPI,EM13,2025-06-01,3,noband,True,1.4594,1.9103,False,False
CCPI,EM13,2025-06-01,4,noband,True,0.3155,0.1856,False,False
CCPI,EM13,2025-06-01,5,noband,True,0.587,0.3209,False,False
CCPI,EM13,2025-06-01,6,noband,True,0.0582,0.0809,False,False
CCPI,EM13,2025-06-01,7,noband,False,0.0268,-1.3566,False,False
CCPI,EM13,2025-06-01,8,noband,False,0.1458,-0.5619,False,False
CCPI,EM13,2025-06-01,9,noband,False,-0.6716,0.0831,False,False
CCPI,EM13,2025-06-01,10,noband,True,0.5792,0.1625,False,False
CCPI,EM13,2025-06-01,11,noband,True,3.2473,0.2912,False,False
CCPI,EM13,2025-06-01,12,noband,False,0.0586,-0.8267,False,False
CCPI,EM13,2025-07-01,1,band1pp,True,0.2542,-0.0481,True,True
CCPI,EM13,2025-07-01,2,band1pp,True,1.4594,1.8553,False,False
CCPI,EM13,2025-07-01,3,band1pp,True,0.3155,0.3338,True,True
CCPI,EM13,2025-07-01,4,band1pp,True,0.587,0.9637,True,True
CCPI,EM13,2025-07-01,5,band1pp,True,0.0582,0.2509,True,True
CCPI,EM13,2025-07-01,6,band1pp,False,0.0268,-1.283,True,False
CCPI,EM13,2025-07-01,7,band1pp,True,0.1458,-0.4607,True,True
CCPI,EM13,2025-07-01,8,band1pp,True,-0.6716,0.1765,True,True
CCPI,EM13,2025-07-01,9,band1pp,True,0.5792,0.2376,True,True
CCPI,EM13,2025-07-01,10,band1pp,False,3.2473,0.3483,False,True
CCPI,EM13,2025-07-01,11,band1pp,True,0.0586,-0.431,True,True
CCPI,EM13,2025-07-01,12,band1pp,False,1.2887,-0.321,False,True
CCPI,EM13,2025-07-01,1,noband,False,0.2542,-0.0481,False,False
CCPI,EM13,2025-07-01,2,noband,True,1.4594,1.8553,False,False
CCPI,EM13,2025-07-01,3,noband,True,0.3155,0.3338,False,False
CCPI,EM13,2025-07-01,4,noband,True,0.587,0.9637,False,False
CCPI,EM13,2025-07-01,5,noband,True,0.0582,0.2509,False,False
CCPI,EM13,2025-07-01,6,noband,False,0.0268,-1.283,False,False
CCPI,EM13,2025-07-01,7,noband,False,0.1458,-0.4607,False,False
CCPI,EM13,2025-07-01,8,noband,False,-0.6716,0.1765,False,False
CCPI,EM13,2025-07-01,9,noband,True,0.5792,0.2376,False,False
CCPI,EM13,2025-07-01,10,noband,True,3.2473,0.3483,False,False
CCPI,EM13,2025-07-01,11,noband,False,0.0586,-0.431,False,False
CCPI,EM13,2025-07-01,12,noband,False,1.2887,-0.321,False,False
CCPI,EM13,2025-08-01,1,band1pp,False,1.4594,0.7628,False,True
CCPI,EM13,2025-08-01,2,band1pp,True,0.3155,0.1743,True,True
CCPI,EM13,2025-08-01,3,band1pp,True,0.587,0.5856,True,True
CCPI,EM13,2025-08-01,4,band1pp,True,0.0582,0.3404,True,True
CCPI,EM13,2025-08-01,5,band1pp,True,0.0268,-0.8214,True,True
CCPI,EM13,2025-08-01,6,band1pp,True,0.1458,-0.2112,True,True
CCPI,EM13,2025-08-01,7,band1pp,True,-0.6716,0.3004,True,True
CCPI,EM13,2025-08-01,8,band1pp,True,0.5792,0.3316,True,True
CCPI,EM13,2025-08-01,9,band1pp,False,3.2473,0.3203,False,True
CCPI,EM13,2025-08-01,10,band1pp,True,0.0586,-0.7688,True,True
CCPI,EM13,2025-08-01,11,band1pp,False,1.2887,-0.4017,False,True
CCPI,EM13,2025-08-01,12,band1pp,True,0.4777,0.223,True,True
CCPI,EM13,2025-08-01,1,noband,True,1.4594,0.7628,False,False
CCPI,EM13,2025-08-01,2,noband,True,0.3155,0.1743,False,False
CCPI,EM13,2025-08-01,3,noband,True,0.587,0.5856,False,False
CCPI,EM13,2025-08-01,4,noband,True,0.0582,0.3404,False,False
CCPI,EM13,2025-08-01,5,noband,False,0.0268,-0.8214,False,False
CCPI,EM13,2025-08-01,6,noband,False,0.1458,-0.2112,False,False
CCPI,EM13,2025-08-01,7,noband,False,-0.6716,0.3004,False,False
CCPI,EM13,2025-08-01,8,noband,True,0.5792,0.3316,False,False
CCPI,EM13,2025-08-01,9,noband,True,3.2473,0.3203,False,False
CCPI,EM13,2025-08-01,10,noband,False,0.0586,-0.7688,False,False
CCPI,EM13,2025-08-01,11,noband,False,1.2887,-0.4017,False,False
CCPI,EM13,2025-08-01,12,noband,True,0.4777,0.223,False,False
CCPI,EM13,2025-09-01,1,band1pp,False,0.3155,1.0144,True,False
CCPI,EM13,2025-09-01,2,band1pp,True,0.587,0.828,True,True
CCPI,EM13,2025-09-01,3,band1pp,True,0.0582,-0.0704,True,True
CCPI,EM13,2025-09-01,4,band1pp,False,0.0268,-1.1012,True,False
CCPI,EM13,2025-09-01,5,band1pp,True,0.1458,0.3166,True,True
CCPI,EM13,2025-09-01,6,band1pp,True,-0.6716,0.3284,True,True
CCPI,EM13,2025-09-01,7,band1pp,False,0.5792,1.3025,True,False
CCPI,EM13,2025-09-01,8,band1pp,True,3.2473,2.3133,False,False
CCPI,EM13,2025-09-01,9,band1pp,True,0.0586,-0.705,True,True
CCPI,EM13,2025-09-01,10,band1pp,False,1.2887,-1.6428,False,False
CCPI,EM13,2025-09-01,11,band1pp,False,0.4777,1.187,True,False
CCPI,EM13,2025-09-01,12,band1pp,True,0.7543,0.7067,True,True
CCPI,EM13,2025-09-01,1,noband,True,0.3155,1.0144,False,False
CCPI,EM13,2025-09-01,2,noband,True,0.587,0.828,False,False
CCPI,EM13,2025-09-01,3,noband,False,0.0582,-0.0704,False,False
CCPI,EM13,2025-09-01,4,noband,False,0.0268,-1.1012,False,False
CCPI,EM13,2025-09-01,5,noband,True,0.1458,0.3166,False,False
CCPI,EM13,2025-09-01,6,noband,False,-0.6716,0.3284,False,False
CCPI,EM13,2025-09-01,7,noband,True,0.5792,1.3025,False,False
CCPI,EM13,2025-09-01,8,noband,True,3.2473,2.3133,False,False
CCPI,EM13,2025-09-01,9,noband,False,0.0586,-0.705,False,False
CCPI,EM13,2025-09-01,10,noband,False,1.2887,-1.6428,False,False
CCPI,EM13,2025-09-01,11,noband,True,0.4777,1.187,False,False
CCPI,EM13,2025-09-01,12,noband,True,0.7543,0.7067,False,False
CCPI,EM14,2024-05-01,1,band1pp,True,-0.572,-0.4908,True,True
CCPI,EM14,2024-05-01,2,band1pp,True,0.78,-0.0845,True,True
CCPI,EM14,2024-05-01,3,band1pp,False,0.6499,1.379,True,False
CCPI,EM14,2024-05-01,4,band1pp,False,-1.8399,0.2079,False,True
CCPI,EM14,2024-05-01,5,band1pp,True,-0.9953,-0.9087,True,True
CCPI,EM14,2024-05-01,6,band1pp,True,-0.3145,0.0467,True,True
CCPI,EM14,2024-05-01,7,band1pp,False,-1.2846,-0.6225,False,True
CCPI,EM14,2024-05-01,8,band1pp,True,0.3256,-0.4535,True,True
CCPI,EM14,2024-05-01,9,band1pp,True,-2.2932,-2.4664,False,False
CCPI,EM14,2024-05-01,10,band1pp,True,-0.1516,0.0463,True,True
CCPI,EM14,2024-05-01,11,band1pp,True,1.5947,1.9391,False,False
CCPI,EM14,2024-05-01,12,band1pp,False,0.5436,1.0588,True,False
CCPI,EM14,2024-05-01,1,noband,True,-0.572,-0.4908,False,False
CCPI,EM14,2024-05-01,2,noband,False,0.78,-0.0845,False,False
CCPI,EM14,2024-05-01,3,noband,True,0.6499,1.379,False,False
CCPI,EM14,2024-05-01,4,noband,False,-1.8399,0.2079,False,False
CCPI,EM14,2024-05-01,5,noband,True,-0.9953,-0.9087,False,False
CCPI,EM14,2024-05-01,6,noband,False,-0.3145,0.0467,False,False
CCPI,EM14,2024-05-01,7,noband,True,-1.2846,-0.6225,False,False
CCPI,EM14,2024-05-01,8,noband,False,0.3256,-0.4535,False,False
CCPI,EM14,2024-05-01,9,noband,True,-2.2932,-2.4664,False,False
CCPI,EM14,2024-05-01,10,noband,False,-0.1516,0.0463,False,False
CCPI,EM14,2024-05-01,11,noband,True,1.5947,1.9391,False,False
CCPI,EM14,2024-05-01,12,noband,True,0.5436,1.0588,False,False
CCPI,EM14,2024-06-01,1,band1pp,True,0.78,0.5223,True,True
CCPI,EM14,2024-06-01,2,band1pp,False,0.6499,1.0831,True,False
CCPI,EM14,2024-06-01,3,band1pp,False,-1.8399,0.0979,False,True
CCPI,EM14,2024-06-01,4,band1pp,True,-0.9953,-0.8418,True,True
CCPI,EM14,2024-06-01,5,band1pp,True,-0.3145,0.1417,True,True
CCPI,EM14,2024-06-01,6,band1pp,False,-1.2846,-0.9901,False,True
CCPI,EM14,2024-06-01,7,band1pp,True,0.3256,-0.58,True,True
CCPI,EM14,2024-06-01,8,band1pp,True,-2.2932,-2.505,False,False
CCPI,EM14,2024-06-01,9,band1pp,True,-0.1516,0.1724,True,True
CCPI,EM14,2024-06-01,10,band1pp,True,1.5947,1.9887,False,False
CCPI,EM14,2024-06-01,11,band1pp,True,0.5436,0.913,True,True
CCPI,EM14,2024-06-01,12,band1pp,False,1.3794,0.7063,False,True
CCPI,EM14,2024-06-01,1,noband,True,0.78,0.5223,False,False
CCPI,EM14,2024-06-01,2,noband,True,0.6499,1.0831,False,False
CCPI,EM14,2024-06-01,3,noband,False,-1.8399,0.0979,False,False
CCPI,EM14,2024-06-01,4,noband,True,-0.9953,-0.8418,False,False
CCPI,EM14,2024-06-01,5,noband,False,-0.3145,0.1417,False,False
CCPI,EM14,2024-06-01,6,noband,True,-1.2846,-0.9901,False,False
CCPI,EM14,2024-06-01,7,noband,False,0.3256,-0.58,False,False
CCPI,EM14,2024-06-01,8,noband,True,-2.2932,-2.505,False,False
CCPI,EM14,2024-06-01,9,noband,False,-0.1516,0.1724,False,False
CCPI,EM14,2024-06-01,10,noband,True,1.5947,1.9887,False,False
CCPI,EM14,2024-06-01,11,noband,True,0.5436,0.913,False,False
CCPI,EM14,2024-06-01,12,noband,True,1.3794,0.7063,False,False
CCPI,EM14,2024-07-01,1,band1pp,False,0.6499,1.4827,True,False
CCPI,EM14,2024-07-01,2,band1pp,False,-1.8399,0.1614,False,True
CCPI,EM14,2024-07-01,3,band1pp,True,-0.9953,-0.7515,True,True
CCPI,EM14,2024-07-01,4,band1pp,True,-0.3145,0.3921,True,True
CCPI,EM14,2024-07-01,5,band1pp,False,-1.2846,-0.9523,False,True
CCPI,EM14,2024-07-01,6,band1pp,True,0.3256,-0.7415,True,True
CCPI,EM14,2024-07-01,7,band1pp,True,-2.2932,-2.6029,False,False
CCPI,EM14,2024-07-01,8,band1pp,True,-0.1516,0.2579,True,True
CCPI,EM14,2024-07-01,9,band1pp,True,1.5947,2.1295,False,False
CCPI,EM14,2024-07-01,10,band1pp,True,0.5436,0.9291,True,True
CCPI,EM14,2024-07-01,11,band1pp,False,1.3794,0.7774,False,True
CCPI,EM14,2024-07-01,12,band1pp,True,0.1074,-0.6223,True,True
CCPI,EM14,2024-07-01,1,noband,True,0.6499,1.4827,False,False
CCPI,EM14,2024-07-01,2,noband,False,-1.8399,0.1614,False,False
CCPI,EM14,2024-07-01,3,noband,True,-0.9953,-0.7515,False,False
CCPI,EM14,2024-07-01,4,noband,False,-0.3145,0.3921,False,False
CCPI,EM14,2024-07-01,5,noband,True,-1.2846,-0.9523,False,False
CCPI,EM14,2024-07-01,6,noband,False,0.3256,-0.7415,False,False
CCPI,EM14,2024-07-01,7,noband,True,-2.2932,-2.6029,False,False
CCPI,EM14,2024-07-01,8,noband,False,-0.1516,0.2579,False,False
CCPI,EM14,2024-07-01,9,noband,True,1.5947,2.1295,False,False
CCPI,EM14,2024-07-01,10,noband,True,0.5436,0.9291,False,False
CCPI,EM14,2024-07-01,11,noband,True,1.3794,0.7774,False,False
CCPI,EM14,2024-07-01,12,noband,False,0.1074,-0.6223,False,False
CCPI,EM14,2024-08-01,1,band1pp,False,-1.8399,0.346,False,True
CCPI,EM14,2024-08-01,2,band1pp,True,-0.9953,-0.6555,True,True
CCPI,EM14,2024-08-01,3,band1pp,True,-0.3145,0.4856,True,True
CCPI,EM14,2024-08-01,4,band1pp,False,-1.2846,-0.7518,False,True
CCPI,EM14,2024-08-01,5,band1pp,True,0.3256,-0.5878,True,True
CCPI,EM14,2024-08-01,6,band1pp,True,-2.2932,-2.4653,False,False
CCPI,EM14,2024-08-01,7,band1pp,True,-0.1516,0.342,True,True
CCPI,EM14,2024-08-01,8,band1pp,True,1.5947,2.3118,False,False
CCPI,EM14,2024-08-01,9,band1pp,False,0.5436,1.1333,True,False
CCPI,EM14,2024-08-01,10,band1pp,False,1.3794,0.9727,False,True
CCPI,EM14,2024-08-01,11,band1pp,True,0.1074,-0.3713,True,True
CCPI,EM14,2024-08-01,12,band1pp,True,0.2542,0.7513,True,True
CCPI,EM14,2024-08-01,1,noband,False,-1.8399,0.346,False,False
CCPI,EM14,2024-08-01,2,noband,True,-0.9953,-0.6555,False,False
CCPI,EM14,2024-08-01,3,noband,False,-0.3145,0.4856,False,False
CCPI,EM14,2024-08-01,4,noband,True,-1.2846,-0.7518,False,False
CCPI,EM14,2024-08-01,5,noband,False,0.3256,-0.5878,False,False
CCPI,EM14,2024-08-01,6,noband,True,-2.2932,-2.4653,False,False
CCPI,EM14,2024-08-01,7,noband,False,-0.1516,0.342,False,False
CCPI,EM14,2024-08-01,8,noband,True,1.5947,2.3118,False,False
CCPI,EM14,2024-08-01,9,noband,True,0.5436,1.1333,False,False
CCPI,EM14,2024-08-01,10,noband,True,1.3794,0.9727,False,False
CCPI,EM14,2024-08-01,11,noband,False,0.1074,-0.3713,False,False
CCPI,EM14,2024-08-01,12,noband,True,0.2542,0.7513,False,False
CCPI,EM14,2024-09-01,1,band1pp,True,-0.9953,-0.7346,True,True
CCPI,EM14,2024-09-01,2,band1pp,True,-0.3145,0.2482,True,True
CCPI,EM14,2024-09-01,3,band1pp,False,-1.2846,-0.7281,False,True
CCPI,EM14,2024-09-01,4,band1pp,True,0.3256,-0.5961,True,True
CCPI,EM14,2024-09-01,5,band1pp,True,-2.2932,-2.285,False,False
CCPI,EM14,2024-09-01,6,band1pp,True,-0.1516,-0.0467,True,True
CCPI,EM14,2024-09-01,7,band1pp,True,1.5947,1.8249,False,False
CCPI,EM14,2024-09-01,8,band1pp,False,0.5436,1.1333,True,False
CCPI,EM14,2024-09-01,9,band1pp,True,1.3794,1.1748,False,False
CCPI,EM14,2024-09-01,10,band1pp,True,0.1074,0.1359,True,True
CCPI,EM14,2024-09-01,11,band1pp,True,0.2542,0.5099,True,True
CCPI,EM14,2024-09-01,12,band1pp,True,1.4594,1.8122,False,False
CCPI,EM14,2024-09-01,1,noband,True,-0.9953,-0.7346,False,False
CCPI,EM14,2024-09-01,2,noband,False,-0.3145,0.2482,False,False
CCPI,EM14,2024-09-01,3,noband,True,-1.2846,-0.7281,False,False
CCPI,EM14,2024-09-01,4,noband,False,0.3256,-0.5961,False,False
CCPI,EM14,2024-09-01,5,noband,True,-2.2932,-2.285,False,False
CCPI,EM14,2024-09-01,6,noband,True,-0.1516,-0.0467,False,False
CCPI,EM14,2024-09-01,7,noband,True,1.5947,1.8249,False,False
CCPI,EM14,2024-09-01,8,noband,True,0.5436,1.1333,False,False
CCPI,EM14,2024-09-01,9,noband,True,1.3794,1.1748,False,False
CCPI,EM14,2024-09-01,10,noband,True,0.1074,0.1359,False,False
CCPI,EM14,2024-09-01,11,noband,True,0.2542,0.5099,False,False
CCPI,EM14,2024-09-01,12,noband,True,1.4594,1.8122,False,False
CCPI,EM14,2024-10-01,1,band1pp,True,-0.3145,0.5829,True,True
CCPI,EM14,2024-10-01,2,band1pp,False,-1.2846,-0.6115,False,True
CCPI,EM14,2024-10-01,3,band1pp,True,0.3256,-0.7063,True,True
CCPI,EM14,2024-10-01,4,band1pp,True,-2.2932,-2.2673,False,False
CCPI,EM14,2024-10-01,5,band1pp,True,-0.1516,-0.2443,True,True
CCPI,EM14,2024-10-01,6,band1pp,True,1.5947,1.6887,False,False
CCPI,EM14,2024-10-01,7,band1pp,True,0.5436,0.8762,True,True
CCPI,EM14,2024-10-01,8,band1pp,True,1.3794,1.1208,False,False
CCPI,EM14,2024-10-01,9,band1pp,True,0.1074,0.0286,True,True
CCPI,EM14,2024-10-01,10,band1pp,True,0.2542,0.5279,True,True
CCPI,EM14,2024-10-01,11,band1pp,True,1.4594,1.6899,False,False
CCPI,EM14,2024-10-01,12,band1pp,True,0.3155,0.3377,True,True
CCPI,EM14,2024-10-01,1,noband,False,-0.3145,0.5829,False,False
CCPI,EM14,2024-10-01,2,noband,True,-1.2846,-0.6115,False,False
CCPI,EM14,2024-10-01,3,noband,False,0.3256,-0.7063,False,False
CCPI,EM14,2024-10-01,4,noband,True,-2.2932,-2.2673,False,False
CCPI,EM14,2024-10-01,5,noband,True,-0.1516,-0.2443,False,False
CCPI,EM14,2024-10-01,6,noband,True,1.5947,1.6887,False,False
CCPI,EM14,2024-10-01,7,noband,True,0.5436,0.8762,False,False
CCPI,EM14,2024-10-01,8,noband,True,1.3794,1.1208,False,False
CCPI,EM14,2024-10-01,9,noband,True,0.1074,0.0286,False,False
CCPI,EM14,2024-10-01,10,noband,True,0.2542,0.5279,False,False
CCPI,EM14,2024-10-01,11,noband,True,1.4594,1.6899,False,False
CCPI,EM14,2024-10-01,12,noband,True,0.3155,0.3377,False,False
CCPI,EM14,2024-11-01,1,band1pp,False,-1.2846,1.0209,False,False
CCPI,EM14,2024-11-01,2,band1pp,True,0.3256,-0.8619,True,True
CCPI,EM14,2024-11-01,3,band1pp,True,-2.2932,-2.4555,False,False
CCPI,EM14,2024-11-01,4,band1pp,True,-0.1516,-0.1201,True,True
CCPI,EM14,2024-11-01,5,band1pp,True,1.5947,1.8161,False,False
CCPI,EM14,2024-11-01,6,band1pp,True,0.5436,0.7194,True,True
CCPI,EM14,2024-11-01,7,band1pp,False,1.3794,0.7735,False,True
CCPI,EM14,2024-11-01,8,band1pp,True,0.1074,-0.4707,True,True
CCPI,EM14,2024-11-01,9,band1pp,True,0.2542,0.4311,True,True
CCPI,EM14,2024-11-01,10,band1pp,True,1.4594,1.6657,False,False
CCPI,EM14,2024-11-01,11,band1pp,True,0.3155,0.0507,True,True
CCPI,EM14,2024-11-01,12,band1pp,True,0.587,0.4546,True,True
CCPI,EM14,2024-11-01,1,noband,False,-1.2846,1.0209,False,False
CCPI,EM14,2024-11-01,2,noband,False,0.3256,-0.8619,False,False
CCPI,EM14,2024-11-01,3,noband,True,-2.2932,-2.4555,False,False
CCPI,EM14,2024-11-01,4,noband,True,-0.1516,-0.1201,False,False
CCPI,EM14,2024-11-01,5,noband,True,1.5947,1.8161,False,False
CCPI,EM14,2024-11-01,6,noband,True,0.5436,0.7194,False,False
CCPI,EM14,2024-11-01,7,noband,True,1.3794,0.7735,False,False
CCPI,EM14,2024-11-01,8,noband,False,0.1074,-0.4707,False,False
CCPI,EM14,2024-11-01,9,noband,True,0.2542,0.4311,False,False
CCPI,EM14,2024-11-01,10,noband,True,1.4594,1.6657,False,False
CCPI,EM14,2024-11-01,11,noband,True,0.3155,0.0507,False,False
CCPI,EM14,2024-11-01,12,noband,True,0.587,0.4546,False,False
CCPI,EM14,2024-12-01,1,band1pp,True,0.3256,-0.6225,True,True
CCPI,EM14,2024-12-01,2,band1pp,True,-2.2932,-2.78,False,False
CCPI,EM14,2024-12-01,3,band1pp,True,-0.1516,0.0249,True,True
CCPI,EM14,2024-12-01,4,band1pp,True,1.5947,1.8566,False,False
CCPI,EM14,2024-12-01,5,band1pp,True,0.5436,0.6647,True,True
CCPI,EM14,2024-12-01,6,band1pp,False,1.3794,0.5455,False,True
CCPI,EM14,2024-12-01,7,band1pp,True,0.1074,-0.6509,True,True
CCPI,EM14,2024-12-01,8,band1pp,True,0.2542,0.464,True,True
CCPI,EM14,2024-12-01,9,band1pp,True,1.4594,1.793,False,False
CCPI,EM14,2024-12-01,10,band1pp,True,0.3155,0.0843,True,True
CCPI,EM14,2024-12-01,11,band1pp,True,0.587,0.54,True,True
CCPI,EM14,2024-12-01,12,band1pp,True,0.0582,0.2612,True,True
CCPI,EM14,2024-12-01,1,noband,False,0.3256,-0.6225,False,False
CCPI,EM14,2024-12-01,2,noband,True,-2.2932,-2.78,False,False
CCPI,EM14,2024-12-01,3,noband,False,-0.1516,0.0249,False,False
CCPI,EM14,2024-12-01,4,noband,True,1.5947,1.8566,False,False
CCPI,EM14,2024-12-01,5,noband,True,0.5436,0.6647,False,False
CCPI,EM14,2024-12-01,6,noband,True,1.3794,0.5455,False,False
CCPI,EM14,2024-12-01,7,noband,False,0.1074,-0.6509,False,False
CCPI,EM14,2024-12-01,8,noband,True,0.2542,0.464,False,False
CCPI,EM14,2024-12-01,9,noband,True,1.4594,1.793,False,False
CCPI,EM14,2024-12-01,10,noband,True,0.3155,0.0843,False,False
CCPI,EM14,2024-12-01,11,noband,True,0.587,0.54,False,False
CCPI,EM14,2024-12-01,12,noband,True,0.0582,0.2612,False,False
CCPI,EM14,2025-01-01,1,band1pp,True,-2.2932,-2.3201,False,False
CCPI,EM14,2025-01-01,2,band1pp,True,-0.1516,-0.0026,True,True
CCPI,EM14,2025-01-01,3,band1pp,True,1.5947,1.8543,False,False
CCPI,EM14,2025-01-01,4,band1pp,True,0.5436,0.6793,True,True
CCPI,EM14,2025-01-01,5,band1pp,False,1.3794,0.5217,False,True
CCPI,EM14,2025-01-01,6,band1pp,True,0.1074,-0.8041,True,True
CCPI,EM14,2025-01-01,7,band1pp,True,0.2542,0.5367,True,True
CCPI,EM14,2025-01-01,8,band1pp,True,1.4594,1.8809,False,False
CCPI,EM14,2025-01-01,9,band1pp,True,0.3155,0.3217,True,True
CCPI,EM14,2025-01-01,10,band1pp,True,0.587,0.3786,True,True
CCPI,EM14,2025-01-01,11,band1pp,True,0.0582,0.2505,True,True
CCPI,EM14,2025-01-01,12,band1pp,False,0.0268,-1.2028,True,False
CCPI,EM14,2025-01-01,1,noband,True,-2.2932,-2.3201,False,False
CCPI,EM14,2025-01-01,2,noband,True,-0.1516,-0.0026,False,False
CCPI,EM14,2025-01-01,3,noband,True,1.5947,1.8543,False,False
CCPI,EM14,2025-01-01,4,noband,True,0.5436,0.6793,False,False
CCPI,EM14,2025-01-01,5,noband,True,1.3794,0.5217,False,False
CCPI,EM14,2025-01-01,6,noband,False,0.1074,-0.8041,False,False
CCPI,EM14,2025-01-01,7,noband,True,0.2542,0.5367,False,False
CCPI,EM14,2025-01-01,8,noband,True,1.4594,1.8809,False,False
CCPI,EM14,2025-01-01,9,noband,True,0.3155,0.3217,False,False
CCPI,EM14,2025-01-01,10,noband,True,0.587,0.3786,False,False
CCPI,EM14,2025-01-01,11,noband,True,0.0582,0.2505,False,False
CCPI,EM14,2025-01-01,12,noband,False,0.0268,-1.2028,False,False
CCPI,EM14,2025-02-01,1,band1pp,True,-0.1516,-0.272,True,True
CCPI,EM14,2025-02-01,2,band1pp,True,1.5947,1.9541,False,False
CCPI,EM14,2025-02-01,3,band1pp,True,0.5436,0.7499,True,True
CCPI,EM14,2025-02-01,4,band1pp,False,1.3794,0.5605,False,True
CCPI,EM14,2025-02-01,5,band1pp,True,0.1074,-0.7223,True,True
CCPI,EM14,2025-02-01,6,band1pp,True,0.2542,0.4781,True,True
CCPI,EM14,2025-02-01,7,band1pp,True,1.4594,1.8916,False,False
CCPI,EM14,2025-02-01,8,band1pp,True,0.3155,0.1312,True,True
CCPI,EM14,2025-02-01,9,band1pp,True,0.587,0.4983,True,True
CCPI,EM14,2025-02-01,10,band1pp,True,0.0582,0.2252,True,True
CCPI,EM14,2025-02-01,11,band1pp,False,0.0268,-1.217,True,False
CCPI,EM14,2025-02-01,12,band1pp,True,0.1458,-0.4392,True,True
CCPI,EM14,2025-02-01,1,noband,True,-0.1516,-0.272,False,False
CCPI,EM14,2025-02-01,2,noband,True,1.5947,1.9541,False,False
CCPI,EM14,2025-02-01,3,noband,True,0.5436,0.7499,False,False
CCPI,EM14,2025-02-01,4,noband,True,1.3794,0.5605,False,False
CCPI,EM14,2025-02-01,5,noband,False,0.1074,-0.7223,False,False
CCPI,EM14,2025-02-01,6,noband,True,0.2542,0.4781,False,False
CCPI,EM14,2025-02-01,7,noband,True,1.4594,1.8916,False,False
CCPI,EM14,2025-02-01,8,noband,True,0.3155,0.1312,False,False
CCPI,EM14,2025-02-01,9,noband,True,0.587,0.4983,False,False
CCPI,EM14,2025-02-01,10,noband,True,0.0582,0.2252,False,False
CCPI,EM14,2025-02-01,11,noband,False,0.0268,-1.217,False,False
CCPI,EM14,2025-02-01,12,noband,False,0.1458,-0.4392,False,False
CCPI,EM14,2025-03-01,1,band1pp,False,1.5947,0.1472,False,True
CCPI,EM14,2025-03-01,2,band1pp,True,0.5436,0.9523,True,True
CCPI,EM14,2025-03-01,3,band1pp,False,1.3794,0.6223,False,True
CCPI,EM14,2025-03-01,4,band1pp,True,0.1074,-0.6004,True,True
CCPI,EM14,2025-03-01,5,band1pp,True,0.2542,0.6078,True,True
CCPI,EM14,2025-03-01,6,band1pp,True,1.4594,1.9453,False,False
CCPI,EM14,2025-03-01,7,band1pp,True,0.3155,0.3332,True,True
CCPI,EM14,2025-03-01,8,band1pp,True,0.587,0.641,True,True
CCPI,EM14,2025-03-01,9,band1pp,True,0.0582,0.2258,True,True
CCPI,EM14,2025-03-01,10,band1pp,False,0.0268,-1.3283,True,False
CCPI,EM14,2025-03-01,11,band1pp,True,0.1458,-0.2995,True,True
CCPI,EM14,2025-03-01,12,band1pp,True,-0.6716,0.4398,True,True
CCPI,EM14,2025-03-01,1,noband,True,1.5947,0.1472,False,False
CCPI,EM14,2025-03-01,2,noband,True,0.5436,0.9523,False,False
CCPI,EM14,2025-03-01,3,noband,True,1.3794,0.6223,False,False
CCPI,EM14,2025-03-01,4,noband,False,0.1074,-0.6004,False,False
CCPI,EM14,2025-03-01,5,noband,True,0.2542,0.6078,False,False
CCPI,EM14,2025-03-01,6,noband,True,1.4594,1.9453,False,False
CCPI,EM14,2025-03-01,7,noband,True,0.3155,0.3332,False,False
CCPI,EM14,2025-03-01,8,noband,True,0.587,0.641,False,False
CCPI,EM14,2025-03-01,9,noband,True,0.0582,0.2258,False,False
CCPI,EM14,2025-03-01,10,noband,False,0.0268,-1.3283,False,False
CCPI,EM14,2025-03-01,11,noband,False,0.1458,-0.2995,False,False
CCPI,EM14,2025-03-01,12,noband,False,-0.6716,0.4398,False,False
CCPI,EM14,2025-04-01,1,band1pp,True,0.5436,-0.8082,True,True
CCPI,EM14,2025-04-01,2,band1pp,False,1.3794,0.7672,False,True
CCPI,EM14,2025-04-01,3,band1pp,True,0.1074,-0.2897,True,True
CCPI,EM14,2025-04-01,4,band1pp,True,0.2542,0.1905,True,True
CCPI,EM14,2025-04-01,5,band1pp,True,1.4594,2.0919,False,False
CCPI,EM14,2025-04-01,6,band1pp,True,0.3155,0.5116,True,True
CCPI,EM14,2025-04-01,7,band1pp,True,0.587,0.4503,True,True
CCPI,EM14,2025-04-01,8,band1pp,True,0.0582,0.4013,True,True
CCPI,EM14,2025-04-01,9,band1pp,False,0.0268,-1.3713,True,False
CCPI,EM14,2025-04-01,10,band1pp,True,0.1458,-0.6376,True,True
CCPI,EM14,2025-04-01,11,band1pp,True,-0.6716,0.3692,True,True
CCPI,EM14,2025-04-01,12,band1pp,True,0.5792,0.4364,True,True
CCPI,EM14,2025-04-01,1,noband,False,0.5436,-0.8082,False,False
CCPI,EM14,2025-04-01,2,noband,True,1.3794,0.7672,False,False
CCPI,EM14,2025-04-01,3,noband,False,0.1074,-0.2897,False,False
CCPI,EM14,2025-04-01,4,noband,True,0.2542,0.1905,False,False
CCPI,EM14,2025-04-01,5,noband,True,1.4594,2.0919,False,False
CCPI,EM14,2025-04-01,6,noband,True,0.3155,0.5116,False,False
CCPI,EM14,2025-04-01,7,noband,True,0.587,0.4503,False,False
CCPI,EM14,2025-04-01,8,noband,True,0.0582,0.4013,False,False
CCPI,EM14,2025-04-01,9,noband,False,0.0268,-1.3713,False,False
CCPI,EM14,2025-04-01,10,noband,False,0.1458,-0.6376,False,False
CCPI,EM14,2025-04-01,11,noband,False,-0.6716,0.3692,False,False
CCPI,EM14,2025-04-01,12,noband,True,0.5792,0.4364,False,False
CCPI,EM14,2025-05-01,1,band1pp,False,1.3794,-0.205,False,True
CCPI,EM14,2025-05-01,2,band1pp,True,0.1074,-0.5182,True,True
CCPI,EM14,2025-05-01,3,band1pp,True,0.2542,0.6646,True,True
CCPI,EM14,2025-05-01,4,band1pp,True,1.4594,2.1358,False,False
CCPI,EM14,2025-05-01,5,band1pp,True,0.3155,0.2301,True,True
CCPI,EM14,2025-05-01,6,band1pp,True,0.587,0.5347,True,True
CCPI,EM14,2025-05-01,7,band1pp,True,0.0582,0.3388,True,True
CCPI,EM14,2025-05-01,8,band1pp,False,0.0268,-1.1888,True,False
CCPI,EM14,2025-05-01,9,band1pp,True,0.1458,-0.5339,True,True
CCPI,EM14,2025-05-01,10,band1pp,True,-0.6716,0.082,True,True
CCPI,EM14,2025-05-01,11,band1pp,True,0.5792,0.0999,True,True
CCPI,EM14,2025-05-01,12,band1pp,False,3.2473,0.223,False,True
CCPI,EM14,2025-05-01,1,noband,False,1.3794,-0.205,False,False
CCPI,EM14,2025-05-01,2,noband,False,0.1074,-0.5182,False,False
CCPI,EM14,2025-05-01,3,noband,True,0.2542,0.6646,False,False
CCPI,EM14,2025-05-01,4,noband,True,1.4594,2.1358,False,False
CCPI,EM14,2025-05-01,5,noband,True,0.3155,0.2301,False,False
CCPI,EM14,2025-05-01,6,noband,True,0.587,0.5347,False,False
CCPI,EM14,2025-05-01,7,noband,True,0.0582,0.3388,False,False
CCPI,EM14,2025-05-01,8,noband,False,0.0268,-1.1888,False,False
CCPI,EM14,2025-05-01,9,noband,False,0.1458,-0.5339,False,False
CCPI,EM14,2025-05-01,10,noband,False,-0.6716,0.082,False,False
CCPI,EM14,2025-05-01,11,noband,True,0.5792,0.0999,False,False
CCPI,EM14,2025-05-01,12,noband,True,3.2473,0.223,False,False
CCPI,EM14,2025-06-01,1,band1pp,False,0.1074,-1.8995,True,False
CCPI,EM14,2025-06-01,2,band1pp,True,0.2542,0.5289,True,True
CCPI,EM14,2025-06-01,3,band1pp,True,1.4594,1.8978,False,False
CCPI,EM14,2025-06-01,4,band1pp,True,0.3155,0.2289,True,True
CCPI,EM14,2025-06-01,5,band1pp,True,0.587,0.3265,True,True
CCPI,EM14,2025-06-01,6,band1pp,True,0.0582,0.0853,True,True
CCPI,EM14,2025-06-01,7,band1pp,False,0.0268,-1.3311,True,False
CCPI,EM14,2025-06-01,8,band1pp,True,0.1458,-0.546,True,True
CCPI,EM14,2025-06-01,9,band1pp,True,-0.6716,0.0266,True,True
CCPI,EM14,2025-06-01,10,band1pp,True,0.5792,0.1276,True,True
CCPI,EM14,2025-06-01,11,band1pp,False,3.2473,0.309,False,True
CCPI,EM14,2025-06-01,12,band1pp,True,0.0586,-0.761,True,True
CCPI,EM14,2025-06-01,1,noband,False,0.1074,-1.8995,False,False
CCPI,EM14,2025-06-01,2,noband,True,0.2542,0.5289,False,False
CCPI,EM14,2025-06-01,3,noband,True,1.4594,1.8978,False,False
CCPI,EM14,2025-06-01,4,noband,True,0.3155,0.2289,False,False
CCPI,EM14,2025-06-01,5,noband,True,0.587,0.3265,False,False
CCPI,EM14,2025-06-01,6,noband,True,0.0582,0.0853,False,False
CCPI,EM14,2025-06-01,7,noband,False,0.0268,-1.3311,False,False
CCPI,EM14,2025-06-01,8,noband,False,0.1458,-0.546,False,False
CCPI,EM14,2025-06-01,9,noband,False,-0.6716,0.0266,False,False
CCPI,EM14,2025-06-01,10,noband,True,0.5792,0.1276,False,False
CCPI,EM14,2025-06-01,11,noband,True,3.2473,0.309,False,False
CCPI,EM14,2025-06-01,12,noband,False,0.0586,-0.761,False,False
CCPI,EM14,2025-07-01,1,band1pp,True,0.2542,-0.4085,True,True
CCPI,EM14,2025-07-01,2,band1pp,True,1.4594,1.6369,False,False
CCPI,EM14,2025-07-01,3,band1pp,True,0.3155,0.4043,True,True
CCPI,EM14,2025-07-01,4,band1pp,True,0.587,0.7177,True,True
CCPI,EM14,2025-07-01,5,band1pp,True,0.0582,0.3795,True,True
CCPI,EM14,2025-07-01,6,band1pp,False,0.0268,-1.1101,True,False
CCPI,EM14,2025-07-01,7,band1pp,True,0.1458,-0.2405,True,True
CCPI,EM14,2025-07-01,8,band1pp,True,-0.6716,0.0421,True,True
CCPI,EM14,2025-07-01,9,band1pp,True,0.5792,0.2108,True,True
CCPI,EM14,2025-07-01,10,band1pp,False,3.2473,0.0157,False,True
CCPI,EM14,2025-07-01,11,band1pp,True,0.0586,-0.2376,True,True
CCPI,EM14,2025-07-01,12,band1pp,False,1.2887,-0.1937,False,True
CCPI,EM14,2025-07-01,1,noband,False,0.2542,-0.4085,False,False
CCPI,EM14,2025-07-01,2,noband,True,1.4594,1.6369,False,False
CCPI,EM14,2025-07-01,3,noband,True,0.3155,0.4043,False,False
CCPI,EM14,2025-07-01,4,noband,True,0.587,0.7177,False,False
CCPI,EM14,2025-07-01,5,noband,True,0.0582,0.3795,False,False
CCPI,EM14,2025-07-01,6,noband,False,0.0268,-1.1101,False,False
CCPI,EM14,2025-07-01,7,noband,False,0.1458,-0.2405,False,False
CCPI,EM14,2025-07-01,8,noband,False,-0.6716,0.0421,False,False
CCPI,EM14,2025-07-01,9,noband,True,0.5792,0.2108,False,False
CCPI,EM14,2025-07-01,10,noband,True,3.2473,0.0157,False,False
CCPI,EM14,2025-07-01,11,noband,False,0.0586,-0.2376,False,False
CCPI,EM14,2025-07-01,12,noband,False,1.2887,-0.1937,False,False
CCPI,EM14,2025-08-01,1,band1pp,False,1.4594,-0.2508,False,True
CCPI,EM14,2025-08-01,2,band1pp,True,0.3155,0.1656,True,True
CCPI,EM14,2025-08-01,3,band1pp,True,0.587,0.6591,True,True
CCPI,EM14,2025-08-01,4,band1pp,True,0.0582,0.2581,True,True
CCPI,EM14,2025-08-01,5,band1pp,True,0.0268,-0.7551,True,True
CCPI,EM14,2025-08-01,6,band1pp,True,0.1458,-0.1116,True,True
CCPI,EM14,2025-08-01,7,band1pp,True,-0.6716,0.3044,True,True
CCPI,EM14,2025-08-01,8,band1pp,True,0.5792,0.3724,True,True
CCPI,EM14,2025-08-01,9,band1pp,False,3.2473,0.1158,False,True
CCPI,EM14,2025-08-01,10,band1pp,False,0.0586,-1.0738,True,False
CCPI,EM14,2025-08-01,11,band1pp,False,1.2887,-0.2341,False,True
CCPI,EM14,2025-08-01,12,band1pp,True,0.4777,0.2725,True,True
CCPI,EM14,2025-08-01,1,noband,False,1.4594,-0.2508,False,False
CCPI,EM14,2025-08-01,2,noband,True,0.3155,0.1656,False,False
CCPI,EM14,2025-08-01,3,noband,True,0.587,0.6591,False,False
CCPI,EM14,2025-08-01,4,noband,True,0.0582,0.2581,False,False
CCPI,EM14,2025-08-01,5,noband,False,0.0268,-0.7551,False,False
CCPI,EM14,2025-08-01,6,noband,False,0.1458,-0.1116,False,False
CCPI,EM14,2025-08-01,7,noband,False,-0.6716,0.3044,False,False
CCPI,EM14,2025-08-01,8,noband,True,0.5792,0.3724,False,False
CCPI,EM14,2025-08-01,9,noband,True,3.2473,0.1158,False,False
CCPI,EM14,2025-08-01,10,noband,False,0.0586,-1.0738,False,False
CCPI,EM14,2025-08-01,11,noband,False,1.2887,-0.2341,False,False
CCPI,EM14,2025-08-01,12,noband,True,0.4777,0.2725,False,False
CCPI,EM14,2025-09-01,1,band1pp,True,0.3155,0.5308,True,True
CCPI,EM14,2025-09-01,2,band1pp,True,0.587,0.7166,True,True
CCPI,EM14,2025-09-01,3,band1pp,True,0.0582,0.1629,True,True
CCPI,EM14,2025-09-01,4,band1pp,False,0.0268,-1.1499,True,False
CCPI,EM14,2025-09-01,5,band1pp,True,0.1458,0.2245,True,True
CCPI,EM14,2025-09-01,6,band1pp,True,-0.6716,0.249,True,True
CCPI,EM14,2025-09-01,7,band1pp,False,0.5792,1.0323,True,False
CCPI,EM14,2025-09-01,8,band1pp,True,3.2473,1.8361,False,False
CCPI,EM14,2025-09-01,9,band1pp,True,0.0586,-0.5992,True,True
CCPI,EM14,2025-09-01,10,band1pp,False,1.2887,-1.1241,False,False
CCPI,EM14,2025-09-01,11,band1pp,True,0.4777,0.9257,True,True
CCPI,EM14,2025-09-01,12,band1pp,True,0.7543,0.6624,True,True
CCPI,EM14,2025-09-01,1,noband,True,0.3155,0.5308,False,False
CCPI,EM14,2025-09-01,2,noband,True,0.587,0.7166,False,False
CCPI,EM14,2025-09-01,3,noband,True,0.0582,0.1629,False,False
CCPI,EM14,2025-09-01,4,noband,False,0.0268,-1.1499,False,False
CCPI,EM14,2025-09-01,5,noband,True,0.1458,0.2245,False,False
CCPI,EM14,2025-09-01,6,noband,False,-0.6716,0.249,False,False
CCPI,EM14,2025-09-01,7,noband,True,0.5792,1.0323,False,False
CCPI,EM14,2025-09-01,8,noband,True,3.2473,1.8361,False,False
CCPI,EM14,2025-09-01,9,noband,False,0.0586,-0.5992,False,False
CCPI,EM14,2025-09-01,10,noband,False,1.2887,-1.1241,False,False
CCPI,EM14,2025-09-01,11,noband,True,0.4777,0.9257,False,False
CCPI,EM14,2025-09-01,12,noband,True,0.7543,0.6624,False,False
FCPI,EM11,2024-05-01,1,band1pp,False,-2.7311,-0.8492,False,True
FCPI,EM11,2024-05-01,2,band1pp,False,1.3957,-0.1676,False,True
FCPI,EM11,2024-05-01,3,band1pp,True,0.9307,0.5826,True,True
FCPI,EM11,2024-05-01,4,band1pp,True,-0.5864,0.8878,True,True
FCPI,EM11,2024-05-01,5,band1pp,False,-1.7414,-0.9163,False,True
FCPI,EM11,2024-05-01,6,band1pp,True,0.8094,0.9821,True,True
FCPI,EM11,2024-05-01,7,band1pp,False,-1.3825,-0.8118,False,True
FCPI,EM11,2024-05-01,8,band1pp,False,-0.9299,-2.4776,True,False
FCPI,EM11,2024-05-01,9,band1pp,True,-1.5428,-2.1877,False,False
FCPI,EM11,2024-05-01,10,band1pp,False,1.3892,0.6932,False,True
FCPI,EM11,2024-05-01,11,band1pp,True,1.8953,1.8248,False,False
FCPI,EM11,2024-05-01,12,band1pp,True,2.1313,1.6509,False,False
FCPI,EM11,2024-05-01,1,noband,True,-2.7311,-0.8492,False,False
FCPI,EM11,2024-05-01,2,noband,False,1.3957,-0.1676,False,False
FCPI,EM11,2024-05-01,3,noband,True,0.9307,0.5826,False,False
FCPI,EM11,2024-05-01,4,noband,False,-0.5864,0.8878,False,False
FCPI,EM11,2024-05-01,5,noband,True,-1.7414,-0.9163,False,False
FCPI,EM11,2024-05-01,6,noband,True,0.8094,0.9821,False,False
FCPI,EM11,2024-05-01,7,noband,True,-1.3825,-0.8118,False,False
FCPI,EM11,2024-05-01,8,noband,True,-0.9299,-2.4776,False,False
FCPI,EM11,2024-05-01,9,noband,True,-1.5428,-2.1877,False,False
FCPI,EM11,2024-05-01,10,noband,True,1.3892,0.6932,False,False
FCPI,EM11,2024-05-01,11,noband,True,1.8953,1.8248,False,False
FCPI,EM11,2024-05-01,12,noband,True,2.1313,1.6509,False,False
FCPI,EM11,2024-06-01,1,band1pp,False,1.3957,-0.5431,False,True
FCPI,EM11,2024-06-01,2,band1pp,True,0.9307,0.5945,True,True
FCPI,EM11,2024-06-01,3,band1pp,False,-0.5864,1.2829,True,False
FCPI,EM11,2024-06-01,4,band1pp,False,-1.7414,-0.8542,False,True
FCPI,EM11,2024-06-01,5,band1pp,False,0.8094,1.0508,True,False
FCPI,EM11,2024-06-01,6,band1pp,True,-1.3825,-1.6834,False,False
FCPI,EM11,2024-06-01,7,band1pp,False,-0.9299,-3.0452,True,False
FCPI,EM11,2024-06-01,8,band1pp,True,-1.5428,-2.1367,False,False
FCPI,EM11,2024-06-01,9,band1pp,True,1.3892,1.0991,False,False
FCPI,EM11,2024-06-01,10,band1pp,True,1.8953,1.9184,False,False
FCPI,EM11,2024-06-01,11,band1pp,True,2.1313,1.6986,False,False
FCPI,EM11,2024-06-01,12,band1pp,True,2.9521,2.0725,False,False
FCPI,EM11,2024-06-01,1,noband,False,1.3957,-0.5431,False,False
FCPI,EM11,2024-06-01,2,noband,True,0.9307,0.5945,False,False
FCPI,EM11,2024-06-01,3,noband,False,-0.5864,1.2829,False,False
FCPI,EM11,2024-06-01,4,noband,True,-1.7414,-0.8542,False,False
FCPI,EM11,2024-06-01,5,noband,True,0.8094,1.0508,False,False
FCPI,EM11,2024-06-01,6,noband,True,-1.3825,-1.6834,False,False
FCPI,EM11,2024-06-01,7,noband,True,-0.9299,-3.0452,False,False
FCPI,EM11,2024-06-01,8,noband,True,-1.5428,-2.1367,False,False
FCPI,EM11,2024-06-01,9,noband,True,1.3892,1.0991,False,False
FCPI,EM11,2024-06-01,10,noband,True,1.8953,1.9184,False,False
FCPI,EM11,2024-06-01,11,noband,True,2.1313,1.6986,False,False
FCPI,EM11,2024-06-01,12,noband,True,2.9521,2.0725,False,False
FCPI,EM11,2024-07-01,1,band1pp,True,0.9307,0.4737,True,True
FCPI,EM11,2024-07-01,2,band1pp,False,-0.5864,1.0976,True,False
FCPI,EM11,2024-07-01,3,band1pp,False,-1.7414,-0.971,False,True
FCPI,EM11,2024-07-01,4,band1pp,False,0.8094,1.2708,True,False
FCPI,EM11,2024-07-01,5,band1pp,True,-1.3825,-1.4758,False,False
FCPI,EM11,2024-07-01,6,band1pp,False,-0.9299,-3.1384,True,False
FCPI,EM11,2024-07-01,7,band1pp,True,-1.5428,-2.4522,False,False
FCPI,EM11,2024-07-01,8,band1pp,False,1.3892,0.812,False,True
FCPI,EM11,2024-07-01,9,band1pp,True,1.8953,1.7855,False,False
FCPI,EM11,2024-07-01,10,band1pp,True,2.1313,1.6671,False,False
FCPI,EM11,2024-07-01,11,band1pp,True,2.9521,2.1434,False,False
FCPI,EM11,2024-07-01,12,band1pp,True,-1.6846,-1.7468,False,False
FCPI,EM11,2024-07-01,1,noband,True,0.9307,0.4737,False,False
FCPI,EM11,2024-07-01,2,noband,False,-0.5864,1.0976,False,False
FCPI,EM11,2024-07-01,3,noband,True,-1.7414,-0.971,False,False
FCPI,EM11,2024-07-01,4,noband,True,0.8094,1.2708,False,False
FCPI,EM11,2024-07-01,5,noband,True,-1.3825,-1.4758,False,False
FCPI,EM11,2024-07-01,6,noband,True,-0.9299,-3.1384,False,False
FCPI,EM11,2024-07-01,7,noband,True,-1.5428,-2.4522,False,False
FCPI,EM11,2024-07-01,8,noband,True,1.3892,0.812,False,False
FCPI,EM11,2024-07-01,9,noband,True,1.8953,1.7855,False,False
FCPI,EM11,2024-07-01,10,noband,True,2.1313,1.6671,False,False
FCPI,EM11,2024-07-01,11,noband,True,2.9521,2.1434,False,False
FCPI,EM11,2024-07-01,12,noband,True,-1.6846,-1.7468,False,False
FCPI,EM11,2024-08-01,1,band1pp,False,-0.5864,1.9809,True,False
FCPI,EM11,2024-08-01,2,band1pp,False,-1.7414,-0.2877,False,True
FCPI,EM11,2024-08-01,3,band1pp,False,0.8094,1.037,True,False
FCPI,EM11,2024-08-01,4,band1pp,True,-1.3825,-1.2139,False,False
FCPI,EM11,2024-08-01,5,band1pp,False,-0.9299,-3.0072,True,False
FCPI,EM11,2024-08-01,6,band1pp,True,-1.5428,-2.7284,False,False
FCPI,EM11,2024-08-01,7,band1pp,True,1.3892,1.4592,False,False
FCPI,EM11,2024-08-01,8,band1pp,True,1.8953,2.0914,False,False
FCPI,EM11,2024-08-01,9,band1pp,True,2.1313,1.5229,False,False
FCPI,EM11,2024-08-01,10,band1pp,True,2.9521,2.02,False,False
FCPI,EM11,2024-08-01,11,band1pp,True,-1.6846,-2.4007,False,False
FCPI,EM11,2024-08-01,12,band1pp,False,-1.9444,-0.4274,False,True
FCPI,EM11,2024-08-01,1,noband,False,-0.5864,1.9809,False,False
FCPI,EM11,2024-08-01,2,noband,True,-1.7414,-0.2877,False,False
FCPI,EM11,2024-08-01,3,noband,True,0.8094,1.037,False,False
FCPI,EM11,2024-08-01,4,noband,True,-1.3825,-1.2139,False,False
FCPI,EM11,2024-08-01,5,noband,True,-0.9299,-3.0072,False,False
FCPI,EM11,2024-08-01,6,noband,True,-1.5428,-2.7284,False,False
FCPI,EM11,2024-08-01,7,noband,True,1.3892,1.4592,False,False
FCPI,EM11,2024-08-01,8,noband,True,1.8953,2.0914,False,False
FCPI,EM11,2024-08-01,9,noband,True,2.1313,1.5229,False,False
FCPI,EM11,2024-08-01,10,noband,True,2.9521,2.02,False,False
FCPI,EM11,2024-08-01,11,noband,True,-1.6846,-2.4007,False,False
FCPI,EM11,2024-08-01,12,noband,True,-1.9444,-0.4274,False,False
FCPI,EM11,2024-09-01,1,band1pp,False,-1.7414,1.5087,False,False
FCPI,EM11,2024-09-01,2,band1pp,False,0.8094,2.1615,True,False
FCPI,EM11,2024-09-01,3,band1pp,True,-1.3825,-1.9346,False,False
FCPI,EM11,2024-09-01,4,band1pp,False,-0.9299,-2.7535,True,False
FCPI,EM11,2024-09-01,5,band1pp,True,-1.5428,-2.097,False,False
FCPI,EM11,2024-09-01,6,band1pp,True,1.3892,1.515,False,False
FCPI,EM11,2024-09-01,7,band1pp,True,1.8953,1.9223,False,False
FCPI,EM11,2024-09-01,8,band1pp,True,2.1313,1.8858,False,False
FCPI,EM11,2024-09-01,9,band1pp,True,2.9521,2.0655,False,False
FCPI,EM11,2024-09-01,10,band1pp,True,-1.6846,-2.1737,False,False
FCPI,EM11,2024-09-01,11,band1pp,False,-1.9444,-0.6698,False,True
FCPI,EM11,2024-09-01,12,band1pp,False,0.6511,2.0279,True,False
FCPI,EM11,2024-09-01,1,noband,False,-1.7414,1.5087,False,False
FCPI,EM11,2024-09-01,2,noband,True,0.8094,2.1615,False,False
FCPI,EM11,2024-09-01,3,noband,True,-1.3825,-1.9346,False,False
FCPI,EM11,2024-09-01,4,noband,True,-0.9299,-2.7535,False,False
FCPI,EM11,2024-09-01,5,noband,True,-1.5428,-2.097,False,False
FCPI,EM11,2024-09-01,6,noband,True,1.3892,1.515,False,False
FCPI,EM11,2024-09-01,7,noband,True,1.8953,1.9223,False,False
FCPI,EM11,2024-09-01,8,noband,True,2.1313,1.8858,False,False
FCPI,EM11,2024-09-01,9,noband,True,2.9521,2.0655,False,False
FCPI,EM11,2024-09-01,10,noband,True,-1.6846,-2.1737,False,False
FCPI,EM11,2024-09-01,11,noband,True,-1.9444,-0.6698,False,False
FCPI,EM11,2024-09-01,12,noband,True,0.6511,2.0279,False,False
FCPI,EM11,2024-10-01,1,band1pp,False,0.8094,4.0693,True,False
FCPI,EM11,2024-10-01,2,band1pp,True,-1.3825,-1.3524,False,False
FCPI,EM11,2024-10-01,3,band1pp,False,-0.9299,-3.0575,True,False
FCPI,EM11,2024-10-01,4,band1pp,True,-1.5428,-2.6089,False,False
FCPI,EM11,2024-10-01,5,band1pp,True,1.3892,1.5644,False,False
FCPI,EM11,2024-10-01,6,band1pp,True,1.8953,2.5106,False,False
FCPI,EM11,2024-10-01,7,band1pp,True,2.1313,1.4192,False,False
FCPI,EM11,2024-10-01,8,band1pp,True,2.9521,1.5959,False,False
FCPI,EM11,2024-10-01,9,band1pp,True,-1.6846,-1.9524,False,False
FCPI,EM11,2024-10-01,10,band1pp,False,-1.9444,-0.7396,False,True
FCPI,EM11,2024-10-01,11,band1pp,False,0.6511,1.9213,True,False
FCPI,EM11,2024-10-01,12,band1pp,False,0.9442,1.0681,True,False
FCPI,EM11,2024-10-01,1,noband,True,0.8094,4.0693,False,False
FCPI,EM11,2024-10-01,2,noband,True,-1.3825,-1.3524,False,False
FCPI,EM11,2024-10-01,3,noband,True,-0.9299,-3.0575,False,False
FCPI,EM11,2024-10-01,4,noband,True,-1.5428,-2.6089,False,False
FCPI,EM11,2024-10-01,5,noband,True,1.3892,1.5644,False,False
FCPI,EM11,2024-10-01,6,noband,True,1.8953,2.5106,False,False
FCPI,EM11,2024-10-01,7,noband,True,2.1313,1.4192,False,False
FCPI,EM11,2024-10-01,8,noband,True,2.9521,1.5959,False,False
FCPI,EM11,2024-10-01,9,noband,True,-1.6846,-1.9524,False,False
FCPI,EM11,2024-10-01,10,noband,True,-1.9444,-0.7396,False,False
FCPI,EM11,2024-10-01,11,noband,True,0.6511,1.9213,False,False
FCPI,EM11,2024-10-01,12,noband,True,0.9442,1.0681,False,False
FCPI,EM11,2024-11-01,1,band1pp,False,-1.3825,1.7709,False,False
FCPI,EM11,2024-11-01,2,band1pp,False,-0.9299,-3.3212,True,False
FCPI,EM11,2024-11-01,3,band1pp,True,-1.5428,-2.0368,False,False
FCPI,EM11,2024-11-01,4,band1pp,False,1.3892,0.9498,False,True
FCPI,EM11,2024-11-01,5,band1pp,True,1.8953,2.5545,False,False
FCPI,EM11,2024-11-01,6,band1pp,True,2.1313,1.2708,False,False
FCPI,EM11,2024-11-01,7,band1pp,True,2.9521,1.9951,False,False
FCPI,EM11,2024-11-01,8,band1pp,True,-1.6846,-2.5287,False,False
FCPI,EM11,2024-11-01,9,band1pp,False,-1.9444,0.1831,False,True
FCPI,EM11,2024-11-01,10,band1pp,False,0.6511,1.4833,True,False
FCPI,EM11,2024-11-01,11,band1pp,True,0.9442,0.8109,True,True
FCPI,EM11,2024-11-01,12,band1pp,True,0.2776,0.8586,True,True
FCPI,EM11,2024-11-01,1,noband,False,-1.3825,1.7709,False,False
FCPI,EM11,2024-11-01,2,noband,True,-0.9299,-3.3212,False,False
FCPI,EM11,2024-11-01,3,noband,True,-1.5428,-2.0368,False,False
FCPI,EM11,2024-11-01,4,noband,True,1.3892,0.9498,False,False
FCPI,EM11,2024-11-01,5,noband,True,1.8953,2.5545,False,False
FCPI,EM11,2024-11-01,6,noband,True,2.1313,1.2708,False,False
FCPI,EM11,2024-11-01,7,noband,True,2.9521,1.9951,False,False
FCPI,EM11,2024-11-01,8,noband,True,-1.6846,-2.5287,False,False
FCPI,EM11,2024-11-01,9,noband,False,-1.9444,0.1831,False,False
FCPI,EM11,2024-11-01,10,noband,True,0.6511,1.4833,False,False
FCPI,EM11,2024-11-01,11,noband,True,0.9442,0.8109,False,False
FCPI,EM11,2024-11-01,12,noband,True,0.2776,0.8586,False,False
FCPI,EM11,2024-12-01,1,band1pp,False,-0.9299,-1.3189,True,False
FCPI,EM11,2024-12-01,2,band1pp,True,-1.5428,-2.6941,False,False
FCPI,EM11,2024-12-01,3,band1pp,True,1.3892,1.457,False,False
FCPI,EM11,2024-12-01,4,band1pp,True,1.8953,1.8716,False,False
FCPI,EM11,2024-12-01,5,band1pp,True,2.1313,1.7154,False,False
FCPI,EM11,2024-12-01,6,band1pp,True,2.9521,1.7922,False,False
FCPI,EM11,2024-12-01,7,band1pp,True,-1.6846,-2.1806,False,False
FCPI,EM11,2024-12-01,8,band1pp,False,-1.9444,-0.6862,False,True
FCPI,EM11,2024-12-01,9,band1pp,False,0.6511,2.1488,True,False
FCPI,EM11,2024-12-01,10,band1pp,True,0.9442,0.5839,True,True
FCPI,EM11,2024-12-01,11,band1pp,True,0.2776,0.2624,True,True
FCPI,EM11,2024-12-01,12,band1pp,True,-0.5425,-0.1274,True,True
FCPI,EM11,2024-12-01,1,noband,True,-0.9299,-1.3189,False,False
FCPI,EM11,2024-12-01,2,noband,True,-1.5428,-2.6941,False,False
FCPI,EM11,2024-12-01,3,noband,True,1.3892,1.457,False,False
FCPI,EM11,2024-12-01,4,noband,True,1.8953,1.8716,False,False
FCPI,EM11,2024-12-01,5,noband,True,2.1313,1.7154,False,False
FCPI,EM11,2024-12-01,6,noband,True,2.9521,1.7922,False,False
FCPI,EM11,2024-12-01,7,noband,True,-1.6846,-2.1806,False,False
FCPI,EM11,2024-12-01,8,noband,True,-1.9444,-0.6862,False,False
FCPI,EM11,2024-12-01,9,noband,True,0.6511,2.1488,False,False
FCPI,EM11,2024-12-01,10,noband,True,0.9442,0.5839,False,False
FCPI,EM11,2024-12-01,11,noband,True,0.2776,0.2624,False,False
FCPI,EM11,2024-12-01,12,noband,True,-0.5425,-0.1274,False,False
FCPI,EM11,2025-01-01,1,band1pp,True,-1.5428,-2.7943,False,False
FCPI,EM11,2025-01-01,2,band1pp,True,1.3892,1.1078,False,False
FCPI,EM11,2025-01-01,3,band1pp,True,1.8953,2.1436,False,False
FCPI,EM11,2025-01-01,4,band1pp,True,2.1313,1.3439,False,False
FCPI,EM11,2025-01-01,5,band1pp,True,2.9521,1.8162,False,False
FCPI,EM11,2025-01-01,6,band1pp,True,-1.6846,-2.3725,False,False
FCPI,EM11,2025-01-01,7,band1pp,False,-1.9444,-0.4675,False,True
FCPI,EM11,2025-01-01,8,band1pp,False,0.6511,1.8106,True,False
FCPI,EM11,2025-01-01,9,band1pp,True,0.9442,0.8133,True,True
FCPI,EM11,2025-01-01,10,band1pp,True,0.2776,0.258,True,True
FCPI,EM11,2025-01-01,11,band1pp,True,-0.5425,-0.4301,True,True
FCPI,EM11,2025-01-01,12,band1pp,False,0.8937,-2.5121,True,False
FCPI,EM11,2025-01-01,1,noband,True,-1.5428,-2.7943,False,False
FCPI,EM11,2025-01-01,2,noband,True,1.3892,1.1078,False,False
FCPI,EM11,2025-01-01,3,noband,True,1.8953,2.1436,False,False
FCPI,EM11,2025-01-01,4,noband,True,2.1313,1.3439,False,False
FCPI,EM11,2025-01-01,5,noband,True,2.9521,1.8162,False,False
FCPI,EM11,2025-01-01,6,noband,True,-1.6846,-2.3725,False,False
FCPI,EM11,2025-01-01,7,noband,True,-1.9444,-0.4675,False,False
FCPI,EM11,2025-01-01,8,noband,True,0.6511,1.8106,False,False
FCPI,EM11,2025-01-01,9,noband,True,0.9442,0.8133,False,False
FCPI,EM11,2025-01-01,10,noband,True,0.2776,0.258,False,False
FCPI,EM11,2025-01-01,11,noband,True,-0.5425,-0.4301,False,False
FCPI,EM11,2025-01-01,12,noband,False,0.8937,-2.5121,False,False
FCPI,EM11,2025-02-01,1,band1pp,False,1.3892,-1.4985,False,False
FCPI,EM11,2025-02-01,2,band1pp,True,1.8953,2.1681,False,False
FCPI,EM11,2025-02-01,3,band1pp,True,2.1313,1.4078,False,False
FCPI,EM11,2025-02-01,4,band1pp,True,2.9521,2.0393,False,False
FCPI,EM11,2025-02-01,5,band1pp,True,-1.6846,-1.9177,False,False
FCPI,EM11,2025-02-01,6,band1pp,False,-1.9444,-0.3258,False,True
FCPI,EM11,2025-02-01,7,band1pp,False,0.6511,2.1056,True,False
FCPI,EM11,2025-02-01,8,band1pp,True,0.9442,0.9072,True,True
FCPI,EM11,2025-02-01,9,band1pp,True,0.2776,0.0867,True,True
FCPI,EM11,2025-02-01,10,band1pp,True,-0.5425,-0.4854,True,True
FCPI,EM11,2025-02-01,11,band1pp,False,0.8937,-2.2301,True,False
FCPI,EM11,2025-02-01,12,band1pp,False,-1.0608,-0.5474,False,True
FCPI,EM11,2025-02-01,1,noband,False,1.3892,-1.4985,False,False
FCPI,EM11,2025-02-01,2,noband,True,1.8953,2.1681,False,False
FCPI,EM11,2025-02-01,3,noband,True,2.1313,1.4078,False,False
FCPI,EM11,2025-02-01,4,noband,True,2.9521,2.0393,False,False
FCPI,EM11,2025-02-01,5,noband,True,-1.6846,-1.9177,False,False
FCPI,EM11,2025-02-01,6,noband,True,-1.9444,-0.3258,False,False
FCPI,EM11,2025-02-01,7,noband,True,0.6511,2.1056,False,False
FCPI,EM11,2025-02-01,8,noband,True,0.9442,0.9072,False,False
FCPI,EM11,2025-02-01,9,noband,True,0.2776,0.0867,False,False
FCPI,EM11,2025-02-01,10,noband,True,-0.5425,-0.4854,False,False
FCPI,EM11,2025-02-01,11,noband,False,0.8937,-2.2301,False,False
FCPI,EM11,2025-02-01,12,noband,True,-1.0608,-0.5474,False,False
FCPI,EM11,2025-03-01,1,band1pp,False,1.8953,-0.1799,False,True
FCPI,EM11,2025-03-01,2,band1pp,True,2.1313,1.8485,False,False
FCPI,EM11,2025-03-01,3,band1pp,True,2.9521,1.9262,False,False
FCPI,EM11,2025-03-01,4,band1pp,True,-1.6846,-1.765,False,False
FCPI,EM11,2025-03-01,5,band1pp,False,-1.9444,-0.3042,False,True
FCPI,EM11,2025-03-01,6,band1pp,False,0.6511,1.8943,True,False
FCPI,EM11,2025-03-01,7,band1pp,False,0.9442,1.0294,True,False
FCPI,EM11,2025-03-01,8,band1pp,True,0.2776,0.5108,True,True
FCPI,EM11,2025-03-01,9,band1pp,True,-0.5425,-0.3112,True,True
FCPI,EM11,2025-03-01,10,band1pp,False,0.8937,-2.4869,True,False
FCPI,EM11,2025-03-01,11,band1pp,False,-1.0608,-0.8169,False,True
FCPI,EM11,2025-03-01,12,band1pp,False,-2.2876,-0.1415,False,True
FCPI,EM11,2025-03-01,1,noband,False,1.8953,-0.1799,False,False
FCPI,EM11,2025-03-01,2,noband,True,2.1313,1.8485,False,False
FCPI,EM11,2025-03-01,3,noband,True,2.9521,1.9262,False,False
FCPI,EM11,2025-03-01,4,noband,True,-1.6846,-1.765,False,False
FCPI,EM11,2025-03-01,5,noband,True,-1.9444,-0.3042,False,False
FCPI,EM11,2025-03-01,6,noband,True,0.6511,1.8943,False,False
FCPI,EM11,2025-03-01,7,noband,True,0.9442,1.0294,False,False
FCPI,EM11,2025-03-01,8,noband,True,0.2776,0.5108,False,False
FCPI,EM11,2025-03-01,9,noband,True,-0.5425,-0.3112,False,False
FCPI,EM11,2025-03-01,10,noband,False,0.8937,-2.4869,False,False
FCPI,EM11,2025-03-01,11,noband,True,-1.0608,-0.8169,False,False
FCPI,EM11,2025-03-01,12,noband,True,-2.2876,-0.1415,False,False
FCPI,EM11,2025-04-01,1,band1pp,True,2.1313,1.0886,False,False
FCPI,EM11,2025-04-01,2,band1pp,True,2.9521,2.1914,False,False
FCPI,EM11,2025-04-01,3,band1pp,True,-1.6846,-1.6475,False,False
FCPI,EM11,2025-04-01,4,band1pp,False,-1.9444,-0.4518,False,True
FCPI,EM11,2025-04-01,5,band1pp,False,0.6511,1.784,True,False
FCPI,EM11,2025-04-01,6,band1pp,True,0.9442,0.9753,True,True
FCPI,EM11,2025-04-01,7,band1pp,True,0.2776,0.5903,True,True
FCPI,EM11,2025-04-01,8,band1pp,True,-0.5425,-0.0236,True,True
FCPI,EM11,2025-04-01,9,band1pp,False,0.8937,-2.2858,True,False
FCPI,EM11,2025-04-01,10,band1pp,True,-1.0608,-1.076,False,False
FCPI,EM11,2025-04-01,11,band1pp,False,-2.2876,-0.3712,False,True
FCPI,EM11,2025-04-01,12,band1pp,True,-0.3782,0.1261,True,True
FCPI,EM11,2025-04-01,1,noband,True,2.1313,1.0886,False,False
FCPI,EM11,2025-04-01,2,noband,True,2.9521,2.1914,False,False
FCPI,EM11,2025-04-01,3,noband,True,-1.6846,-1.6475,False,False
FCPI,EM11,2025-04-01,4,noband,True,-1.9444,-0.4518,False,False
FCPI,EM11,2025-04-01,5,noband,True,0.6511,1.784,False,False
FCPI,EM11,2025-04-01,6,noband,True,0.9442,0.9753,False,False
FCPI,EM11,2025-04-01,7,noband,True,0.2776,0.5903,False,False
FCPI,EM11,2025-04-01,8,noband,True,-0.5425,-0.0236,False,False
FCPI,EM11,2025-04-01,9,noband,False,0.8937,-2.2858,False,False
FCPI,EM11,2025-04-01,10,noband,True,-1.0608,-1.076,False,False
FCPI,EM11,2025-04-01,11,noband,True,-2.2876,-0.3712,False,False
FCPI,EM11,2025-04-01,12,noband,False,-0.3782,0.1261,False,False
FCPI,EM11,2025-05-01,1,band1pp,True,2.9521,2.1732,False,False
FCPI,EM11,2025-05-01,2,band1pp,True,-1.6846,-1.7051,False,False
FCPI,EM11,2025-05-01,3,band1pp,False,-1.9444,-0.4458,False,True
FCPI,EM11,2025-05-01,4,band1pp,False,0.6511,1.8146,True,False
FCPI,EM11,2025-05-01,5,band1pp,True,0.9442,0.9149,True,True
FCPI,EM11,2025-05-01,6,band1pp,True,0.2776,0.4917,True,True
FCPI,EM11,2025-05-01,7,band1pp,True,-0.5425,0.0116,True,True
FCPI,EM11,2025-05-01,8,band1pp,False,0.8937,-2.2398,True,False
FCPI,EM11,2025-05-01,9,band1pp,False,-1.0608,-0.8837,False,True
FCPI,EM11,2025-05-01,10,band1pp,False,-2.2876,-0.4004,False,True
FCPI,EM11,2025-05-01,11,band1pp,True,-0.3782,0.053,True,True
FCPI,EM11,2025-05-01,12,band1pp,True,0.3736,-0.3661,True,True
FCPI,EM11,2025-05-01,1,noband,True,2.9521,2.1732,False,False
FCPI,EM11,2025-05-01,2,noband,True,-1.6846,-1.7051,False,False
FCPI,EM11,2025-05-01,3,noband,True,-1.9444,-0.4458,False,False
FCPI,EM11,2025-05-01,4,noband,True,0.6511,1.8146,False,False
FCPI,EM11,2025-05-01,5,noband,True,0.9442,0.9149,False,False
FCPI,EM11,2025-05-01,6,noband,True,0.2776,0.4917,False,False
FCPI,EM11,2025-05-01,7,noband,False,-0.5425,0.0116,False,False
FCPI,EM11,2025-05-01,8,noband,False,0.8937,-2.2398,False,False
FCPI,EM11,2025-05-01,9,noband,True,-1.0608,-0.8837,False,False
FCPI,EM11,2025-05-01,10,noband,True,-2.2876,-0.4004,False,False
FCPI,EM11,2025-05-01,11,noband,False,-0.3782,0.053,False,False
FCPI,EM11,2025-05-01,12,noband,False,0.3736,-0.3661,False,False
FCPI,EM11,2025-06-01,1,band1pp,True,-1.6846,-1.2973,False,False
FCPI,EM11,2025-06-01,2,band1pp,False,-1.9444,-0.3963,False,True
FCPI,EM11,2025-06-01,3,band1pp,False,0.6511,1.3797,True,False
FCPI,EM11,2025-06-01,4,band1pp,True,0.9442,0.9393,True,True
FCPI,EM11,2025-06-01,5,band1pp,True,0.2776,0.6583,True,True
FCPI,EM11,2025-06-01,6,band1pp,True,-0.5425,0.4137,True,True
FCPI,EM11,2025-06-01,7,band1pp,False,0.8937,-1.6521,True,False
FCPI,EM11,2025-06-01,8,band1pp,False,-1.0608,-0.8704,False,True
FCPI,EM11,2025-06-01,9,band1pp,False,-2.2876,-0.8099,False,True
FCPI,EM11,2025-06-01,10,band1pp,True,-0.3782,-0.1811,True,True
FCPI,EM11,2025-06-01,11,band1pp,True,0.3736,-0.2508,True,True
FCPI,EM11,2025-06-01,12,band1pp,True,0.4445,-0.2637,True,True
FCPI,EM11,2025-06-01,1,noband,True,-1.6846,-1.2973,False,False
FCPI,EM11,2025-06-01,2,noband,True,-1.9444,-0.3963,False,False
FCPI,EM11,2025-06-01,3,noband,True,0.6511,1.3797,False,False
FCPI,EM11,2025-06-01,4,noband,True,0.9442,0.9393,False,False
FCPI,EM11,2025-06-01,5,noband,True,0.2776,0.6583,False,False
FCPI,EM11,2025-06-01,6,noband,False,-0.5425,0.4137,False,False
FCPI,EM11,2025-06-01,7,noband,False,0.8937,-1.6521,False,False
FCPI,EM11,2025-06-01,8,noband,True,-1.0608,-0.8704,False,False
FCPI,EM11,2025-06-01,9,noband,True,-2.2876,-0.8099,False,False
FCPI,EM11,2025-06-01,10,noband,True,-0.3782,-0.1811,False,False
FCPI,EM11,2025-06-01,11,noband,False,0.3736,-0.2508,False,False
FCPI,EM11,2025-06-01,12,noband,False,0.4445,-0.2637,False,False
FCPI,EM11,2025-07-01,1,band1pp,False,-1.9444,-0.8116,False,True
FCPI,EM11,2025-07-01,2,band1pp,False,0.6511,1.8451,True,False
FCPI,EM11,2025-07-01,3,band1pp,True,0.9442,0.9938,True,True
FCPI,EM11,2025-07-01,4,band1pp,True,0.2776,0.5578,True,True
FCPI,EM11,2025-07-01,5,band1pp,True,-0.5425,0.2324,True,True
FCPI,EM11,2025-07-01,6,band1pp,False,0.8937,-1.9463,True,False
FCPI,EM11,2025-07-01,7,band1pp,False,-1.0608,-0.5825,False,True
FCPI,EM11,2025-07-01,8,band1pp,False,-2.2876,-0.2503,False,True
FCPI,EM11,2025-07-01,9,band1pp,True,-0.3782,0.0573,True,True
FCPI,EM11,2025-07-01,10,band1pp,True,0.3736,-0.4053,True,True
FCPI,EM11,2025-07-01,11,band1pp,True,0.4445,-0.4901,True,True
FCPI,EM11,2025-07-01,12,band1pp,False,1.7611,0.4849,False,True
FCPI,EM11,2025-07-01,1,noband,True,-1.9444,-0.8116,False,False
FCPI,EM11,2025-07-01,2,noband,True,0.6511,1.8451,False,False
FCPI,EM11,2025-07-01,3,noband,True,0.9442,0.9938,False,False
FCPI,EM11,2025-07-01,4,noband,True,0.2776,0.5578,False,False
FCPI,EM11,2025-07-01,5,noband,False,-0.5425,0.2324,False,False
FCPI,EM11,2025-07-01,6,noband,False,0.8937,-1.9463,False,False
FCPI,EM11,2025-07-01,7,noband,True,-1.0608,-0.5825,False,False
FCPI,EM11,2025-07-01,8,noband,True,-2.2876,-0.2503,False,False
FCPI,EM11,2025-07-01,9,noband,False,-0.3782,0.0573,False,False
FCPI,EM11,2025-07-01,10,noband,False,0.3736,-0.4053,False,False
FCPI,EM11,2025-07-01,11,noband,False,0.4445,-0.4901,False,False
FCPI,EM11,2025-07-01,12,noband,True,1.7611,0.4849,False,False
FCPI,EM11,2025-08-01,1,band1pp,True,0.6511,0.9672,True,True
FCPI,EM11,2025-08-01,2,band1pp,True,0.9442,0.8226,True,True
FCPI,EM11,2025-08-01,3,band1pp,True,0.2776,0.7669,True,True
FCPI,EM11,2025-08-01,4,band1pp,True,-0.5425,0.8689,True,True
FCPI,EM11,2025-08-01,5,band1pp,False,0.8937,-1.4986,True,False
FCPI,EM11,2025-08-01,6,band1pp,False,-1.0608,-0.9587,False,True
FCPI,EM11,2025-08-01,7,band1pp,True,-2.2876,-1.3685,False,False
FCPI,EM11,2025-08-01,8,band1pp,True,-0.3782,-0.9011,True,True
FCPI,EM11,2025-08-01,9,band1pp,True,0.3736,-0.1964,True,True
FCPI,EM11,2025-08-01,10,band1pp,True,0.4445,-0.1691,True,True
FCPI,EM11,2025-08-01,11,band1pp,True,1.7611,1.1503,False,False
FCPI,EM11,2025-08-01,12,band1pp,True,1.5923,1.341,False,False
FCPI,EM11,2025-08-01,1,noband,True,0.6511,0.9672,False,False
FCPI,EM11,2025-08-01,2,noband,True,0.9442,0.8226,False,False
FCPI,EM11,2025-08-01,3,noband,True,0.2776,0.7669,False,False
FCPI,EM11,2025-08-01,4,noband,False,-0.5425,0.8689,False,False
FCPI,EM11,2025-08-01,5,noband,False,0.8937,-1.4986,False,False
FCPI,EM11,2025-08-01,6,noband,True,-1.0608,-0.9587,False,False
FCPI,EM11,2025-08-01,7,noband,True,-2.2876,-1.3685,False,False
FCPI,EM11,2025-08-01,8,noband,True,-0.3782,-0.9011,False,False
FCPI,EM11,2025-08-01,9,noband,False,0.3736,-0.1964,False,False
FCPI,EM11,2025-08-01,10,noband,False,0.4445,-0.1691,False,False
FCPI,EM11,2025-08-01,11,noband,True,1.7611,1.1503,False,False
FCPI,EM11,2025-08-01,12,noband,True,1.5923,1.341,False,False
FCPI,EM11,2025-09-01,1,band1pp,False,0.9442,1.066,True,False
FCPI,EM11,2025-09-01,2,band1pp,True,0.2776,0.56,True,True
FCPI,EM11,2025-09-01,3,band1pp,True,-0.5425,0.0957,True,True
FCPI,EM11,2025-09-01,4,band1pp,False,0.8937,-1.9404,True,False
FCPI,EM11,2025-09-01,5,band1pp,False,-1.0608,-0.6435,False,True
FCPI,EM11,2025-09-01,6,band1pp,False,-2.2876,-0.5362,False,True
FCPI,EM11,2025-09-01,7,band1pp,True,-0.3782,-0.0108,True,True
FCPI,EM11,2025-09-01,8,band1pp,True,0.3736,-0.2232,True,True
FCPI,EM11,2025-09-01,9,band1pp,True,0.4445,-0.4823,True,True
FCPI,EM11,2025-09-01,10,band1pp,False,1.7611,0.2389,False,True
FCPI,EM11,2025-09-01,11,band1pp,True,1.5923,1.5577,False,False
FCPI,EM11,2025-09-01,12,band1pp,True,1.7105,1.1237,False,False
FCPI,EM11,2025-09-01,1,noband,True,0.9442,1.066,False,False
FCPI,EM11,2025-09-01,2,noband,True,0.2776,0.56,False,False
FCPI,EM11,2025-09-01,3,noband,False,-0.5425,0.0957,False,False
FCPI,EM11,2025-09-01,4,noband,False,0.8937,-1.9404,False,False
FCPI,EM11,2025-09-01,5,noband,True,-1.0608,-0.6435,False,False
FCPI,EM11,2025-09-01,6,noband,True,-2.2876,-0.5362,False,False
FCPI,EM11,2025-09-01,7,noband,True,-0.3782,-0.0108,False,False
FCPI,EM11,2025-09-01,8,noband,False,0.3736,-0.2232,False,False
FCPI,EM11,2025-09-01,9,noband,False,0.4445,-0.4823,False,False
FCPI,EM11,2025-09-01,10,noband,True,1.7611,0.2389,False,False
FCPI,EM11,2025-09-01,11,noband,True,1.5923,1.5577,False,False
FCPI,EM11,2025-09-01,12,noband,True,1.7105,1.1237,False,False
FCPI,EM2,2024-05-01,1,band1pp,True,-2.7311,-1.1794,False,False
FCPI,EM2,2024-05-01,2,band1pp,False,1.3957,-0.2518,False,True
FCPI,EM2,2024-05-01,3,band1pp,True,0.9307,0.5872,True,True
FCPI,EM2,2024-05-01,4,band1pp,True,-0.5864,0.7878,True,True
FCPI,EM2,2024-05-01,5,band1pp,True,-1.7414,-1.1317,False,False
FCPI,EM2,2024-05-01,6,band1pp,True,0.8094,0.8415,True,True
FCPI,EM2,2024-05-01,7,band1pp,False,-1.3825,-0.7873,False,True
FCPI,EM2,2024-05-01,8,band1pp,False,-0.9299,-2.54,True,False
FCPI,EM2,2024-05-01,9,band1pp,True,-1.5428,-2.3693,False,False
FCPI,EM2,2024-05-01,10,band1pp,False,1.3892,0.5714,False,True
FCPI,EM2,2024-05-01,11,band1pp,True,1.8953,1.8674,False,False
FCPI,EM2,2024-05-01,12,band1pp,True,2.1313,1.574,False,False
FCPI,EM2,2024-05-01,1,noband,True,-2.7311,-1.1794,False,False
FCPI,EM2,2024-05-01,2,noband,False,1.3957,-0.2518,False,False
FCPI,EM2,2024-05-01,3,noband,True,0.9307,0.5872,False,False
FCPI,EM2,2024-05-01,4,noband,False,-0.5864,0.7878,False,False
FCPI,EM2,2024-05-01,5,noband,True,-1.7414,-1.1317,False,False
FCPI,EM2,2024-05-01,6,noband,True,0.8094,0.8415,False,False
FCPI,EM2,2024-05-01,7,noband,True,-1.3825,-0.7873,False,False
FCPI,EM2,2024-05-01,8,noband,True,-0.9299,-2.54,False,False
FCPI,EM2,2024-05-01,9,noband,True,-1.5428,-2.3693,False,False
FCPI,EM2,2024-05-01,10,noband,True,1.3892,0.5714,False,False
FCPI,EM2,2024-05-01,11,noband,True,1.8953,1.8674,False,False
FCPI,EM2,2024-05-01,12,noband,True,2.1313,1.574,False,False
FCPI,EM2,2024-06-01,1,band1pp,False,1.3957,-0.8264,False,True
FCPI,EM2,2024-06-01,2,band1pp,True,0.9307,0.5449,True,True
FCPI,EM2,2024-06-01,3,band1pp,False,-0.5864,1.2595,True,False
FCPI,EM2,2024-06-01,4,band1pp,False,-1.7414,-0.9097,False,True
FCPI,EM2,2024-06-01,5,band1pp,True,0.8094,0.9841,True,True
FCPI,EM2,2024-06-01,6,band1pp,True,-1.3825,-1.7783,False,False
FCPI,EM2,2024-06-01,7,band1pp,False,-0.9299,-3.1375,True,False
FCPI,EM2,2024-06-01,8,band1pp,True,-1.5428,-2.1642,False,False
FCPI,EM2,2024-06-01,9,band1pp,True,1.3892,1.1152,False,False
FCPI,EM2,2024-06-01,10,band1pp,True,1.8953,1.8974,False,False
FCPI,EM2,2024-06-01,11,band1pp,True,2.1313,1.5796,False,False
FCPI,EM2,2024-06-01,12,band1pp,True,2.9521,1.9073,False,False
FCPI,EM2,2024-06-01,1,noband,False,1.3957,-0.8264,False,False
FCPI,EM2,2024-06-01,2,noband,True,0.9307,0.5449,False,False
FCPI,EM2,2024-06-01,3,noband,False,-0.5864,1.2595,False,False
FCPI,EM2,2024-06-01,4,noband,True,-1.7414,-0.9097,False,False
FCPI,EM2,2024-06-01,5,noband,True,0.8094,0.9841,False,False
FCPI,EM2,2024-06-01,6,noband,True,-1.3825,-1.7783,False,False
FCPI,EM2,2024-06-01,7,noband,True,-0.9299,-3.1375,False,False
FCPI,EM2,2024-06-01,8,noband,True,-1.5428,-2.1642,False,False
FCPI,EM2,2024-06-01,9,noband,True,1.3892,1.1152,False,False
FCPI,EM2,2024-06-01,10,noband,True,1.8953,1.8974,False,False
FCPI,EM2,2024-06-01,11,noband,True,2.1313,1.5796,False,False
FCPI,EM2,2024-06-01,12,noband,True,2.9521,1.9073,False,False
FCPI,EM2,2024-07-01,1,band1pp,True,0.9307,0.4667,True,True
FCPI,EM2,2024-07-01,2,band1pp,False,-0.5864,1.0799,True,False
FCPI,EM2,2024-07-01,3,band1pp,False,-1.7414,-0.9695,False,True
FCPI,EM2,2024-07-01,4,band1pp,False,0.8094,1.2044,True,False
FCPI,EM2,2024-07-01,5,band1pp,True,-1.3825,-1.3461,False,False
FCPI,EM2,2024-07-01,6,band1pp,False,-0.9299,-2.9751,True,False
FCPI,EM2,2024-07-01,7,band1pp,True,-1.5428,-2.4604,False,False
FCPI,EM2,2024-07-01,8,band1pp,False,1.3892,0.8748,False,True
FCPI,EM2,2024-07-01,9,band1pp,True,1.8953,1.8554,False,False
FCPI,EM2,2024-07-01,10,band1pp,True,2.1313,1.6482,False,False
FCPI,EM2,2024-07-01,11,band1pp,True,2.9521,2.1811,False,False
FCPI,EM2,2024-07-01,12,band1pp,True,-1.6846,-1.8461,False,False
FCPI,EM2,2024-07-01,1,noband,True,0.9307,0.4667,False,False
FCPI,EM2,2024-07-01,2,noband,False,-0.5864,1.0799,False,False
FCPI,EM2,2024-07-01,3,noband,True,-1.7414,-0.9695,False,False
FCPI,EM2,2024-07-01,4,noband,True,0.8094,1.2044,False,False
FCPI,EM2,2024-07-01,5,noband,True,-1.3825,-1.3461,False,False
FCPI,EM2,2024-07-01,6,noband,True,-0.9299,-2.9751,False,False
FCPI,EM2,2024-07-01,7,noband,True,-1.5428,-2.4604,False,False
FCPI,EM2,2024-07-01,8,noband,True,1.3892,0.8748,False,False
FCPI,EM2,2024-07-01,9,noband,True,1.8953,1.8554,False,False
FCPI,EM2,2024-07-01,10,noband,True,2.1313,1.6482,False,False
FCPI,EM2,2024-07-01,11,noband,True,2.9521,2.1811,False,False
FCPI,EM2,2024-07-01,12,noband,True,-1.6846,-1.8461,False,False
FCPI,EM2,2024-08-01,1,band1pp,False,-0.5864,2.3165,True,False
FCPI,EM2,2024-08-01,2,band1pp,True,-1.7414,-1.1187,False,False
FCPI,EM2,2024-08-01,3,band1pp,False,0.8094,1.1832,True,False
FCPI,EM2,2024-08-01,4,band1pp,True,-1.3825,-1.497,False,False
FCPI,EM2,2024-08-01,5,band1pp,False,-0.9299,-2.9352,True,False
FCPI,EM2,2024-08-01,6,band1pp,True,-1.5428,-2.1332,False,False
FCPI,EM2,2024-08-01,7,band1pp,False,1.3892,0.3564,False,True
FCPI,EM2,2024-08-01,8,band1pp,True,1.8953,1.6081,False,False
FCPI,EM2,2024-08-01,9,band1pp,True,2.1313,1.7713,False,False
FCPI,EM2,2024-08-01,10,band1pp,True,2.9521,2.2285,False,False
FCPI,EM2,2024-08-01,11,band1pp,True,-1.6846,-1.4759,False,False
FCPI,EM2,2024-08-01,12,band1pp,False,-1.9444,-0.8636,False,True
FCPI,EM2,2024-08-01,1,noband,False,-0.5864,2.3165,False,False
FCPI,EM2,2024-08-01,2,noband,True,-1.7414,-1.1187,False,False
FCPI,EM2,2024-08-01,3,noband,True,0.8094,1.1832,False,False
FCPI,EM2,2024-08-01,4,noband,True,-1.3825,-1.497,False,False
FCPI,EM2,2024-08-01,5,noband,True,-0.9299,-2.9352,False,False
FCPI,EM2,2024-08-01,6,noband,True,-1.5428,-2.1332,False,False
FCPI,EM2,2024-08-01,7,noband,True,1.3892,0.3564,False,False
FCPI,EM2,2024-08-01,8,noband,True,1.8953,1.6081,False,False
FCPI,EM2,2024-08-01,9,noband,True,2.1313,1.7713,False,False
FCPI,EM2,2024-08-01,10,noband,True,2.9521,2.2285,False,False
FCPI,EM2,2024-08-01,11,noband,True,-1.6846,-1.4759,False,False
FCPI,EM2,2024-08-01,12,noband,True,-1.9444,-0.8636,False,False
FCPI,EM2,2024-09-01,1,band1pp,False,-1.7414,2.6446,False,False
FCPI,EM2,2024-09-01,2,band1pp,False,0.8094,1.292,True,False
FCPI,EM2,2024-09-01,3,band1pp,True,-1.3825,-1.6174,False,False
FCPI,EM2,2024-09-01,4,band1pp,False,-0.9299,-3.3304,True,False
FCPI,EM2,2024-09-01,5,band1pp,True,-1.5428,-2.2518,False,False
FCPI,EM2,2024-09-01,6,band1pp,True,1.3892,1.0865,False,False
FCPI,EM2,2024-09-01,7,band1pp,True,1.8953,1.8594,False,False
FCPI,EM2,2024-09-01,8,band1pp,True,2.1313,1.6305,False,False
FCPI,EM2,2024-09-01,9,band1pp,True,2.9521,1.9687,False,False
FCPI,EM2,2024-09-01,10,band1pp,True,-1.6846,-2.1938,False,False
FCPI,EM2,2024-09-01,11,band1pp,False,-1.9444,-0.4816,False,True
FCPI,EM2,2024-09-01,12,band1pp,False,0.6511,1.8703,True,False
FCPI,EM2,2024-09-01,1,noband,False,-1.7414,2.6446,False,False
FCPI,EM2,2024-09-01,2,noband,True,0.8094,1.292,False,False
FCPI,EM2,2024-09-01,3,noband,True,-1.3825,-1.6174,False,False
FCPI,EM2,2024-09-01,4,noband,True,-0.9299,-3.3304,False,False
FCPI,EM2,2024-09-01,5,noband,True,-1.5428,-2.2518,False,False
FCPI,EM2,2024-09-01,6,noband,True,1.3892,1.0865,False,False
FCPI,EM2,2024-09-01,7,noband,True,1.8953,1.8594,False,False
FCPI,EM2,2024-09-01,8,noband,True,2.1313,1.6305,False,False
FCPI,EM2,2024-09-01,9,noband,True,2.9521,1.9687,False,False
FCPI,EM2,2024-09-01,10,noband,True,-1.6846,-2.1938,False,False
FCPI,EM2,2024-09-01,11,noband,True,-1.9444,-0.4816,False,False
FCPI,EM2,2024-09-01,12,noband,True,0.6511,1.8703,False,False
FCPI,EM2,2024-10-01,1,band1pp,False,0.8094,5.7663,True,False
FCPI,EM2,2024-10-01,2,band1pp,True,-1.3825,-1.8714,False,False
FCPI,EM2,2024-10-01,3,band1pp,False,-0.9299,-3.5767,True,False
FCPI,EM2,2024-10-01,4,band1pp,True,-1.5428,-2.373,False,False
FCPI,EM2,2024-10-01,5,band1pp,True,1.3892,1.2369,False,False
FCPI,EM2,2024-10-01,6,band1pp,True,1.8953,2.2695,False,False
FCPI,EM2,2024-10-01,7,band1pp,True,2.1313,1.4279,False,False
FCPI,EM2,2024-10-01,8,band1pp,True,2.9521,1.7924,False,False
FCPI,EM2,2024-10-01,9,band1pp,True,-1.6846,-2.4719,False,False
FCPI,EM2,2024-10-01,10,band1pp,False,-1.9444,-0.5587,False,True
FCPI,EM2,2024-10-01,11,band1pp,False,0.6511,1.9478,True,False
FCPI,EM2,2024-10-01,12,band1pp,True,0.9442,0.9674,True,True
FCPI,EM2,2024-10-01,1,noband,True,0.8094,5.7663,False,False
FCPI,EM2,2024-10-01,2,noband,True,-1.3825,-1.8714,False,False
FCPI,EM2,2024-10-01,3,noband,True,-0.9299,-3.5767,False,False
FCPI,EM2,2024-10-01,4,noband,True,-1.5428,-2.373,False,False
FCPI,EM2,2024-10-01,5,noband,True,1.3892,1.2369,False,False
FCPI,EM2,2024-10-01,6,noband,True,1.8953,2.2695,False,False
FCPI,EM2,2024-10-01,7,noband,True,2.1313,1.4279,False,False
FCPI,EM2,2024-10-01,8,noband,True,2.9521,1.7924,False,False
FCPI,EM2,2024-10-01,9,noband,True,-1.6846,-2.4719,False,False
FCPI,EM2,2024-10-01,10,noband,True,-1.9444,-0.5587,False,False
FCPI,EM2,2024-10-01,11,noband,True,0.6511,1.9478,False,False
FCPI,EM2,2024-10-01,12,noband,True,0.9442,0.9674,False,False
FCPI,EM2,2024-11-01,1,band1pp,False,-1.3825,-0.6209,False,True
FCPI,EM2,2024-11-01,2,band1pp,False,-0.9299,-1.8661,True,False
FCPI,EM2,2024-11-01,3,band1pp,True,-1.5428,-4.11,False,False
FCPI,EM2,2024-11-01,4,band1pp,False,1.3892,0.3604,False,True
FCPI,EM2,2024-11-01,5,band1pp,True,1.8953,1.802,False,False
FCPI,EM2,2024-11-01,6,band1pp,True,2.1313,1.5957,False,False
FCPI,EM2,2024-11-01,7,band1pp,True,2.9521,1.947,False,False
FCPI,EM2,2024-11-01,8,band1pp,True,-1.6846,-1.6497,False,False
FCPI,EM2,2024-11-01,9,band1pp,False,-1.9444,0.0685,False,True
FCPI,EM2,2024-11-01,10,band1pp,False,0.6511,2.2344,True,False
FCPI,EM2,2024-11-01,11,band1pp,False,0.9442,1.8736,True,False
FCPI,EM2,2024-11-01,12,band1pp,False,0.2776,1.9306,True,False
FCPI,EM2,2024-11-01,1,noband,True,-1.3825,-0.6209,False,False
FCPI,EM2,2024-11-01,2,noband,True,-0.9299,-1.8661,False,False
FCPI,EM2,2024-11-01,3,noband,True,-1.5428,-4.11,False,False
FCPI,EM2,2024-11-01,4,noband,True,1.3892,0.3604,False,False
FCPI,EM2,2024-11-01,5,noband,True,1.8953,1.802,False,False
FCPI,EM2,2024-11-01,6,noband,True,2.1313,1.5957,False,False
FCPI,EM2,2024-11-01,7,noband,True,2.9521,1.947,False,False
FCPI,EM2,2024-11-01,8,noband,True,-1.6846,-1.6497,False,False
FCPI,EM2,2024-11-01,9,noband,False,-1.9444,0.0685,False,False
FCPI,EM2,2024-11-01,10,noband,True,0.6511,2.2344,False,False
FCPI,EM2,2024-11-01,11,noband,True,0.9442,1.8736,False,False
FCPI,EM2,2024-11-01,12,noband,True,0.2776,1.9306,False,False
FCPI,EM2,2024-12-01,1,band1pp,False,-0.9299,-2.4653,True,False
FCPI,EM2,2024-12-01,2,band1pp,True,-1.5428,-2.5347,False,False
FCPI,EM2,2024-12-01,3,band1pp,False,1.3892,0.791,False,True
FCPI,EM2,2024-12-01,4,band1pp,True,1.8953,1.8802,False,False
FCPI,EM2,2024-12-01,5,band1pp,True,2.1313,1.4249,False,False
FCPI,EM2,2024-12-01,6,band1pp,True,2.9521,1.8634,False,False
FCPI,EM2,2024-12-01,7,band1pp,True,-1.6846,-2.0289,False,False
FCPI,EM2,2024-12-01,8,band1pp,False,-1.9444,-0.3954,False,True
FCPI,EM2,2024-12-01,9,band1pp,False,0.6511,1.6233,True,False
FCPI,EM2,2024-12-01,10,band1pp,True,0.9442,0.4291,True,True
FCPI,EM2,2024-12-01,11,band1pp,True,0.2776,0.2674,True,True
FCPI,EM2,2024-12-01,12,band1pp,True,-0.5425,-0.0225,True,True
FCPI,EM2,2024-12-01,1,noband,True,-0.9299,-2.4653,False,False
FCPI,EM2,2024-12-01,2,noband,True,-1.5428,-2.5347,False,False
FCPI,EM2,2024-12-01,3,noband,True,1.3892,0.791,False,False
FCPI,EM2,2024-12-01,4,noband,True,1.8953,1.8802,False,False
FCPI,EM2,2024-12-01,5,noband,True,2.1313,1.4249,False,False
FCPI,EM2,2024-12-01,6,noband,True,2.9521,1.8634,False,False
FCPI,EM2,2024-12-01,7,noband,True,-1.6846,-2.0289,False,False
FCPI,EM2,2024-12-01,8,noband,True,-1.9444,-0.3954,False,False
FCPI,EM2,2024-12-01,9,noband,True,0.6511,1.6233,False,False
FCPI,EM2,2024-12-01,10,noband,True,0.9442,0.4291,False,False
FCPI,EM2,2024-12-01,11,noband,True,0.2776,0.2674,False,False
FCPI,EM2,2024-12-01,12,noband,True,-0.5425,-0.0225,False,False
FCPI,EM2,2025-01-01,1,band1pp,True,-1.5428,-3.9998,False,False
FCPI,EM2,2025-01-01,2,band1pp,False,1.3892,0.9359,False,True
FCPI,EM2,2025-01-01,3,band1pp,True,1.8953,1.8427,False,False
FCPI,EM2,2025-01-01,4,band1pp,True,2.1313,1.3726,False,False
FCPI,EM2,2025-01-01,5,band1pp,True,2.9521,1.7901,False,False
FCPI,EM2,2025-01-01,6,band1pp,True,-1.6846,-1.891,False,False
FCPI,EM2,2025-01-01,7,band1pp,False,-1.9444,-0.4196,False,True
FCPI,EM2,2025-01-01,8,band1pp,False,0.6511,1.8029,True,False
FCPI,EM2,2025-01-01,9,band1pp,True,0.9442,0.6675,True,True
FCPI,EM2,2025-01-01,10,band1pp,True,0.2776,0.3278,True,True
FCPI,EM2,2025-01-01,11,band1pp,True,-0.5425,-0.363,True,True
FCPI,EM2,2025-01-01,12,band1pp,False,0.8937,-2.2134,True,False
FCPI,EM2,2025-01-01,1,noband,True,-1.5428,-3.9998,False,False
FCPI,EM2,2025-01-01,2,noband,True,1.3892,0.9359,False,False
FCPI,EM2,2025-01-01,3,noband,True,1.8953,1.8427,False,False
FCPI,EM2,2025-01-01,4,noband,True,2.1313,1.3726,False,False
FCPI,EM2,2025-01-01,5,noband,True,2.9521,1.7901,False,False
FCPI,EM2,2025-01-01,6,noband,True,-1.6846,-1.891,False,False
FCPI,EM2,2025-01-01,7,noband,True,-1.9444,-0.4196,False,False
FCPI,EM2,2025-01-01,8,noband,True,0.6511,1.8029,False,False
FCPI,EM2,2025-01-01,9,noband,True,0.9442,0.6675,False,False
FCPI,EM2,2025-01-01,10,noband,True,0.2776,0.3278,False,False
FCPI,EM2,2025-01-01,11,noband,True,-0.5425,-0.363,False,False
FCPI,EM2,2025-01-01,12,noband,False,0.8937,-2.2134,False,False
FCPI,EM2,2025-02-01,1,band1pp,False,1.3892,-2.1726,False,False
FCPI,EM2,2025-02-01,2,band1pp,True,1.8953,1.932,False,False
FCPI,EM2,2025-02-01,3,band1pp,True,2.1313,1.1669,False,False
FCPI,EM2,2025-02-01,4,band1pp,True,2.9521,1.827,False,False
FCPI,EM2,2025-02-01,5,band1pp,True,-1.6846,-1.9681,False,False
FCPI,EM2,2025-02-01,6,band1pp,False,-1.9444,-0.0501,False,True
FCPI,EM2,2025-02-01,7,band1pp,False,0.6511,1.83,True,False
FCPI,EM2,2025-02-01,8,band1pp,True,0.9442,0.8369,True,True
FCPI,EM2,2025-02-01,9,band1pp,True,0.2776,0.062,True,True
FCPI,EM2,2025-02-01,10,band1pp,True,-0.5425,-0.2539,True,True
FCPI,EM2,2025-02-01,11,band1pp,False,0.8937,-2.5196,True,False
FCPI,EM2,2025-02-01,12,band1pp,False,-1.0608,-0.8042,False,True
FCPI,EM2,2025-02-01,1,noband,False,1.3892,-2.1726,False,False
FCPI,EM2,2025-02-01,2,noband,True,1.8953,1.932,False,False
FCPI,EM2,2025-02-01,3,noband,True,2.1313,1.1669,False,False
FCPI,EM2,2025-02-01,4,noband,True,2.9521,1.827,False,False
FCPI,EM2,2025-02-01,5,noband,True,-1.6846,-1.9681,False,False
FCPI,EM2,2025-02-01,6,noband,True,-1.9444,-0.0501,False,False
FCPI,EM2,2025-02-01,7,noband,True,0.6511,1.83,False,False
FCPI,EM2,2025-02-01,8,noband,True,0.9442,0.8369,False,False
FCPI,EM2,2025-02-01,9,noband,True,0.2776,0.062,False,False
FCPI,EM2,2025-02-01,10,noband,True,-0.5425,-0.2539,False,False
FCPI,EM2,2025-02-01,11,noband,False,0.8937,-2.5196,False,False
FCPI,EM2,2025-02-01,12,noband,True,-1.0608,-0.8042,False,False
FCPI,EM2,2025-03-01,1,band1pp,False,1.8953,0.7156,False,True
FCPI,EM2,2025-03-01,2,band1pp,True,2.1313,1.1021,False,False
FCPI,EM2,2025-03-01,3,band1pp,True,2.9521,2.0546,False,False
FCPI,EM2,2025-03-01,4,band1pp,True,-1.6846,-1.5002,False,False
FCPI,EM2,2025-03-01,5,band1pp,False,-1.9444,0.3539,False,True
FCPI,EM2,2025-03-01,6,band1pp,False,0.6511,2.9425,True,False
FCPI,EM2,2025-03-01,7,band1pp,False,0.9442,1.7299,True,False
FCPI,EM2,2025-03-01,8,band1pp,False,0.2776,1.6702,True,False
FCPI,EM2,2025-03-01,9,band1pp,True,-0.5425,0.8411,True,True
FCPI,EM2,2025-03-01,10,band1pp,False,0.8937,-1.6412,True,False
FCPI,EM2,2025-03-01,11,band1pp,True,-1.0608,-1.3472,False,False
FCPI,EM2,2025-03-01,12,band1pp,False,-2.2876,0.3808,False,True
FCPI,EM2,2025-03-01,1,noband,True,1.8953,0.7156,False,False
FCPI,EM2,2025-03-01,2,noband,True,2.1313,1.1021,False,False
FCPI,EM2,2025-03-01,3,noband,True,2.9521,2.0546,False,False
FCPI,EM2,2025-03-01,4,noband,True,-1.6846,-1.5002,False,False
FCPI,EM2,2025-03-01,5,noband,False,-1.9444,0.3539,False,False
FCPI,EM2,2025-03-01,6,noband,True,0.6511,2.9425,False,False
FCPI,EM2,2025-03-01,7,noband,True,0.9442,1.7299,False,False
FCPI,EM2,2025-03-01,8,noband,True,0.2776,1.6702,False,False
FCPI,EM2,2025-03-01,9,noband,False,-0.5425,0.8411,False,False
FCPI,EM2,2025-03-01,10,noband,False,0.8937,-1.6412,False,False
FCPI,EM2,2025-03-01,11,noband,True,-1.0608,-1.3472,False,False
FCPI,EM2,2025-03-01,12,noband,False,-2.2876,0.3808,False,False
FCPI,EM2,2025-04-01,1,band1pp,True,2.1313,2.007,False,False
FCPI,EM2,2025-04-01,2,band1pp,True,2.9521,1.2734,False,False
FCPI,EM2,2025-04-01,3,band1pp,True,-1.6846,-1.9941,False,False
FCPI,EM2,2025-04-01,4,band1pp,False,-1.9444,0.0805,False,True
FCPI,EM2,2025-04-01,5,band1pp,False,0.6511,2.6126,True,False
FCPI,EM2,2025-04-01,6,band1pp,False,0.9442,1.897,True,False
FCPI,EM2,2025-04-01,7,band1pp,False,0.2776,1.7957,True,False
FCPI,EM2,2025-04-01,8,band1pp,False,-0.5425,1.372,True,False
FCPI,EM2,2025-04-01,9,band1pp,True,0.8937,-0.4938,True,True
FCPI,EM2,2025-04-01,10,band1pp,False,-1.0608,-0.6584,False,True
FCPI,EM2,2025-04-01,11,band1pp,False,-2.2876,0.4211,False,True
FCPI,EM2,2025-04-01,12,band1pp,False,-0.3782,1.0073,True,False
FCPI,EM2,2025-04-01,1,noband,True,2.1313,2.007,False,False
FCPI,EM2,2025-04-01,2,noband,True,2.9521,1.2734,False,False
FCPI,EM2,2025-04-01,3,noband,True,-1.6846,-1.9941,False,False
FCPI,EM2,2025-04-01,4,noband,False,-1.9444,0.0805,False,False
FCPI,EM2,2025-04-01,5,noband,True,0.6511,2.6126,False,False
FCPI,EM2,2025-04-01,6,noband,True,0.9442,1.897,False,False
FCPI,EM2,2025-04-01,7,noband,True,0.2776,1.7957,False,False
FCPI,EM2,2025-04-01,8,noband,False,-0.5425,1.372,False,False
FCPI,EM2,2025-04-01,9,noband,False,0.8937,-0.4938,False,False
FCPI,EM2,2025-04-01,10,noband,True,-1.0608,-0.6584,False,False
FCPI,EM2,2025-04-01,11,noband,False,-2.2876,0.4211,False,False
FCPI,EM2,2025-04-01,12,noband,False,-0.3782,1.0073,False,False
FCPI,EM2,2025-05-01,1,band1pp,True,2.9521,2.8421,False,False
FCPI,EM2,2025-05-01,2,band1pp,False,-1.6846,-0.5312,False,True
FCPI,EM2,2025-05-01,3,band1pp,False,-1.9444,-0.86,False,True
FCPI,EM2,2025-05-01,4,band1pp,True,0.6511,0.7377,True,True
FCPI,EM2,2025-05-01,5,band1pp,False,0.9442,1.0166,True,False
FCPI,EM2,2025-05-01,6,band1pp,True,0.2776,0.9228,True,True
FCPI,EM2,2025-05-01,7,band1pp,True,-0.5425,0.8392,True,True
FCPI,EM2,2025-05-01,8,band1pp,False,0.8937,-1.2222,True,False
FCPI,EM2,2025-05-01,9,band1pp,False,-1.0608,-0.755,False,True
FCPI,EM2,2025-05-01,10,band1pp,True,-2.2876,-1.3125,False,False
FCPI,EM2,2025-05-01,11,band1pp,True,-0.3782,-0.8479,True,True
FCPI,EM2,2025-05-01,12,band1pp,True,0.3736,-0.442,True,True
FCPI,EM2,2025-05-01,1,noband,True,2.9521,2.8421,False,False
FCPI,EM2,2025-05-01,2,noband,True,-1.6846,-0.5312,False,False
FCPI,EM2,2025-05-01,3,noband,True,-1.9444,-0.86,False,False
FCPI,EM2,2025-05-01,4,noband,True,0.6511,0.7377,False,False
FCPI,EM2,2025-05-01,5,noband,True,0.9442,1.0166,False,False
FCPI,EM2,2025-05-01,6,noband,True,0.2776,0.9228,False,False
FCPI,EM2,2025-05-01,7,noband,False,-0.5425,0.8392,False,False
FCPI,EM2,2025-05-01,8,noband,False,0.8937,-1.2222,False,False
FCPI,EM2,2025-05-01,9,noband,True,-1.0608,-0.755,False,False
FCPI,EM2,2025-05-01,10,noband,True,-2.2876,-1.3125,False,False
FCPI,EM2,2025-05-01,11,noband,True,-0.3782,-0.8479,False,False
FCPI,EM2,2025-05-01,12,noband,False,0.3736,-0.442,False,False
FCPI,EM2,2025-06-01,1,band1pp,False,-1.6846,0.7326,False,True
FCPI,EM2,2025-06-01,2,band1pp,False,-1.9444,-0.9695,False,True
FCPI,EM2,2025-06-01,3,band1pp,True,0.6511,0.2384,True,True
FCPI,EM2,2025-06-01,4,band1pp,True,0.9442,0.197,True,True
FCPI,EM2,2025-06-01,5,band1pp,True,0.2776,0.9249,True,True
FCPI,EM2,2025-06-01,6,band1pp,False,-0.5425,1.8351,True,False
FCPI,EM2,2025-06-01,7,band1pp,True,0.8937,-0.9616,True,True
FCPI,EM2,2025-06-01,8,band1pp,False,-1.0608,-0.8553,False,True
FCPI,EM2,2025-06-01,9,band1pp,True,-2.2876,-1.7636,False,False
FCPI,EM2,2025-06-01,10,band1pp,False,-0.3782,-1.7,True,False
FCPI,EM2,2025-06-01,11,band1pp,True,0.3736,0.4294,True,True
FCPI,EM2,2025-06-01,12,band1pp,True,0.4445,-0.0523,True,True
FCPI,EM2,2025-06-01,1,noband,False,-1.6846,0.7326,False,False
FCPI,EM2,2025-06-01,2,noband,True,-1.9444,-0.9695,False,False
FCPI,EM2,2025-06-01,3,noband,True,0.6511,0.2384,False,False
FCPI,EM2,2025-06-01,4,noband,True,0.9442,0.197,False,False
FCPI,EM2,2025-06-01,5,noband,True,0.2776,0.9249,False,False
FCPI,EM2,2025-06-01,6,noband,False,-0.5425,1.8351,False,False
FCPI,EM2,2025-06-01,7,noband,False,0.8937,-0.9616,False,False
FCPI,EM2,2025-06-01,8,noband,True,-1.0608,-0.8553,False,False
FCPI,EM2,2025-06-01,9,noband,True,-2.2876,-1.7636,False,False
FCPI,EM2,2025-06-01,10,noband,True,-0.3782,-1.7,False,False
FCPI,EM2,2025-06-01,11,noband,True,0.3736,0.4294,False,False
FCPI,EM2,2025-06-01,12,noband,False,0.4445,-0.0523,False,False
FCPI,EM2,2025-07-01,1,band1pp,True,-1.9444,-1.2711,False,False
FCPI,EM2,2025-07-01,2,band1pp,False,0.6511,1.3722,True,False
FCPI,EM2,2025-07-01,3,band1pp,True,0.9442,0.6484,True,True
FCPI,EM2,2025-07-01,4,band1pp,True,0.2776,0.4107,True,True
FCPI,EM2,2025-07-01,5,band1pp,True,-0.5425,0.6303,True,True
FCPI,EM2,2025-07-01,6,band1pp,False,0.8937,-1.5143,True,False
FCPI,EM2,2025-07-01,7,band1pp,True,-1.0608,-1.0936,False,False
FCPI,EM2,2025-07-01,8,band1pp,False,-2.2876,-0.6705,False,True
FCPI,EM2,2025-07-01,9,band1pp,True,-0.3782,-0.3512,True,True
FCPI,EM2,2025-07-01,10,band1pp,True,0.3736,-0.665,True,True
FCPI,EM2,2025-07-01,11,band1pp,True,0.4445,-0.2948,True,True
FCPI,EM2,2025-07-01,12,band1pp,False,1.7611,0.2972,False,True
FCPI,EM2,2025-07-01,1,noband,True,-1.9444,-1.2711,False,False
FCPI,EM2,2025-07-01,2,noband,True,0.6511,1.3722,False,False
FCPI,EM2,2025-07-01,3,noband,True,0.9442,0.6484,False,False
FCPI,EM2,2025-07-01,4,noband,True,0.2776,0.4107,False,False
FCPI,EM2,2025-07-01,5,noband,False,-0.5425,0.6303,False,False
FCPI,EM2,2025-07-01,6,noband,False,0.8937,-1.5143,False,False
FCPI,EM2,2025-07-01,7,noband,True,-1.0608,-1.0936,False,False
FCPI,EM2,2025-07-01,8,noband,True,-2.2876,-0.6705,False,False
FCPI,EM2,2025-07-01,9,noband,True,-0.3782,-0.3512,False,False
FCPI,EM2,2025-07-01,10,noband,False,0.3736,-0.665,False,False
FCPI,EM2,2025-07-01,11,noband,False,0.4445,-0.2948,False,False
FCPI,EM2,2025-07-01,12,noband,True,1.7611,0.2972,False,False
FCPI,EM2,2025-08-01,1,band1pp,False,0.6511,1.3312,True,False
FCPI,EM2,2025-08-01,2,band1pp,True,0.9442,0.6201,True,True
FCPI,EM2,2025-08-01,3,band1pp,True,0.2776,0.6501,True,True
FCPI,EM2,2025-08-01,4,band1pp,True,-0.5425,0.1078,True,True
FCPI,EM2,2025-08-01,5,band1pp,False,0.8937,-1.945,True,False
FCPI,EM2,2025-08-01,6,band1pp,False,-1.0608,-0.9936,False,True
FCPI,EM2,2025-08-01,7,band1pp,True,-2.2876,-1.0687,False,False
FCPI,EM2,2025-08-01,8,band1pp,True,-0.3782,-0.0974,True,True
FCPI,EM2,2025-08-01,9,band1pp,True,0.3736,0.0689,True,True
FCPI,EM2,2025-08-01,10,band1pp,True,0.4445,-0.408,True,True
FCPI,EM2,2025-08-01,11,band1pp,False,1.7611,0.0175,False,True
FCPI,EM2,2025-08-01,12,band1pp,True,1.5923,1.266,False,False
FCPI,EM2,2025-08-01,1,noband,True,0.6511,1.3312,False,False
FCPI,EM2,2025-08-01,2,noband,True,0.9442,0.6201,False,False
FCPI,EM2,2025-08-01,3,noband,True,0.2776,0.6501,False,False
FCPI,EM2,2025-08-01,4,noband,False,-0.5425,0.1078,False,False
FCPI,EM2,2025-08-01,5,noband,False,0.8937,-1.945,False,False
FCPI,EM2,2025-08-01,6,noband,True,-1.0608,-0.9936,False,False
FCPI,EM2,2025-08-01,7,noband,True,-2.2876,-1.0687,False,False
FCPI,EM2,2025-08-01,8,noband,True,-0.3782,-0.0974,False,False
FCPI,EM2,2025-08-01,9,noband,True,0.3736,0.0689,False,False
FCPI,EM2,2025-08-01,10,noband,False,0.4445,-0.408,False,False
FCPI,EM2,2025-08-01,11,noband,True,1.7611,0.0175,False,False
FCPI,EM2,2025-08-01,12,noband,True,1.5923,1.266,False,False
FCPI,EM2,2025-09-01,1,band1pp,True,0.9442,0.8272,True,True
FCPI,EM2,2025-09-01,2,band1pp,True,0.2776,0.676,True,True
FCPI,EM2,2025-09-01,3,band1pp,True,-0.5425,-0.0092,True,True
FCPI,EM2,2025-09-01,4,band1pp,False,0.8937,-1.9628,True,False
FCPI,EM2,2025-09-01,5,band1pp,False,-1.0608,-0.544,False,True
FCPI,EM2,2025-09-01,6,band1pp,False,-2.2876,0.1608,False,True
FCPI,EM2,2025-09-01,7,band1pp,True,-0.3782,0.5815,True,True
FCPI,EM2,2025-09-01,8,band1pp,True,0.3736,-0.2515,True,True
FCPI,EM2,2025-09-01,9,band1pp,True,0.4445,-0.6957,True,True
FCPI,EM2,2025-09-01,10,band1pp,False,1.7611,-0.3543,False,True
FCPI,EM2,2025-09-01,11,band1pp,True,1.5923,1.5683,False,False
FCPI,EM2,2025-09-01,12,band1pp,True,1.7105,1.4561,False,False
FCPI,EM2,2025-09-01,1,noband,True,0.9442,0.8272,False,False
FCPI,EM2,2025-09-01,2,noband,True,0.2776,0.676,False,False
FCPI,EM2,2025-09-01,3,noband,True,-0.5425,-0.0092,False,False
FCPI,EM2,2025-09-01,4,noband,False,0.8937,-1.9628,False,False
FCPI,EM2,2025-09-01,5,noband,True,-1.0608,-0.544,False,False
FCPI,EM2,2025-09-01,6,noband,False,-2.2876,0.1608,False,False
FCPI,EM2,2025-09-01,7,noband,False,-0.3782,0.5815,False,False
FCPI,EM2,2025-09-01,8,noband,False,0.3736,-0.2515,False,False
FCPI,EM2,2025-09-01,9,noband,False,0.4445,-0.6957,False,False
FCPI,EM2,2025-09-01,10,noband,False,1.7611,-0.3543,False,False
FCPI,EM2,2025-09-01,11,noband,True,1.5923,1.5683,False,False
FCPI,EM2,2025-09-01,12,noband,True,1.7105,1.4561,False,False
FCPI,EM4,2024-05-01,1,band1pp,True,-2.7311,-1.1818,False,False
FCPI,EM4,2024-05-01,2,band1pp,False,1.3957,-0.2503,False,True
FCPI,EM4,2024-05-01,3,band1pp,True,0.9307,0.5885,True,True
FCPI,EM4,2024-05-01,4,band1pp,True,-0.5864,0.7865,True,True
FCPI,EM4,2024-05-01,5,band1pp,True,-1.7414,-1.135,False,False
FCPI,EM4,2024-05-01,6,band1pp,True,0.8094,0.84,True,True
FCPI,EM4,2024-05-01,7,band1pp,False,-1.3825,-0.7855,False,True
FCPI,EM4,2024-05-01,8,band1pp,False,-0.9299,-2.5407,True,False
FCPI,EM4,2024-05-01,9,band1pp,True,-1.5428,-2.3731,False,False
FCPI,EM4,2024-05-01,10,band1pp,False,1.3892,0.5698,False,True
FCPI,EM4,2024-05-01,11,band1pp,True,1.8953,1.8689,False,False
FCPI,EM4,2024-05-01,12,band1pp,True,2.1313,1.5749,False,False
FCPI,EM4,2024-05-01,1,noband,True,-2.7311,-1.1818,False,False
FCPI,EM4,2024-05-01,2,noband,False,1.3957,-0.2503,False,False
FCPI,EM4,2024-05-01,3,noband,True,0.9307,0.5885,False,False
FCPI,EM4,2024-05-01,4,noband,False,-0.5864,0.7865,False,False
FCPI,EM4,2024-05-01,5,noband,True,-1.7414,-1.135,False,False
FCPI,EM4,2024-05-01,6,noband,True,0.8094,0.84,False,False
FCPI,EM4,2024-05-01,7,noband,True,-1.3825,-0.7855,False,False
FCPI,EM4,2024-05-01,8,noband,True,-0.9299,-2.5407,False,False
FCPI,EM4,2024-05-01,9,noband,True,-1.5428,-2.3731,False,False
FCPI,EM4,2024-05-01,10,noband,True,1.3892,0.5698,False,False
FCPI,EM4,2024-05-01,11,noband,True,1.8953,1.8689,False,False
FCPI,EM4,2024-05-01,12,noband,True,2.1313,1.5749,False,False
FCPI,EM4,2024-06-01,1,band1pp,False,1.3957,-0.8264,False,True
FCPI,EM4,2024-06-01,2,band1pp,True,0.9307,0.5449,True,True
FCPI,EM4,2024-06-01,3,band1pp,False,-0.5864,1.2595,True,False
FCPI,EM4,2024-06-01,4,band1pp,False,-1.7414,-0.9097,False,True
FCPI,EM4,2024-06-01,5,band1pp,True,0.8094,0.9841,True,True
FCPI,EM4,2024-06-01,6,band1pp,True,-1.3825,-1.7783,False,False
FCPI,EM4,2024-06-01,7,band1pp,False,-0.9299,-3.1375,True,False
FCPI,EM4,2024-06-01,8,band1pp,True,-1.5428,-2.1642,False,False
FCPI,EM4,2024-06-01,9,band1pp,True,1.3892,1.1152,False,False
FCPI,EM4,2024-06-01,10,band1pp,True,1.8953,1.8974,False,False
FCPI,EM4,2024-06-01,11,band1pp,True,2.1313,1.5796,False,False
FCPI,EM4,2024-06-01,12,band1pp,True,2.9521,1.9073,False,False
FCPI,EM4,2024-06-01,1,noband,False,1.3957,-0.8264,False,False
FCPI,EM4,2024-06-01,2,noband,True,0.9307,0.5449,False,False
FCPI,EM4,2024-06-01,3,noband,False,-0.5864,1.2595,False,False
FCPI,EM4,2024-06-01,4,noband,True,-1.7414,-0.9097,False,False
FCPI,EM4,2024-06-01,5,noband,True,0.8094,0.9841,False,False
FCPI,EM4,2024-06-01,6,noband,True,-1.3825,-1.7783,False,False
FCPI,EM4,2024-06-01,7,noband,True,-0.9299,-3.1375,False,False
FCPI,EM4,2024-06-01,8,noband,True,-1.5428,-2.1642,False,False
FCPI,EM4,2024-06-01,9,noband,True,1.3892,1.1152,False,False
FCPI,EM4,2024-06-01,10,noband,True,1.8953,1.8974,False,False
FCPI,EM4,2024-06-01,11,noband,True,2.1313,1.5796,False,False
FCPI,EM4,2024-06-01,12,noband,True,2.9521,1.9073,False,False
FCPI,EM4,2024-07-01,1,band1pp,True,0.9307,0.4451,True,True
FCPI,EM4,2024-07-01,2,band1pp,False,-0.5864,1.023,True,False
FCPI,EM4,2024-07-01,3,band1pp,False,-1.7414,-0.9943,False,True
FCPI,EM4,2024-07-01,4,band1pp,False,0.8094,1.1804,True,False
FCPI,EM4,2024-07-01,5,band1pp,True,-1.3825,-1.3017,False,False
FCPI,EM4,2024-07-01,6,band1pp,False,-0.9299,-2.9219,True,False
FCPI,EM4,2024-07-01,7,band1pp,True,-1.5428,-2.4724,False,False
FCPI,EM4,2024-07-01,8,band1pp,False,1.3892,0.8096,False,True
FCPI,EM4,2024-07-01,9,band1pp,True,1.8953,1.7935,False,False
FCPI,EM4,2024-07-01,10,band1pp,True,2.1313,1.6524,False,False
FCPI,EM4,2024-07-01,11,band1pp,True,2.9521,2.2187,False,False
FCPI,EM4,2024-07-01,12,band1pp,True,-1.6846,-1.7859,False,False
FCPI,EM4,2024-07-01,1,noband,True,0.9307,0.4451,False,False
FCPI,EM4,2024-07-01,2,noband,False,-0.5864,1.023,False,False
FCPI,EM4,2024-07-01,3,noband,True,-1.7414,-0.9943,False,False
FCPI,EM4,2024-07-01,4,noband,True,0.8094,1.1804,False,False
FCPI,EM4,2024-07-01,5,noband,True,-1.3825,-1.3017,False,False
FCPI,EM4,2024-07-01,6,noband,True,-0.9299,-2.9219,False,False
FCPI,EM4,2024-07-01,7,noband,True,-1.5428,-2.4724,False,False
FCPI,EM4,2024-07-01,8,noband,True,1.3892,0.8096,False,False
FCPI,EM4,2024-07-01,9,noband,True,1.8953,1.7935,False,False
FCPI,EM4,2024-07-01,10,noband,True,2.1313,1.6524,False,False
FCPI,EM4,2024-07-01,11,noband,True,2.9521,2.2187,False,False
FCPI,EM4,2024-07-01,12,noband,True,-1.6846,-1.7859,False,False
FCPI,EM4,2024-08-01,1,band1pp,False,-0.5864,1.1478,True,False
FCPI,EM4,2024-08-01,2,band1pp,True,-1.7414,-1.0525,False,False
FCPI,EM4,2024-08-01,3,band1pp,False,0.8094,1.0739,True,False
FCPI,EM4,2024-08-01,4,band1pp,True,-1.3825,-1.0978,False,False
FCPI,EM4,2024-08-01,5,band1pp,False,-0.9299,-2.3938,True,False
FCPI,EM4,2024-08-01,6,band1pp,True,-1.5428,-1.9592,False,False
FCPI,EM4,2024-08-01,7,band1pp,False,1.3892,-0.0759,False,True
FCPI,EM4,2024-08-01,8,band1pp,True,1.8953,1.1504,False,False
FCPI,EM4,2024-08-01,9,band1pp,True,2.1313,1.9031,False,False
FCPI,EM4,2024-08-01,10,band1pp,True,2.9521,2.497,False,False
FCPI,EM4,2024-08-01,11,band1pp,False,-1.6846,-0.7196,False,True
FCPI,EM4,2024-08-01,12,band1pp,False,-1.9444,-0.9989,False,True
FCPI,EM4,2024-08-01,1,noband,False,-0.5864,1.1478,False,False
FCPI,EM4,2024-08-01,2,noband,True,-1.7414,-1.0525,False,False
FCPI,EM4,2024-08-01,3,noband,True,0.8094,1.0739,False,False
FCPI,EM4,2024-08-01,4,noband,True,-1.3825,-1.0978,False,False
FCPI,EM4,2024-08-01,5,noband,True,-0.9299,-2.3938,False,False
FCPI,EM4,2024-08-01,6,noband,True,-1.5428,-1.9592,False,False
FCPI,EM4,2024-08-01,7,noband,False,1.3892,-0.0759,False,False
FCPI,EM4,2024-08-01,8,noband,True,1.8953,1.1504,False,False
FCPI,EM4,2024-08-01,9,noband,True,2.1313,1.9031,False,False
FCPI,EM4,2024-08-01,10,noband,True,2.9521,2.497,False,False
FCPI,EM4,2024-08-01,11,noband,True,-1.6846,-0.7196,False,False
FCPI,EM4,2024-08-01,12,noband,True,-1.9444,-0.9989,False,False
FCPI,EM4,2024-09-01,1,band1pp,False,-1.7414,2.6504,False,False
FCPI,EM4,2024-09-01,2,band1pp,False,0.8094,1.2967,True,False
FCPI,EM4,2024-09-01,3,band1pp,True,-1.3825,-1.6343,False,False
FCPI,EM4,2024-09-01,4,band1pp,False,-0.9299,-3.3411,True,False
FCPI,EM4,2024-09-01,5,band1pp,True,-1.5428,-2.2593,False,False
FCPI,EM4,2024-09-01,6,band1pp,True,1.3892,1.1123,False,False
FCPI,EM4,2024-09-01,7,band1pp,True,1.8953,1.8986,False,False
FCPI,EM4,2024-09-01,8,band1pp,True,2.1313,1.6184,False,False
FCPI,EM4,2024-09-01,9,band1pp,True,2.9521,1.9423,False,False
FCPI,EM4,2024-09-01,10,band1pp,True,-1.6846,-2.2338,False,False
FCPI,EM4,2024-09-01,11,band1pp,False,-1.9444,-0.4699,False,True
FCPI,EM4,2024-09-01,12,band1pp,False,0.6511,1.9051,True,False
FCPI,EM4,2024-09-01,1,noband,False,-1.7414,2.6504,False,False
FCPI,EM4,2024-09-01,2,noband,True,0.8094,1.2967,False,False
FCPI,EM4,2024-09-01,3,noband,True,-1.3825,-1.6343,False,False
FCPI,EM4,2024-09-01,4,noband,True,-0.9299,-3.3411,False,False
FCPI,EM4,2024-09-01,5,noband,True,-1.5428,-2.2593,False,False
FCPI,EM4,2024-09-01,6,noband,True,1.3892,1.1123,False,False
FCPI,EM4,2024-09-01,7,noband,True,1.8953,1.8986,False,False
FCPI,EM4,2024-09-01,8,noband,True,2.1313,1.6184,False,False
FCPI,EM4,2024-09-01,9,noband,True,2.9521,1.9423,False,False
FCPI,EM4,2024-09-01,10,noband,True,-1.6846,-2.2338,False,False
FCPI,EM4,2024-09-01,11,noband,True,-1.9444,-0.4699,False,False
FCPI,EM4,2024-09-01,12,noband,True,0.6511,1.9051,False,False
FCPI,EM4,2024-10-01,1,band1pp,False,0.8094,5.8102,True,False
FCPI,EM4,2024-10-01,2,band1pp,True,-1.3825,-1.873,False,False
FCPI,EM4,2024-10-01,3,band1pp,False,-0.9299,-3.5771,True,False
FCPI,EM4,2024-10-01,4,band1pp,True,-1.5428,-2.379,False,False
FCPI,EM4,2024-10-01,5,band1pp,True,1.3892,1.2398,False,False
FCPI,EM4,2024-10-01,6,band1pp,True,1.8953,2.2759,False,False
FCPI,EM4,2024-10-01,7,band1pp,True,2.1313,1.4278,False,False
FCPI,EM4,2024-10-01,8,band1pp,True,2.9521,1.7971,False,False
FCPI,EM4,2024-10-01,9,band1pp,True,-1.6846,-2.4714,False,False
FCPI,EM4,2024-10-01,10,band1pp,False,-1.9444,-0.5595,False,True
FCPI,EM4,2024-10-01,11,band1pp,False,0.6511,1.9516,True,False
FCPI,EM4,2024-10-01,12,band1pp,True,0.9442,0.9763,True,True
FCPI,EM4,2024-10-01,1,noband,True,0.8094,5.8102,False,False
FCPI,EM4,2024-10-01,2,noband,True,-1.3825,-1.873,False,False
FCPI,EM4,2024-10-01,3,noband,True,-0.9299,-3.5771,False,False
FCPI,EM4,2024-10-01,4,noband,True,-1.5428,-2.379,False,False
FCPI,EM4,2024-10-01,5,noband,True,1.3892,1.2398,False,False
FCPI,EM4,2024-10-01,6,noband,True,1.8953,2.2759,False,False
FCPI,EM4,2024-10-01,7,noband,True,2.1313,1.4278,False,False
FCPI,EM4,2024-10-01,8,noband,True,2.9521,1.7971,False,False
FCPI,EM4,2024-10-01,9,noband,True,-1.6846,-2.4714,False,False
FCPI,EM4,2024-10-01,10,noband,True,-1.9444,-0.5595,False,False
FCPI,EM4,2024-10-01,11,noband,True,0.6511,1.9516,False,False
FCPI,EM4,2024-10-01,12,noband,True,0.9442,0.9763,False,False
FCPI,EM4,2024-11-01,1,band1pp,True,-1.3825,-1.5965,False,False
FCPI,EM4,2024-11-01,2,band1pp,False,-0.9299,-1.271,True,False
FCPI,EM4,2024-11-01,3,band1pp,True,-1.5428,-4.8451,False,False
FCPI,EM4,2024-11-01,4,band1pp,False,1.3892,0.0608,False,True
FCPI,EM4,2024-11-01,5,band1pp,True,1.8953,1.5719,False,False
FCPI,EM4,2024-11-01,6,band1pp,True,2.1313,1.649,False,False
FCPI,EM4,2024-11-01,7,band1pp,True,2.9521,1.9864,False,False
FCPI,EM4,2024-11-01,8,band1pp,True,-1.6846,-1.3462,False,False
FCPI,EM4,2024-11-01,9,band1pp,False,-1.9444,0.1226,False,True
FCPI,EM4,2024-11-01,10,band1pp,False,0.6511,2.5117,True,False
FCPI,EM4,2024-11-01,11,band1pp,False,0.9442,2.1806,True,False
FCPI,EM4,2024-11-01,12,band1pp,False,0.2776,2.4096,True,False
FCPI,EM4,2024-11-01,1,noband,True,-1.3825,-1.5965,False,False
FCPI,EM4,2024-11-01,2,noband,True,-0.9299,-1.271,False,False
FCPI,EM4,2024-11-01,3,noband,True,-1.5428,-4.8451,False,False
FCPI,EM4,2024-11-01,4,noband,True,1.3892,0.0608,False,False
FCPI,EM4,2024-11-01,5,noband,True,1.8953,1.5719,False,False
FCPI,EM4,2024-11-01,6,noband,True,2.1313,1.649,False,False
FCPI,EM4,2024-11-01,7,noband,True,2.9521,1.9864,False,False
FCPI,EM4,2024-11-01,8,noband,True,-1.6846,-1.3462,False,False
FCPI,EM4,2024-11-01,9,noband,False,-1.9444,0.1226,False,False
FCPI,EM4,2024-11-01,10,noband,True,0.6511,2.5117,False,False
FCPI,EM4,2024-11-01,11,noband,True,0.9442,2.1806,False,False
FCPI,EM4,2024-11-01,12,noband,True,0.2776,2.4096,False,False
FCPI,EM4,2024-12-01,1,band1pp,False,-0.9299,-2.4464,True,False
FCPI,EM4,2024-12-01,2,band1pp,True,-1.5428,-2.5403,False,False
FCPI,EM4,2024-12-01,3,band1pp,False,1.3892,0.8063,False,True
FCPI,EM4,2024-12-01,4,band1pp,True,1.8953,1.9009,False,False
FCPI,EM4,2024-12-01,5,band1pp,True,2.1313,1.4242,False,False
FCPI,EM4,2024-12-01,6,band1pp,True,2.9521,1.8628,False,False
FCPI,EM4,2024-12-01,7,band1pp,True,-1.6846,-2.0437,False,False
FCPI,EM4,2024-12-01,8,band1pp,False,-1.9444,-0.3954,False,True
FCPI,EM4,2024-12-01,9,band1pp,False,0.6511,1.6298,True,False
FCPI,EM4,2024-12-01,10,band1pp,True,0.9442,0.4403,True,True
FCPI,EM4,2024-12-01,11,band1pp,True,0.2776,0.2695,True,True
FCPI,EM4,2024-12-01,12,band1pp,True,-0.5425,-0.03,True,True
FCPI,EM4,2024-12-01,1,noband,True,-0.9299,-2.4464,False,False
FCPI,EM4,2024-12-01,2,noband,True,-1.5428,-2.5403,False,False
FCPI,EM4,2024-12-01,3,noband,True,1.3892,0.8063,False,False
FCPI,EM4,2024-12-01,4,noband,True,1.8953,1.9009,False,False
FCPI,EM4,2024-12-01,5,noband,True,2.1313,1.4242,False,False
FCPI,EM4,2024-12-01,6,noband,True,2.9521,1.8628,False,False
FCPI,EM4,2024-12-01,7,noband,True,-1.6846,-2.0437,False,False
FCPI,EM4,2024-12-01,8,noband,True,-1.9444,-0.3954,False,False
FCPI,EM4,2024-12-01,9,noband,True,0.6511,1.6298,False,False
FCPI,EM4,2024-12-01,10,noband,True,0.9442,0.4403,False,False
FCPI,EM4,2024-12-01,11,noband,True,0.2776,0.2695,False,False
FCPI,EM4,2024-12-01,12,noband,True,-0.5425,-0.03,False,False
FCPI,EM4,2025-01-01,1,band1pp,True,-1.5428,-3.8571,False,False
FCPI,EM4,2025-01-01,2,band1pp,True,1.3892,1.0029,False,False
FCPI,EM4,2025-01-01,3,band1pp,True,1.8953,1.7758,False,False
FCPI,EM4,2025-01-01,4,band1pp,True,2.1313,1.3901,False,False
FCPI,EM4,2025-01-01,5,band1pp,True,2.9521,1.7746,False,False
FCPI,EM4,2025-01-01,6,band1pp,True,-1.6846,-1.9592,False,False
FCPI,EM4,2025-01-01,7,band1pp,False,-1.9444,-0.4688,False,True
FCPI,EM4,2025-01-01,8,band1pp,False,0.6511,1.8069,True,False
FCPI,EM4,2025-01-01,9,band1pp,True,0.9442,0.655,True,True
FCPI,EM4,2025-01-01,10,band1pp,True,0.2776,0.3767,True,True
FCPI,EM4,2025-01-01,11,band1pp,True,-0.5425,-0.3875,True,True
FCPI,EM4,2025-01-01,12,band1pp,False,0.8937,-2.2824,True,False
FCPI,EM4,2025-01-01,1,noband,True,-1.5428,-3.8571,False,False
FCPI,EM4,2025-01-01,2,noband,True,1.3892,1.0029,False,False
FCPI,EM4,2025-01-01,3,noband,True,1.8953,1.7758,False,False
FCPI,EM4,2025-01-01,4,noband,True,2.1313,1.3901,False,False
FCPI,EM4,2025-01-01,5,noband,True,2.9521,1.7746,False,False
FCPI,EM4,2025-01-01,6,noband,True,-1.6846,-1.9592,False,False
FCPI,EM4,2025-01-01,7,noband,True,-1.9444,-0.4688,False,False
FCPI,EM4,2025-01-01,8,noband,True,0.6511,1.8069,False,False
FCPI,EM4,2025-01-01,9,noband,True,0.9442,0.655,False,False
FCPI,EM4,2025-01-01,10,noband,True,0.2776,0.3767,False,False
FCPI,EM4,2025-01-01,11,noband,True,-0.5425,-0.3875,False,False
FCPI,EM4,2025-01-01,12,noband,False,0.8937,-2.2824,False,False
FCPI,EM4,2025-02-01,1,band1pp,False,1.3892,-2.1726,False,False
FCPI,EM4,2025-02-01,2,band1pp,True,1.8953,1.932,False,False
FCPI,EM4,2025-02-01,3,band1pp,True,2.1313,1.1669,False,False
FCPI,EM4,2025-02-01,4,band1pp,True,2.9521,1.827,False,False
FCPI,EM4,2025-02-01,5,band1pp,True,-1.6846,-1.9681,False,False
FCPI,EM4,2025-02-01,6,band1pp,False,-1.9444,-0.0501,False,True
FCPI,EM4,2025-02-01,7,band1pp,False,0.6511,1.83,True,False
FCPI,EM4,2025-02-01,8,band1pp,True,0.9442,0.8369,True,True
FCPI,EM4,2025-02-01,9,band1pp,True,0.2776,0.062,True,True
FCPI,EM4,2025-02-01,10,band1pp,True,-0.5425,-0.2539,True,True
FCPI,EM4,2025-02-01,11,band1pp,False,0.8937,-2.5196,True,False
FCPI,EM4,2025-02-01,12,band1pp,False,-1.0608,-0.8042,False,True
FCPI,EM4,2025-02-01,1,noband,False,1.3892,-2.1726,False,False
FCPI,EM4,2025-02-01,2,noband,True,1.8953,1.932,False,False
FCPI,EM4,2025-02-01,3,noband,True,2.1313,1.1669,False,False
FCPI,EM4,2025-02-01,4,noband,True,2.9521,1.827,False,False
FCPI,EM4,2025-02-01,5,noband,True,-1.6846,-1.9681,False,False
FCPI,EM4,2025-02-01,6,noband,True,-1.9444,-0.0501,False,False
FCPI,EM4,2025-02-01,7,noband,True,0.6511,1.83,False,False
FCPI,EM4,2025-02-01,8,noband,True,0.9442,0.8369,False,False
FCPI,EM4,2025-02-01,9,noband,True,0.2776,0.062,False,False
FCPI,EM4,2025-02-01,10,noband,True,-0.5425,-0.2539,False,False
FCPI,EM4,2025-02-01,11,noband,False,0.8937,-2.5196,False,False
FCPI,EM4,2025-02-01,12,noband,True,-1.0608,-0.8042,False,False
FCPI,EM4,2025-03-01,1,band1pp,False,1.8953,0.7156,False,True
FCPI,EM4,2025-03-01,2,band1pp,True,2.1313,1.1021,False,False
FCPI,EM4,2025-03-01,3,band1pp,True,2.9521,2.0546,False,False
FCPI,EM4,2025-03-01,4,band1pp,True,-1.6846,-1.5002,False,False
FCPI,EM4,2025-03-01,5,band1pp,False,-1.9444,0.3539,False,True
FCPI,EM4,2025-03-01,6,band1pp,False,0.6511,2.9425,True,False
FCPI,EM4,2025-03-01,7,band1pp,False,0.9442,1.7299,True,False
FCPI,EM4,2025-03-01,8,band1pp,False,0.2776,1.6702,True,False
FCPI,EM4,2025-03-01,9,band1pp,True,-0.5425,0.8411,True,True
FCPI,EM4,2025-03-01,10,band1pp,False,0.8937,-1.6412,True,False
FCPI,EM4,2025-03-01,11,band1pp,True,-1.0608,-1.3472,False,False
FCPI,EM4,2025-03-01,12,band1pp,False,-2.2876,0.3808,False,True
FCPI,EM4,2025-03-01,1,noband,True,1.8953,0.7156,False,False
FCPI,EM4,2025-03-01,2,noband,True,2.1313,1.1021,False,False
FCPI,EM4,2025-03-01,3,noband,True,2.9521,2.0546,False,False
FCPI,EM4,2025-03-01,4,noband,True,-1.6846,-1.5002,False,False
FCPI,EM4,2025-03-01,5,noband,False,-1.9444,0.3539,False,False
FCPI,EM4,2025-03-01,6,noband,True,0.6511,2.9425,False,False
FCPI,EM4,2025-03-01,7,noband,True,0.9442,1.7299,False,False
FCPI,EM4,2025-03-01,8,noband,True,0.2776,1.6702,False,False
FCPI,EM4,2025-03-01,9,noband,False,-0.5425,0.8411,False,False
FCPI,EM4,2025-03-01,10,noband,False,0.8937,-1.6412,False,False
FCPI,EM4,2025-03-01,11,noband,True,-1.0608,-1.3472,False,False
FCPI,EM4,2025-03-01,12,noband,False,-2.2876,0.3808,False,False
FCPI,EM4,2025-04-01,1,band1pp,True,2.1313,2.007,False,False
FCPI,EM4,2025-04-01,2,band1pp,True,2.9521,1.2734,False,False
FCPI,EM4,2025-04-01,3,band1pp,True,-1.6846,-1.9941,False,False
FCPI,EM4,2025-04-01,4,band1pp,False,-1.9444,0.0805,False,True
FCPI,EM4,2025-04-01,5,band1pp,False,0.6511,2.6126,True,False
FCPI,EM4,2025-04-01,6,band1pp,False,0.9442,1.897,True,False
FCPI,EM4,2025-04-01,7,band1pp,False,0.2776,1.7957,True,False
FCPI,EM4,2025-04-01,8,band1pp,False,-0.5425,1.372,True,False
FCPI,EM4,2025-04-01,9,band1pp,True,0.8937,-0.4938,True,True
FCPI,EM4,2025-04-01,10,band1pp,False,-1.0608,-0.6584,False,True
FCPI,EM4,2025-04-01,11,band1pp,False,-2.2876,0.4211,False,True
FCPI,EM4,2025-04-01,12,band1pp,False,-0.3782,1.0073,True,False
FCPI,EM4,2025-04-01,1,noband,True,2.1313,2.007,False,False
FCPI,EM4,2025-04-01,2,noband,True,2.9521,1.2734,False,False
FCPI,EM4,2025-04-01,3,noband,True,-1.6846,-1.9941,False,False
FCPI,EM4,2025-04-01,4,noband,False,-1.9444,0.0805,False,False
FCPI,EM4,2025-04-01,5,noband,True,0.6511,2.6126,False,False
FCPI,EM4,2025-04-01,6,noband,True,0.9442,1.897,False,False
FCPI,EM4,2025-04-01,7,noband,True,0.2776,1.7957,False,False
FCPI,EM4,2025-04-01,8,noband,False,-0.5425,1.372,False,False
FCPI,EM4,2025-04-01,9,noband,False,0.8937,-0.4938,False,False
FCPI,EM4,2025-04-01,10,noband,True,-1.0608,-0.6584,False,False
FCPI,EM4,2025-04-01,11,noband,False,-2.2876,0.4211,False,False
FCPI,EM4,2025-04-01,12,noband,False,-0.3782,1.0073,False,False
FCPI,EM4,2025-05-01,1,band1pp,True,2.9521,2.5329,False,False
FCPI,EM4,2025-05-01,2,band1pp,False,-1.6846,-0.4928,False,True
FCPI,EM4,2025-05-01,3,band1pp,False,-1.9444,-0.8912,False,True
FCPI,EM4,2025-05-01,4,band1pp,True,0.6511,0.6877,True,True
FCPI,EM4,2025-05-01,5,band1pp,True,0.9442,0.9147,True,True
FCPI,EM4,2025-05-01,6,band1pp,True,0.2776,0.9138,True,True
FCPI,EM4,2025-05-01,7,band1pp,True,-0.5425,0.8353,True,True
FCPI,EM4,2025-05-01,8,band1pp,False,0.8937,-1.2512,True,False
FCPI,EM4,2025-05-01,9,band1pp,False,-1.0608,-0.9574,False,True
FCPI,EM4,2025-05-01,10,band1pp,True,-2.2876,-1.4719,False,False
FCPI,EM4,2025-05-01,11,band1pp,True,-0.3782,-0.8221,True,True
FCPI,EM4,2025-05-01,12,band1pp,True,0.3736,-0.4033,True,True
FCPI,EM4,2025-05-01,1,noband,True,2.9521,2.5329,False,False
FCPI,EM4,2025-05-01,2,noband,True,-1.6846,-0.4928,False,False
FCPI,EM4,2025-05-01,3,noband,True,-1.9444,-0.8912,False,False
FCPI,EM4,2025-05-01,4,noband,True,0.6511,0.6877,False,False
FCPI,EM4,2025-05-01,5,noband,True,0.9442,0.9147,False,False
FCPI,EM4,2025-05-01,6,noband,True,0.2776,0.9138,False,False
FCPI,EM4,2025-05-01,7,noband,False,-0.5425,0.8353,False,False
FCPI,EM4,2025-05-01,8,noband,False,0.8937,-1.2512,False,False
FCPI,EM4,2025-05-01,9,noband,True,-1.0608,-0.9574,False,False
FCPI,EM4,2025-05-01,10,noband,True,-2.2876,-1.4719,False,False
FCPI,EM4,2025-05-01,11,noband,True,-0.3782,-0.8221,False,False
FCPI,EM4,2025-05-01,12,noband,False,0.3736,-0.4033,False,False
FCPI,EM4,2025-06-01,1,band1pp,False,-1.6846,0.5153,False,True
FCPI,EM4,2025-06-01,2,band1pp,False,-1.9444,-0.8997,False,True
FCPI,EM4,2025-06-01,3,band1pp,True,0.6511,0.2138,True,True
FCPI,EM4,2025-06-01,4,band1pp,True,0.9442,0.3293,True,True
FCPI,EM4,2025-06-01,5,band1pp,True,0.2776,0.9578,True,True
FCPI,EM4,2025-06-01,6,band1pp,False,-0.5425,1.9052,True,False
FCPI,EM4,2025-06-01,7,band1pp,True,0.8937,-0.7733,True,True
FCPI,EM4,2025-06-01,8,band1pp,False,-1.0608,-0.6831,False,True
FCPI,EM4,2025-06-01,9,band1pp,True,-2.2876,-1.8974,False,False
FCPI,EM4,2025-06-01,10,band1pp,False,-0.3782,-1.6372,True,False
FCPI,EM4,2025-06-01,11,band1pp,True,0.3736,0.3674,True,True
FCPI,EM4,2025-06-01,12,band1pp,True,0.4445,0.0743,True,True
FCPI,EM4,2025-06-01,1,noband,False,-1.6846,0.5153,False,False
FCPI,EM4,2025-06-01,2,noband,True,-1.9444,-0.8997,False,False
FCPI,EM4,2025-06-01,3,noband,True,0.6511,0.2138,False,False
FCPI,EM4,2025-06-01,4,noband,True,0.9442,0.3293,False,False
FCPI,EM4,2025-06-01,5,noband,True,0.2776,0.9578,False,False
FCPI,EM4,2025-06-01,6,noband,False,-0.5425,1.9052,False,False
FCPI,EM4,2025-06-01,7,noband,False,0.8937,-0.7733,False,False
FCPI,EM4,2025-06-01,8,noband,True,-1.0608,-0.6831,False,False
FCPI,EM4,2025-06-01,9,noband,True,-2.2876,-1.8974,False,False
FCPI,EM4,2025-06-01,10,noband,True,-0.3782,-1.6372,False,False
FCPI,EM4,2025-06-01,11,noband,True,0.3736,0.3674,False,False
FCPI,EM4,2025-06-01,12,noband,True,0.4445,0.0743,False,False
FCPI,EM4,2025-07-01,1,band1pp,True,-1.9444,-1.3056,False,False
FCPI,EM4,2025-07-01,2,band1pp,False,0.6511,1.4166,True,False
FCPI,EM4,2025-07-01,3,band1pp,True,0.9442,0.6628,True,True
FCPI,EM4,2025-07-01,4,band1pp,True,0.2776,0.4243,True,True
FCPI,EM4,2025-07-01,5,band1pp,True,-0.5425,0.6167,True,True
FCPI,EM4,2025-07-01,6,band1pp,False,0.8937,-1.5396,True,False
FCPI,EM4,2025-07-01,7,band1pp,True,-1.0608,-1.0807,False,False
FCPI,EM4,2025-07-01,8,band1pp,False,-2.2876,-0.6335,False,True
FCPI,EM4,2025-07-01,9,band1pp,True,-0.3782,-0.313,True,True
FCPI,EM4,2025-07-01,10,band1pp,True,0.3736,-0.7006,True,True
FCPI,EM4,2025-07-01,11,band1pp,True,0.4445,-0.305,True,True
FCPI,EM4,2025-07-01,12,band1pp,False,1.7611,0.2965,False,True
FCPI,EM4,2025-07-01,1,noband,True,-1.9444,-1.3056,False,False
FCPI,EM4,2025-07-01,2,noband,True,0.6511,1.4166,False,False
FCPI,EM4,2025-07-01,3,noband,True,0.9442,0.6628,False,False
FCPI,EM4,2025-07-01,4,noband,True,0.2776,0.4243,False,False
FCPI,EM4,2025-07-01,5,noband,False,-0.5425,0.6167,False,False
FCPI,EM4,2025-07-01,6,noband,False,0.8937,-1.5396,False,False
FCPI,EM4,2025-07-01,7,noband,True,-1.0608,-1.0807,False,False
FCPI,EM4,2025-07-01,8,noband,True,-2.2876,-0.6335,False,False
FCPI,EM4,2025-07-01,9,noband,True,-0.3782,-0.313,False,False
FCPI,EM4,2025-07-01,10,noband,False,0.3736,-0.7006,False,False
FCPI,EM4,2025-07-01,11,noband,False,0.4445,-0.305,False,False
FCPI,EM4,2025-07-01,12,noband,True,1.7611,0.2965,False,False
FCPI,EM4,2025-08-01,1,band1pp,False,0.6511,1.3332,True,False
FCPI,EM4,2025-08-01,2,band1pp,True,0.9442,0.6208,True,True
FCPI,EM4,2025-08-01,3,band1pp,True,0.2776,0.6514,True,True
FCPI,EM4,2025-08-01,4,band1pp,True,-0.5425,0.1061,True,True
FCPI,EM4,2025-08-01,5,band1pp,False,0.8937,-1.9493,True,False
FCPI,EM4,2025-08-01,6,band1pp,False,-1.0608,-0.996,False,True
FCPI,EM4,2025-08-01,7,band1pp,True,-2.2876,-1.0661,False,False
FCPI,EM4,2025-08-01,8,band1pp,True,-0.3782,-0.0934,True,True
FCPI,EM4,2025-08-01,9,band1pp,True,0.3736,0.0675,True,True
FCPI,EM4,2025-08-01,10,band1pp,True,0.4445,-0.4096,True,True
FCPI,EM4,2025-08-01,11,band1pp,False,1.7611,0.0092,False,True
FCPI,EM4,2025-08-01,12,band1pp,True,1.5923,1.2681,False,False
FCPI,EM4,2025-08-01,1,noband,True,0.6511,1.3332,False,False
FCPI,EM4,2025-08-01,2,noband,True,0.9442,0.6208,False,False
FCPI,EM4,2025-08-01,3,noband,True,0.2776,0.6514,False,False
FCPI,EM4,2025-08-01,4,noband,False,-0.5425,0.1061,False,False
FCPI,EM4,2025-08-01,5,noband,False,0.8937,-1.9493,False,False
FCPI,EM4,2025-08-01,6,noband,True,-1.0608,-0.996,False,False
FCPI,EM4,2025-08-01,7,noband,True,-2.2876,-1.0661,False,False
FCPI,EM4,2025-08-01,8,noband,True,-0.3782,-0.0934,False,False
FCPI,EM4,2025-08-01,9,noband,True,0.3736,0.0675,False,False
FCPI,EM4,2025-08-01,10,noband,False,0.4445,-0.4096,False,False
FCPI,EM4,2025-08-01,11,noband,True,1.7611,0.0092,False,False
FCPI,EM4,2025-08-01,12,noband,True,1.5923,1.2681,False,False
FCPI,EM4,2025-09-01,1,band1pp,True,0.9442,0.8272,True,True
FCPI,EM4,2025-09-01,2,band1pp,True,0.2776,0.676,True,True
FCPI,EM4,2025-09-01,3,band1pp,True,-0.5425,-0.0092,True,True
FCPI,EM4,2025-09-01,4,band1pp,False,0.8937,-1.9628,True,False
FCPI,EM4,2025-09-01,5,band1pp,False,-1.0608,-0.544,False,True
FCPI,EM4,2025-09-01,6,band1pp,False,-2.2876,0.1608,False,True
FCPI,EM4,2025-09-01,7,band1pp,True,-0.3782,0.5815,True,True
FCPI,EM4,2025-09-01,8,band1pp,True,0.3736,-0.2515,True,True
FCPI,EM4,2025-09-01,9,band1pp,True,0.4445,-0.6957,True,True
FCPI,EM4,2025-09-01,10,band1pp,False,1.7611,-0.3543,False,True
FCPI,EM4,2025-09-01,11,band1pp,True,1.5923,1.5683,False,False
FCPI,EM4,2025-09-01,12,band1pp,True,1.7105,1.4561,False,False
FCPI,EM4,2025-09-01,1,noband,True,0.9442,0.8272,False,False
FCPI,EM4,2025-09-01,2,noband,True,0.2776,0.676,False,False
FCPI,EM4,2025-09-01,3,noband,True,-0.5425,-0.0092,False,False
FCPI,EM4,2025-09-01,4,noband,False,0.8937,-1.9628,False,False
FCPI,EM4,2025-09-01,5,noband,True,-1.0608,-0.544,False,False
FCPI,EM4,2025-09-01,6,noband,False,-2.2876,0.1608,False,False
FCPI,EM4,2025-09-01,7,noband,False,-0.3782,0.5815,False,False
FCPI,EM4,2025-09-01,8,noband,False,0.3736,-0.2515,False,False
FCPI,EM4,2025-09-01,9,noband,False,0.4445,-0.6957,False,False
FCPI,EM4,2025-09-01,10,noband,False,1.7611,-0.3543,False,False
FCPI,EM4,2025-09-01,11,noband,True,1.5923,1.5683,False,False
FCPI,EM4,2025-09-01,12,noband,True,1.7105,1.4561,False,False
HCPI,EM11,2024-05-01,1,band1pp,False,-1.1378,0.8725,False,True
HCPI,EM11,2024-05-01,2,band1pp,True,0.7855,0.0659,True,True
HCPI,EM11,2024-05-01,3,band1pp,True,0.1154,0.7188,True,True
HCPI,EM11,2024-05-01,4,band1pp,False,-1.3868,-0.0794,False,True
HCPI,EM11,2024-05-01,5,band1pp,True,-1.2862,-1.0022,False,False
HCPI,EM11,2024-05-01,6,band1pp,True,-0.5402,-0.1145,True,True
HCPI,EM11,2024-05-01,7,band1pp,False,-1.0108,-0.9517,False,True
HCPI,EM11,2024-05-01,8,band1pp,False,-0.2639,-1.1641,True,False
HCPI,EM11,2024-05-01,9,band1pp,True,-1.9885,-2.7851,False,False
HCPI,EM11,2024-05-01,10,band1pp,True,0.1305,0.0889,True,True
HCPI,EM11,2024-05-01,11,band1pp,True,1.9647,2.14,False,False
HCPI,EM11,2024-05-01,12,band1pp,False,1.0882,0.9094,False,True
HCPI,EM11,2024-05-01,1,noband,False,-1.1378,0.8725,False,False
HCPI,EM11,2024-05-01,2,noband,True,0.7855,0.0659,False,False
HCPI,EM11,2024-05-01,3,noband,True,0.1154,0.7188,False,False
HCPI,EM11,2024-05-01,4,noband,True,-1.3868,-0.0794,False,False
HCPI,EM11,2024-05-01,5,noband,True,-1.2862,-1.0022,False,False
HCPI,EM11,2024-05-01,6,noband,True,-0.5402,-0.1145,False,False
HCPI,EM11,2024-05-01,7,noband,True,-1.0108,-0.9517,False,False
HCPI,EM11,2024-05-01,8,noband,True,-0.2639,-1.1641,False,False
HCPI,EM11,2024-05-01,9,noband,True,-1.9885,-2.7851,False,False
HCPI,EM11,2024-05-01,10,noband,True,0.1305,0.0889,False,False
HCPI,EM11,2024-05-01,11,noband,True,1.9647,2.14,False,False
HCPI,EM11,2024-05-01,12,noband,True,1.0882,0.9094,False,False
HCPI,EM11,2024-06-01,1,band1pp,False,0.7855,1.0008,True,False
HCPI,EM11,2024-06-01,2,band1pp,True,0.1154,0.8351,True,True
HCPI,EM11,2024-06-01,3,band1pp,False,-1.3868,0.1066,False,True
HCPI,EM11,2024-06-01,4,band1pp,False,-1.2862,-0.609,False,True
HCPI,EM11,2024-06-01,5,band1pp,True,-0.5402,-0.0024,True,True
HCPI,EM11,2024-06-01,6,band1pp,False,-1.0108,-0.9923,False,True
HCPI,EM11,2024-06-01,7,band1pp,True,-0.2639,-0.9761,True,True
HCPI,EM11,2024-06-01,8,band1pp,True,-1.9885,-2.5027,False,False
HCPI,EM11,2024-06-01,9,band1pp,True,0.1305,0.3499,True,True
HCPI,EM11,2024-06-01,10,band1pp,True,1.9647,2.1303,False,False
HCPI,EM11,2024-06-01,11,band1pp,True,1.0882,1.2384,False,False
HCPI,EM11,2024-06-01,12,band1pp,True,1.3982,1.3508,False,False
HCPI,EM11,2024-06-01,1,noband,True,0.7855,1.0008,False,False
HCPI,EM11,2024-06-01,2,noband,True,0.1154,0.8351,False,False
HCPI,EM11,2024-06-01,3,noband,False,-1.3868,0.1066,False,False
HCPI,EM11,2024-06-01,4,noband,True,-1.2862,-0.609,False,False
HCPI,EM11,2024-06-01,5,noband,True,-0.5402,-0.0024,False,False
HCPI,EM11,2024-06-01,6,noband,True,-1.0108,-0.9923,False,False
HCPI,EM11,2024-06-01,7,noband,True,-0.2639,-0.9761,False,False
HCPI,EM11,2024-06-01,8,noband,True,-1.9885,-2.5027,False,False
HCPI,EM11,2024-06-01,9,noband,True,0.1305,0.3499,False,False
HCPI,EM11,2024-06-01,10,noband,True,1.9647,2.1303,False,False
HCPI,EM11,2024-06-01,11,noband,True,1.0882,1.2384,False,False
HCPI,EM11,2024-06-01,12,noband,True,1.3982,1.3508,False,False
HCPI,EM11,2024-07-01,1,band1pp,False,0.1154,1.1997,True,False
HCPI,EM11,2024-07-01,2,band1pp,False,-1.3868,0.0155,False,True
HCPI,EM11,2024-07-01,3,band1pp,False,-1.2862,-0.6553,False,True
HCPI,EM11,2024-07-01,4,band1pp,True,-0.5402,0.1181,True,True
HCPI,EM11,2024-07-01,5,band1pp,False,-1.0108,-0.9745,False,True
HCPI,EM11,2024-07-01,6,band1pp,False,-0.2639,-1.1331,True,False
HCPI,EM11,2024-07-01,7,band1pp,True,-1.9885,-2.6016,False,False
HCPI,EM11,2024-07-01,8,band1pp,True,0.1305,0.2875,True,True
HCPI,EM11,2024-07-01,9,band1pp,True,1.9647,2.1434,False,False
HCPI,EM11,2024-07-01,10,band1pp,True,1.0882,1.1743,False,False
HCPI,EM11,2024-07-01,11,band1pp,True,1.3982,1.4133,False,False
HCPI,EM11,2024-07-01,12,band1pp,True,-0.2934,-0.3842,True,True
HCPI,EM11,2024-07-01,1,noband,True,0.1154,1.1997,False,False
HCPI,EM11,2024-07-01,2,noband,False,-1.3868,0.0155,False,False
HCPI,EM11,2024-07-01,3,noband,True,-1.2862,-0.6553,False,False
HCPI,EM11,2024-07-01,4,noband,False,-0.5402,0.1181,False,False
HCPI,EM11,2024-07-01,5,noband,True,-1.0108,-0.9745,False,False
HCPI,EM11,2024-07-01,6,noband,True,-0.2639,-1.1331,False,False
HCPI,EM11,2024-07-01,7,noband,True,-1.9885,-2.6016,False,False
HCPI,EM11,2024-07-01,8,noband,True,0.1305,0.2875,False,False
HCPI,EM11,2024-07-01,9,noband,True,1.9647,2.1434,False,False
HCPI,EM11,2024-07-01,10,noband,True,1.0882,1.1743,False,False
HCPI,EM11,2024-07-01,11,noband,True,1.3982,1.4133,False,False
HCPI,EM11,2024-07-01,12,noband,True,-0.2934,-0.3842,False,False
HCPI,EM11,2024-08-01,1,band1pp,False,-1.3868,0.3179,False,True
HCPI,EM11,2024-08-01,2,band1pp,False,-1.2862,-0.5888,False,True
HCPI,EM11,2024-08-01,3,band1pp,True,-0.5402,0.185,True,True
HCPI,EM11,2024-08-01,4,band1pp,False,-1.0108,-0.8229,False,True
HCPI,EM11,2024-08-01,5,band1pp,False,-0.2639,-1.005,True,False
HCPI,EM11,2024-08-01,6,band1pp,True,-1.9885,-2.5051,False,False
HCPI,EM11,2024-08-01,7,band1pp,True,0.1305,0.2353,True,True
HCPI,EM11,2024-08-01,8,band1pp,True,1.9647,2.1704,False,False
HCPI,EM11,2024-08-01,9,band1pp,True,1.0882,1.2781,False,False
HCPI,EM11,2024-08-01,10,band1pp,True,1.3982,1.4898,False,False
HCPI,EM11,2024-08-01,11,band1pp,True,-0.2934,-0.2082,True,True
HCPI,EM11,2024-08-01,12,band1pp,True,0.3883,0.8536,True,True
HCPI,EM11,2024-08-01,1,noband,False,-1.3868,0.3179,False,False
HCPI,EM11,2024-08-01,2,noband,True,-1.2862,-0.5888,False,False
HCPI,EM11,2024-08-01,3,noband,False,-0.5402,0.185,False,False
HCPI,EM11,2024-08-01,4,noband,True,-1.0108,-0.8229,False,False
HCPI,EM11,2024-08-01,5,noband,True,-0.2639,-1.005,False,False
HCPI,EM11,2024-08-01,6,noband,True,-1.9885,-2.5051,False,False
HCPI,EM11,2024-08-01,7,noband,True,0.1305,0.2353,False,False
HCPI,EM11,2024-08-01,8,noband,True,1.9647,2.1704,False,False
HCPI,EM11,2024-08-01,9,noband,True,1.0882,1.2781,False,False
HCPI,EM11,2024-08-01,10,noband,True,1.3982,1.4898,False,False
HCPI,EM11,2024-08-01,11,noband,True,-0.2934,-0.2082,False,False
HCPI,EM11,2024-08-01,12,noband,True,0.3883,0.8536,False,False
HCPI,EM11,2024-09-01,1,band1pp,False,-1.2862,-0.5339,False,True
HCPI,EM11,2024-09-01,2,band1pp,True,-0.5402,0.1324,True,True
HCPI,EM11,2024-09-01,3,band1pp,False,-1.0108,-0.7219,False,True
HCPI,EM11,2024-09-01,4,band1pp,True,-0.2639,-0.9521,True,True
HCPI,EM11,2024-09-01,5,band1pp,True,-1.9885,-2.3957,False,False
HCPI,EM11,2024-09-01,6,band1pp,True,0.1305,0.0206,True,True
HCPI,EM11,2024-09-01,7,band1pp,True,1.9647,1.7519,False,False
HCPI,EM11,2024-09-01,8,band1pp,True,1.0882,1.297,False,False
HCPI,EM11,2024-09-01,9,band1pp,True,1.3982,1.6338,False,False
HCPI,EM11,2024-09-01,10,band1pp,True,-0.2934,0.0142,True,True
HCPI,EM11,2024-09-01,11,band1pp,True,0.3883,0.7178,True,True
HCPI,EM11,2024-09-01,12,band1pp,False,0.8422,1.3393,True,False
HCPI,EM11,2024-09-01,1,noband,True,-1.2862,-0.5339,False,False
HCPI,EM11,2024-09-01,2,noband,False,-0.5402,0.1324,False,False
HCPI,EM11,2024-09-01,3,noband,True,-1.0108,-0.7219,False,False
HCPI,EM11,2024-09-01,4,noband,True,-0.2639,-0.9521,False,False
HCPI,EM11,2024-09-01,5,noband,True,-1.9885,-2.3957,False,False
HCPI,EM11,2024-09-01,6,noband,True,0.1305,0.0206,False,False
HCPI,EM11,2024-09-01,7,noband,True,1.9647,1.7519,False,False
HCPI,EM11,2024-09-01,8,noband,True,1.0882,1.297,False,False
HCPI,EM11,2024-09-01,9,noband,True,1.3982,1.6338,False,False
HCPI,EM11,2024-09-01,10,noband,False,-0.2934,0.0142,False,False
HCPI,EM11,2024-09-01,11,noband,True,0.3883,0.7178,False,False
HCPI,EM11,2024-09-01,12,noband,True,0.8422,1.3393,False,False
HCPI,EM11,2024-10-01,1,band1pp,False,-0.5402,1.0739,True,False
HCPI,EM11,2024-10-01,2,band1pp,False,-1.0108,-0.4236,False,True
HCPI,EM11,2024-10-01,3,band1pp,False,-0.2639,-1.4415,True,False
HCPI,EM11,2024-10-01,4,band1pp,True,-1.9885,-2.3369,False,False
HCPI,EM11,2024-10-01,5,band1pp,True,0.1305,0.3536,True,True
HCPI,EM11,2024-10-01,6,band1pp,True,1.9647,2.0466,False,False
HCPI,EM11,2024-10-01,7,band1pp,True,1.0882,1.2887,False,False
HCPI,EM11,2024-10-01,8,band1pp,True,1.3982,1.235,False,False
HCPI,EM11,2024-10-01,9,band1pp,True,-0.2934,-0.6023,True,True
HCPI,EM11,2024-10-01,10,band1pp,True,0.3883,0.6468,True,True
HCPI,EM11,2024-10-01,11,band1pp,False,0.8422,1.1224,True,False
HCPI,EM11,2024-10-01,12,band1pp,True,0.5983,0.6478,True,True
HCPI,EM11,2024-10-01,1,noband,False,-0.5402,1.0739,False,False
HCPI,EM11,2024-10-01,2,noband,True,-1.0108,-0.4236,False,False
HCPI,EM11,2024-10-01,3,noband,True,-0.2639,-1.4415,False,False
HCPI,EM11,2024-10-01,4,noband,True,-1.9885,-2.3369,False,False
HCPI,EM11,2024-10-01,5,noband,True,0.1305,0.3536,False,False
HCPI,EM11,2024-10-01,6,noband,True,1.9647,2.0466,False,False
HCPI,EM11,2024-10-01,7,noband,True,1.0882,1.2887,False,False
HCPI,EM11,2024-10-01,8,noband,True,1.3982,1.235,False,False
HCPI,EM11,2024-10-01,9,noband,True,-0.2934,-0.6023,False,False
HCPI,EM11,2024-10-01,10,noband,True,0.3883,0.6468,False,False
HCPI,EM11,2024-10-01,11,noband,True,0.8422,1.1224,False,False
HCPI,EM11,2024-10-01,12,noband,True,0.5983,0.6478,False,False
HCPI,EM11,2024-11-01,1,band1pp,False,-1.0108,0.3763,False,True
HCPI,EM11,2024-11-01,2,band1pp,False,-0.2639,-1.0545,True,False
HCPI,EM11,2024-11-01,3,band1pp,True,-1.9885,-2.435,False,False
HCPI,EM11,2024-11-01,4,band1pp,True,0.1305,0.4491,True,True
HCPI,EM11,2024-11-01,5,band1pp,True,1.9647,2.2945,False,False
HCPI,EM11,2024-11-01,6,band1pp,False,1.0882,0.523,False,True
HCPI,EM11,2024-11-01,7,band1pp,True,1.3982,1.118,False,False
HCPI,EM11,2024-11-01,8,band1pp,True,-0.2934,-0.2771,True,True
HCPI,EM11,2024-11-01,9,band1pp,True,0.3883,0.5303,True,True
HCPI,EM11,2024-11-01,10,band1pp,False,0.8422,1.4481,True,False
HCPI,EM11,2024-11-01,11,band1pp,True,0.5983,0.1153,True,True
HCPI,EM11,2024-11-01,12,band1pp,True,0.5548,0.6506,True,True
HCPI,EM11,2024-11-01,1,noband,False,-1.0108,0.3763,False,False
HCPI,EM11,2024-11-01,2,noband,True,-0.2639,-1.0545,False,False
HCPI,EM11,2024-11-01,3,noband,True,-1.9885,-2.435,False,False
HCPI,EM11,2024-11-01,4,noband,True,0.1305,0.4491,False,False
HCPI,EM11,2024-11-01,5,noband,True,1.9647,2.2945,False,False
HCPI,EM11,2024-11-01,6,noband,True,1.0882,0.523,False,False
HCPI,EM11,2024-11-01,7,noband,True,1.3982,1.118,False,False
HCPI,EM11,2024-11-01,8,noband,True,-0.2934,-0.2771,False,False
HCPI,EM11,2024-11-01,9,noband,True,0.3883,0.5303,False,False
HCPI,EM11,2024-11-01,10,noband,True,0.8422,1.4481,False,False
HCPI,EM11,2024-11-01,11,noband,True,0.5983,0.1153,False,False
HCPI,EM11,2024-11-01,12,noband,True,0.5548,0.6506,False,False
HCPI,EM11,2024-12-01,1,band1pp,False,-0.2639,-1.2015,True,False
HCPI,EM11,2024-12-01,2,band1pp,True,-1.9885,-2.7004,False,False
HCPI,EM11,2024-12-01,3,band1pp,True,0.1305,0.2281,True,True
HCPI,EM11,2024-12-01,4,band1pp,True,1.9647,2.0054,False,False
HCPI,EM11,2024-12-01,5,band1pp,False,1.0882,0.9404,False,True
HCPI,EM11,2024-12-01,6,band1pp,True,1.3982,1.0531,False,False
HCPI,EM11,2024-12-01,7,band1pp,True,-0.2934,-0.636,True,True
HCPI,EM11,2024-12-01,8,band1pp,True,0.3883,0.6225,True,True
HCPI,EM11,2024-12-01,9,band1pp,False,0.8422,1.3664,True,False
HCPI,EM11,2024-12-01,10,band1pp,True,0.5983,0.5546,True,True
HCPI,EM11,2024-12-01,11,band1pp,True,0.5548,0.5592,True,True
HCPI,EM11,2024-12-01,12,band1pp,True,-0.3004,-0.0293,True,True
HCPI,EM11,2024-12-01,1,noband,True,-0.2639,-1.2015,False,False
HCPI,EM11,2024-12-01,2,noband,True,-1.9885,-2.7004,False,False
HCPI,EM11,2024-12-01,3,noband,True,0.1305,0.2281,False,False
HCPI,EM11,2024-12-01,4,noband,True,1.9647,2.0054,False,False
HCPI,EM11,2024-12-01,5,noband,True,1.0882,0.9404,False,False
HCPI,EM11,2024-12-01,6,noband,True,1.3982,1.0531,False,False
HCPI,EM11,2024-12-01,7,noband,True,-0.2934,-0.636,False,False
HCPI,EM11,2024-12-01,8,noband,True,0.3883,0.6225,False,False
HCPI,EM11,2024-12-01,9,noband,True,0.8422,1.3664,False,False
HCPI,EM11,2024-12-01,10,noband,True,0.5983,0.5546,False,False
HCPI,EM11,2024-12-01,11,noband,True,0.5548,0.5592,False,False
HCPI,EM11,2024-12-01,12,noband,True,-0.3004,-0.0293,False,False
HCPI,EM11,2025-01-01,1,band1pp,True,-1.9885,-2.7792,False,False
HCPI,EM11,2025-01-01,2,band1pp,True,0.1305,0.2319,True,True
HCPI,EM11,2025-01-01,3,band1pp,True,1.9647,2.0482,False,False
HCPI,EM11,2025-01-01,4,band1pp,False,1.0882,0.8897,False,True
HCPI,EM11,2025-01-01,5,band1pp,False,1.3982,0.9704,False,True
HCPI,EM11,2025-01-01,6,band1pp,True,-0.2934,-0.773,True,True
HCPI,EM11,2025-01-01,7,band1pp,True,0.3883,0.6038,True,True
HCPI,EM11,2025-01-01,8,band1pp,False,0.8422,1.3775,True,False
HCPI,EM11,2025-01-01,9,band1pp,True,0.5983,0.5271,True,True
HCPI,EM11,2025-01-01,10,band1pp,True,0.5548,0.5301,True,True
HCPI,EM11,2025-01-01,11,band1pp,True,-0.3004,-0.1004,True,True
HCPI,EM11,2025-01-01,12,band1pp,False,0.5121,-1.0438,True,False
HCPI,EM11,2025-01-01,1,noband,True,-1.9885,-2.7792,False,False
HCPI,EM11,2025-01-01,2,noband,True,0.1305,0.2319,False,False
HCPI,EM11,2025-01-01,3,noband,True,1.9647,2.0482,False,False
HCPI,EM11,2025-01-01,4,noband,True,1.0882,0.8897,False,False
HCPI,EM11,2025-01-01,5,noband,True,1.3982,0.9704,False,False
HCPI,EM11,2025-01-01,6,noband,True,-0.2934,-0.773,False,False
HCPI,EM11,2025-01-01,7,noband,True,0.3883,0.6038,False,False
HCPI,EM11,2025-01-01,8,noband,True,0.8422,1.3775,False,False
HCPI,EM11,2025-01-01,9,noband,True,0.5983,0.5271,False,False
HCPI,EM11,2025-01-01,10,noband,True,0.5548,0.5301,False,False
HCPI,EM11,2025-01-01,11,noband,True,-0.3004,-0.1004,False,False
HCPI,EM11,2025-01-01,12,noband,False,0.5121,-1.0438,False,False
HCPI,EM11,2025-02-01,1,band1pp,True,0.1305,-0.5726,True,True
HCPI,EM11,2025-02-01,2,band1pp,True,1.9647,2.1262,False,False
HCPI,EM11,2025-02-01,3,band1pp,False,1.0882,0.8796,False,True
HCPI,EM11,2025-02-01,4,band1pp,False,1.3982,0.8797,False,True
HCPI,EM11,2025-02-01,5,band1pp,True,-0.2934,-0.6884,True,True
HCPI,EM11,2025-02-01,6,band1pp,True,0.3883,0.6175,True,True
HCPI,EM11,2025-02-01,7,band1pp,False,0.8422,1.398,True,False
HCPI,EM11,2025-02-01,8,band1pp,True,0.5983,0.5734,True,True
HCPI,EM11,2025-02-01,9,band1pp,True,0.5548,0.4601,True,True
HCPI,EM11,2025-02-01,10,band1pp,True,-0.3004,-0.3451,True,True
HCPI,EM11,2025-02-01,11,band1pp,False,0.5121,-1.0731,True,False
HCPI,EM11,2025-02-01,12,band1pp,True,-0.4612,-0.726,True,True
HCPI,EM11,2025-02-01,1,noband,False,0.1305,-0.5726,False,False
HCPI,EM11,2025-02-01,2,noband,True,1.9647,2.1262,False,False
HCPI,EM11,2025-02-01,3,noband,True,1.0882,0.8796,False,False
HCPI,EM11,2025-02-01,4,noband,True,1.3982,0.8797,False,False
HCPI,EM11,2025-02-01,5,noband,True,-0.2934,-0.6884,False,False
HCPI,EM11,2025-02-01,6,noband,True,0.3883,0.6175,False,False
HCPI,EM11,2025-02-01,7,noband,True,0.8422,1.398,False,False
HCPI,EM11,2025-02-01,8,noband,True,0.5983,0.5734,False,False
HCPI,EM11,2025-02-01,9,noband,True,0.5548,0.4601,False,False
HCPI,EM11,2025-02-01,10,noband,True,-0.3004,-0.3451,False,False
HCPI,EM11,2025-02-01,11,noband,False,0.5121,-1.0731,False,False
HCPI,EM11,2025-02-01,12,noband,True,-0.4612,-0.726,False,False
HCPI,EM11,2025-03-01,1,band1pp,False,1.9647,0.3744,False,True
HCPI,EM11,2025-03-01,2,band1pp,True,1.0882,1.0668,False,False
HCPI,EM11,2025-03-01,3,band1pp,False,1.3982,0.9287,False,True
HCPI,EM11,2025-03-01,4,band1pp,True,-0.2934,-0.6255,True,True
HCPI,EM11,2025-03-01,5,band1pp,True,0.3883,0.7307,True,True
HCPI,EM11,2025-03-01,6,band1pp,False,0.8422,1.4238,True,False
HCPI,EM11,2025-03-01,7,band1pp,True,0.5983,0.739,True,True
HCPI,EM11,2025-03-01,8,band1pp,True,0.5548,0.5518,True,True
HCPI,EM11,2025-03-01,9,band1pp,True,-0.3004,-0.0319,True,True
HCPI,EM11,2025-03-01,10,band1pp,False,0.5121,-1.1383,True,False
HCPI,EM11,2025-03-01,11,band1pp,True,-0.4612,-0.6611,True,True
HCPI,EM11,2025-03-01,12,band1pp,True,-0.8706,0.3623,True,True
HCPI,EM11,2025-03-01,1,noband,True,1.9647,0.3744,False,False
HCPI,EM11,2025-03-01,2,noband,True,1.0882,1.0668,False,False
HCPI,EM11,2025-03-01,3,noband,True,1.3982,0.9287,False,False
HCPI,EM11,2025-03-01,4,noband,True,-0.2934,-0.6255,False,False
HCPI,EM11,2025-03-01,5,noband,True,0.3883,0.7307,False,False
HCPI,EM11,2025-03-01,6,noband,True,0.8422,1.4238,False,False
HCPI,EM11,2025-03-01,7,noband,True,0.5983,0.739,False,False
HCPI,EM11,2025-03-01,8,noband,True,0.5548,0.5518,False,False
HCPI,EM11,2025-03-01,9,noband,True,-0.3004,-0.0319,False,False
HCPI,EM11,2025-03-01,10,noband,False,0.5121,-1.1383,False,False
HCPI,EM11,2025-03-01,11,noband,True,-0.4612,-0.6611,False,False
HCPI,EM11,2025-03-01,12,noband,False,-0.8706,0.3623,False,False
HCPI,EM11,2025-04-01,1,band1pp,False,1.0882,0.272,False,True
HCPI,EM11,2025-04-01,2,band1pp,True,1.3982,1.1602,False,False
HCPI,EM11,2025-04-01,3,band1pp,True,-0.2934,-0.6521,True,True
HCPI,EM11,2025-04-01,4,band1pp,True,0.3883,0.5181,True,True
HCPI,EM11,2025-04-01,5,band1pp,False,0.8422,1.4019,True,False
HCPI,EM11,2025-04-01,6,band1pp,True,0.5983,0.5545,True,True
HCPI,EM11,2025-04-01,7,band1pp,True,0.5548,0.4588,True,True
HCPI,EM11,2025-04-01,8,band1pp,True,-0.3004,-0.0745,True,True
HCPI,EM11,2025-04-01,9,band1pp,False,0.5121,-1.0655,True,False
HCPI,EM11,2025-04-01,10,band1pp,False,-0.4612,-1.0897,True,False
HCPI,EM11,2025-04-01,11,band1pp,True,-0.8706,-0.0343,True,True
HCPI,EM11,2025-04-01,12,band1pp,True,0.8267,0.1231,True,True
HCPI,EM11,2025-04-01,1,noband,True,1.0882,0.272,False,False
HCPI,EM11,2025-04-01,2,noband,True,1.3982,1.1602,False,False
HCPI,EM11,2025-04-01,3,noband,True,-0.2934,-0.6521,False,False
HCPI,EM11,2025-04-01,4,noband,True,0.3883,0.5181,False,False
HCPI,EM11,2025-04-01,5,noband,True,0.8422,1.4019,False,False
HCPI,EM11,2025-04-01,6,noband,True,0.5983,0.5545,False,False
HCPI,EM11,2025-04-01,7,noband,True,0.5548,0.4588,False,False
HCPI,EM11,2025-04-01,8,noband,True,-0.3004,-0.0745,False,False
HCPI,EM11,2025-04-01,9,noband,False,0.5121,-1.0655,False,False
HCPI,EM11,2025-04-01,10,noband,True,-0.4612,-1.0897,False,False
HCPI,EM11,2025-04-01,11,noband,True,-0.8706,-0.0343,False,False
HCPI,EM11,2025-04-01,12,noband,True,0.8267,0.1231,False,False
HCPI,EM11,2025-05-01,1,band1pp,True,1.3982,1.0147,False,False
HCPI,EM11,2025-05-01,2,band1pp,True,-0.2934,-0.7393,True,True
HCPI,EM11,2025-05-01,3,band1pp,True,0.3883,0.5982,True,True
HCPI,EM11,2025-05-01,4,band1pp,False,0.8422,1.3722,True,False
HCPI,EM11,2025-05-01,5,band1pp,True,0.5983,0.5316,True,True
HCPI,EM11,2025-05-01,6,band1pp,True,0.5548,0.5361,True,True
HCPI,EM11,2025-05-01,7,band1pp,True,-0.3004,-0.0736,True,True
HCPI,EM11,2025-05-01,8,band1pp,False,0.5121,-1.0419,True,False
HCPI,EM11,2025-05-01,9,band1pp,True,-0.4612,-0.8245,True,True
HCPI,EM11,2025-05-01,10,band1pp,True,-0.8706,0.0957,True,True
HCPI,EM11,2025-05-01,11,band1pp,True,0.8267,0.0831,True,True
HCPI,EM11,2025-05-01,12,band1pp,False,2.3671,-0.1766,False,True
HCPI,EM11,2025-05-01,1,noband,True,1.3982,1.0147,False,False
HCPI,EM11,2025-05-01,2,noband,True,-0.2934,-0.7393,False,False
HCPI,EM11,2025-05-01,3,noband,True,0.3883,0.5982,False,False
HCPI,EM11,2025-05-01,4,noband,True,0.8422,1.3722,False,False
HCPI,EM11,2025-05-01,5,noband,True,0.5983,0.5316,False,False
HCPI,EM11,2025-05-01,6,noband,True,0.5548,0.5361,False,False
HCPI,EM11,2025-05-01,7,noband,True,-0.3004,-0.0736,False,False
HCPI,EM11,2025-05-01,8,noband,False,0.5121,-1.0419,False,False
HCPI,EM11,2025-05-01,9,noband,True,-0.4612,-0.8245,False,False
HCPI,EM11,2025-05-01,10,noband,False,-0.8706,0.0957,False,False
HCPI,EM11,2025-05-01,11,noband,True,0.8267,0.0831,False,False
HCPI,EM11,2025-05-01,12,noband,False,2.3671,-0.1766,False,False
HCPI,EM11,2025-06-01,1,band1pp,False,-0.2934,-1.7966,True,False
HCPI,EM11,2025-06-01,2,band1pp,True,0.3883,0.6634,True,True
HCPI,EM11,2025-06-01,3,band1pp,False,0.8422,1.3851,True,False
HCPI,EM11,2025-06-01,4,band1pp,True,0.5983,0.5089,True,True
HCPI,EM11,2025-06-01,5,band1pp,True,0.5548,0.5759,True,True
HCPI,EM11,2025-06-01,6,band1pp,True,-0.3004,0.0871,True,True
HCPI,EM11,2025-06-01,7,band1pp,True,0.5121,-0.7789,True,True
HCPI,EM11,2025-06-01,8,band1pp,True,-0.4612,-0.5177,True,True
HCPI,EM11,2025-06-01,9,band1pp,True,-0.8706,0.234,True,True
HCPI,EM11,2025-06-01,10,band1pp,True,0.8267,-0.1553,True,True
HCPI,EM11,2025-06-01,11,band1pp,False,2.3671,0.1341,False,True
HCPI,EM11,2025-06-01,12,band1pp,True,0.7,-0.2601,True,True
HCPI,EM11,2025-06-01,1,noband,True,-0.2934,-1.7966,False,False
HCPI,EM11,2025-06-01,2,noband,True,0.3883,0.6634,False,False
HCPI,EM11,2025-06-01,3,noband,True,0.8422,1.3851,False,False
HCPI,EM11,2025-06-01,4,noband,True,0.5983,0.5089,False,False
HCPI,EM11,2025-06-01,5,noband,True,0.5548,0.5759,False,False
HCPI,EM11,2025-06-01,6,noband,False,-0.3004,0.0871,False,False
HCPI,EM11,2025-06-01,7,noband,False,0.5121,-0.7789,False,False
HCPI,EM11,2025-06-01,8,noband,True,-0.4612,-0.5177,False,False
HCPI,EM11,2025-06-01,9,noband,False,-0.8706,0.234,False,False
HCPI,EM11,2025-06-01,10,noband,False,0.8267,-0.1553,False,False
HCPI,EM11,2025-06-01,11,noband,True,2.3671,0.1341,False,False
HCPI,EM11,2025-06-01,12,noband,False,0.7,-0.2601,False,False
HCPI,EM11,2025-07-01,1,band1pp,True,0.3883,-0.052,True,True
HCPI,EM11,2025-07-01,2,band1pp,False,0.8422,1.2627,True,False
HCPI,EM11,2025-07-01,3,band1pp,False,0.5983,1.0089,True,False
HCPI,EM11,2025-07-01,4,band1pp,True,0.5548,0.3504,True,True
HCPI,EM11,2025-07-01,5,band1pp,True,-0.3004,0.1276,True,True
HCPI,EM11,2025-07-01,6,band1pp,True,0.5121,-0.8056,True,True
HCPI,EM11,2025-07-01,7,band1pp,True,-0.4612,-0.4677,True,True
HCPI,EM11,2025-07-01,8,band1pp,True,-0.8706,-0.1239,True,True
HCPI,EM11,2025-07-01,9,band1pp,True,0.8267,0.5042,True,True
HCPI,EM11,2025-07-01,10,band1pp,False,2.3671,-0.4462,False,True
HCPI,EM11,2025-07-01,11,band1pp,True,0.7,-0.0187,True,True
HCPI,EM11,2025-07-01,12,band1pp,False,1.0707,-0.2664,False,True
HCPI,EM11,2025-07-01,1,noband,False,0.3883,-0.052,False,False
HCPI,EM11,2025-07-01,2,noband,True,0.8422,1.2627,False,False
HCPI,EM11,2025-07-01,3,noband,True,0.5983,1.0089,False,False
HCPI,EM11,2025-07-01,4,noband,True,0.5548,0.3504,False,False
HCPI,EM11,2025-07-01,5,noband,False,-0.3004,0.1276,False,False
HCPI,EM11,2025-07-01,6,noband,False,0.5121,-0.8056,False,False
HCPI,EM11,2025-07-01,7,noband,True,-0.4612,-0.4677,False,False
HCPI,EM11,2025-07-01,8,noband,True,-0.8706,-0.1239,False,False
HCPI,EM11,2025-07-01,9,noband,True,0.8267,0.5042,False,False
HCPI,EM11,2025-07-01,10,noband,False,2.3671,-0.4462,False,False
HCPI,EM11,2025-07-01,11,noband,False,0.7,-0.0187,False,False
HCPI,EM11,2025-07-01,12,noband,False,1.0707,-0.2664,False,False
HCPI,EM11,2025-08-01,1,band1pp,False,0.8422,2.2913,True,False
HCPI,EM11,2025-08-01,2,band1pp,True,0.5983,0.6024,True,True
HCPI,EM11,2025-08-01,3,band1pp,True,0.5548,0.8142,True,True
HCPI,EM11,2025-08-01,4,band1pp,True,-0.3004,0.1835,True,True
HCPI,EM11,2025-08-01,5,band1pp,True,0.5121,-0.7749,True,True
HCPI,EM11,2025-08-01,6,band1pp,True,-0.4612,-0.5038,True,True
HCPI,EM11,2025-08-01,7,band1pp,True,-0.8706,0.1857,True,True
HCPI,EM11,2025-08-01,8,band1pp,True,0.8267,0.1369,True,True
HCPI,EM11,2025-08-01,9,band1pp,False,2.3671,0.2032,False,True
HCPI,EM11,2025-08-01,10,band1pp,True,0.7,-0.3451,True,True
HCPI,EM11,2025-08-01,11,band1pp,False,1.0707,0.0056,False,True
HCPI,EM11,2025-08-01,12,band1pp,True,0.7326,0.3017,True,True
HCPI,EM11,2025-08-01,1,noband,True,0.8422,2.2913,False,False
HCPI,EM11,2025-08-01,2,noband,True,0.5983,0.6024,False,False
HCPI,EM11,2025-08-01,3,noband,True,0.5548,0.8142,False,False
HCPI,EM11,2025-08-01,4,noband,False,-0.3004,0.1835,False,False
HCPI,EM11,2025-08-01,5,noband,False,0.5121,-0.7749,False,False
HCPI,EM11,2025-08-01,6,noband,True,-0.4612,-0.5038,False,False
HCPI,EM11,2025-08-01,7,noband,False,-0.8706,0.1857,False,False
HCPI,EM11,2025-08-01,8,noband,True,0.8267,0.1369,False,False
HCPI,EM11,2025-08-01,9,noband,True,2.3671,0.2032,False,False
HCPI,EM11,2025-08-01,10,noband,False,0.7,-0.3451,False,False
HCPI,EM11,2025-08-01,11,noband,True,1.0707,0.0056,False,False
HCPI,EM11,2025-08-01,12,noband,True,0.7326,0.3017,False,False
HCPI,EM11,2025-09-01,1,band1pp,True,0.5983,0.9148,True,True
HCPI,EM11,2025-09-01,2,band1pp,True,0.5548,0.6319,True,True
HCPI,EM11,2025-09-01,3,band1pp,True,-0.3004,0.3775,True,True
HCPI,EM11,2025-09-01,4,band1pp,True,0.5121,-0.9097,True,True
HCPI,EM11,2025-09-01,5,band1pp,True,-0.4612,-0.7985,True,True
HCPI,EM11,2025-09-01,6,band1pp,True,-0.8706,0.4449,True,True
HCPI,EM11,2025-09-01,7,band1pp,True,0.8267,0.0821,True,True
HCPI,EM11,2025-09-01,8,band1pp,False,2.3671,-0.2222,False,True
HCPI,EM11,2025-09-01,9,band1pp,True,0.7,0.1034,True,True
HCPI,EM11,2025-09-01,10,band1pp,False,1.0707,-0.4149,False,True
HCPI,EM11,2025-09-01,11,band1pp,True,0.7326,0.5307,True,True
HCPI,EM11,2025-09-01,12,band1pp,True,0.8107,0.4205,True,True
HCPI,EM11,2025-09-01,1,noband,True,0.5983,0.9148,False,False
HCPI,EM11,2025-09-01,2,noband,True,0.5548,0.6319,False,False
HCPI,EM11,2025-09-01,3,noband,False,-0.3004,0.3775,False,False
HCPI,EM11,2025-09-01,4,noband,False,0.5121,-0.9097,False,False
HCPI,EM11,2025-09-01,5,noband,True,-0.4612,-0.7985,False,False
HCPI,EM11,2025-09-01,6,noband,False,-0.8706,0.4449,False,False
HCPI,EM11,2025-09-01,7,noband,True,0.8267,0.0821,False,False
HCPI,EM11,2025-09-01,8,noband,False,2.3671,-0.2222,False,False
HCPI,EM11,2025-09-01,9,noband,True,0.7,0.1034,False,False
HCPI,EM11,2025-09-01,10,noband,False,1.0707,-0.4149,False,False
HCPI,EM11,2025-09-01,11,noband,True,0.7326,0.5307,False,False
HCPI,EM11,2025-09-01,12,noband,True,0.8107,0.4205,False,False
HCPI,EM12,2024-05-01,1,band1pp,False,-1.1378,0.8204,False,True
HCPI,EM12,2024-05-01,2,band1pp,True,0.7855,0.0289,True,True
HCPI,EM12,2024-05-01,3,band1pp,True,0.1154,0.7297,True,True
HCPI,EM12,2024-05-01,4,band1pp,False,-1.3868,-0.067,False,True
HCPI,EM12,2024-05-01,5,band1pp,True,-1.2862,-1.059,False,False
HCPI,EM12,2024-05-01,6,band1pp,True,-0.5402,-0.1424,True,True
HCPI,EM12,2024-05-01,7,band1pp,False,-1.0108,-0.9391,False,True
HCPI,EM12,2024-05-01,8,band1pp,False,-0.2639,-1.1601,True,False
HCPI,EM12,2024-05-01,9,band1pp,True,-1.9885,-2.7801,False,False
HCPI,EM12,2024-05-01,10,band1pp,True,0.1305,0.1411,True,True
HCPI,EM12,2024-05-01,11,band1pp,True,1.9647,2.1734,False,False
HCPI,EM12,2024-05-01,12,band1pp,False,1.0882,0.8453,False,True
HCPI,EM12,2024-05-01,1,noband,False,-1.1378,0.8204,False,False
HCPI,EM12,2024-05-01,2,noband,True,0.7855,0.0289,False,False
HCPI,EM12,2024-05-01,3,noband,True,0.1154,0.7297,False,False
HCPI,EM12,2024-05-01,4,noband,True,-1.3868,-0.067,False,False
HCPI,EM12,2024-05-01,5,noband,True,-1.2862,-1.059,False,False
HCPI,EM12,2024-05-01,6,noband,True,-0.5402,-0.1424,False,False
HCPI,EM12,2024-05-01,7,noband,True,-1.0108,-0.9391,False,False
HCPI,EM12,2024-05-01,8,noband,True,-0.2639,-1.1601,False,False
HCPI,EM12,2024-05-01,9,noband,True,-1.9885,-2.7801,False,False
HCPI,EM12,2024-05-01,10,noband,True,0.1305,0.1411,False,False
HCPI,EM12,2024-05-01,11,noband,True,1.9647,2.1734,False,False
HCPI,EM12,2024-05-01,12,noband,True,1.0882,0.8453,False,False
HCPI,EM12,2024-06-01,1,band1pp,True,0.7855,0.2166,True,True
HCPI,EM12,2024-06-01,2,band1pp,True,0.1154,0.774,True,True
HCPI,EM12,2024-06-01,3,band1pp,False,-1.3868,0.1036,False,True
HCPI,EM12,2024-06-01,4,band1pp,False,-1.2862,-0.7026,False,True
HCPI,EM12,2024-06-01,5,band1pp,True,-0.5402,-0.0736,True,True
HCPI,EM12,2024-06-01,6,band1pp,True,-1.0108,-1.2234,False,False
HCPI,EM12,2024-06-01,7,band1pp,False,-0.2639,-1.0338,True,False
HCPI,EM12,2024-06-01,8,band1pp,True,-1.9885,-2.5458,False,False
HCPI,EM12,2024-06-01,9,band1pp,True,0.1305,0.4405,True,True
HCPI,EM12,2024-06-01,10,band1pp,True,1.9647,2.1499,False,False
HCPI,EM12,2024-06-01,11,band1pp,True,1.0882,1.0141,False,False
HCPI,EM12,2024-06-01,12,band1pp,True,1.3982,1.0219,False,False
HCPI,EM12,2024-06-01,1,noband,True,0.7855,0.2166,False,False
HCPI,EM12,2024-06-01,2,noband,True,0.1154,0.774,False,False
HCPI,EM12,2024-06-01,3,noband,False,-1.3868,0.1036,False,False
HCPI,EM12,2024-06-01,4,noband,True,-1.2862,-0.7026,False,False
HCPI,EM12,2024-06-01,5,noband,True,-0.5402,-0.0736,False,False
HCPI,EM12,2024-06-01,6,noband,True,-1.0108,-1.2234,False,False
HCPI,EM12,2024-06-01,7,noband,True,-0.2639,-1.0338,False,False
HCPI,EM12,2024-06-01,8,noband,True,-1.9885,-2.5458,False,False
HCPI,EM12,2024-06-01,9,noband,True,0.1305,0.4405,False,False
HCPI,EM12,2024-06-01,10,noband,True,1.9647,2.1499,False,False
HCPI,EM12,2024-06-01,11,noband,True,1.0882,1.0141,False,False
HCPI,EM12,2024-06-01,12,noband,True,1.3982,1.0219,False,False
HCPI,EM12,2024-07-01,1,band1pp,False,0.1154,1.1586,True,False
HCPI,EM12,2024-07-01,2,band1pp,False,-1.3868,-0.1329,False,True
HCPI,EM12,2024-07-01,3,band1pp,False,-1.2862,-0.7179,False,True
HCPI,EM12,2024-07-01,4,band1pp,True,-0.5402,0.0968,True,True
HCPI,EM12,2024-07-01,5,band1pp,False,-1.0108,-0.9445,False,True
HCPI,EM12,2024-07-01,6,band1pp,False,-0.2639,-1.1307,True,False
HCPI,EM12,2024-07-01,7,band1pp,True,-1.9885,-2.5774,False,False
HCPI,EM12,2024-07-01,8,band1pp,True,0.1305,0.1428,True,True
HCPI,EM12,2024-07-01,9,band1pp,True,1.9647,2.0127,False,False
HCPI,EM12,2024-07-01,10,band1pp,True,1.0882,1.1696,False,False
HCPI,EM12,2024-07-01,11,band1pp,True,1.3982,1.4974,False,False
HCPI,EM12,2024-07-01,12,band1pp,True,-0.2934,-0.2947,True,True
HCPI,EM12,2024-07-01,1,noband,True,0.1154,1.1586,False,False
HCPI,EM12,2024-07-01,2,noband,True,-1.3868,-0.1329,False,False
HCPI,EM12,2024-07-01,3,noband,True,-1.2862,-0.7179,False,False
HCPI,EM12,2024-07-01,4,noband,False,-0.5402,0.0968,False,False
HCPI,EM12,2024-07-01,5,noband,True,-1.0108,-0.9445,False,False
HCPI,EM12,2024-07-01,6,noband,True,-0.2639,-1.1307,False,False
HCPI,EM12,2024-07-01,7,noband,True,-1.9885,-2.5774,False,False
HCPI,EM12,2024-07-01,8,noband,True,0.1305,0.1428,False,False
HCPI,EM12,2024-07-01,9,noband,True,1.9647,2.0127,False,False
HCPI,EM12,2024-07-01,10,noband,True,1.0882,1.1696,False,False
HCPI,EM12,2024-07-01,11,noband,True,1.3982,1.4974,False,False
HCPI,EM12,2024-07-01,12,noband,True,-0.2934,-0.2947,False,False
HCPI,EM12,2024-08-01,1,band1pp,False,-1.3868,0.1513,False,True
HCPI,EM12,2024-08-01,2,band1pp,False,-1.2862,-0.5744,False,True
HCPI,EM12,2024-08-01,3,band1pp,True,-0.5402,0.2105,True,True
HCPI,EM12,2024-08-01,4,band1pp,False,-1.0108,-0.8371,False,True
HCPI,EM12,2024-08-01,5,band1pp,False,-0.2639,-1.0179,True,False
HCPI,EM12,2024-08-01,6,band1pp,True,-1.9885,-2.5256,False,False
HCPI,EM12,2024-08-01,7,band1pp,True,0.1305,0.3884,True,True
HCPI,EM12,2024-08-01,8,band1pp,True,1.9647,2.3015,False,False
HCPI,EM12,2024-08-01,9,band1pp,True,1.0882,1.2258,False,False
HCPI,EM12,2024-08-01,10,band1pp,True,1.3982,1.3821,False,False
HCPI,EM12,2024-08-01,11,band1pp,True,-0.2934,-0.4038,True,True
HCPI,EM12,2024-08-01,12,band1pp,True,0.3883,0.8557,True,True
HCPI,EM12,2024-08-01,1,noband,False,-1.3868,0.1513,False,False
HCPI,EM12,2024-08-01,2,noband,True,-1.2862,-0.5744,False,False
HCPI,EM12,2024-08-01,3,noband,False,-0.5402,0.2105,False,False
HCPI,EM12,2024-08-01,4,noband,True,-1.0108,-0.8371,False,False
HCPI,EM12,2024-08-01,5,noband,True,-0.2639,-1.0179,False,False
HCPI,EM12,2024-08-01,6,noband,True,-1.9885,-2.5256,False,False
HCPI,EM12,2024-08-01,7,noband,True,0.1305,0.3884,False,False
HCPI,EM12,2024-08-01,8,noband,True,1.9647,2.3015,False,False
HCPI,EM12,2024-08-01,9,noband,True,1.0882,1.2258,False,False
HCPI,EM12,2024-08-01,10,noband,True,1.3982,1.3821,False,False
HCPI,EM12,2024-08-01,11,noband,True,-0.2934,-0.4038,False,False
HCPI,EM12,2024-08-01,12,noband,True,0.3883,0.8557,False,False
HCPI,EM12,2024-09-01,1,band1pp,False,-1.2862,-0.6345,False,True
HCPI,EM12,2024-09-01,2,band1pp,True,-0.5402,0.2021,True,True
HCPI,EM12,2024-09-01,3,band1pp,False,-1.0108,-0.5878,False,True
HCPI,EM12,2024-09-01,4,band1pp,True,-0.2639,-0.8536,True,True
HCPI,EM12,2024-09-01,5,band1pp,True,-1.9885,-2.321,False,False
HCPI,EM12,2024-09-01,6,band1pp,True,0.1305,-0.1166,True,True
HCPI,EM12,2024-09-01,7,band1pp,True,1.9647,1.6001,False,False
HCPI,EM12,2024-09-01,8,band1pp,True,1.0882,1.399,False,False
HCPI,EM12,2024-09-01,9,band1pp,True,1.3982,1.8094,False,False
HCPI,EM12,2024-09-01,10,band1pp,True,-0.2934,0.2168,True,True
HCPI,EM12,2024-09-01,11,band1pp,True,0.3883,0.6679,True,True
HCPI,EM12,2024-09-01,12,band1pp,False,0.8422,1.2492,True,False
HCPI,EM12,2024-09-01,1,noband,True,-1.2862,-0.6345,False,False
HCPI,EM12,2024-09-01,2,noband,False,-0.5402,0.2021,False,False
HCPI,EM12,2024-09-01,3,noband,True,-1.0108,-0.5878,False,False
HCPI,EM12,2024-09-01,4,noband,True,-0.2639,-0.8536,False,False
HCPI,EM12,2024-09-01,5,noband,True,-1.9885,-2.321,False,False
HCPI,EM12,2024-09-01,6,noband,False,0.1305,-0.1166,False,False
HCPI,EM12,2024-09-01,7,noband,True,1.9647,1.6001,False,False
HCPI,EM12,2024-09-01,8,noband,True,1.0882,1.399,False,False
HCPI,EM12,2024-09-01,9,noband,True,1.3982,1.8094,False,False
HCPI,EM12,2024-09-01,10,noband,False,-0.2934,0.2168,False,False
HCPI,EM12,2024-09-01,11,noband,True,0.3883,0.6679,False,False
HCPI,EM12,2024-09-01,12,noband,True,0.8422,1.2492,False,False
HCPI,EM12,2024-10-01,1,band1pp,False,-0.5402,2.3572,True,False
HCPI,EM12,2024-10-01,2,band1pp,False,-1.0108,-0.7526,False,True
HCPI,EM12,2024-10-01,3,band1pp,False,-0.2639,-1.0998,True,False
HCPI,EM12,2024-10-01,4,band1pp,True,-1.9885,-2.32,False,False
HCPI,EM12,2024-10-01,5,band1pp,True,0.1305,-0.204,True,True
HCPI,EM12,2024-10-01,6,band1pp,True,1.9647,1.674,False,False
HCPI,EM12,2024-10-01,7,band1pp,True,1.0882,1.0684,False,False
HCPI,EM12,2024-10-01,8,band1pp,True,1.3982,1.5686,False,False
HCPI,EM12,2024-10-01,9,band1pp,True,-0.2934,-0.0595,True,True
HCPI,EM12,2024-10-01,10,band1pp,True,0.3883,0.5133,True,True
HCPI,EM12,2024-10-01,11,band1pp,False,0.8422,1.1178,True,False
HCPI,EM12,2024-10-01,12,band1pp,True,0.5983,0.4911,True,True
HCPI,EM12,2024-10-01,1,noband,False,-0.5402,2.3572,False,False
HCPI,EM12,2024-10-01,2,noband,True,-1.0108,-0.7526,False,False
HCPI,EM12,2024-10-01,3,noband,True,-0.2639,-1.0998,False,False
HCPI,EM12,2024-10-01,4,noband,True,-1.9885,-2.32,False,False
HCPI,EM12,2024-10-01,5,noband,False,0.1305,-0.204,False,False
HCPI,EM12,2024-10-01,6,noband,True,1.9647,1.674,False,False
HCPI,EM12,2024-10-01,7,noband,True,1.0882,1.0684,False,False
HCPI,EM12,2024-10-01,8,noband,True,1.3982,1.5686,False,False
HCPI,EM12,2024-10-01,9,noband,True,-0.2934,-0.0595,False,False
HCPI,EM12,2024-10-01,10,noband,True,0.3883,0.5133,False,False
HCPI,EM12,2024-10-01,11,noband,True,0.8422,1.1178,False,False
HCPI,EM12,2024-10-01,12,noband,True,0.5983,0.4911,False,False
HCPI,EM12,2024-11-01,1,band1pp,False,-1.0108,1.703,False,False
HCPI,EM12,2024-11-01,2,band1pp,False,-0.2639,-1.3304,True,False
HCPI,EM12,2024-11-01,3,band1pp,True,-1.9885,-2.5864,False,False
HCPI,EM12,2024-11-01,4,band1pp,True,0.1305,0.1518,True,True
HCPI,EM12,2024-11-01,5,band1pp,True,1.9647,2.02,False,False
HCPI,EM12,2024-11-01,6,band1pp,False,1.0882,0.8076,False,True
HCPI,EM12,2024-11-01,7,band1pp,True,1.3982,1.003,False,False
HCPI,EM12,2024-11-01,8,band1pp,True,-0.2934,-0.8113,True,True
HCPI,EM12,2024-11-01,9,band1pp,True,0.3883,0.5721,True,True
HCPI,EM12,2024-11-01,10,band1pp,False,0.8422,1.2793,True,False
HCPI,EM12,2024-11-01,11,band1pp,True,0.5983,0.4512,True,True
HCPI,EM12,2024-11-01,12,band1pp,True,0.5548,0.4919,True,True
HCPI,EM12,2024-11-01,1,noband,False,-1.0108,1.703,False,False
HCPI,EM12,2024-11-01,2,noband,True,-0.2639,-1.3304,False,False
HCPI,EM12,2024-11-01,3,noband,True,-1.9885,-2.5864,False,False
HCPI,EM12,2024-11-01,4,noband,True,0.1305,0.1518,False,False
HCPI,EM12,2024-11-01,5,noband,True,1.9647,2.02,False,False
HCPI,EM12,2024-11-01,6,noband,True,1.0882,0.8076,False,False
HCPI,EM12,2024-11-01,7,noband,True,1.3982,1.003,False,False
HCPI,EM12,2024-11-01,8,noband,True,-0.2934,-0.8113,False,False
HCPI,EM12,2024-11-01,9,noband,True,0.3883,0.5721,False,False
HCPI,EM12,2024-11-01,10,noband,True,0.8422,1.2793,False,False
HCPI,EM12,2024-11-01,11,noband,True,0.5983,0.4512,False,False
HCPI,EM12,2024-11-01,12,noband,True,0.5548,0.4919,False,False
HCPI,EM12,2024-12-01,1,band1pp,True,-0.2639,0.6338,True,True
HCPI,EM12,2024-12-01,2,band1pp,True,-1.9885,-2.6325,False,False
HCPI,EM12,2024-12-01,3,band1pp,True,0.1305,0.126,True,True
HCPI,EM12,2024-12-01,4,band1pp,True,1.9647,1.8763,False,False
HCPI,EM12,2024-12-01,5,band1pp,False,1.0882,0.9019,False,True
HCPI,EM12,2024-12-01,6,band1pp,False,1.3982,0.973,False,True
HCPI,EM12,2024-12-01,7,band1pp,True,-0.2934,-0.5703,True,True
HCPI,EM12,2024-12-01,8,band1pp,True,0.3883,0.5611,True,True
HCPI,EM12,2024-12-01,9,band1pp,False,0.8422,1.3544,True,False
HCPI,EM12,2024-12-01,10,band1pp,True,0.5983,0.3831,True,True
HCPI,EM12,2024-12-01,11,band1pp,True,0.5548,0.4662,True,True
HCPI,EM12,2024-12-01,12,band1pp,True,-0.3004,-0.052,True,True
HCPI,EM12,2024-12-01,1,noband,False,-0.2639,0.6338,False,False
HCPI,EM12,2024-12-01,2,noband,True,-1.9885,-2.6325,False,False
HCPI,EM12,2024-12-01,3,noband,True,0.1305,0.126,False,False
HCPI,EM12,2024-12-01,4,noband,True,1.9647,1.8763,False,False
HCPI,EM12,2024-12-01,5,noband,True,1.0882,0.9019,False,False
HCPI,EM12,2024-12-01,6,noband,True,1.3982,0.973,False,False
HCPI,EM12,2024-12-01,7,noband,True,-0.2934,-0.5703,False,False
HCPI,EM12,2024-12-01,8,noband,True,0.3883,0.5611,False,False
HCPI,EM12,2024-12-01,9,noband,True,0.8422,1.3544,False,False
HCPI,EM12,2024-12-01,10,noband,True,0.5983,0.3831,False,False
HCPI,EM12,2024-12-01,11,noband,True,0.5548,0.4662,False,False
HCPI,EM12,2024-12-01,12,noband,True,-0.3004,-0.052,False,False
HCPI,EM12,2025-01-01,1,band1pp,True,-1.9885,-2.6185,False,False
HCPI,EM12,2025-01-01,2,band1pp,True,0.1305,0.1885,True,True
HCPI,EM12,2025-01-01,3,band1pp,True,1.9647,2.0099,False,False
HCPI,EM12,2025-01-01,4,band1pp,False,1.0882,0.7895,False,True
HCPI,EM12,2025-01-01,5,band1pp,False,1.3982,0.9003,False,True
HCPI,EM12,2025-01-01,6,band1pp,True,-0.2934,-0.857,True,True
HCPI,EM12,2025-01-01,7,band1pp,True,0.3883,0.6219,True,True
HCPI,EM12,2025-01-01,8,band1pp,False,0.8422,1.3982,True,False
HCPI,EM12,2025-01-01,9,band1pp,True,0.5983,0.6871,True,True
HCPI,EM12,2025-01-01,10,band1pp,True,0.5548,0.4202,True,True
HCPI,EM12,2025-01-01,11,band1pp,True,-0.3004,-0.1357,True,True
HCPI,EM12,2025-01-01,12,band1pp,False,0.5121,-1.1336,True,False
HCPI,EM12,2025-01-01,1,noband,True,-1.9885,-2.6185,False,False
HCPI,EM12,2025-01-01,2,noband,True,0.1305,0.1885,False,False
HCPI,EM12,2025-01-01,3,noband,True,1.9647,2.0099,False,False
HCPI,EM12,2025-01-01,4,noband,True,1.0882,0.7895,False,False
HCPI,EM12,2025-01-01,5,noband,True,1.3982,0.9003,False,False
HCPI,EM12,2025-01-01,6,noband,True,-0.2934,-0.857,False,False
HCPI,EM12,2025-01-01,7,noband,True,0.3883,0.6219,False,False
HCPI,EM12,2025-01-01,8,noband,True,0.8422,1.3982,False,False
HCPI,EM12,2025-01-01,9,noband,True,0.5983,0.6871,False,False
HCPI,EM12,2025-01-01,10,noband,True,0.5548,0.4202,False,False
HCPI,EM12,2025-01-01,11,noband,True,-0.3004,-0.1357,False,False
HCPI,EM12,2025-01-01,12,noband,False,0.5121,-1.1336,False,False
HCPI,EM12,2025-02-01,1,band1pp,True,0.1305,0.2238,True,True
HCPI,EM12,2025-02-01,2,band1pp,True,1.9647,2.0619,False,False
HCPI,EM12,2025-02-01,3,band1pp,False,1.0882,0.8497,False,True
HCPI,EM12,2025-02-01,4,band1pp,False,1.3982,0.913,False,True
HCPI,EM12,2025-02-01,5,band1pp,True,-0.2934,-0.8654,True,True
HCPI,EM12,2025-02-01,6,band1pp,True,0.3883,0.5753,True,True
HCPI,EM12,2025-02-01,7,band1pp,False,0.8422,1.3686,True,False
HCPI,EM12,2025-02-01,8,band1pp,True,0.5983,0.4979,True,True
HCPI,EM12,2025-02-01,9,band1pp,True,0.5548,0.5028,True,True
HCPI,EM12,2025-02-01,10,band1pp,True,-0.3004,-0.1514,True,True
HCPI,EM12,2025-02-01,11,band1pp,False,0.5121,-1.0965,True,False
HCPI,EM12,2025-02-01,12,band1pp,True,-0.4612,-0.8798,True,True
HCPI,EM12,2025-02-01,1,noband,True,0.1305,0.2238,False,False
HCPI,EM12,2025-02-01,2,noband,True,1.9647,2.0619,False,False
HCPI,EM12,2025-02-01,3,noband,True,1.0882,0.8497,False,False
HCPI,EM12,2025-02-01,4,noband,True,1.3982,0.913,False,False
HCPI,EM12,2025-02-01,5,noband,True,-0.2934,-0.8654,False,False
HCPI,EM12,2025-02-01,6,noband,True,0.3883,0.5753,False,False
HCPI,EM12,2025-02-01,7,noband,True,0.8422,1.3686,False,False
HCPI,EM12,2025-02-01,8,noband,True,0.5983,0.4979,False,False
HCPI,EM12,2025-02-01,9,noband,True,0.5548,0.5028,False,False
HCPI,EM12,2025-02-01,10,noband,True,-0.3004,-0.1514,False,False
HCPI,EM12,2025-02-01,11,noband,False,0.5121,-1.0965,False,False
HCPI,EM12,2025-02-01,12,noband,True,-0.4612,-0.8798,False,False
HCPI,EM12,2025-03-01,1,band1pp,False,1.9647,0.0398,False,True
HCPI,EM12,2025-03-01,2,band1pp,True,1.0882,1.1425,False,False
HCPI,EM12,2025-03-01,3,band1pp,False,1.3982,0.7354,False,True
HCPI,EM12,2025-03-01,4,band1pp,True,-0.2934,-0.51,True,True
HCPI,EM12,2025-03-01,5,band1pp,True,0.3883,0.8184,True,True
HCPI,EM12,2025-03-01,6,band1pp,False,0.8422,1.4548,True,False
HCPI,EM12,2025-03-01,7,band1pp,True,0.5983,0.9222,True,True
HCPI,EM12,2025-03-01,8,band1pp,True,0.5548,0.4442,True,True
HCPI,EM12,2025-03-01,9,band1pp,True,-0.3004,0.3351,True,True
HCPI,EM12,2025-03-01,10,band1pp,False,0.5121,-1.037,True,False
HCPI,EM12,2025-03-01,11,band1pp,True,-0.4612,-0.5481,True,True
HCPI,EM12,2025-03-01,12,band1pp,True,-0.8706,0.6589,True,True
HCPI,EM12,2025-03-01,1,noband,True,1.9647,0.0398,False,False
HCPI,EM12,2025-03-01,2,noband,True,1.0882,1.1425,False,False
HCPI,EM12,2025-03-01,3,noband,True,1.3982,0.7354,False,False
HCPI,EM12,2025-03-01,4,noband,True,-0.2934,-0.51,False,False
HCPI,EM12,2025-03-01,5,noband,True,0.3883,0.8184,False,False
HCPI,EM12,2025-03-01,6,noband,True,0.8422,1.4548,False,False
HCPI,EM12,2025-03-01,7,noband,True,0.5983,0.9222,False,False
HCPI,EM12,2025-03-01,8,noband,True,0.5548,0.4442,False,False
HCPI,EM12,2025-03-01,9,noband,False,-0.3004,0.3351,False,False
HCPI,EM12,2025-03-01,10,noband,False,0.5121,-1.037,False,False
HCPI,EM12,2025-03-01,11,noband,True,-0.4612,-0.5481,False,False
HCPI,EM12,2025-03-01,12,noband,False,-0.8706,0.6589,False,False
HCPI,EM12,2025-04-01,1,band1pp,False,1.0882,0.848,False,True
HCPI,EM12,2025-04-01,2,band1pp,False,1.3982,0.9728,False,True
HCPI,EM12,2025-04-01,3,band1pp,True,-0.2934,-0.7203,True,True
HCPI,EM12,2025-04-01,4,band1pp,True,0.3883,0.6327,True,True
HCPI,EM12,2025-04-01,5,band1pp,False,0.8422,1.4213,True,False
HCPI,EM12,2025-04-01,6,band1pp,True,0.5983,0.5456,True,True
HCPI,EM12,2025-04-01,7,band1pp,True,0.5548,0.5598,True,True
HCPI,EM12,2025-04-01,8,band1pp,True,-0.3004,-0.0173,True,True
HCPI,EM12,2025-04-01,9,band1pp,True,0.5121,-0.9316,True,True
HCPI,EM12,2025-04-01,10,band1pp,True,-0.4612,-0.7862,True,True
HCPI,EM12,2025-04-01,11,band1pp,True,-0.8706,0.158,True,True
HCPI,EM12,2025-04-01,12,band1pp,True,0.8267,0.1631,True,True
HCPI,EM12,2025-04-01,1,noband,True,1.0882,0.848,False,False
HCPI,EM12,2025-04-01,2,noband,True,1.3982,0.9728,False,False
HCPI,EM12,2025-04-01,3,noband,True,-0.2934,-0.7203,False,False
HCPI,EM12,2025-04-01,4,noband,True,0.3883,0.6327,False,False
HCPI,EM12,2025-04-01,5,noband,True,0.8422,1.4213,False,False
HCPI,EM12,2025-04-01,6,noband,True,0.5983,0.5456,False,False
HCPI,EM12,2025-04-01,7,noband,True,0.5548,0.5598,False,False
HCPI,EM12,2025-04-01,8,noband,True,-0.3004,-0.0173,False,False
HCPI,EM12,2025-04-01,9,noband,False,0.5121,-0.9316,False,False
HCPI,EM12,2025-04-01,10,noband,True,-0.4612,-0.7862,False,False
HCPI,EM12,2025-04-01,11,noband,False,-0.8706,0.158,False,False
HCPI,EM12,2025-04-01,12,noband,True,0.8267,0.1631,False,False
HCPI,EM12,2025-05-01,1,band1pp,False,1.3982,0.5166,False,True
HCPI,EM12,2025-05-01,2,band1pp,True,-0.2934,-0.7788,True,True
HCPI,EM12,2025-05-01,3,band1pp,True,0.3883,0.609,True,True
HCPI,EM12,2025-05-01,4,band1pp,False,0.8422,1.2762,True,False
HCPI,EM12,2025-05-01,5,band1pp,True,0.5983,0.6827,True,True
HCPI,EM12,2025-05-01,6,band1pp,True,0.5548,0.593,True,True
HCPI,EM12,2025-05-01,7,band1pp,True,-0.3004,0.1608,True,True
HCPI,EM12,2025-05-01,8,band1pp,True,0.5121,-0.8785,True,True
HCPI,EM12,2025-05-01,9,band1pp,True,-0.4612,-0.6495,True,True
HCPI,EM12,2025-05-01,10,band1pp,True,-0.8706,0.351,True,True
HCPI,EM12,2025-05-01,11,band1pp,True,0.8267,0.0835,True,True
HCPI,EM12,2025-05-01,12,band1pp,False,2.3671,-0.2038,False,True
HCPI,EM12,2025-05-01,1,noband,True,1.3982,0.5166,False,False
HCPI,EM12,2025-05-01,2,noband,True,-0.2934,-0.7788,False,False
HCPI,EM12,2025-05-01,3,noband,True,0.3883,0.609,False,False
HCPI,EM12,2025-05-01,4,noband,True,0.8422,1.2762,False,False
HCPI,EM12,2025-05-01,5,noband,True,0.5983,0.6827,False,False
HCPI,EM12,2025-05-01,6,noband,True,0.5548,0.593,False,False
HCPI,EM12,2025-05-01,7,noband,False,-0.3004,0.1608,False,False
HCPI,EM12,2025-05-01,8,noband,False,0.5121,-0.8785,False,False
HCPI,EM12,2025-05-01,9,noband,True,-0.4612,-0.6495,False,False
HCPI,EM12,2025-05-01,10,noband,False,-0.8706,0.351,False,False
HCPI,EM12,2025-05-01,11,noband,True,0.8267,0.0835,False,False
HCPI,EM12,2025-05-01,12,noband,False,2.3671,-0.2038,False,False
HCPI,EM12,2025-06-01,1,band1pp,True,-0.2934,-0.1609,True,True
HCPI,EM12,2025-06-01,2,band1pp,True,0.3883,0.5949,True,True
HCPI,EM12,2025-06-01,3,band1pp,False,0.8422,1.4229,True,False
HCPI,EM12,2025-06-01,4,band1pp,True,0.5983,0.4221,True,True
HCPI,EM12,2025-06-01,5,band1pp,True,0.5548,0.6087,True,True
HCPI,EM12,2025-06-01,6,band1pp,True,-0.3004,-0.0309,True,True
HCPI,EM12,2025-06-01,7,band1pp,True,0.5121,-0.7203,True,True
HCPI,EM12,2025-06-01,8,band1pp,True,-0.4612,-0.6713,True,True
HCPI,EM12,2025-06-01,9,band1pp,True,-0.8706,0.2253,True,True
HCPI,EM12,2025-06-01,10,band1pp,True,0.8267,0.1841,True,True
HCPI,EM12,2025-06-01,11,band1pp,False,2.3671,-0.1674,False,True
HCPI,EM12,2025-06-01,12,band1pp,True,0.7,-0.3619,True,True
HCPI,EM12,2025-06-01,1,noband,True,-0.2934,-0.1609,False,False
HCPI,EM12,2025-06-01,2,noband,True,0.3883,0.5949,False,False
HCPI,EM12,2025-06-01,3,noband,True,0.8422,1.4229,False,False
HCPI,EM12,2025-06-01,4,noband,True,0.5983,0.4221,False,False
HCPI,EM12,2025-06-01,5,noband,True,0.5548,0.6087,False,False
HCPI,EM12,2025-06-01,6,noband,True,-0.3004,-0.0309,False,False
HCPI,EM12,2025-06-01,7,noband,False,0.5121,-0.7203,False,False
HCPI,EM12,2025-06-01,8,noband,True,-0.4612,-0.6713,False,False
HCPI,EM12,2025-06-01,9,noband,False,-0.8706,0.2253,False,False
HCPI,EM12,2025-06-01,10,noband,True,0.8267,0.1841,False,False
HCPI,EM12,2025-06-01,11,noband,False,2.3671,-0.1674,False,False
HCPI,EM12,2025-06-01,12,noband,False,0.7,-0.3619,False,False
HCPI,EM12,2025-07-01,1,band1pp,True,0.3883,0.763,True,True
HCPI,EM12,2025-07-01,2,band1pp,False,0.8422,1.1337,True,False
HCPI,EM12,2025-07-01,3,band1pp,True,0.5983,0.4074,True,True
HCPI,EM12,2025-07-01,4,band1pp,True,0.5548,0.4133,True,True
HCPI,EM12,2025-07-01,5,band1pp,True,-0.3004,0.025,True,True
HCPI,EM12,2025-07-01,6,band1pp,True,0.5121,-0.7685,True,True
HCPI,EM12,2025-07-01,7,band1pp,True,-0.4612,-0.5826,True,True
HCPI,EM12,2025-07-01,8,band1pp,True,-0.8706,0.0877,True,True
HCPI,EM12,2025-07-01,9,band1pp,True,0.8267,0.0315,True,True
HCPI,EM12,2025-07-01,10,band1pp,False,2.3671,-0.0033,False,True
HCPI,EM12,2025-07-01,11,band1pp,True,0.7,-0.1901,True,True
HCPI,EM12,2025-07-01,12,band1pp,False,1.0707,-0.3224,False,True
HCPI,EM12,2025-07-01,1,noband,True,0.3883,0.763,False,False
HCPI,EM12,2025-07-01,2,noband,True,0.8422,1.1337,False,False
HCPI,EM12,2025-07-01,3,noband,True,0.5983,0.4074,False,False
HCPI,EM12,2025-07-01,4,noband,True,0.5548,0.4133,False,False
HCPI,EM12,2025-07-01,5,noband,False,-0.3004,0.025,False,False
HCPI,EM12,2025-07-01,6,noband,False,0.5121,-0.7685,False,False
HCPI,EM12,2025-07-01,7,noband,True,-0.4612,-0.5826,False,False
HCPI,EM12,2025-07-01,8,noband,False,-0.8706,0.0877,False,False
HCPI,EM12,2025-07-01,9,noband,True,0.8267,0.0315,False,False
HCPI,EM12,2025-07-01,10,noband,False,2.3671,-0.0033,False,False
HCPI,EM12,2025-07-01,11,noband,False,0.7,-0.1901,False,False
HCPI,EM12,2025-07-01,12,noband,False,1.0707,-0.3224,False,False
HCPI,EM12,2025-08-01,1,band1pp,False,0.8422,2.3981,True,False
HCPI,EM12,2025-08-01,2,band1pp,True,0.5983,0.5581,True,True
HCPI,EM12,2025-08-01,3,band1pp,True,0.5548,0.7451,True,True
HCPI,EM12,2025-08-01,4,band1pp,True,-0.3004,0.3465,True,True
HCPI,EM12,2025-08-01,5,band1pp,True,0.5121,-0.4785,True,True
HCPI,EM12,2025-08-01,6,band1pp,True,-0.4612,-0.0981,True,True
HCPI,EM12,2025-08-01,7,band1pp,True,-0.8706,0.0515,True,True
HCPI,EM12,2025-08-01,8,band1pp,True,0.8267,0.0436,True,True
HCPI,EM12,2025-08-01,9,band1pp,False,2.3671,0.0527,False,True
HCPI,EM12,2025-08-01,10,band1pp,True,0.7,-0.1913,True,True
HCPI,EM12,2025-08-01,11,band1pp,False,1.0707,0.2456,False,True
HCPI,EM12,2025-08-01,12,band1pp,True,0.7326,0.4273,True,True
HCPI,EM12,2025-08-01,1,noband,True,0.8422,2.3981,False,False
HCPI,EM12,2025-08-01,2,noband,True,0.5983,0.5581,False,False
HCPI,EM12,2025-08-01,3,noband,True,0.5548,0.7451,False,False
HCPI,EM12,2025-08-01,4,noband,False,-0.3004,0.3465,False,False
HCPI,EM12,2025-08-01,5,noband,False,0.5121,-0.4785,False,False
HCPI,EM12,2025-08-01,6,noband,True,-0.4612,-0.0981,False,False
HCPI,EM12,2025-08-01,7,noband,False,-0.8706,0.0515,False,False
HCPI,EM12,2025-08-01,8,noband,True,0.8267,0.0436,False,False
HCPI,EM12,2025-08-01,9,noband,True,2.3671,0.0527,False,False
HCPI,EM12,2025-08-01,10,noband,False,0.7,-0.1913,False,False
HCPI,EM12,2025-08-01,11,noband,True,1.0707,0.2456,False,False
HCPI,EM12,2025-08-01,12,noband,True,0.7326,0.4273,False,False
HCPI,EM12,2025-09-01,1,band1pp,True,0.5983,0.2641,True,True
HCPI,EM12,2025-09-01,2,band1pp,True,0.5548,0.4713,True,True
HCPI,EM12,2025-09-01,3,band1pp,True,-0.3004,0.0091,True,True
HCPI,EM12,2025-09-01,4,band1pp,True,0.5121,-0.4864,True,True
HCPI,EM12,2025-09-01,5,band1pp,True,-0.4612,-0.6596,True,True
HCPI,EM12,2025-09-01,6,band1pp,True,-0.8706,-0.0041,True,True
HCPI,EM12,2025-09-01,7,band1pp,True,0.8267,-0.2954,True,True
HCPI,EM12,2025-09-01,8,band1pp,False,2.3671,0.2573,False,True
HCPI,EM12,2025-09-01,9,band1pp,True,0.7,0.1353,True,True
HCPI,EM12,2025-09-01,10,band1pp,False,1.0707,0.2026,False,True
HCPI,EM12,2025-09-01,11,band1pp,True,0.7326,0.1884,True,True
HCPI,EM12,2025-09-01,12,band1pp,True,0.8107,0.2965,True,True
HCPI,EM12,2025-09-01,1,noband,True,0.5983,0.2641,False,False
HCPI,EM12,2025-09-01,2,noband,True,0.5548,0.4713,False,False
HCPI,EM12,2025-09-01,3,noband,False,-0.3004,0.0091,False,False
HCPI,EM12,2025-09-01,4,noband,False,0.5121,-0.4864,False,False
HCPI,EM12,2025-09-01,5,noband,True,-0.4612,-0.6596,False,False
HCPI,EM12,2025-09-01,6,noband,True,-0.8706,-0.0041,False,False
HCPI,EM12,2025-09-01,7,noband,False,0.8267,-0.2954,False,False
HCPI,EM12,2025-09-01,8,noband,True,2.3671,0.2573,False,False
HCPI,EM12,2025-09-01,9,noband,True,0.7,0.1353,False,False
HCPI,EM12,2025-09-01,10,noband,True,1.0707,0.2026,False,False
HCPI,EM12,2025-09-01,11,noband,True,0.7326,0.1884,False,False
HCPI,EM12,2025-09-01,12,noband,True,0.8107,0.2965,False,False
HCPI,EM13,2024-05-01,1,band1pp,False,-1.1378,1.3596,False,False
HCPI,EM13,2024-05-01,2,band1pp,True,0.7855,0.0346,True,True
HCPI,EM13,2024-05-01,3,band1pp,True,0.1154,0.7839,True,True
HCPI,EM13,2024-05-01,4,band1pp,False,-1.3868,0.0223,False,True
HCPI,EM13,2024-05-01,5,band1pp,True,-1.2862,-1.046,False,False
HCPI,EM13,2024-05-01,6,band1pp,True,-0.5402,-0.049,True,True
HCPI,EM13,2024-05-01,7,band1pp,False,-1.0108,-0.8263,False,True
HCPI,EM13,2024-05-01,8,band1pp,False,-0.2639,-1.0207,True,False
HCPI,EM13,2024-05-01,9,band1pp,True,-1.9885,-2.7221,False,False
HCPI,EM13,2024-05-01,10,band1pp,True,0.1305,0.1615,True,True
HCPI,EM13,2024-05-01,11,band1pp,True,1.9647,2.3291,False,False
HCPI,EM13,2024-05-01,12,band1pp,False,1.0882,0.9295,False,True
HCPI,EM13,2024-05-01,1,noband,False,-1.1378,1.3596,False,False
HCPI,EM13,2024-05-01,2,noband,True,0.7855,0.0346,False,False
HCPI,EM13,2024-05-01,3,noband,True,0.1154,0.7839,False,False
HCPI,EM13,2024-05-01,4,noband,False,-1.3868,0.0223,False,False
HCPI,EM13,2024-05-01,5,noband,True,-1.2862,-1.046,False,False
HCPI,EM13,2024-05-01,6,noband,True,-0.5402,-0.049,False,False
HCPI,EM13,2024-05-01,7,noband,True,-1.0108,-0.8263,False,False
HCPI,EM13,2024-05-01,8,noband,True,-0.2639,-1.0207,False,False
HCPI,EM13,2024-05-01,9,noband,True,-1.9885,-2.7221,False,False
HCPI,EM13,2024-05-01,10,noband,True,0.1305,0.1615,False,False
HCPI,EM13,2024-05-01,11,noband,True,1.9647,2.3291,False,False
HCPI,EM13,2024-05-01,12,noband,True,1.0882,0.9295,False,False
HCPI,EM13,2024-06-01,1,band1pp,False,0.7855,1.0599,True,False
HCPI,EM13,2024-06-01,2,band1pp,True,0.1154,0.7029,True,True
HCPI,EM13,2024-06-01,3,band1pp,False,-1.3868,-0.0931,False,True
HCPI,EM13,2024-06-01,4,band1pp,False,-1.2862,-0.7033,False,True
HCPI,EM13,2024-06-01,5,band1pp,True,-0.5402,-0.0892,True,True
HCPI,EM13,2024-06-01,6,band1pp,False,-1.0108,-0.9382,False,True
HCPI,EM13,2024-06-01,7,band1pp,True,-0.2639,-0.9636,True,True
HCPI,EM13,2024-06-01,8,band1pp,True,-1.9885,-2.5061,False,False
HCPI,EM13,2024-06-01,9,band1pp,True,0.1305,0.0952,True,True
HCPI,EM13,2024-06-01,10,band1pp,True,1.9647,1.8899,False,False
HCPI,EM13,2024-06-01,11,band1pp,True,1.0882,1.2242,False,False
HCPI,EM13,2024-06-01,12,band1pp,True,1.3982,1.4191,False,False
HCPI,EM13,2024-06-01,1,noband,True,0.7855,1.0599,False,False
HCPI,EM13,2024-06-01,2,noband,True,0.1154,0.7029,False,False
HCPI,EM13,2024-06-01,3,noband,True,-1.3868,-0.0931,False,False
HCPI,EM13,2024-06-01,4,noband,True,-1.2862,-0.7033,False,False
HCPI,EM13,2024-06-01,5,noband,True,-0.5402,-0.0892,False,False
HCPI,EM13,2024-06-01,6,noband,True,-1.0108,-0.9382,False,False
HCPI,EM13,2024-06-01,7,noband,True,-0.2639,-0.9636,False,False
HCPI,EM13,2024-06-01,8,noband,True,-1.9885,-2.5061,False,False
HCPI,EM13,2024-06-01,9,noband,True,0.1305,0.0952,False,False
HCPI,EM13,2024-06-01,10,noband,True,1.9647,1.8899,False,False
HCPI,EM13,2024-06-01,11,noband,True,1.0882,1.2242,False,False
HCPI,EM13,2024-06-01,12,noband,True,1.3982,1.4191,False,False
HCPI,EM13,2024-07-01,1,band1pp,False,0.1154,1.1098,True,False
HCPI,EM13,2024-07-01,2,band1pp,False,-1.3868,0.0516,False,True
HCPI,EM13,2024-07-01,3,band1pp,False,-1.2862,-0.6931,False,True
HCPI,EM13,2024-07-01,4,band1pp,True,-0.5402,0.0898,True,True
HCPI,EM13,2024-07-01,5,band1pp,True,-1.0108,-1.1198,False,False
HCPI,EM13,2024-07-01,6,band1pp,False,-0.2639,-1.2543,True,False
HCPI,EM13,2024-07-01,7,band1pp,True,-1.9885,-2.6964,False,False
HCPI,EM13,2024-07-01,8,band1pp,True,0.1305,0.3815,True,True
HCPI,EM13,2024-07-01,9,band1pp,True,1.9647,2.2107,False,False
HCPI,EM13,2024-07-01,10,band1pp,True,1.0882,1.005,False,False
HCPI,EM13,2024-07-01,11,band1pp,True,1.3982,1.1478,False,False
HCPI,EM13,2024-07-01,12,band1pp,True,-0.2934,-0.7192,True,True
HCPI,EM13,2024-07-01,1,noband,True,0.1154,1.1098,False,False
HCPI,EM13,2024-07-01,2,noband,False,-1.3868,0.0516,False,False
HCPI,EM13,2024-07-01,3,noband,True,-1.2862,-0.6931,False,False
HCPI,EM13,2024-07-01,4,noband,False,-0.5402,0.0898,False,False
HCPI,EM13,2024-07-01,5,noband,True,-1.0108,-1.1198,False,False
HCPI,EM13,2024-07-01,6,noband,True,-0.2639,-1.2543,False,False
HCPI,EM13,2024-07-01,7,noband,True,-1.9885,-2.6964,False,False
HCPI,EM13,2024-07-01,8,noband,True,0.1305,0.3815,False,False
HCPI,EM13,2024-07-01,9,noband,True,1.9647,2.2107,False,False
HCPI,EM13,2024-07-01,10,noband,True,1.0882,1.005,False,False
HCPI,EM13,2024-07-01,11,noband,True,1.3982,1.1478,False,False
HCPI,EM13,2024-07-01,12,noband,True,-0.2934,-0.7192,False,False
HCPI,EM13,2024-08-01,1,band1pp,False,-1.3868,0.201,False,True
HCPI,EM13,2024-08-01,2,band1pp,False,-1.2862,-0.6109,False,True
HCPI,EM13,2024-08-01,3,band1pp,True,-0.5402,0.1783,True,True
HCPI,EM13,2024-08-01,4,band1pp,False,-1.0108,-0.874,False,True
HCPI,EM13,2024-08-01,5,band1pp,False,-0.2639,-1.0824,True,False
HCPI,EM13,2024-08-01,6,band1pp,True,-1.9885,-2.5906,False,False
HCPI,EM13,2024-08-01,7,band1pp,True,0.1305,0.3238,True,True
HCPI,EM13,2024-08-01,8,band1pp,True,1.9647,2.2468,False,False
HCPI,EM13,2024-08-01,9,band1pp,True,1.0882,1.1759,False,False
HCPI,EM13,2024-08-01,10,band1pp,True,1.3982,1.3206,False,False
HCPI,EM13,2024-08-01,11,band1pp,True,-0.2934,-0.4476,True,True
HCPI,EM13,2024-08-01,12,band1pp,True,0.3883,0.7943,True,True
HCPI,EM13,2024-08-01,1,noband,False,-1.3868,0.201,False,False
HCPI,EM13,2024-08-01,2,noband,True,-1.2862,-0.6109,False,False
HCPI,EM13,2024-08-01,3,noband,False,-0.5402,0.1783,False,False
HCPI,EM13,2024-08-01,4,noband,True,-1.0108,-0.874,False,False
HCPI,EM13,2024-08-01,5,noband,True,-0.2639,-1.0824,False,False
HCPI,EM13,2024-08-01,6,noband,True,-1.9885,-2.5906,False,False
HCPI,EM13,2024-08-01,7,noband,True,0.1305,0.3238,False,False
HCPI,EM13,2024-08-01,8,noband,True,1.9647,2.2468,False,False
HCPI,EM13,2024-08-01,9,noband,True,1.0882,1.1759,False,False
HCPI,EM13,2024-08-01,10,noband,True,1.3982,1.3206,False,False
HCPI,EM13,2024-08-01,11,noband,True,-0.2934,-0.4476,False,False
HCPI,EM13,2024-08-01,12,noband,True,0.3883,0.7943,False,False
HCPI,EM13,2024-09-01,1,band1pp,False,-1.2862,-0.6704,False,True
HCPI,EM13,2024-09-01,2,band1pp,True,-0.5402,0.1509,True,True
HCPI,EM13,2024-09-01,3,band1pp,False,-1.0108,-0.7451,False,True
HCPI,EM13,2024-09-01,4,band1pp,True,-0.2639,-0.9808,True,True
HCPI,EM13,2024-09-01,5,band1pp,True,-1.9885,-2.4585,False,False
HCPI,EM13,2024-09-01,6,band1pp,True,0.1305,0.0222,True,True
HCPI,EM13,2024-09-01,7,band1pp,True,1.9647,1.7923,False,False
HCPI,EM13,2024-09-01,8,band1pp,True,1.0882,1.2478,False,False
HCPI,EM13,2024-09-01,9,band1pp,True,1.3982,1.5466,False,False
HCPI,EM13,2024-09-01,10,band1pp,True,-0.2934,-0.117,True,True
HCPI,EM13,2024-09-01,11,band1pp,True,0.3883,0.6709,True,True
HCPI,EM13,2024-09-01,12,band1pp,False,0.8422,1.3245,True,False
HCPI,EM13,2024-09-01,1,noband,True,-1.2862,-0.6704,False,False
HCPI,EM13,2024-09-01,2,noband,False,-0.5402,0.1509,False,False
HCPI,EM13,2024-09-01,3,noband,True,-1.0108,-0.7451,False,False
HCPI,EM13,2024-09-01,4,noband,True,-0.2639,-0.9808,False,False
HCPI,EM13,2024-09-01,5,noband,True,-1.9885,-2.4585,False,False
HCPI,EM13,2024-09-01,6,noband,True,0.1305,0.0222,False,False
HCPI,EM13,2024-09-01,7,noband,True,1.9647,1.7923,False,False
HCPI,EM13,2024-09-01,8,noband,True,1.0882,1.2478,False,False
HCPI,EM13,2024-09-01,9,noband,True,1.3982,1.5466,False,False
HCPI,EM13,2024-09-01,10,noband,True,-0.2934,-0.117,False,False
HCPI,EM13,2024-09-01,11,noband,True,0.3883,0.6709,False,False
HCPI,EM13,2024-09-01,12,noband,True,0.8422,1.3245,False,False
HCPI,EM13,2024-10-01,1,band1pp,False,-0.5402,2.8229,True,False
HCPI,EM13,2024-10-01,2,band1pp,True,-1.0108,-1.0436,False,False
HCPI,EM13,2024-10-01,3,band1pp,False,-0.2639,-1.2829,True,False
HCPI,EM13,2024-10-01,4,band1pp,True,-1.9885,-2.5102,False,False
HCPI,EM13,2024-10-01,5,band1pp,True,0.1305,0.0662,True,True
HCPI,EM13,2024-10-01,6,band1pp,True,1.9647,1.9199,False,False
HCPI,EM13,2024-10-01,7,band1pp,False,1.0882,0.9296,False,True
HCPI,EM13,2024-10-01,8,band1pp,True,1.3982,1.1319,False,False
HCPI,EM13,2024-10-01,9,band1pp,True,-0.2934,-0.614,True,True
HCPI,EM13,2024-10-01,10,band1pp,True,0.3883,0.5233,True,True
HCPI,EM13,2024-10-01,11,band1pp,False,0.8422,1.2676,True,False
HCPI,EM13,2024-10-01,12,band1pp,True,0.5983,0.4755,True,True
HCPI,EM13,2024-10-01,1,noband,False,-0.5402,2.8229,False,False
HCPI,EM13,2024-10-01,2,noband,True,-1.0108,-1.0436,False,False
HCPI,EM13,2024-10-01,3,noband,True,-0.2639,-1.2829,False,False
HCPI,EM13,2024-10-01,4,noband,True,-1.9885,-2.5102,False,False
HCPI,EM13,2024-10-01,5,noband,True,0.1305,0.0662,False,False
HCPI,EM13,2024-10-01,6,noband,True,1.9647,1.9199,False,False
HCPI,EM13,2024-10-01,7,noband,True,1.0882,0.9296,False,False
HCPI,EM13,2024-10-01,8,noband,True,1.3982,1.1319,False,False
HCPI,EM13,2024-10-01,9,noband,True,-0.2934,-0.614,False,False
HCPI,EM13,2024-10-01,10,noband,True,0.3883,0.5233,False,False
HCPI,EM13,2024-10-01,11,noband,True,0.8422,1.2676,False,False
HCPI,EM13,2024-10-01,12,noband,True,0.5983,0.4755,False,False
HCPI,EM13,2024-11-01,1,band1pp,False,-1.0108,2.2554,False,False
HCPI,EM13,2024-11-01,2,band1pp,False,-0.2639,-1.3465,True,False
HCPI,EM13,2024-11-01,3,band1pp,True,-1.9885,-2.5624,False,False
HCPI,EM13,2024-11-01,4,band1pp,True,0.1305,0.1468,True,True
HCPI,EM13,2024-11-01,5,band1pp,True,1.9647,2.027,False,False
HCPI,EM13,2024-11-01,6,band1pp,False,1.0882,0.786,False,True
HCPI,EM13,2024-11-01,7,band1pp,False,1.3982,0.9957,False,True
HCPI,EM13,2024-11-01,8,band1pp,True,-0.2934,-0.8399,True,True
HCPI,EM13,2024-11-01,9,band1pp,True,0.3883,0.5683,True,True
HCPI,EM13,2024-11-01,10,band1pp,False,0.8422,1.27,True,False
HCPI,EM13,2024-11-01,11,band1pp,True,0.5983,0.436,True,True
HCPI,EM13,2024-11-01,12,band1pp,True,0.5548,0.4803,True,True
HCPI,EM13,2024-11-01,1,noband,False,-1.0108,2.2554,False,False
HCPI,EM13,2024-11-01,2,noband,True,-0.2639,-1.3465,False,False
HCPI,EM13,2024-11-01,3,noband,True,-1.9885,-2.5624,False,False
HCPI,EM13,2024-11-01,4,noband,True,0.1305,0.1468,False,False
HCPI,EM13,2024-11-01,5,noband,True,1.9647,2.027,False,False
HCPI,EM13,2024-11-01,6,noband,True,1.0882,0.786,False,False
HCPI,EM13,2024-11-01,7,noband,True,1.3982,0.9957,False,False
HCPI,EM13,2024-11-01,8,noband,True,-0.2934,-0.8399,False,False
HCPI,EM13,2024-11-01,9,noband,True,0.3883,0.5683,False,False
HCPI,EM13,2024-11-01,10,noband,True,0.8422,1.27,False,False
HCPI,EM13,2024-11-01,11,noband,True,0.5983,0.436,False,False
HCPI,EM13,2024-11-01,12,noband,True,0.5548,0.4803,False,False
HCPI,EM13,2024-12-01,1,band1pp,True,-0.2639,0.9959,True,True
HCPI,EM13,2024-12-01,2,band1pp,True,-1.9885,-2.6532,False,False
HCPI,EM13,2024-12-01,3,band1pp,True,0.1305,0.1673,True,True
HCPI,EM13,2024-12-01,4,band1pp,True,1.9647,1.9567,False,False
HCPI,EM13,2024-12-01,5,band1pp,False,1.0882,0.8293,False,True
HCPI,EM13,2024-12-01,6,band1pp,False,1.3982,0.8336,False,True
HCPI,EM13,2024-12-01,7,band1pp,True,-0.2934,-0.7355,True,True
HCPI,EM13,2024-12-01,8,band1pp,True,0.3883,0.5792,True,True
HCPI,EM13,2024-12-01,9,band1pp,False,0.8422,1.4251,True,False
HCPI,EM13,2024-12-01,10,band1pp,True,0.5983,0.3574,True,True
HCPI,EM13,2024-12-01,11,band1pp,True,0.5548,0.439,True,True
HCPI,EM13,2024-12-01,12,band1pp,True,-0.3004,-0.1493,True,True
HCPI,EM13,2024-12-01,1,noband,False,-0.2639,0.9959,False,False
HCPI,EM13,2024-12-01,2,noband,True,-1.9885,-2.6532,False,False
HCPI,EM13,2024-12-01,3,noband,True,0.1305,0.1673,False,False
HCPI,EM13,2024-12-01,4,noband,True,1.9647,1.9567,False,False
HCPI,EM13,2024-12-01,5,noband,True,1.0882,0.8293,False,False
HCPI,EM13,2024-12-01,6,noband,True,1.3982,0.8336,False,False
HCPI,EM13,2024-12-01,7,noband,True,-0.2934,-0.7355,False,False
HCPI,EM13,2024-12-01,8,noband,True,0.3883,0.5792,False,False
HCPI,EM13,2024-12-01,9,noband,True,0.8422,1.4251,False,False
HCPI,EM13,2024-12-01,10,noband,True,0.5983,0.3574,False,False
HCPI,EM13,2024-12-01,11,noband,True,0.5548,0.439,False,False
HCPI,EM13,2024-12-01,12,noband,True,-0.3004,-0.1493,False,False
HCPI,EM13,2025-01-01,1,band1pp,True,-1.9885,-2.5118,False,False
HCPI,EM13,2025-01-01,2,band1pp,True,0.1305,0.1681,True,True
HCPI,EM13,2025-01-01,3,band1pp,True,1.9647,2.0283,False,False
HCPI,EM13,2025-01-01,4,band1pp,False,1.0882,0.8241,False,True
HCPI,EM13,2025-01-01,5,band1pp,False,1.3982,0.8726,False,True
HCPI,EM13,2025-01-01,6,band1pp,True,-0.2934,-0.8708,True,True
HCPI,EM13,2025-01-01,7,band1pp,True,0.3883,0.6216,True,True
HCPI,EM13,2025-01-01,8,band1pp,False,0.8422,1.4038,True,False
HCPI,EM13,2025-01-01,9,band1pp,True,0.5983,0.6252,True,True
HCPI,EM13,2025-01-01,10,band1pp,True,0.5548,0.4594,True,True
HCPI,EM13,2025-01-01,11,band1pp,True,-0.3004,-0.1157,True,True
HCPI,EM13,2025-01-01,12,band1pp,False,0.5121,-1.1085,True,False
HCPI,EM13,2025-01-01,1,noband,True,-1.9885,-2.5118,False,False
HCPI,EM13,2025-01-01,2,noband,True,0.1305,0.1681,False,False
HCPI,EM13,2025-01-01,3,noband,True,1.9647,2.0283,False,False
HCPI,EM13,2025-01-01,4,noband,True,1.0882,0.8241,False,False
HCPI,EM13,2025-01-01,5,noband,True,1.3982,0.8726,False,False
HCPI,EM13,2025-01-01,6,noband,True,-0.2934,-0.8708,False,False
HCPI,EM13,2025-01-01,7,noband,True,0.3883,0.6216,False,False
HCPI,EM13,2025-01-01,8,noband,True,0.8422,1.4038,False,False
HCPI,EM13,2025-01-01,9,noband,True,0.5983,0.6252,False,False
HCPI,EM13,2025-01-01,10,noband,True,0.5548,0.4594,False,False
HCPI,EM13,2025-01-01,11,noband,True,-0.3004,-0.1157,False,False
HCPI,EM13,2025-01-01,12,noband,False,0.5121,-1.1085,False,False
HCPI,EM13,2025-02-01,1,band1pp,True,0.1305,0.5598,True,True
HCPI,EM13,2025-02-01,2,band1pp,True,1.9647,2.0485,False,False
HCPI,EM13,2025-02-01,3,band1pp,False,1.0882,0.881,False,True
HCPI,EM13,2025-02-01,4,band1pp,False,1.3982,0.8564,False,True
HCPI,EM13,2025-02-01,5,band1pp,True,-0.2934,-0.8139,True,True
HCPI,EM13,2025-02-01,6,band1pp,True,0.3883,0.5882,True,True
HCPI,EM13,2025-02-01,7,band1pp,False,0.8422,1.3462,True,False
HCPI,EM13,2025-02-01,8,band1pp,True,0.5983,0.5586,True,True
HCPI,EM13,2025-02-01,9,band1pp,True,0.5548,0.5503,True,True
HCPI,EM13,2025-02-01,10,band1pp,True,-0.3004,-0.2201,True,True
HCPI,EM13,2025-02-01,11,band1pp,False,0.5121,-1.1308,True,False
HCPI,EM13,2025-02-01,12,band1pp,True,-0.4612,-0.8498,True,True
HCPI,EM13,2025-02-01,1,noband,True,0.1305,0.5598,False,False
HCPI,EM13,2025-02-01,2,noband,True,1.9647,2.0485,False,False
HCPI,EM13,2025-02-01,3,noband,True,1.0882,0.881,False,False
HCPI,EM13,2025-02-01,4,noband,True,1.3982,0.8564,False,False
HCPI,EM13,2025-02-01,5,noband,True,-0.2934,-0.8139,False,False
HCPI,EM13,2025-02-01,6,noband,True,0.3883,0.5882,False,False
HCPI,EM13,2025-02-01,7,noband,True,0.8422,1.3462,False,False
HCPI,EM13,2025-02-01,8,noband,True,0.5983,0.5586,False,False
HCPI,EM13,2025-02-01,9,noband,True,0.5548,0.5503,False,False
HCPI,EM13,2025-02-01,10,noband,True,-0.3004,-0.2201,False,False
HCPI,EM13,2025-02-01,11,noband,False,0.5121,-1.1308,False,False
HCPI,EM13,2025-02-01,12,noband,True,-0.4612,-0.8498,False,False
HCPI,EM13,2025-03-01,1,band1pp,False,1.9647,0.179,False,True
HCPI,EM13,2025-03-01,2,band1pp,True,1.0882,1.0488,False,False
HCPI,EM13,2025-03-01,3,band1pp,False,1.3982,0.8317,False,True
HCPI,EM13,2025-03-01,4,band1pp,True,-0.2934,-0.5671,True,True
HCPI,EM13,2025-03-01,5,band1pp,True,0.3883,0.7984,True,True
HCPI,EM13,2025-03-01,6,band1pp,False,0.8422,1.476,True,False
HCPI,EM13,2025-03-01,7,band1pp,True,0.5983,0.857,True,True
HCPI,EM13,2025-03-01,8,band1pp,True,0.5548,0.5763,True,True
HCPI,EM13,2025-03-01,9,band1pp,True,-0.3004,0.1594,True,True
HCPI,EM13,2025-03-01,10,band1pp,False,0.5121,-1.0224,True,False
HCPI,EM13,2025-03-01,11,band1pp,True,-0.4612,-0.5404,True,True
HCPI,EM13,2025-03-01,12,band1pp,True,-0.8706,0.55,True,True
HCPI,EM13,2025-03-01,1,noband,True,1.9647,0.179,False,False
HCPI,EM13,2025-03-01,2,noband,True,1.0882,1.0488,False,False
HCPI,EM13,2025-03-01,3,noband,True,1.3982,0.8317,False,False
HCPI,EM13,2025-03-01,4,noband,True,-0.2934,-0.5671,False,False
HCPI,EM13,2025-03-01,5,noband,True,0.3883,0.7984,False,False
HCPI,EM13,2025-03-01,6,noband,True,0.8422,1.476,False,False
HCPI,EM13,2025-03-01,7,noband,True,0.5983,0.857,False,False
HCPI,EM13,2025-03-01,8,noband,True,0.5548,0.5763,False,False
HCPI,EM13,2025-03-01,9,noband,False,-0.3004,0.1594,False,False
HCPI,EM13,2025-03-01,10,noband,False,0.5121,-1.0224,False,False
HCPI,EM13,2025-03-01,11,noband,True,-0.4612,-0.5404,False,False
HCPI,EM13,2025-03-01,12,noband,False,-0.8706,0.55,False,False
HCPI,EM13,2025-04-01,1,band1pp,False,1.0882,0.6626,False,True
HCPI,EM13,2025-04-01,2,band1pp,True,1.3982,1.236,False,False
HCPI,EM13,2025-04-01,3,band1pp,True,-0.2934,-0.7218,True,True
HCPI,EM13,2025-04-01,4,band1pp,True,0.3883,0.3837,True,True
HCPI,EM13,2025-04-01,5,band1pp,False,0.8422,1.5217,True,False
HCPI,EM13,2025-04-01,6,band1pp,True,0.5983,0.4713,True,True
HCPI,EM13,2025-04-01,7,band1pp,True,0.5548,0.4985,True,True
HCPI,EM13,2025-04-01,8,band1pp,True,-0.3004,-0.1545,True,True
HCPI,EM13,2025-04-01,9,band1pp,False,0.5121,-1.0067,True,False
HCPI,EM13,2025-04-01,10,band1pp,False,-0.4612,-1.1153,True,False
HCPI,EM13,2025-04-01,11,band1pp,True,-0.8706,-0.0739,True,True
HCPI,EM13,2025-04-01,12,band1pp,True,0.8267,0.1055,True,True
HCPI,EM13,2025-04-01,1,noband,True,1.0882,0.6626,False,False
HCPI,EM13,2025-04-01,2,noband,True,1.3982,1.236,False,False
HCPI,EM13,2025-04-01,3,noband,True,-0.2934,-0.7218,False,False
HCPI,EM13,2025-04-01,4,noband,True,0.3883,0.3837,False,False
HCPI,EM13,2025-04-01,5,noband,True,0.8422,1.5217,False,False
HCPI,EM13,2025-04-01,6,noband,True,0.5983,0.4713,False,False
HCPI,EM13,2025-04-01,7,noband,True,0.5548,0.4985,False,False
HCPI,EM13,2025-04-01,8,noband,True,-0.3004,-0.1545,False,False
HCPI,EM13,2025-04-01,9,noband,False,0.5121,-1.0067,False,False
HCPI,EM13,2025-04-01,10,noband,True,-0.4612,-1.1153,False,False
HCPI,EM13,2025-04-01,11,noband,True,-0.8706,-0.0739,False,False
HCPI,EM13,2025-04-01,12,noband,True,0.8267,0.1055,False,False
HCPI,EM13,2025-05-01,1,band1pp,False,1.3982,0.9002,False,True
HCPI,EM13,2025-05-01,2,band1pp,True,-0.2934,-0.835,True,True
HCPI,EM13,2025-05-01,3,band1pp,True,0.3883,0.6064,True,True
HCPI,EM13,2025-05-01,4,band1pp,False,0.8422,1.3074,True,False
HCPI,EM13,2025-05-01,5,band1pp,True,0.5983,0.6551,True,True
HCPI,EM13,2025-05-01,6,band1pp,True,0.5548,0.5826,True,True
HCPI,EM13,2025-05-01,7,band1pp,True,-0.3004,0.1003,True,True
HCPI,EM13,2025-05-01,8,band1pp,True,0.5121,-0.9307,True,True
HCPI,EM13,2025-05-01,9,band1pp,True,-0.4612,-0.6541,True,True
HCPI,EM13,2025-05-01,10,band1pp,True,-0.8706,0.3917,True,True
HCPI,EM13,2025-05-01,11,band1pp,True,0.8267,0.0829,True,True
HCPI,EM13,2025-05-01,12,band1pp,False,2.3671,-0.2455,False,True
HCPI,EM13,2025-05-01,1,noband,True,1.3982,0.9002,False,False
HCPI,EM13,2025-05-01,2,noband,True,-0.2934,-0.835,False,False
HCPI,EM13,2025-05-01,3,noband,True,0.3883,0.6064,False,False
HCPI,EM13,2025-05-01,4,noband,True,0.8422,1.3074,False,False
HCPI,EM13,2025-05-01,5,noband,True,0.5983,0.6551,False,False
HCPI,EM13,2025-05-01,6,noband,True,0.5548,0.5826,False,False
HCPI,EM13,2025-05-01,7,noband,False,-0.3004,0.1003,False,False
HCPI,EM13,2025-05-01,8,noband,False,0.5121,-0.9307,False,False
HCPI,EM13,2025-05-01,9,noband,True,-0.4612,-0.6541,False,False
HCPI,EM13,2025-05-01,10,noband,False,-0.8706,0.3917,False,False
HCPI,EM13,2025-05-01,11,noband,True,0.8267,0.0829,False,False
HCPI,EM13,2025-05-01,12,noband,False,2.3671,-0.2455,False,False
HCPI,EM13,2025-06-01,1,band1pp,True,-0.2934,-0.2115,True,True
HCPI,EM13,2025-06-01,2,band1pp,True,0.3883,0.7154,True,True
HCPI,EM13,2025-06-01,3,band1pp,False,0.8422,1.3255,True,False
HCPI,EM13,2025-06-01,4,band1pp,True,0.5983,0.4491,True,True
HCPI,EM13,2025-06-01,5,band1pp,True,0.5548,0.625,True,True
HCPI,EM13,2025-06-01,6,band1pp,True,-0.3004,0.0339,True,True
HCPI,EM13,2025-06-01,7,band1pp,True,0.5121,-0.7775,True,True
HCPI,EM13,2025-06-01,8,band1pp,True,-0.4612,-0.8357,True,True
HCPI,EM13,2025-06-01,9,band1pp,True,-0.8706,0.2654,True,True
HCPI,EM13,2025-06-01,10,band1pp,True,0.8267,0.2399,True,True
HCPI,EM13,2025-06-01,11,band1pp,False,2.3671,-0.2515,False,True
HCPI,EM13,2025-06-01,12,band1pp,True,0.7,-0.412,True,True
HCPI,EM13,2025-06-01,1,noband,True,-0.2934,-0.2115,False,False
HCPI,EM13,2025-06-01,2,noband,True,0.3883,0.7154,False,False
HCPI,EM13,2025-06-01,3,noband,True,0.8422,1.3255,False,False
HCPI,EM13,2025-06-01,4,noband,True,0.5983,0.4491,False,False
HCPI,EM13,2025-06-01,5,noband,True,0.5548,0.625,False,False
HCPI,EM13,2025-06-01,6,noband,False,-0.3004,0.0339,False,False
HCPI,EM13,2025-06-01,7,noband,False,0.5121,-0.7775,False,False
HCPI,EM13,2025-06-01,8,noband,True,-0.4612,-0.8357,False,False
HCPI,EM13,2025-06-01,9,noband,False,-0.8706,0.2654,False,False
HCPI,EM13,2025-06-01,10,noband,True,0.8267,0.2399,False,False
HCPI,EM13,2025-06-01,11,noband,False,2.3671,-0.2515,False,False
HCPI,EM13,2025-06-01,12,noband,False,0.7,-0.412,False,False
HCPI,EM13,2025-07-01,1,band1pp,True,0.3883,0.2102,True,True
HCPI,EM13,2025-07-01,2,band1pp,False,0.8422,1.3457,True,False
HCPI,EM13,2025-07-01,3,band1pp,True,0.5983,0.4461,True,True
HCPI,EM13,2025-07-01,4,band1pp,True,0.5548,0.4401,True,True
HCPI,EM13,2025-07-01,5,band1pp,True,-0.3004,0.0068,True,True
HCPI,EM13,2025-07-01,6,band1pp,True,0.5121,-0.8388,True,True
HCPI,EM13,2025-07-01,7,band1pp,True,-0.4612,-0.5523,True,True
HCPI,EM13,2025-07-01,8,band1pp,True,-0.8706,0.1578,True,True
HCPI,EM13,2025-07-01,9,band1pp,True,0.8267,-0.0763,True,True
HCPI,EM13,2025-07-01,10,band1pp,False,2.3671,-0.3143,False,True
HCPI,EM13,2025-07-01,11,band1pp,True,0.7,-0.2364,True,True
HCPI,EM13,2025-07-01,12,band1pp,False,1.0707,-0.453,False,True
HCPI,EM13,2025-07-01,1,noband,True,0.3883,0.2102,False,False
HCPI,EM13,2025-07-01,2,noband,True,0.8422,1.3457,False,False
HCPI,EM13,2025-07-01,3,noband,True,0.5983,0.4461,False,False
HCPI,EM13,2025-07-01,4,noband,True,0.5548,0.4401,False,False
HCPI,EM13,2025-07-01,5,noband,False,-0.3004,0.0068,False,False
HCPI,EM13,2025-07-01,6,noband,False,0.5121,-0.8388,False,False
HCPI,EM13,2025-07-01,7,noband,True,-0.4612,-0.5523,False,False
HCPI,EM13,2025-07-01,8,noband,False,-0.8706,0.1578,False,False
HCPI,EM13,2025-07-01,9,noband,False,0.8267,-0.0763,False,False
HCPI,EM13,2025-07-01,10,noband,False,2.3671,-0.3143,False,False
HCPI,EM13,2025-07-01,11,noband,False,0.7,-0.2364,False,False
HCPI,EM13,2025-07-01,12,noband,False,1.0707,-0.453,False,False
HCPI,EM13,2025-08-01,1,band1pp,False,0.8422,4.0549,True,False
HCPI,EM13,2025-08-01,2,band1pp,True,0.5983,0.6253,True,True
HCPI,EM13,2025-08-01,3,band1pp,True,0.5548,0.925,True,True
HCPI,EM13,2025-08-01,4,band1pp,True,-0.3004,0.1796,True,True
HCPI,EM13,2025-08-01,5,band1pp,True,0.5121,-0.6568,True,True
HCPI,EM13,2025-08-01,6,band1pp,True,-0.4612,-0.0511,True,True
HCPI,EM13,2025-08-01,7,band1pp,True,-0.8706,0.1525,True,True
HCPI,EM13,2025-08-01,8,band1pp,True,0.8267,0.1433,True,True
HCPI,EM13,2025-08-01,9,band1pp,False,2.3671,0.0939,False,True
HCPI,EM13,2025-08-01,10,band1pp,True,0.7,-0.5265,True,True
HCPI,EM13,2025-08-01,11,band1pp,False,1.0707,-0.0521,False,True
HCPI,EM13,2025-08-01,12,band1pp,True,0.7326,0.4003,True,True
HCPI,EM13,2025-08-01,1,noband,True,0.8422,4.0549,False,False
HCPI,EM13,2025-08-01,2,noband,True,0.5983,0.6253,False,False
HCPI,EM13,2025-08-01,3,noband,True,0.5548,0.925,False,False
HCPI,EM13,2025-08-01,4,noband,False,-0.3004,0.1796,False,False
HCPI,EM13,2025-08-01,5,noband,False,0.5121,-0.6568,False,False
HCPI,EM13,2025-08-01,6,noband,True,-0.4612,-0.0511,False,False
HCPI,EM13,2025-08-01,7,noband,False,-0.8706,0.1525,False,False
HCPI,EM13,2025-08-01,8,noband,True,0.8267,0.1433,False,False
HCPI,EM13,2025-08-01,9,noband,True,2.3671,0.0939,False,False
HCPI,EM13,2025-08-01,10,noband,False,0.7,-0.5265,False,False
HCPI,EM13,2025-08-01,11,noband,False,1.0707,-0.0521,False,False
HCPI,EM13,2025-08-01,12,noband,True,0.7326,0.4003,False,False
HCPI,EM13,2025-09-01,1,band1pp,False,0.5983,4.4421,True,False
HCPI,EM13,2025-09-01,2,band1pp,True,0.5548,0.3234,True,True
HCPI,EM13,2025-09-01,3,band1pp,True,-0.3004,0.607,True,True
HCPI,EM13,2025-09-01,4,band1pp,True,0.5121,-0.2553,True,True
HCPI,EM13,2025-09-01,5,band1pp,True,-0.4612,0.122,True,True
HCPI,EM13,2025-09-01,6,band1pp,True,-0.8706,0.407,True,True
HCPI,EM13,2025-09-01,7,band1pp,True,0.8267,-0.6486,True,True
HCPI,EM13,2025-09-01,8,band1pp,False,2.3671,0.9003,False,True
HCPI,EM13,2025-09-01,9,band1pp,True,0.7,0.0065,True,True
HCPI,EM13,2025-09-01,10,band1pp,False,1.0707,0.0104,False,True
HCPI,EM13,2025-09-01,11,band1pp,True,0.7326,0.5051,True,True
HCPI,EM13,2025-09-01,12,band1pp,True,0.8107,0.4498,True,True
HCPI,EM13,2025-09-01,1,noband,True,0.5983,4.4421,False,False
HCPI,EM13,2025-09-01,2,noband,True,0.5548,0.3234,False,False
HCPI,EM13,2025-09-01,3,noband,False,-0.3004,0.607,False,False
HCPI,EM13,2025-09-01,4,noband,False,0.5121,-0.2553,False,False
HCPI,EM13,2025-09-01,5,noband,False,-0.4612,0.122,False,False
HCPI,EM13,2025-09-01,6,noband,False,-0.8706,0.407,False,False
HCPI,EM13,2025-09-01,7,noband,False,0.8267,-0.6486,False,False
HCPI,EM13,2025-09-01,8,noband,True,2.3671,0.9003,False,False
HCPI,EM13,2025-09-01,9,noband,True,0.7,0.0065,False,False
HCPI,EM13,2025-09-01,10,noband,True,1.0707,0.0104,False,False
HCPI,EM13,2025-09-01,11,noband,True,0.7326,0.5051,False,False
HCPI,EM13,2025-09-01,12,noband,True,0.8107,0.4498,False,False
