var,origin,h,date,actual,lag12,RW,RWD,AO,SNAIVE,RW_p2,RW_yoy,RWD_p2,RWD_yoy,AO_p2,AO_yoy,SNAIVE_p2,SNAIVE_yoy
CCPI,2024-05-01,1,2024-05-01,194.1,192.3,195.2,195.44166666666666,195.2,192.3,True,0.5720228809152336,True,0.6976945744496456,True,0.5720228809152336,True,0.936037441497651
CCPI,2024-05-01,2,2024-06-01,195.6,192.3,195.2,195.6833333333333,195.2,192.3,True,0.20800832033281624,True,0.04333506673599292,True,0.20800832033281624,True,1.7160686427457008
CCPI,2024-05-01,3,2024-07-01,194.7,190.2,195.2,195.92499999999998,193.0683307332293,190.2,True,0.26288117770767616,True,0.6440588853838035,True,0.8578702769562042,False,2.365930599369085
CCPI,2024-05-01,4,2024-08-01,191.1,190.1,195.2,196.16666666666666,192.9668226729069,190.1,False,2.1567596002104126,False,2.665263896194983,True,0.9820213955322946,True,0.5260389268805892
CCPI,2024-05-01,5,2024-09-01,190.9,191.8,195.2,196.4083333333333,194.69245969838792,191.8,False,2.2419186652763203,False,2.8719151894334187,True,1.9772991128195596,True,0.46923879040667654
CCPI,2024-05-01,6,2024-10-01,189.9,191.4,195.2,196.64999999999998,194.28642745709826,191.4,False,2.769070010449312,False,3.5266457680250634,False,2.2917593819740074,True,0.7836990595611285
CCPI,2024-05-01,7,2024-11-01,189.4,193.4,195.2,196.89166666666665,196.31658866354653,193.4,False,2.998965873836599,False,3.873664253705608,False,3.5763126491967525,False,2.0682523267838677
CCPI,2024-05-01,8,2024-12-01,191.7,195.1,195.2,197.1333333333333,198.04222568902753,195.1,True,1.7939518195797028,False,2.7848966342046686,False,3.2507563757188844,True,1.7426960533059999
CCPI,2024-05-01,9,2025-01-01,192.6,200.7,195.2,197.37499999999997,203.72667706708265,200.7,True,1.2954658694568981,False,2.379172894867951,False,5.543934761874765,False,4.035874439461881
CCPI,2024-05-01,10,2025-02-01,192.2,200.6,195.2,197.61666666666665,203.62516900676025,200.6,True,1.4955134596211366,False,2.7002326354270476,False,5.695498009352073,False,4.187437686939186
CCPI,2024-05-01,11,2025-03-01,191.6,196.7,195.2,197.8583333333333,199.66635465418614,196.7,True,1.8301982714794074,False,3.181664124724605,False,4.100841207008715,False,2.5927808845958285
CCPI,2024-05-01,12,2025-04-01,191.2,195.2,195.2,198.09999999999997,198.14373374934993,195.2,False,2.0491803278688527,False,3.534836065573759,False,3.5572406502817344,False,2.0491803278688527
CCPI,2024-06-01,1,2024-06-01,195.6,192.3,194.1,194.25,194.10000000000002,192.3,True,0.7800312012480499,True,0.7020280811232419,True,0.780031201248035,True,1.7160686427457008
CCPI,2024-06-01,2,2024-07-01,194.7,190.2,194.1,194.39999999999998,191.98034321372853,190.2,True,0.3154574132492084,True,0.15772870662461166,True,1.4298931578714287,False,2.365930599369085
CCPI,2024-06-01,3,2024-08-01,191.1,190.1,194.1,194.54999999999998,191.87940717628706,190.1,True,1.5781167806417675,True,1.8148342977380267,True,0.40999851461707826,True,0.5260389268805892
CCPI,2024-06-01,4,2024-09-01,190.9,191.8,194.1,194.7,193.59531981279252,191.8,True,1.6684045881126113,True,1.981230448383724,True,1.4052762319043373,True,0.46923879040667654
CCPI,2024-06-01,5,2024-10-01,189.9,191.4,194.1,194.85,193.19157566302653,191.4,False,2.194357366771154,False,2.586206896551718,True,1.7197365010587882,True,0.7836990595611285
CCPI,2024-06-01,6,2024-11-01,189.4,193.4,194.1,195.0,195.2102964118565,193.4,False,2.4301964839710384,False,2.895553257497412,False,3.0042897682815326,False,2.0682523267838677
CCPI,2024-06-01,7,2024-12-01,191.7,195.1,194.1,195.14999999999998,196.92620904836193,195.1,True,1.230138390568942,True,1.768323936442844,False,2.6787334948036583,True,1.7426960533059999
CCPI,2024-06-01,8,2025-01-01,192.6,200.7,194.1,195.29999999999998,202.5786271450858,200.7,True,0.7473841554559044,True,1.3452914798206221,False,4.9719118809595395,False,4.035874439461881
CCPI,2024-06-01,9,2025-02-01,192.2,200.6,194.1,195.45,202.4776911076443,200.6,True,0.9471585244267227,True,1.6201395812562314,False,5.12347512843684,False,4.187437686939186
CCPI,2024-06-01,10,2025-03-01,191.6,196.7,194.1,195.59999999999997,198.5411856474259,196.7,True,1.2709710218607015,False,2.033553634977108,False,3.528818326093491,False,2.5927808845958285
CCPI,2024-06-01,11,2025-04-01,191.2,195.2,194.1,195.74999999999997,197.02714508580343,195.2,True,1.485655737704921,False,2.3309426229508112,False,2.985217769366515,False,2.0491803278688527
CCPI,2024-06-01,12,2025-05-01,192.8,194.1,194.1,195.89999999999998,195.91684867394696,194.1,True,0.6697578567748496,True,1.597114889232337,True,1.6057952982725128,True,0.6697578567748496
CCPI,2024-07-01,1,2024-07-01,194.7,190.2,195.6,195.875,193.4639625585023,190.2,True,0.47318611987382003,True,0.617770767613045,True,0.6498619566233966,False,2.365930599369085
CCPI,2024-07-01,2,2024-08-01,191.1,190.1,195.6,196.14999999999998,193.36224648985956,190.1,False,2.367175170962651,False,2.6564965807469663,True,1.1900297158651045,True,0.5260389268805892
CCPI,2024-07-01,3,2024-09-01,190.9,191.8,195.6,196.42499999999998,195.09141965678626,191.8,False,2.450469238790401,False,2.880604796663179,False,2.185307433152373,True,0.46923879040667654
CCPI,2024-07-01,4,2024-10-01,189.9,191.4,195.6,196.7,194.68455538221525,191.4,False,2.9780564263322824,False,3.55276907001044,False,2.4997677023068157,True,0.7836990595611285
CCPI,2024-07-01,5,2024-11-01,189.4,193.4,195.6,196.975,196.71887675507017,193.4,False,3.205791106514989,False,3.916752843846943,False,3.784320969529557,False,2.0682523267838677
CCPI,2024-07-01,6,2024-12-01,191.7,195.1,195.6,197.25,198.44804992199684,195.1,False,1.9989748846745288,False,2.8446950281906775,False,3.4587646960516927,True,1.7426960533059999
CCPI,2024-07-01,7,2025-01-01,192.6,200.7,195.6,197.52499999999998,204.1441497659906,200.7,True,1.4947683109118088,False,2.4539113104135444,False,5.751943082207572,False,4.035874439461881
CCPI,2024-07-01,8,2025-02-01,192.2,200.6,195.6,197.79999999999998,204.04243369734786,200.6,True,1.694915254237291,False,2.791625124626119,False,5.903506329684881,False,4.187437686939186
CCPI,2024-07-01,9,2025-03-01,191.6,196.7,195.6,198.075,200.07550702028078,196.7,False,2.033553634977123,False,3.2918149466192146,False,4.308849527341529,False,2.5927808845958285
CCPI,2024-07-01,10,2025-04-01,191.2,195.2,195.6,198.34999999999997,198.54976599063957,195.2,False,2.2540983606557408,False,3.6629098360655625,False,3.7652489706145404,False,2.0491803278688527
CCPI,2024-07-01,11,2025-05-01,192.8,194.1,195.6,198.62499999999997,197.4308892355694,194.1,True,1.442555383822763,False,3.0010303967027103,False,2.3858264995205483,True,0.6697578567748496
CCPI,2024-07-01,12,2025-06-01,194.5,195.6,195.6,198.89999999999998,198.95663026521058,195.6,True,0.5623721881390564,False,2.2494887525562257,False,2.2784408308847532,True,0.5623721881390564
CCPI,2024-08-01,1,2024-08-01,191.1,190.1,194.7,195.075,194.59763406940064,190.1,True,1.893740136770118,False,2.091004734350339,True,1.8398916724885044,True,0.5260389268805892
CCPI,2024-08-01,2,2024-09-01,190.9,191.8,194.7,195.45,196.33785488958992,191.8,True,1.981230448383724,False,2.3722627737226185,False,2.8351693897757633,True,0.46923879040667654
CCPI,2024-08-01,3,2024-10-01,189.9,191.4,194.7,195.825,195.92839116719244,191.4,False,2.507836990595602,False,3.0956112852664486,False,3.1496296589302184,True,0.7836990595611285
CCPI,2024-08-01,4,2024-11-01,189.4,193.4,194.7,196.2,197.97570977917982,193.4,False,2.740434332988616,False,3.516028955532566,False,4.434182926152956,False,2.0682523267838677
CCPI,2024-08-01,5,2024-12-01,191.7,195.1,194.7,196.575,199.7159305993691,195.1,True,1.5376729882111737,False,2.4987186058431576,False,4.108626652675096,True,1.7426960533059999
CCPI,2024-08-01,6,2025-01-01,192.6,200.7,194.7,196.95,205.44842271293376,200.7,True,1.0463378176382634,False,2.16741405082212,False,6.401805038830976,False,4.035874439461881
CCPI,2024-08-01,7,2025-02-01,192.2,200.6,194.7,197.325,205.3460567823344,200.6,True,1.2462612163509472,False,2.554835493519442,False,6.553368286308275,False,4.187437686939186
CCPI,2024-08-01,8,2025-03-01,191.6,196.7,194.7,197.7,201.353785488959,196.7,True,1.5760040671072673,False,3.101169293340109,False,4.958711483964927,False,2.5927808845958285
CCPI,2024-08-01,9,2025-04-01,191.2,195.2,194.7,198.075,199.81829652996845,195.2,True,1.793032786885246,False,3.5220286885245904,False,4.415110927237941,False,2.0491803278688527
CCPI,2024-08-01,10,2025-05-01,192.8,194.1,194.7,198.45,198.6922712933754,194.1,True,0.978876867594012,False,2.9108706852137956,False,3.03568845614394,True,0.6697578567748496
CCPI,2024-08-01,11,2025-06-01,194.5,195.6,194.7,198.825,200.22776025236593,195.6,True,0.10224948875255042,False,2.211145194274023,False,2.9283027875081418,True,0.5623721881390564
CCPI,2024-08-01,12,2025-07-01,194.1,194.7,194.7,199.2,199.3064668769716,194.7,True,0.3081664098613222,False,2.6194144838212607,False,2.6740970092304077,True,0.3081664098613222
CCPI,2024-09-01,1,2024-09-01,190.9,191.8,191.1,191.18333333333334,192.808942661757,191.8,True,0.10427528675703265,True,0.14772332290580367,True,0.9952777172872687,True,0.46923879040667654
CCPI,2024-09-01,2,2024-10-01,189.9,191.4,191.1,191.26666666666665,192.40683850604947,191.4,True,0.6269592476488969,True,0.7140369209334617,True,1.3097379864417251,True,0.7836990595611285
CCPI,2024-09-01,3,2024-11-01,189.4,193.4,191.1,191.35,194.41735928458706,193.4,True,0.8790072388831378,True,1.0082730093071295,False,2.5942912536644562,False,2.0682523267838677
CCPI,2024-09-01,4,2024-12-01,191.7,195.1,191.1,191.43333333333334,196.12630194634403,195.1,True,0.30753459764223184,True,0.13668204339654103,False,2.2687349801865917,True,1.7426960533059999
CCPI,2024-09-01,5,2025-01-01,192.6,200.7,191.1,191.51666666666665,201.75576012624933,200.7,True,0.7473841554559044,True,0.5397774456070468,False,4.561913366342468,False,4.035874439461881
CCPI,2024-09-01,6,2025-02-01,192.2,200.6,191.1,191.6,201.65523408732247,200.6,True,0.5483549351944139,True,0.2991026919242245,False,4.713476613819781,False,4.187437686939186
CCPI,2024-09-01,7,2025-03-01,191.6,196.7,191.1,191.68333333333334,197.7347185691741,196.7,True,0.25419420437214035,True,0.042365700728694874,False,3.118819811476417,False,2.5927808845958285
CCPI,2024-09-01,8,2025-04-01,191.2,195.2,191.1,191.76666666666665,196.2268279852709,195.2,True,0.051229508196718405,True,0.2903005464480855,False,2.575219254749436,False,2.0491803278688527
CCPI,2024-09-01,9,2025-05-01,192.8,194.1,191.1,191.85,195.12104155707522,194.1,True,0.8758371973209774,True,0.4894384337970206,True,1.1957967836554377,True,0.6697578567748496
CCPI,2024-09-01,10,2025-06-01,194.5,195.6,191.1,191.93333333333334,196.62893214097843,195.6,True,1.738241308793459,True,1.3122017723244699,True,1.0884111150196498,True,0.5623721881390564
CCPI,2024-09-01,11,2025-07-01,194.1,194.7,191.1,192.01666666666665,195.7241977906365,194.7,True,1.5408320493066257,True,1.0700222564629394,True,0.8342053367419184,True,0.3081664098613222
CCPI,2024-09-01,12,2025-08-01,193.3,191.1,191.1,192.1,192.1052603892688,191.1,True,1.151229722658303,True,0.6279434850863511,True,0.6251907957777104,True,1.151229722658303
CCPI,2024-10-01,1,2024-10-01,189.9,191.4,190.9,190.82500000000002,190.50187695516163,191.4,True,0.522466039707419,True,0.48328108672936854,True,0.31446026915445596,True,0.7836990595611285
CCPI,2024-10-01,2,2024-11-01,189.4,193.4,190.9,190.75,192.4924921793535,193.4,True,0.7755946225439503,True,0.6980351602895524,True,1.5990135363771898,False,2.0682523267838677
CCPI,2024-10-01,3,2024-12-01,191.7,195.1,190.9,190.675,194.18451511991657,195.1,True,0.4100461301896376,True,0.5253716043054727,True,1.2734572628993233,True,1.7426960533059999
CCPI,2024-10-01,4,2025-01-01,192.6,200.7,190.9,190.6,199.7582377476538,200.7,True,0.8470353761833527,True,0.9965122072745392,False,3.566635649055207,False,4.035874439461881
CCPI,2024-10-01,5,2025-02-01,192.2,200.6,190.9,190.525,199.6587069864442,200.6,True,0.648055832502484,True,0.8349950149551261,False,3.718198896532509,False,4.187437686939186
CCPI,2024-10-01,6,2025-03-01,191.6,196.7,190.9,190.45,195.77700729927005,196.7,True,0.3558718861209907,True,0.5846466700559256,False,2.1235420941891507,False,2.5927808845958285
CCPI,2024-10-01,7,2025-04-01,191.2,195.2,190.9,190.375,194.28404588112616,195.2,True,0.1536885245901552,True,0.422643442622945,True,1.5799415374621786,False,2.0491803278688527
CCPI,2024-10-01,8,2025-05-01,192.8,194.1,190.9,190.3,193.18920750782064,194.1,True,0.9788768675940267,True,1.287995878413189,True,0.20051906636817568,True,0.6697578567748496
CCPI,2024-10-01,9,2025-06-01,194.5,195.6,190.9,190.225,194.68216892596453,195.6,True,1.8404907975460094,False,2.1855828220858924,True,0.09313339773237858,True,0.5623721881390564
CCPI,2024-10-01,10,2025-07-01,194.1,194.7,190.9,190.15,193.7863920750782,194.7,True,1.6435541859270615,False,2.028762198253718,True,0.16107238054535036,True,0.3081664098613222
CCPI,2024-10-01,11,2025-08-01,193.3,191.1,190.9,190.075,190.20328467153283,191.1,True,1.2558869701726876,True,1.6875981161695568,True,1.6204685130649836,True,1.151229722658303
CCPI,2024-10-01,12,2025-09-01,193.7,190.9,190.9,190.0,190.00422314911367,190.9,True,1.466736511262432,True,1.9381875327396483,True,1.9359753016691033,True,1.466736511262432
CCPI,2024-11-01,1,2024-11-01,189.4,193.4,189.9,189.775,191.8843260188088,193.4,True,0.25853154084798347,True,0.19389865563598757,True,1.284553267222744,False,2.0682523267838677
CCPI,2024-11-01,2,2024-12-01,191.7,195.1,189.9,189.65,193.57100313479623,195.1,True,0.9226037929266956,True,1.05074320861096,True,0.9589969937448692,True,1.7426960533059999
CCPI,2024-11-01,3,2025-01-01,192.6,200.7,189.9,189.525,199.1271159874608,200.7,True,1.3452914798206221,True,1.5321375186845982,False,3.2521753799007493,False,4.035874439461881
CCPI,2024-11-01,4,2025-02-01,192.2,200.6,189.9,189.4,199.02789968652039,200.6,True,1.1465603190428628,True,1.3958125623130524,False,3.4037386273780643,False,4.187437686939186
CCPI,2024-11-01,5,2025-03-01,191.6,196.7,189.9,189.275,195.15846394984325,196.7,True,0.8642602948652713,True,1.1820030503304468,True,1.8090818250347016,False,2.5927808845958285
CCPI,2024-11-01,6,2025-04-01,191.2,195.2,189.9,189.15,193.67021943573667,195.2,True,0.6659836065573683,True,1.0502049180327782,True,1.265481268307726,False,2.0491803278688527
CCPI,2024-11-01,7,2025-05-01,192.8,194.1,189.9,189.025,192.57884012539185,194.1,True,1.4940752189593023,True,1.9448737764039186,True,0.11394120278627615,True,0.6697578567748496
CCPI,2024-11-01,8,2025-06-01,194.5,195.6,189.9,188.9,194.06708463949843,195.6,False,2.351738241308791,False,2.862985685071572,True,0.22132687142206936,True,0.5623721881390564
CCPI,2024-11-01,9,2025-07-01,194.1,194.7,189.9,188.775,193.17413793103447,194.7,False,2.15716486902927,False,2.7349768875192546,True,0.47553264969980935,True,0.3081664098613222
CCPI,2024-11-01,10,2025-08-01,193.3,191.1,189.9,188.65,189.60235109717868,191.1,True,1.7791732077446394,False,2.433281004709579,True,1.9349287822194285,True,1.151229722658303
CCPI,2024-11-01,11,2025-09-01,193.7,190.9,189.9,188.525,189.4039184952978,190.9,True,1.9905709795704467,False,2.710843373493967,False,2.2504355708235657,True,1.466736511262432
CCPI,2024-11-01,12,2025-10-01,193.8,189.9,189.9,188.4,188.41175548589342,189.9,False,2.0537124802527678,False,2.8436018957346,False,2.837411539813896,False,2.0537124802527678
CCPI,2024-12-01,1,2024-12-01,191.7,195.1,189.4,189.06666666666666,191.06483971044466,195.1,True,1.1788826242952246,True,1.3497351785409153,True,0.32555627347787286,True,1.7426960533059999
CCPI,2024-12-01,2,2025-01-01,192.6,200.7,189.4,188.73333333333335,196.54901758014475,200.7,True,1.594419531639257,False,1.926590267397432,False,1.9676221126780045,False,4.035874439461881
CCPI,2024-12-01,3,2025-02-01,192.2,200.6,189.4,188.4,196.45108583247156,200.6,True,1.3958125623130524,True,1.8943170488534313,False,2.119185360155321,False,4.187437686939186
CCPI,2024-12-01,4,2025-03-01,191.6,196.7,189.4,188.06666666666666,192.63174767321613,196.7,True,1.1184544992374117,True,1.7963057108964573,True,0.524528557811963,False,2.5927808845958285
CCPI,2024-12-01,5,2025-04-01,191.2,195.2,189.4,187.73333333333335,191.16277145811787,195.2,True,0.9221311475409749,True,1.775956284152992,True,0.01907199891501793,False,2.0491803278688527
CCPI,2024-12-01,6,2025-05-01,192.8,194.1,189.4,187.4,190.0855222337125,194.1,True,1.7516743946419402,False,2.7820710973724916,True,1.3984944700090167,True,0.6697578567748496
CCPI,2024-12-01,7,2025-06-01,194.5,195.6,189.4,187.06666666666666,191.55449844881073,195.6,False,2.6073619631901814,False,3.8002726653033423,True,1.5058801386448195,True,0.5623721881390564
CCPI,2024-12-01,8,2025-07-01,194.1,194.7,189.4,186.73333333333335,190.6731127197518,194.7,False,2.4139702105803744,False,3.7835986988529258,True,1.7600859169225451,True,0.3081664098613222
CCPI,2024-12-01,9,2025-08-01,193.3,191.1,189.4,186.4,187.147569803516,191.1,False,2.0408163265306154,False,3.610675039246471,False,3.2194820494421794,True,1.151229722658303
CCPI,2024-12-01,10,2025-09-01,193.7,190.9,189.4,186.06666666666666,186.9517063081696,190.9,False,2.252488213724454,False,3.9986031080845077,False,3.5349888380462984,True,1.466736511262432
CCPI,2024-12-01,11,2025-10-01,193.8,189.9,189.4,185.73333333333335,185.97238883143743,189.9,False,2.317008952080045,False,4.247849745480075,False,4.121964807036642,False,2.0537124802527678
CCPI,2024-12-01,12,2025-11-01,193.4,189.4,189.4,185.4,185.48273009307135,189.4,False,2.1119324181626187,False,4.223864836325237,False,4.18018474494649,False,2.1119324181626187
CCPI,2025-01-01,1,2025-01-01,192.6,200.7,191.7,191.41666666666666,197.20240902101483,200.7,True,0.44843049327354545,True,0.5896030559707709,False,2.2931783861558723,False,4.035874439461881
CCPI,2025-01-01,2,2025-02-01,192.2,200.6,191.7,191.13333333333333,197.10415171706816,200.6,True,0.24925224327018944,True,0.5317381189764022,False,2.4447416336331877,False,4.187437686939186
CCPI,2025-01-01,3,2025-03-01,191.6,196.7,191.7,190.85,193.2721168631471,196.7,True,0.050838840874425174,True,0.3812913065582105,True,0.8500848312898303,False,2.5927808845958285
CCPI,2025-01-01,4,2025-04-01,191.2,195.2,191.7,190.56666666666666,191.79825730394668,195.2,True,0.2561475409836066,True,0.3244535519125644,True,0.3064842745628564,False,2.0491803278688527
CCPI,2025-01-01,5,2025-05-01,192.8,194.1,191.7,190.28333333333333,190.71742696053303,194.1,True,0.5667181865018149,True,1.2965825176026171,True,1.0729381965311586,True,0.6697578567748496
CCPI,2025-01-01,6,2025-06-01,194.5,195.6,191.7,190.0,192.19128651973344,195.6,True,1.4314928425357931,False,2.3006134969325154,True,1.1803238651669539,True,0.5623721881390564
CCPI,2025-01-01,7,2025-07-01,194.1,194.7,191.7,189.71666666666664,191.3069707842132,194.7,True,1.2326656394453035,False,2.251326827598025,True,1.4345296434446781,True,0.3081664098613222
CCPI,2025-01-01,8,2025-08-01,193.3,191.1,191.7,189.4333333333333,187.76970784213222,191.1,True,0.8372579801151349,False,2.0233734519448996,False,2.8939257759643073,True,1.151229722658303
CCPI,2025-01-01,9,2025-09-01,193.7,190.9,191.7,189.14999999999998,187.57319323423886,190.9,True,1.0476689366160292,False,2.3834468308014727,False,3.209432564568429,True,1.466736511262432
CCPI,2025-01-01,10,2025-10-01,193.8,189.9,191.7,188.86666666666665,186.5906201947719,189.9,True,1.1058451816745776,False,2.597858522029155,False,3.796408533558773,False,2.0537124802527678
CCPI,2025-01-01,11,2025-11-01,193.4,189.4,191.7,188.58333333333331,186.09933367503842,189.4,True,0.8975712777191219,False,2.5431186202041665,False,3.8546284714686285,False,2.1119324181626187
CCPI,2025-01-01,12,2025-12-01,195.8,191.7,191.7,188.29999999999998,188.3592516658124,191.7,False,2.138758476786658,False,3.91236306729266,False,3.881454530092654,False,2.138758476786658
CCPI,2025-02-01,1,2025-02-01,192.2,200.6,192.6,191.92499999999998,192.50403587443947,200.6,True,0.19940179461615437,True,0.13708873379860703,True,0.15156324747730707,False,4.187437686939186
CCPI,2025-02-01,2,2025-03-01,191.6,196.7,192.6,191.25,188.76143497757846,196.7,True,0.5083884087442807,True,0.17793594306049534,True,1.443093554866057,False,2.5927808845958285
CCPI,2025-02-01,3,2025-04-01,191.2,195.2,192.6,190.575,187.3219730941704,195.2,True,0.7172131147541013,True,0.3201844262295082,False,1.9866941115930257,False,2.0491803278688527
CCPI,2025-02-01,4,2025-05-01,192.8,194.1,192.6,189.9,186.26636771300448,194.1,True,0.10303967027306392,True,1.4940752189593023,False,3.366116582687031,True,0.6697578567748496
CCPI,2025-02-01,5,2025-06-01,194.5,195.6,192.6,189.225,187.70582959641254,195.6,True,0.9713701431492872,False,2.6968302658486736,False,3.4735022513228313,True,0.5623721881390564
CCPI,2025-02-01,6,2025-07-01,194.1,194.7,192.6,188.55,186.8421524663677,194.7,True,0.7704160246533128,False,2.850539291217249,False,3.7277080296005582,True,0.3081664098613222
CCPI,2025-02-01,7,2025-08-01,193.3,191.1,192.6,187.875,183.38744394618834,191.1,True,0.3663003663003752,False,2.8388278388278447,False,5.187104162120184,True,1.151229722658303
CCPI,2025-02-01,8,2025-09-01,193.7,190.9,192.6,187.2,183.19551569506726,190.9,True,0.5762179151388132,False,3.404924044002095,False,5.502610950724321,True,1.466736511262432
CCPI,2025-02-01,9,2025-10-01,193.8,189.9,192.6,186.525,182.2358744394619,189.9,True,0.631911532385475,False,3.8309636650868906,False,6.089586919714647,False,2.0537124802527678
CCPI,2025-02-01,10,2025-11-01,193.4,189.4,192.6,185.85,181.7560538116592,189.4,True,0.42238648363252973,False,3.986272439281949,False,6.147806857624501,False,2.1119324181626187
CCPI,2025-02-01,11,2025-12-01,195.8,191.7,192.6,185.175,183.96322869955156,191.7,True,1.6692749087115375,False,5.542514345331247,False,6.174632916248538,False,2.138758476786658
CCPI,2025-02-01,12,2026-01-01,197.0,192.6,192.6,184.5,184.8269058295964,192.6,False,2.284527518172381,False,6.490134994807892,False,6.320401957634269,False,2.284527518172381
CCPI,2025-03-01,1,2025-03-01,191.6,196.7,192.2,191.5,188.4633100697906,196.7,True,0.3050330452465655,True,0.050838840874425174,True,1.5946568023433656,False,2.5927808845958285
CCPI,2025-03-01,2,2025-04-01,191.2,195.2,192.2,190.79999999999998,187.02612163509468,195.2,True,0.5122950819672132,True,0.20491803278688817,False,2.1382573590703413,False,2.0491803278688527
CCPI,2025-03-01,3,2025-05-01,192.8,194.1,192.2,190.1,185.97218344965103,194.1,True,0.3091190108191771,True,1.3910355486862531,False,3.5176798301643406,True,0.6697578567748496
CCPI,2025-03-01,4,2025-06-01,194.5,195.6,192.2,189.39999999999998,187.40937188434694,195.6,True,1.1758691206544025,False,2.6073619631901956,False,3.6250654988001334,True,0.5623721881390564
CCPI,2025-03-01,5,2025-07-01,194.1,194.7,192.2,188.7,186.5470588235294,194.7,True,0.9758602978941991,False,2.773497688751929,False,3.879271277077862,True,0.3081664098613222
CCPI,2025-03-01,6,2025-08-01,193.3,191.1,192.2,188.0,183.0978065802592,191.1,True,0.575614861329159,False,2.7734170591313507,False,5.338667409597493,True,1.151229722658303
CCPI,2025-03-01,7,2025-09-01,193.7,190.9,192.2,187.29999999999998,182.9061814556331,190.9,True,0.785751702462022,False,3.3525405971712967,False,5.654174198201623,True,1.466736511262432
CCPI,2025-03-01,8,2025-10-01,193.8,189.9,192.2,186.6,181.9480558325025,189.9,True,0.8425487098473,False,3.791469194312805,False,6.241150167191955,False,2.0537124802527678
CCPI,2025-03-01,9,2025-11-01,193.4,189.4,192.2,185.89999999999998,181.46899302093718,189.4,True,0.6335797254487946,False,3.9598732840549253,False,6.2993701051018105,False,2.1119324181626187
CCPI,2025-03-01,10,2025-12-01,195.8,191.7,192.2,185.2,183.67268195413757,191.7,True,1.8779342723004815,False,5.52947313510695,False,6.326196163725842,False,2.138758476786658
CCPI,2025-03-01,11,2026-01-01,197.0,192.6,192.2,184.49999999999997,184.53499501495511,192.6,False,2.4922118380062366,False,6.490134994807907,False,6.47196520511157,False,2.284527518172381
CCPI,2025-03-01,12,2026-02-01,195.3,192.2,192.2,183.79999999999998,184.15174476570286,192.2,True,1.6129032258064635,False,5.9833506763787865,False,5.800340912745657,True,1.6129032258064635
CCPI,2025-04-01,1,2025-04-01,191.2,195.2,191.6,191.17499999999998,190.13889171326895,195.2,True,0.20491803278688817,True,0.01280737704918324,True,0.543600556726968,False,2.0491803278688527
CCPI,2025-04-01,2,2025-05-01,192.8,194.1,191.6,190.75,189.0674123029995,194.1,True,0.6182380216383395,True,1.0561566202988208,True,1.9230230278209817,True,0.6697578567748496
CCPI,2025-04-01,3,2025-06-01,194.5,195.6,191.6,190.325,190.52852058973056,195.6,True,1.4826175869120684,False,2.1344580777096174,False,2.0304086964567682,True,0.5623721881390564
CCPI,2025-04-01,4,2025-07-01,194.1,194.7,191.6,189.9,189.65185561769192,194.7,True,1.2840267077555214,False,2.15716486902927,False,2.2846144747345005,True,0.3081664098613222
CCPI,2025-04-01,5,2025-08-01,193.3,191.1,191.6,189.475,186.14519572953736,191.1,True,0.8895866038723271,True,2.001569858712725,False,3.744010607254133,True,1.151229722658303
CCPI,2025-04-01,6,2025-09-01,193.7,190.9,191.6,189.05,185.95038129130657,190.9,True,1.1000523834468279,False,2.435830277632256,False,4.0595173958582595,True,1.466736511262432
CCPI,2025-04-01,7,2025-10-01,193.8,189.9,191.6,188.625,184.97630910015255,189.9,True,1.15850447604003,False,2.725118483412328,False,4.646493364848585,False,2.0537124802527678
CCPI,2025-04-01,8,2025-11-01,193.4,189.4,191.6,188.2,184.48927300457552,189.4,True,0.9503695881731844,False,2.745512143611413,False,4.704713302758439,False,2.1119324181626187
CCPI,2025-04-01,9,2025-12-01,195.8,191.7,191.6,187.775,186.7296390442298,191.7,False,2.19092331768389,False,4.186228482003133,False,4.731539361382479,False,2.138758476786658
CCPI,2025-04-01,10,2026-01-01,197.0,192.6,191.6,187.35,187.60630401626844,192.6,False,2.8037383177570123,False,5.010384215991696,False,4.877308402768204,False,2.284527518172381
CCPI,2025-04-01,11,2026-02-01,195.3,192.2,191.6,186.925,187.21667513980682,192.2,True,1.9250780437044834,False,4.3574401664932365,False,4.205684110402283,True,1.6129032258064635
CCPI,2025-04-01,12,2026-03-01,195.8,191.6,191.6,186.5,186.6322318251144,191.6,False,2.1920668058455206,False,4.853862212943639,False,4.784847690441349,False,2.1920668058455206
CCPI,2025-05-01,1,2025-05-01,192.8,194.1,191.2,190.86666666666665,190.12254098360657,194.1,True,0.8243173621844527,True,0.9960501459728829,True,1.3794224710939937,True,0.6697578567748496
CCPI,2025-05-01,2,2025-06-01,194.5,195.6,191.2,190.53333333333333,191.59180327868853,195.6,True,1.6871165644171837,False,2.0279481935923664,True,1.48680813972979,True,0.5623721881390564
CCPI,2025-05-01,3,2025-07-01,194.1,194.7,191.2,190.2,190.71024590163933,194.7,True,1.4894709809964077,False,2.0030816640986164,True,1.7410139180075341,True,0.3081664098613222
CCPI,2025-05-01,4,2025-08-01,193.3,191.1,191.2,189.86666666666665,187.18401639344262,191.1,True,1.0989010989011108,True,1.796616082330385,False,3.2004100505271547,True,1.151229722658303
CCPI,2025-05-01,5,2025-09-01,193.7,190.9,191.2,189.53333333333333,186.98811475409838,190.9,True,1.3095861707700367,False,2.182643617950056,False,3.5159168391312794,True,1.466736511262432
CCPI,2025-05-01,6,2025-10-01,193.8,189.9,191.2,189.2,186.00860655737705,189.9,True,1.369141653501855,False,2.422327540810965,False,4.102892808121623,False,2.0537124802527678
CCPI,2025-05-01,7,2025-11-01,193.4,189.4,191.2,188.86666666666665,185.51885245901641,189.4,True,1.1615628299894494,False,2.393523407250982,False,4.1611127460314625,False,2.1119324181626187
CCPI,2025-05-01,8,2025-12-01,195.8,191.7,191.2,188.53333333333333,187.7717213114754,191.7,False,2.3995826812728343,False,3.790645105199103,False,4.1879388046555075,False,2.138758476786658
CCPI,2025-05-01,9,2026-01-01,197.0,192.6,191.2,188.2,188.65327868852458,192.6,False,3.0114226375908677,False,4.569055036344762,False,4.333707846041236,False,2.284527518172381
CCPI,2025-05-01,10,2026-02-01,195.3,192.2,191.2,187.86666666666665,188.26147540983607,192.2,False,2.133194588969835,False,3.8674991328477453,False,3.66208355367531,True,1.6129032258064635
CCPI,2025-05-01,11,2026-03-01,195.8,191.6,191.2,187.53333333333333,187.67377049180328,191.6,False,2.4008350730689054,False,4.314544189283236,False,4.241247133714368,False,2.1920668058455206
CCPI,2025-05-01,12,2026-04-01,201.6,191.2,191.2,187.2,187.28196721311474,191.2,False,5.439330543933057,False,7.5313807531380785,False,7.488510871801912,False,5.439330543933057
CCPI,2025-06-01,1,2025-06-01,194.5,195.6,192.8,192.6916666666667,194.2899536321484,195.6,True,0.8691206543967223,True,0.9245057941376834,True,0.10738566863578189,True,0.5623721881390564
CCPI,2025-06-01,2,2025-07-01,194.1,194.7,192.8,192.58333333333334,193.39598145285936,194.7,True,0.6676938880328623,True,0.7789762027050086,True,0.36159144691352574,True,0.3081664098613222
CCPI,2025-06-01,3,2025-08-01,193.3,191.1,192.8,192.47500000000002,189.82009273570327,191.1,True,0.26164311878597596,True,0.43171114599685434,True,1.8209875794331458,True,1.151229722658303
CCPI,2025-06-01,4,2025-09-01,193.7,190.9,192.8,192.36666666666667,189.62143225141682,190.9,True,0.47145102147720125,True,0.6984459577440096,False,2.1364943680372805,True,1.466736511262432
CCPI,2025-06-01,5,2025-10-01,193.8,189.9,192.8,192.25833333333335,188.62812982998457,189.9,True,0.526592943654555,True,0.8118307881341007,False,2.7234703370276137,False,2.0537124802527678
CCPI,2025-06-01,6,2025-11-01,193.4,189.4,192.8,192.15000000000003,188.13147861926845,189.4,True,0.3167898627243898,True,0.6599788806758033,False,2.7816902749374637,False,2.1119324181626187
CCPI,2025-06-01,7,2025-12-01,195.8,191.7,192.8,192.04166666666669,190.41607418856262,191.7,True,1.564945226917058,True,1.960528603721088,False,2.808516333561499,False,2.138758476786658
CCPI,2025-06-01,8,2026-01-01,197.0,192.6,192.8,191.93333333333337,191.31004636785164,192.6,False,2.1806853582554457,False,2.630668051228782,False,2.954285374947227,False,2.284527518172381
CCPI,2025-06-01,9,2026-02-01,195.3,192.2,192.8,191.82500000000002,190.91272539927874,192.2,True,1.3007284079084287,True,1.808012486992713,False,2.282661082581306,True,1.6129032258064635
CCPI,2025-06-01,10,2026-03-01,195.8,191.6,192.8,191.7166666666667,190.3167439464194,191.6,True,1.5657620041753655,False,2.131176061238682,False,2.8618246626203643,False,2.1920668058455206
CCPI,2025-06-01,11,2026-04-01,201.6,191.2,192.8,191.60833333333335,189.9194229778465,191.2,False,4.602510460251037,False,5.225767085076698,False,6.109088400707898,False,5.439330543933057
CCPI,2025-06-01,12,2026-05-01,203.4,192.8,192.8,191.50000000000003,191.50870685213812,192.8,False,5.497925311203317,False,6.172199170124469,False,6.167683167978158,False,5.497925311203317
CCPI,2025-07-01,1,2025-07-01,194.1,194.7,194.5,194.40833333333333,193.60506134969324,194.7,True,0.20544427324088635,True,0.15836329395651624,True,0.25420577827773505,True,0.3081664098613222
CCPI,2025-07-01,2,2025-08-01,193.3,191.1,194.5,194.31666666666666,190.02530674846625,191.1,True,0.6279434850863364,True,0.5320076748648098,True,1.7136019107973637,True,1.151229722658303
CCPI,2025-07-01,3,2025-09-01,193.7,190.9,194.5,194.225,189.82643149284254,190.9,True,0.4190675746464177,True,0.2750130958617107,True,2.0291086994014895,True,1.466736511262432
CCPI,2025-07-01,4,2025-10-01,193.8,189.9,194.5,194.13333333333333,188.83205521472394,189.9,True,0.36861506055818255,True,0.17553098121817504,False,2.6160846683918244,False,2.0537124802527678
CCPI,2025-07-01,5,2025-11-01,193.4,189.4,194.5,194.04166666666666,188.33486707566462,189.4,True,0.5807814149947171,True,0.33878915874691207,False,2.6743046063016824,False,2.1119324181626187
CCPI,2025-07-01,6,2025-12-01,195.8,191.7,194.5,193.95,190.62193251533742,191.7,True,0.6781429316640644,True,0.9650495565988643,False,2.7011306649257127,False,2.138758476786658
CCPI,2025-07-01,7,2026-01-01,197.0,192.6,194.5,193.85833333333335,191.51687116564418,192.6,True,1.2980269989615785,True,1.6311872620283756,False,2.846899706311435,False,2.284527518172381
CCPI,2025-07-01,8,2026-02-01,195.3,192.2,194.5,193.76666666666668,191.1191206543967,192.2,True,0.4162330905307031,True,0.7977800901838353,False,2.1752754139455264,True,1.6129032258064635
CCPI,2025-07-01,9,2026-03-01,195.8,191.6,194.5,193.675,190.52249488752557,191.6,True,0.6784968684759975,True,1.1090814196242171,False,2.754438993984574,False,2.1920668058455206
CCPI,2025-07-01,10,2026-04-01,201.6,191.2,194.5,193.58333333333334,190.1247443762781,191.2,False,3.7133891213389094,False,4.1928172942817215,False,6.001702732072119,False,5.439330543933057
CCPI,2025-07-01,11,2026-05-01,203.4,192.8,194.5,193.49166666666667,191.7157464212679,192.8,False,4.61618257261411,False,5.139177040110649,False,6.060297499342373,False,5.497925311203317
CCPI,2025-07-01,12,2026-06-01,207.7,194.5,194.5,193.4,193.40618609406954,194.5,False,6.7866323907454955,False,7.3521850899742835,False,7.34900457888455,False,6.7866323907454955
CCPI,2025-08-01,1,2025-08-01,193.3,191.1,194.1,194.04999999999998,190.511093990755,191.1,True,0.41862899005755255,True,0.39246467817894903,True,1.459396132519629,True,1.151229722658303
CCPI,2025-08-01,2,2025-09-01,193.7,190.9,194.1,194.0,190.31171032357474,190.9,True,0.20953378732320885,True,0.15715034049241036,True,1.7749029211237533,True,1.466736511262432
CCPI,2025-08-01,3,2025-10-01,193.8,189.9,194.1,193.95,189.31479198767335,189.9,True,0.15797788309635752,True,0.07898894154817128,False,2.361878890114095,False,2.0537124802527678
CCPI,2025-08-01,4,2025-11-01,193.4,189.4,194.1,193.9,188.81633281972267,189.4,True,0.3695881731784523,True,0.26399155227032733,False,2.4200988280239337,False,2.1119324181626187
CCPI,2025-08-01,5,2025-12-01,195.8,191.7,194.1,193.85,191.10924499229583,191.7,True,0.8868022952530085,True,1.0172143974960965,False,2.446924886647983,False,2.138758476786658
CCPI,2025-08-01,6,2026-01-01,197.0,192.6,194.1,193.8,192.0064714946071,192.6,True,1.5057113187954339,True,1.6614745586708144,False,2.592693928033698,False,2.284527518172381
CCPI,2025-08-01,7,2026-02-01,195.3,192.2,194.1,193.75,191.60770416024653,192.2,True,0.6243496357960547,True,0.8064516129032318,True,1.9210696356677859,True,1.6129032258064635
CCPI,2025-08-01,8,2026-03-01,195.8,191.6,194.1,193.7,191.0095531587057,191.6,True,0.8872651356993826,True,1.0960334029227676,False,2.500233215706843,False,2.1920668058455206
CCPI,2025-08-01,9,2026-04-01,201.6,191.2,194.1,193.65,190.61078582434513,191.2,False,3.9225941422594146,False,4.157949790794973,False,5.747496953794386,False,5.439330543933057
CCPI,2025-08-01,10,2026-05-01,203.4,192.8,194.1,193.6,192.20585516178738,192.8,False,4.823651452282164,False,5.082987551867226,False,5.8060917210646386,False,5.497925311203317
CCPI,2025-08-01,11,2026-06-01,207.7,194.5,194.1,193.55,193.90061633281974,194.5,False,6.992287917737787,False,7.275064267352174,False,7.094798800606813,False,6.7866323907454955
CCPI,2025-08-01,12,2026-07-01,208.2,194.1,194.1,193.5,193.50184899845917,194.1,False,7.264296754250385,False,7.573415765069546,False,7.572463164111707,False,7.264296754250385
CCPI,2025-09-01,1,2025-09-01,193.7,190.9,193.3,193.48333333333335,193.09769754055472,190.9,True,0.20953378732319394,True,0.11349746813338928,True,0.3155067886041222,True,1.466736511262432
CCPI,2025-09-01,2,2025-10-01,193.8,189.9,193.3,193.66666666666669,192.08618524332815,189.9,True,0.2632964718272775,True,0.07021239248727001,True,0.9024827575944527,False,2.0537124802527678
CCPI,2025-09-01,3,2025-11-01,193.4,189.4,193.3,193.85000000000002,191.58042909471484,189.4,True,0.05279831045406247,True,0.23759239704330362,True,0.960702695504309,False,2.1119324181626187
CCPI,2025-09-01,4,2025-12-01,195.8,191.7,193.3,194.03333333333336,193.90690737833597,191.7,True,1.3041210224308817,True,0.9215788558511485,True,0.9875287541283457,False,2.138758476786658
CCPI,2025-09-01,5,2026-01-01,197.0,192.6,193.3,194.2166666666667,194.8172684458399,192.6,True,1.9210799584631302,True,1.4451367255105416,True,1.1332977955140777,False,2.284527518172381
CCPI,2025-09-01,6,2026-02-01,195.3,192.2,193.3,194.40000000000003,194.41266352694925,192.2,True,1.040582726326743,True,0.4682622268470225,True,0.4616735031481613,True,1.6129032258064635
CCPI,2025-09-01,7,2026-03-01,195.8,191.6,193.3,194.58333333333334,193.8057561486133,191.6,True,1.3048016701461378,True,0.6350034794711213,True,1.0408370831872125,False,2.1920668058455206
CCPI,2025-09-01,8,2026-04-01,201.6,191.2,193.3,194.76666666666668,193.40115122972267,191.2,False,4.3410041841004094,False,3.573919107391901,False,4.2881008212747505,False,5.439330543933057
CCPI,2025-09-01,9,2026-05-01,203.4,192.8,193.3,194.95000000000002,195.01957090528524,192.8,False,5.238589211618254,False,4.382780082987546,False,4.346695588545005,False,5.497925311203317
CCPI,2025-09-01,10,2026-06-01,207.7,194.5,193.3,195.13333333333335,196.7391418105704,194.5,False,7.403598971722353,False,6.461011139674362,False,5.635402668087191,False,6.7866323907454955
CCPI,2025-09-01,11,2026-07-01,208.2,194.1,193.3,195.3166666666667,196.33453689167976,194.1,False,7.676455435342596,False,6.637472093422617,False,6.11306703159208,False,7.264296754250385
CCPI,2025-09-01,12,2026-08-01,208.8,193.3,193.3,195.50000000000003,195.52532705389854,193.3,False,8.018623900672528,False,6.880496637351258,False,6.867394178014213,False,8.018623900672528
FCPI,2024-05-01,1,2024-05-01,227.3,226.1,231.1,231.70833333333331,233.47502234137622,226.1,True,1.6806722689075555,True,1.9497272593247692,False,2.731102318167274,True,0.5307386112339748
FCPI,2024-05-01,2,2024-06-01,232.8,228.4,231.1,232.31666666666666,235.85004468275247,228.4,True,0.7443082311733875,True,0.2116170461179284,True,1.335396095776032,True,1.9264448336252213
FCPI,2024-05-01,3,2024-07-01,234.0,227.5,231.1,232.92499999999998,234.92068811438784,227.5,True,1.2747252747252773,True,0.47252747252748,True,0.4046980722583927,False,2.857142857142857
FCPI,2024-05-01,4,2024-08-01,229.7,224.6,231.1,233.53333333333333,231.9260947274352,224.6,True,0.6233303650935021,True,1.7067379044226816,True,0.9911374565606522,False,2.2707034728406033
FCPI,2024-05-01,5,2024-09-01,227.9,226.7,231.1,234.14166666666665,234.09459338695262,226.7,True,1.411557123952355,False,2.7532715777091514,False,2.7325070079191085,True,0.5293339214821425
FCPI,2024-05-01,6,2024-10-01,227.1,224.1,231.1,234.75,231.40978552278818,224.1,True,1.78491744756805,False,3.413654618473898,True,1.9231528437252072,True,1.3386880856760375
FCPI,2024-05-01,7,2024-11-01,228.0,228.1,231.1,235.35833333333332,235.54025915996425,228.1,True,1.3590530469092479,False,3.2259243022066286,False,3.3056813502692903,True,0.04384042086803784
FCPI,2024-05-01,8,2024-12-01,233.9,236.2,231.1,235.96666666666664,243.90446827524573,236.2,True,1.185436071126169,True,0.8749647191645362,False,4.235591987826303,True,0.9737510584250564
FCPI,2024-05-01,9,2025-01-01,236.3,242.4,231.1,236.575,250.30670241286865,242.4,False,2.1452145214521523,True,0.11344884488447907,False,5.778342579566268,False,2.516501650165014
FCPI,2024-05-01,10,2025-02-01,236.8,239.5,231.1,237.1833333333333,247.312109025916,239.5,False,2.3799582463465625,True,0.1600556715379112,False,4.389189572407505,True,1.1273486430062583
FCPI,2024-05-01,11,2025-03-01,236.2,234.4,231.1,237.79166666666666,242.04575513851654,234.4,False,2.175767918088735,True,0.6790386803185446,False,2.493922840664058,True,0.767918088737194
FCPI,2024-05-01,12,2025-04-01,237.8,231.1,231.1,238.39999999999998,238.6381143878463,231.1,False,2.8991778450887136,True,0.259627866724347,True,0.3626630843125379,False,2.8991778450887136
FCPI,2024-06-01,1,2024-06-01,232.8,228.4,227.3,227.4,229.61220698805843,228.4,False,2.408056042031524,False,2.36427320490368,True,1.3957062223912344,True,1.9264448336252213
FCPI,2024-06-01,2,2024-07-01,234.0,227.5,227.3,227.5,228.70743034055732,227.5,False,2.94505494505494,False,2.857142857142857,False,2.326404245908869,False,2.857142857142857
FCPI,2024-06-01,3,2024-08-01,229.7,224.6,227.3,227.60000000000002,225.79203892083152,224.6,True,1.068566340160275,True,0.9349955476402342,True,1.739964861606622,False,2.2707034728406033
FCPI,2024-06-01,4,2024-09-01,227.9,226.7,227.3,227.70000000000002,227.90318443166743,226.7,True,0.264666960741065,True,0.08822232024701748,True,0.0014046897518398744,True,0.5293339214821425
FCPI,2024-06-01,5,2024-10-01,227.1,224.1,227.3,227.8,225.28938522777534,224.1,True,0.08924587237841011,True,0.31236055332441637,True,0.8079494744420586,True,1.3386880856760375
FCPI,2024-06-01,6,2024-11-01,228.0,228.1,227.3,227.90000000000003,229.3106147722247,228.1,True,0.30688294607627736,True,0.04384042086802538,True,0.5745790321020211,True,0.04384042086803784
FCPI,2024-06-01,7,2024-12-01,233.9,236.2,227.3,228.00000000000003,237.45360459973466,236.2,False,2.7942421676545277,False,2.4978831498729797,True,1.504489669659041,True,0.9737510584250564
FCPI,2024-06-01,8,2025-01-01,236.3,242.4,227.3,228.10000000000002,243.68651039363118,242.4,False,3.7128712871287126,False,3.382838283828378,False,3.0472402613989975,False,2.516501650165014
FCPI,2024-06-01,9,2025-02-01,236.8,239.5,227.3,228.20000000000002,240.7711189739054,239.5,False,3.9665970772442587,False,3.5908141962421687,True,1.6580872542402467,True,1.1273486430062583
FCPI,2024-06-01,10,2025-03-01,236.2,234.4,227.3,228.3,235.64405130473247,234.4,False,3.7969283276450416,False,3.370307167235485,True,0.237179477503207,True,0.767918088737194
FCPI,2024-06-01,11,2025-04-01,237.8,231.1,227.3,228.40000000000003,232.32653693056173,231.1,False,4.543487667676331,False,4.067503245348324,False,2.36843923385473,False,2.8991778450887136
FCPI,2024-06-01,12,2025-05-01,240.6,227.3,227.3,228.50000000000003,228.50636886333484,227.3,False,5.8512978442586805,False,5.323361196656386,False,5.320559233024705,False,5.8512978442586805
FCPI,2024-07-01,1,2024-07-01,234.0,227.5,232.8,233.16666666666669,231.8826619964974,227.5,True,0.5274725274725225,True,0.36630036630035795,True,0.9306980235176245,False,2.857142857142857
FCPI,2024-07-01,2,2024-08-01,229.7,224.6,232.8,233.53333333333336,228.92679509632225,224.6,True,1.380231522707045,True,1.7067379044226942,True,0.3442586392153771,False,2.2707034728406033
FCPI,2024-07-01,3,2024-09-01,227.9,226.7,232.8,233.9,231.0672504378284,226.7,False,2.161446846052054,False,2.6466696074106753,True,1.3971109121430905,True,0.5293339214821425
FCPI,2024-07-01,4,2024-10-01,227.1,224.1,232.8,234.26666666666668,228.41716287215414,224.1,False,2.543507362784479,False,3.1979770935594316,True,0.5877567479491934,True,1.3386880856760375
FCPI,2024-07-01,5,2024-11-01,228.0,228.1,232.8,234.63333333333335,232.49422066549914,228.1,False,2.104340201665941,False,2.908081250913351,True,1.9702852544932672,True,0.04384042086803784
FCPI,2024-07-01,6,2024-12-01,233.9,236.2,232.8,235.0,240.75026269702278,236.2,True,0.4657070279424193,True,0.4657070279424193,False,2.9001958920502844,True,0.9737510584250564
FCPI,2024-07-01,7,2025-01-01,236.3,242.4,232.8,235.36666666666667,247.06970227670757,242.4,True,1.4438943894389438,True,0.38503850385038657,False,4.442946483790249,False,2.516501650165014
FCPI,2024-07-01,8,2025-02-01,236.8,239.5,232.8,235.73333333333335,244.11383537653242,239.5,True,1.6701461377870563,True,0.4453723034098801,False,3.0537934766314865,True,1.1273486430062583
FCPI,2024-07-01,9,2025-03-01,236.2,234.4,232.8,236.10000000000002,238.91558669001753,234.4,True,1.4505119453924817,True,0.04266211604094108,True,1.1585267448880312,True,0.767918088737194
FCPI,2024-07-01,10,2025-04-01,237.8,231.1,232.8,236.4666666666667,235.5520140105079,231.1,False,2.163565556036348,True,0.5769508149430179,True,0.9727330114634886,False,2.8991778450887136
FCPI,2024-07-01,11,2025-05-01,240.6,227.3,232.8,236.83333333333334,231.67880910683016,227.3,False,3.4315882094148624,True,1.657134477196063,False,3.9248530106334516,False,5.8512978442586805
FCPI,2024-07-01,12,2025-06-01,242.5,232.8,232.8,237.20000000000002,237.28476357267954,232.8,False,4.166666666666662,False,2.2766323024054906,False,2.240221833041436,False,4.166666666666662
FCPI,2024-08-01,1,2024-08-01,229.7,224.6,234.0,234.54166666666666,231.01714285714283,224.6,True,1.9145146927871823,False,2.1556841792816868,True,0.5864393843022443,False,2.2707034728406033
FCPI,2024-08-01,2,2024-09-01,227.9,226.7,234.0,235.08333333333334,233.17714285714283,226.7,False,2.690780767534184,False,3.1686516688722266,False,2.327808935660706,True,0.5293339214821425
FCPI,2024-08-01,3,2024-10-01,227.1,224.1,234.0,235.625,230.50285714285712,224.1,False,3.078982597054889,False,3.804105310129409,True,1.5184547714668137,True,1.3386880856760375
FCPI,2024-08-01,4,2024-11-01,228.0,228.1,234.0,236.16666666666666,234.61714285714282,228.1,False,2.63042525208242,False,3.580301037556623,False,2.900983278010883,True,0.04384042086803784
FCPI,2024-08-01,5,2024-12-01,233.9,236.2,234.0,236.70833333333334,242.9485714285714,236.2,True,0.04233700254021775,True,1.1889641546711842,False,3.8308939155679056,True,0.9737510584250564
FCPI,2024-08-01,6,2025-01-01,236.3,242.4,234.0,237.25,249.32571428571427,242.4,True,0.9488448844884535,True,0.3919141914191372,False,5.373644507307862,False,2.516501650165014
FCPI,2024-08-01,7,2025-02-01,236.8,239.5,234.0,237.79166666666666,246.34285714285713,239.5,True,1.169102296450944,True,0.4140570633263657,False,3.984491500149109,True,1.1273486430062583
FCPI,2024-08-01,8,2025-03-01,236.2,234.4,234.0,238.33333333333334,241.09714285714284,234.4,True,0.938566552901019,True,0.9101251422070623,False,2.089224768405654,True,0.767918088737194
FCPI,2024-08-01,9,2025-04-01,237.8,231.1,234.0,238.875,237.7028571428571,231.1,True,1.6443098225876294,True,0.4651665945478099,True,0.04203498794586704,False,2.8991778450887136
FCPI,2024-08-01,10,2025-05-01,240.6,227.3,234.0,239.41666666666666,233.7942857142857,227.3,False,2.90365156181258,True,0.5206041941633687,False,2.9941549871158326,False,5.8512978442586805
FCPI,2024-08-01,11,2025-06-01,242.5,232.8,234.0,239.95833333333334,239.45142857142855,232.8,False,3.6512027491408934,True,1.0917812142038905,True,1.3095238095238184,False,4.166666666666662
FCPI,2024-08-01,12,2025-07-01,239.2,234.0,234.0,240.5,240.68571428571425,234.0,False,2.2222222222222174,True,0.5555555555555605,True,0.6349206349206266,False,2.2222222222222174
FCPI,2024-09-01,1,2024-09-01,227.9,226.7,229.7,230.125,231.84768477292963,226.7,True,0.794000882223195,True,0.9814733127481228,True,1.741369551358456,True,0.5293339214821425
FCPI,2024-09-01,2,2024-10-01,227.1,224.1,229.7,230.54999999999998,229.18864648263576,224.1,True,1.16019634091923,True,1.539491298527438,True,0.9320153871645546,True,1.3386880856760375
FCPI,2024-09-01,3,2024-11-01,228.0,228.1,229.7,230.975,233.27947462154938,228.1,True,0.7452871547566807,True,1.3042525208241975,False,2.3145438937086293,True,0.04384042086803784
FCPI,2024-09-01,4,2024-12-01,233.9,236.2,229.7,231.39999999999998,241.56340160284947,236.2,True,1.7781541066892537,True,1.058425063505516,False,3.2444545312656485,True,0.9737510584250564
FCPI,2024-09-01,5,2025-01-01,236.3,242.4,229.7,231.825,247.90418521816562,242.4,False,2.7227722772277323,True,1.8461221122112303,False,4.787205123005616,False,2.516501650165014
FCPI,2024-09-01,6,2025-02-01,236.8,239.5,229.7,232.25,244.93833481745324,239.5,False,2.9645093945720347,True,1.8997912317327814,False,3.398052115846859,True,1.1273486430062583
FCPI,2024-09-01,7,2025-03-01,236.2,234.4,229.7,232.67499999999998,239.72252894033835,234.4,False,2.773037542662116,True,1.5038395904436883,True,1.5027853841033965,True,0.767918088737194
FCPI,2024-09-01,8,2025-04-01,237.8,231.1,229.7,233.1,236.3475957257346,231.1,False,3.5049762007788936,True,2.0337516226741745,True,0.6284743722481198,False,2.8991778450887136
FCPI,2024-09-01,9,2025-05-01,240.6,227.3,229.7,233.52499999999998,232.4613089937667,227.3,False,4.795424549054116,False,3.1126264848218286,False,3.580594371418082,False,5.8512978442586805
FCPI,2024-09-01,10,2025-06-01,242.5,232.8,229.7,233.95,238.0861976847729,232.8,False,5.498281786941585,False,3.6726804123711387,True,1.8959631938260684,False,4.166666666666662
FCPI,2024-09-01,11,2025-07-01,239.2,234.0,229.7,234.37499999999997,239.313446126447,234.0,False,4.05982905982906,False,2.0619658119658193,True,0.04848125061837689,False,2.2222222222222174
FCPI,2024-09-01,12,2025-08-01,236.3,229.7,229.7,234.79999999999998,234.91580587711485,229.7,False,2.873313016978678,True,0.6530256856769824,True,0.6026095441380769,False,2.873313016978678
FCPI,2024-10-01,1,2024-10-01,227.1,224.1,227.9,228.0,225.28623731804146,224.1,True,0.3569834895136151,True,0.4016064257028138,True,0.8093541641939029,True,1.3386880856760375
FCPI,2024-10-01,2,2024-11-01,228.0,228.1,227.9,228.10000000000002,229.30741067490075,228.1,True,0.04384042086803784,True,0.0438404208680503,True,0.573174342350176,True,0.04384042086803784
FCPI,2024-10-01,3,2024-12-01,233.9,236.2,227.9,228.20000000000002,237.4502867225408,236.2,False,2.5402201524132093,False,2.413209144792544,True,1.503084979907193,True,0.9737510584250564
FCPI,2024-10-01,4,2025-01-01,236.3,242.4,227.9,228.3,243.6831054256727,242.4,False,3.4653465346534675,False,3.3003300330033003,False,3.045835571647146,False,2.516501650165014
FCPI,2024-10-01,5,2025-02-01,236.8,239.5,227.9,228.4,240.76775474194972,239.5,False,3.7160751565762027,False,3.5073068893528205,True,1.6566825644883945,True,1.1273486430062583
FCPI,2024-10-01,6,2025-03-01,236.2,234.4,227.9,228.5,235.64075871195413,234.4,False,3.54095563139931,False,3.284982935153579,True,0.23858416725505713,True,0.767918088737194
FCPI,2024-10-01,7,2025-04-01,237.8,231.1,227.9,228.60000000000002,232.3232906925452,231.1,False,4.283859800951971,False,3.9809606231068755,False,2.369843923606576,False,2.8991778450887136
FCPI,2024-10-01,8,2025-05-01,240.6,227.3,227.9,228.70000000000002,228.5031760035289,227.3,False,5.58732952045754,False,5.235371755389343,False,5.321963922776551,False,5.8512978442586805
FCPI,2024-10-01,9,2025-06-01,242.5,232.8,227.9,228.8,234.03228936921042,232.8,False,6.271477663230239,False,5.884879725085906,False,3.6373327451845285,False,4.166666666666662
FCPI,2024-10-01,10,2025-07-01,239.2,234.0,227.9,228.90000000000003,235.2386413762682,234.0,False,4.829059829059822,False,4.4017094017093825,True,1.6928883007400843,False,2.2222222222222174
FCPI,2024-10-01,11,2025-08-01,236.3,229.7,227.9,229.00000000000003,230.91588001764444,229.7,False,3.6569438397910345,False,3.1780583369612465,False,2.3439790954965485,False,2.873313016978678
FCPI,2024-10-01,12,2025-09-01,236.6,227.9,227.9,229.10000000000002,229.10635200705778,227.9,False,3.817463799912237,False,3.2909170688898515,False,3.2881298784301074,False,3.817463799912237
FCPI,2024-11-01,1,2024-11-01,228.0,228.1,227.1,227.35,231.15354752342702,228.1,True,0.3945637878123655,True,0.28496273564226465,True,1.3825285065440693,True,0.04384042086803784
FCPI,2024-11-01,2,2024-12-01,233.9,236.2,227.1,227.6,239.36198125836677,236.2,False,2.8789161727349755,False,2.6672311600338747,False,2.3124391441010848,True,0.9737510584250564
FCPI,2024-11-01,3,2025-01-01,236.3,242.4,227.1,227.85,245.64497991967872,242.4,False,3.7953795379538025,False,3.485973597359743,False,3.8551897358410505,False,2.516501650165014
FCPI,2024-11-01,4,2025-02-01,236.8,239.5,227.1,228.1,242.7061579651941,239.5,False,4.050104384133618,False,3.6325678496868545,False,2.4660367286822953,True,1.1273486430062583
FCPI,2024-11-01,5,2025-03-01,236.2,234.4,227.1,228.35,237.53788487282463,234.4,False,3.88225255972696,False,3.3489761092150148,True,0.5707699969388418,True,0.767918088737194
FCPI,2024-11-01,6,2025-04-01,237.8,231.1,227.1,228.6,234.1937081659973,231.1,False,4.6300302899177925,False,3.9809606231068875,True,1.5604897594126863,False,2.8991778450887136
FCPI,2024-11-01,7,2025-05-01,240.6,227.3,227.1,228.85,230.34283801874165,227.3,False,5.939287285525737,False,5.169379674439067,False,4.512609758582644,False,5.8512978442586805
FCPI,2024-11-01,8,2025-06-01,242.5,232.8,227.1,229.1,235.91646586345382,232.8,False,6.615120274914091,False,5.756013745704469,False,2.8279785809906257,False,4.166666666666662
FCPI,2024-11-01,9,2025-07-01,239.2,234.0,227.1,229.35,237.1325301204819,234.0,False,5.170940170940169,False,4.209401709401707,True,0.8835341365461906,False,2.2222222222222174
FCPI,2024-11-01,10,2025-08-01,236.3,229.7,227.1,229.6,232.77496653279783,229.7,False,4.0052242054854235,False,2.9168480626904736,True,1.534624931302646,False,2.873313016978678
FCPI,2024-11-01,11,2025-09-01,236.6,227.9,227.1,229.85,230.95087014725567,227.9,False,4.168494953927161,False,2.9618253620008774,False,2.4787757142362103,False,3.817463799912237
FCPI,2024-11-01,12,2025-10-01,236.4,227.1,227.1,230.1,230.14016064257027,227.1,False,4.095112285336861,False,2.774108322324972,False,2.756424199660828,False,4.095112285336861
FCPI,2024-12-01,1,2024-12-01,233.9,236.2,228.0,227.99166666666667,236.0964489259097,236.2,False,2.4978831498729916,False,2.5014112334180068,True,0.9299106375570246,True,0.9737510584250564
FCPI,2024-12-01,2,2025-01-01,236.3,242.4,228.0,227.98333333333335,242.2937308198159,242.4,False,3.4240924092409286,False,3.4309680968096794,False,2.47266122929698,False,2.516501650165014
FCPI,2024-12-01,3,2025-02-01,236.8,239.5,228.0,227.975,239.39500219202105,239.5,False,3.674321503131529,False,3.6847599164927,True,1.083508222138222,True,1.1273486430062583
FCPI,2024-12-01,4,2025-03-01,236.2,234.4,228.0,227.96666666666667,234.29723805348533,234.4,False,3.4982935153583568,False,3.512514220705341,True,0.8117585096052298,True,0.767918088737194
FCPI,2024-12-01,5,2025-04-01,237.8,231.1,228.0,227.95833333333334,230.99868478737397,231.1,False,4.2405884898312465,False,4.258618202798212,False,2.9430182659567445,False,2.8991778450887136
FCPI,2024-12-01,6,2025-05-01,240.6,227.3,228.0,227.95,227.20035072336697,227.3,False,5.543334799824019,False,5.565332160140785,False,5.895138265126716,False,5.8512978442586805
FCPI,2024-12-01,7,2025-06-01,242.5,232.8,228.0,227.94166666666666,232.69793950021923,232.8,False,6.2285223367697595,False,6.253579610538375,False,4.210507087534693,False,4.166666666666662
FCPI,2024-12-01,8,2025-07-01,239.2,234.0,228.0,227.93333333333334,233.89741341516878,234.0,False,4.786324786324782,False,4.814814814814809,False,2.266062643090258,False,2.2222222222222174
FCPI,2024-12-01,9,2025-08-01,236.3,229.7,228.0,227.925,229.59929855326612,229.7,False,3.613408794079239,False,3.6460600783630825,False,2.9171534378467077,False,2.873313016978678
FCPI,2024-12-01,10,2025-09-01,236.6,227.9,228.0,227.91666666666669,227.80008768084176,227.9,False,3.7735849056603747,False,3.810150650870254,False,3.8613042207802715,False,3.817463799912237
FCPI,2024-12-01,11,2025-10-01,236.4,227.1,228.0,227.90833333333333,227.0004384042087,227.1,False,3.698811096433292,False,3.7391751064142116,False,4.1389527062048925,False,4.095112285336861
FCPI,2024-12-01,12,2025-11-01,236.1,228.0,228.0,227.9,227.9000438404209,228.0,False,3.552631578947366,False,3.5964912280701706,False,3.5964719998153956,False,3.552631578947366
FCPI,2025-01-01,1,2025-01-01,236.3,242.4,233.9,233.70833333333334,240.03962743437768,242.4,True,0.9900990099009924,True,1.069169416941695,True,1.5427505917399615,False,2.516501650165014
FCPI,2025-01-01,2,2025-02-01,236.8,239.5,233.9,233.51666666666668,237.167866215072,239.5,True,1.2108559498956182,True,1.3709116214335413,True,0.15359758458120437,True,1.1273486430062583
FCPI,2025-01-01,3,2025-03-01,236.2,234.4,233.9,233.32500000000002,232.1175275190517,234.4,True,0.9812286689419722,True,1.2265358361774623,True,1.7416691471622427,True,0.767918088737194
FCPI,2025-01-01,4,2025-04-01,237.8,231.1,233.9,233.13333333333335,228.8496613039797,231.1,True,1.687581133708354,True,2.0193278523005875,False,3.8729289035137646,False,2.8991778450887136
FCPI,2025-01-01,5,2025-05-01,240.6,227.3,233.9,232.9416666666667,225.08666384419988,227.3,False,2.9476462824461014,False,3.369262355184031,False,6.825048902683729,False,5.8512978442586805
FCPI,2025-01-01,6,2025-06-01,242.5,232.8,233.9,232.75,230.5331075359865,232.8,False,3.694158075601372,False,4.188144329896907,False,5.140417725091715,False,4.166666666666662
FCPI,2025-01-01,7,2025-07-01,239.2,234.0,233.9,232.55833333333334,231.72142252328538,234.0,False,2.264957264957258,False,2.8383190883190816,False,3.195973280647267,False,2.2222222222222174
FCPI,2025-01-01,8,2025-08-01,236.3,229.7,233.9,232.36666666666667,227.46329381879764,229.7,True,1.0448410970831545,True,1.7123784646640563,False,3.8470640754037326,False,2.873313016978678
FCPI,2025-01-01,9,2025-09-01,236.6,227.9,233.9,232.175,225.6808213378493,227.9,True,1.184730144800346,True,1.9416410706450122,False,4.791214858337296,False,3.817463799912237
FCPI,2025-01-01,10,2025-10-01,236.4,227.1,233.9,231.98333333333335,224.8886113463167,227.1,True,1.1008366358432409,True,1.9448113899897215,False,5.06886334376191,False,4.095112285336861
FCPI,2025-01-01,11,2025-11-01,236.1,228.0,233.9,231.79166666666669,225.77984758679088,228.0,True,0.9649122807017494,True,1.8896198830409248,False,4.52638263737242,False,3.552631578947366
FCPI,2025-01-01,12,2025-12-01,244.3,233.9,233.9,231.60000000000002,231.6223962743438,233.9,False,4.446344591705859,False,5.4296707994869555,False,5.420095650130916,False,4.446344591705859
FCPI,2025-02-01,1,2025-02-01,236.8,239.5,236.3,235.79166666666669,233.47297854785478,239.5,True,0.20876826722338204,True,0.42101600556715063,True,1.3891530071587606,True,1.1273486430062583
FCPI,2025-02-01,2,2025-03-01,236.2,234.4,236.3,235.28333333333336,228.5013201320132,234.4,True,0.04266211604096533,True,0.3910693970420771,False,3.284419738902211,True,0.767918088737194
FCPI,2025-02-01,3,2025-04-01,237.8,231.1,236.3,234.775,225.28436468646865,231.1,True,0.6490696668109044,True,1.308957161401993,False,5.415679495253726,False,2.8991778450887136
FCPI,2025-02-01,4,2025-05-01,240.6,227.3,236.3,234.26666666666668,221.57999174917492,227.3,True,1.8917729872415234,False,2.7863323067898436,False,8.3677994944237,False,5.8512978442586805
FCPI,2025-02-01,5,2025-06-01,242.5,232.8,236.3,233.75833333333335,226.94158415841585,232.8,False,2.663230240549823,False,3.7550114547537135,False,6.683168316831679,False,4.166666666666662
FCPI,2025-02-01,6,2025-07-01,239.2,234.0,236.3,233.25,228.11138613861385,234.0,True,1.2393162393162296,False,2.5427350427350377,False,4.738723872387237,False,2.2222222222222174
FCPI,2025-02-01,7,2025-08-01,236.3,229.7,236.3,232.74166666666667,223.91959570957096,229.7,True,0.0,True,1.5491220432448138,False,5.38981466714369,False,2.873313016978678
FCPI,2025-02-01,8,2025-09-01,236.6,227.9,236.3,232.23333333333335,222.16489273927394,227.9,True,0.13163668275558707,True,1.9160450489980894,False,6.333965450077251,False,3.817463799912237
FCPI,2025-02-01,9,2025-10-01,236.4,227.1,236.3,231.72500000000002,221.38502475247523,227.1,True,0.04403346543372713,True,2.058564509026853,False,6.611613935501882,False,4.095112285336861
FCPI,2025-02-01,10,2025-11-01,236.1,228.0,236.3,231.2166666666667,222.26237623762376,228.0,True,0.08771929824562151,False,2.14181286549706,False,6.069133229112385,False,3.552631578947366
FCPI,2025-02-01,11,2025-12-01,244.3,233.9,236.3,230.70833333333334,228.01390264026404,233.9,False,3.420265070542967,False,5.810887843807897,False,6.962846241870875,False,4.446344591705859
FCPI,2025-02-01,12,2026-01-01,244.3,236.3,236.3,230.20000000000002,230.35350660066007,236.3,False,3.3855268726195513,False,5.966991112991957,False,5.902028522784572,False,3.3855268726195513
FCPI,2025-03-01,1,2025-03-01,236.2,234.4,236.8,236.57500000000002,231.75749478079334,234.4,True,0.2559726962457435,True,0.15998293515359574,True,1.895266731743452,True,0.767918088737194
FCPI,2025-03-01,2,2025-04-01,237.8,231.1,236.8,236.35000000000002,228.49469728601255,231.1,True,0.4327131112072696,True,0.627434011250536,False,4.026526488094963,False,2.8991778450887136
FCPI,2025-03-01,3,2025-05-01,240.6,227.3,236.8,236.125,224.7375365344468,227.3,True,1.6717993840739036,True,1.9687637483501954,False,6.978646487264932,False,5.8512978442586805
FCPI,2025-03-01,4,2025-06-01,242.5,232.8,236.8,235.9,230.17553235908144,232.8,False,2.4484536082474175,False,2.83505154639175,False,5.294015309672919,False,4.166666666666662
FCPI,2025-03-01,5,2025-07-01,239.2,234.0,236.8,235.675,231.36200417536537,234.0,True,1.025641025641016,True,1.5064102564102466,False,3.3495708652284693,False,2.2222222222222174
FCPI,2025-03-01,6,2025-08-01,236.3,229.7,236.8,235.45000000000002,227.11048016701463,229.7,True,0.21767522855899,True,0.37004788855028053,False,4.00066165998493,False,2.873313016978678
FCPI,2025-03-01,7,2025-09-01,236.6,227.9,236.8,235.22500000000002,225.33077244258874,227.9,True,0.08775778850373718,True,0.6033347959631292,False,4.944812442918497,False,3.817463799912237
FCPI,2025-03-01,8,2025-10-01,236.4,227.1,236.8,235.00000000000003,224.53979123173278,227.1,True,0.17613386173492104,True,0.6164685160722049,False,5.222460928343121,False,4.095112285336861
FCPI,2025-03-01,9,2025-11-01,236.1,228.0,236.8,234.77500000000003,225.42964509394574,228.0,True,0.3070175438596566,True,0.5811403508771755,False,4.679980221953622,False,3.552631578947366
FCPI,2025-03-01,10,2025-12-01,244.3,233.9,236.8,234.55,231.26313152400837,233.9,False,3.2064985036340317,False,4.168448054724241,False,5.573693234712116,False,4.446344591705859
FCPI,2025-03-01,11,2026-01-01,244.3,236.3,236.8,234.32500000000002,233.63607515657623,236.3,False,3.1739314430808294,False,4.221328819297501,False,4.512875515625808,False,3.3855268726195513
FCPI,2025-03-01,12,2026-02-01,239.4,236.8,236.8,234.10000000000002,234.1304384133612,236.8,True,1.0979729729729706,False,2.2381756756756683,False,2.2253216159792295,True,1.0979729729729706
FCPI,2025-04-01,1,2025-04-01,237.8,231.1,236.2,236.35,232.87465870307165,231.1,True,0.6923409779316412,True,0.6274340112505483,False,2.1312597563515214,False,2.8991778450887136
FCPI,2025-04-01,2,2025-05-01,240.6,227.3,236.2,236.5,229.04547781569966,227.3,True,1.9357677078750575,True,1.8037835459744804,False,5.083379755521487,False,5.8512978442586805
FCPI,2025-04-01,3,2025-06-01,242.5,232.8,236.2,236.64999999999998,234.5877133105802,232.8,False,2.706185567010314,False,2.512886597938154,False,3.3987485779294677,False,4.166666666666662
FCPI,2025-04-01,4,2025-07-01,239.2,234.0,236.2,236.79999999999998,235.79692832764505,234.0,True,1.2820512820512822,True,1.025641025641028,True,1.4543041334850173,False,2.2222222222222174
FCPI,2025-04-01,5,2025-08-01,236.3,229.7,236.2,236.95,231.46390784982933,229.7,True,0.0435350457118079,True,0.2829777971266771,False,2.1053949282414828,False,2.873313016978678
FCPI,2025-04-01,6,2025-09-01,236.6,227.9,236.2,237.09999999999997,229.65008532423207,227.9,True,0.1755155770074619,True,0.2193944712593118,False,3.0495457111750452,False,3.817463799912237
FCPI,2025-04-01,7,2025-10-01,236.4,227.1,236.2,237.24999999999997,228.84394197952216,227.1,True,0.08806693086746678,True,0.3742844561866869,False,3.3271941965996694,False,4.095112285336861
FCPI,2025-04-01,8,2025-11-01,236.1,228.0,236.2,237.39999999999998,229.7508532423208,228.0,True,0.043859649122804524,True,0.5701754385964838,False,2.7847134902101724,False,3.552631578947366
FCPI,2025-04-01,9,2025-12-01,244.3,233.9,236.2,237.54999999999998,235.6961604095563,233.9,False,3.463018383924764,False,2.8858486532706404,False,3.678426502968661,False,4.446344591705859
FCPI,2025-04-01,10,2026-01-01,244.3,236.3,236.2,237.7,238.114590443686,236.3,False,3.427845958527305,False,2.7930596699111394,False,2.6176087838823525,False,3.3855268726195513
FCPI,2025-04-01,11,2026-02-01,239.4,236.8,236.2,237.84999999999997,238.6184300341297,236.8,True,1.3513513513513584,True,0.6545608108108276,True,0.3300548842357762,True,1.0979729729729706
FCPI,2025-04-01,12,2026-03-01,237.9,236.2,236.2,237.99999999999997,238.01382252559725,236.2,True,0.7197290431837499,True,0.04233700254020571,True,0.048189045553447475,True,0.7197290431837499
FCPI,2025-05-01,1,2025-05-01,240.6,227.3,237.8,238.35833333333335,233.88983124188664,227.3,True,1.2318521777386637,True,0.98621498753482,False,2.9521199991699754,False,5.8512978442586805
FCPI,2025-05-01,2,2025-06-01,242.5,232.8,237.8,238.91666666666669,239.54928602336653,232.8,True,2.0189003436426067,True,1.5392325315005646,True,1.2674888215779492,False,4.166666666666662
FCPI,2025-05-01,3,2025-07-01,239.2,234.0,237.8,239.47500000000002,240.78407615750757,234.0,True,0.5982905982905886,True,0.11752136752138209,True,0.6769556228664879,False,2.2222222222222174
FCPI,2025-05-01,4,2025-08-01,236.3,229.7,237.8,240.03333333333336,236.35941151016874,229.7,True,0.65302568567697,True,1.6253083732404652,True,0.025864828110025846,False,2.873313016978678
FCPI,2025-05-01,5,2025-09-01,236.6,227.9,237.8,240.5916666666667,234.50722630895717,227.9,True,0.5265467310223857,True,1.7514991955536212,True,0.9182859548235288,False,3.817463799912237
FCPI,2025-05-01,6,2025-10-01,236.4,227.1,237.8,241.15000000000003,233.68403288619646,227.1,True,0.6164685160722174,False,2.0915896081021703,True,1.1959344402481478,False,4.095112285336861
FCPI,2025-05-01,7,2025-11-01,236.1,228.0,237.8,241.70833333333334,234.61012548680225,228.0,True,0.7456140350877267,False,2.4597953216374338,True,0.6534537338586613,False,3.552631578947366
FCPI,2025-05-01,8,2025-12-01,244.3,233.9,237.8,242.26666666666668,240.6811769796625,233.9,False,2.7789653698161607,True,0.8693173720963366,True,1.5471667466171506,False,4.446344591705859
FCPI,2025-05-01,9,2026-01-01,244.3,236.3,237.8,242.82500000000002,243.15075724794463,236.3,False,2.7507405840033856,True,0.6242065171392274,True,0.4863490275308447,False,3.3855268726195513
FCPI,2025-05-01,10,2026-02-01,239.4,236.8,237.8,243.38333333333335,243.66525313717008,236.8,True,0.6756756756756732,True,1.6821509009009072,True,1.801204872115742,True,1.0979729729729706
FCPI,2025-05-01,11,2026-03-01,237.9,236.2,237.8,243.9416666666667,243.04785807009952,236.2,True,0.04233700254021775,False,2.557860570138309,False,2.1794488019049605,True,0.7197290431837499
FCPI,2025-05-01,12,2026-04-01,240.4,237.8,237.8,244.50000000000003,244.69424491562097,237.8,True,1.0933557611438158,True,1.7241379310344922,True,1.8058220839448968,True,1.0933557611438158
FCPI,2025-06-01,1,2025-06-01,242.5,232.8,240.6,241.70833333333331,246.42182138143423,232.8,True,0.8161512027491433,True,0.3400630011454835,True,1.6846311775920222,False,4.166666666666662
FCPI,2025-06-01,2,2025-07-01,239.2,234.0,240.6,242.81666666666666,247.69203695556533,234.0,True,0.5982905982906007,True,1.5455840455840488,False,3.6290756220364697,False,2.2222222222222174
FCPI,2025-06-01,3,2025-08-01,236.3,229.7,240.6,243.92499999999998,243.1404311482622,229.7,True,1.8720069656073066,False,3.319547235524585,False,2.9779848272800105,False,2.873313016978678
FCPI,2025-06-01,4,2025-09-01,236.6,227.9,240.6,245.03333333333333,241.23510778706554,227.9,True,1.7551557700745941,False,3.700453415240604,True,2.0338340443464458,False,3.817463799912237
FCPI,2025-06-01,5,2025-10-01,236.4,227.1,240.6,246.14166666666665,240.38829740431146,227.1,True,1.8494055482166396,False,4.28959342433582,True,1.7561855589218198,False,4.095112285336861
FCPI,2025-06-01,6,2025-11-01,236.1,228.0,240.6,247.25,241.3409590849098,228.0,True,1.9736842105263157,False,4.890350877192985,False,2.2986662653113172,False,3.552631578947366
FCPI,2025-06-01,7,2025-12-01,244.3,233.9,240.6,248.35833333333332,247.58618565772107,233.9,True,1.5818725951261294,True,1.7350719680775155,True,1.4049532525528272,False,4.446344591705859
FCPI,2025-06-01,8,2026-01-01,244.3,236.3,240.6,249.46666666666664,250.12661680598328,236.3,True,1.5658061785865496,False,2.186486105233444,False,2.4657709716391296,False,3.3855268726195513
FCPI,2025-06-01,9,2026-02-01,239.4,236.8,240.6,250.575,250.65587329520457,236.8,True,0.5067567567567519,False,4.719172297297289,False,4.753324871285711,True,1.0979729729729706
FCPI,2025-06-01,10,2026-03-01,237.9,236.2,240.6,251.6833333333333,250.020765508139,236.2,True,1.1430990685859395,False,5.835450183460332,False,5.131568801074932,True,0.7197290431837499
FCPI,2025-06-01,11,2026-04-01,240.4,237.8,240.6,252.79166666666666,251.71438627364716,237.8,True,0.08410428931875047,False,5.210961592374538,False,4.7579420831148695,True,1.0933557611438158
FCPI,2025-06-01,12,2026-05-01,244.3,240.6,240.6,253.89999999999998,254.67822261328638,240.6,True,1.5378221113882033,False,3.9900249376558463,False,4.313475732870478,True,1.5378221113882033
FCPI,2025-07-01,1,2025-07-01,239.2,234.0,242.5,243.30833333333334,243.74999999999997,234.0,True,1.410256410256415,True,1.7556980056980123,True,1.944444444444437,False,2.2222222222222174
FCPI,2025-07-01,2,2025-08-01,236.3,229.7,242.5,244.11666666666667,239.2708333333333,229.7,False,2.699172834131471,False,3.4029894064722086,True,1.2933536496879734,False,2.873313016978678
FCPI,2025-07-01,3,2025-09-01,236.6,227.9,242.5,244.925,237.39583333333331,227.9,False,2.5888547608600287,False,3.6529179464677566,True,0.34920286675441864,False,3.817463799912237
FCPI,2025-07-01,4,2025-10-01,236.4,227.1,242.5,245.73333333333332,236.56249999999997,227.1,False,2.6860413914575054,False,4.109790107148091,True,0.07155438132979564,False,4.095112285336861
FCPI,2025-07-01,5,2025-11-01,236.1,228.0,242.5,246.54166666666666,237.49999999999997,228.0,False,2.8070175438596516,False,4.579678362573098,True,0.6140350877192883,False,3.552631578947366
FCPI,2025-07-01,6,2025-12-01,244.3,233.9,242.5,247.35,243.64583333333331,233.9,True,0.7695596408721724,True,1.3039760581444988,True,0.27967792503920347,False,4.446344591705859
FCPI,2025-07-01,7,2026-01-01,244.3,236.3,242.5,248.15833333333333,246.14583333333331,236.3,True,0.7617435463394039,True,1.6328113979404655,True,0.7811397940471024,False,3.3855268726195513
FCPI,2025-07-01,8,2026-02-01,239.4,236.8,242.5,248.96666666666667,246.66666666666666,236.8,True,1.3091216216216193,False,4.039977477477476,False,3.068693693693687,True,1.0979729729729706
FCPI,2025-07-01,9,2026-03-01,237.9,236.2,242.5,249.77499999999998,246.04166666666663,236.2,True,1.9475021168501248,False,5.027519051651132,False,3.446937623482906,True,0.7197290431837499
FCPI,2025-07-01,10,2026-04-01,240.4,237.8,242.5,250.58333333333331,247.70833333333331,237.8,True,0.8830950378469278,False,4.282310064479945,False,3.073310905522838,True,1.0933557611438158
FCPI,2025-07-01,11,2026-05-01,244.3,240.6,242.5,251.39166666666665,250.62499999999997,240.6,True,0.7481296758104785,False,2.9474923801606985,False,2.628844555278454,True,1.5378221113882033
FCPI,2025-07-01,12,2026-06-01,250.5,242.5,242.5,252.2,252.60416666666663,242.5,False,3.2989690721649483,True,0.7010309278350468,True,0.8676975945017026,False,3.2989690721649483
FCPI,2025-08-01,1,2025-08-01,236.3,229.7,239.2,239.63333333333333,234.8044444444444,229.7,True,1.2625163256421321,True,1.4511681903932585,True,0.6510907947564639,False,2.873313016978678
FCPI,2025-08-01,2,2025-09-01,236.6,227.9,239.2,240.06666666666666,232.96444444444444,227.9,True,1.1408512505484836,True,1.5211350007313158,True,1.59524157769002,False,3.817463799912237
FCPI,2025-08-01,3,2025-10-01,236.4,227.1,239.2,240.5,232.14666666666665,227.1,True,1.2329370321444222,True,1.8053720827829125,True,1.872890063114645,False,4.095112285336861
FCPI,2025-08-01,4,2025-11-01,236.1,228.0,239.2,240.9333333333333,233.06666666666666,228.0,True,1.359649122807015,False,2.1198830409356644,True,1.3304093567251454,False,3.552631578947366
FCPI,2025-08-01,5,2025-12-01,244.3,233.9,239.2,241.36666666666665,239.09777777777776,233.9,False,2.180418982471151,True,1.254097192532435,False,2.2241223694836454,False,4.446344591705859
FCPI,2025-08-01,6,2026-01-01,244.3,236.3,239.2,241.79999999999998,241.5511111111111,236.3,False,2.1582733812949737,True,1.0579771476936217,True,1.1633046503973337,False,3.3855268726195513
FCPI,2025-08-01,7,2026-02-01,239.4,236.8,239.2,242.23333333333332,242.0622222222222,236.8,True,0.08445945945946666,True,1.196509009009001,True,1.1242492492492389,True,1.0979729729729706
FCPI,2025-08-01,8,2026-03-01,237.9,236.2,239.2,242.66666666666666,241.44888888888886,236.2,True,0.5503810330228548,False,2.0180637877504877,True,1.5024931790384648,True,0.7197290431837499
FCPI,2025-08-01,9,2026-04-01,240.4,237.8,239.2,243.09999999999997,243.08444444444444,237.8,True,0.5046257359125387,True,1.1354079058031792,True,1.128866461078401,True,1.0933557611438158
FCPI,2025-08-01,10,2026-05-01,244.3,240.6,239.2,243.5333333333333,245.94666666666663,240.6,False,2.1197007481296852,True,0.3186478248822562,True,0.6844001108340061,True,1.5378221113882033
FCPI,2025-08-01,11,2026-06-01,250.5,242.5,239.2,243.96666666666664,247.88888888888886,242.5,False,4.6597938144329945,False,2.6941580756013854,True,1.0767468499427393,False,3.2989690721649483
FCPI,2025-08-01,12,2026-07-01,250.9,239.2,239.2,244.39999999999998,244.51555555555552,239.2,False,4.891304347826095,False,2.717391304347838,False,2.669082125603881,False,4.891304347826095
FCPI,2025-09-01,1,2025-09-01,236.6,227.9,236.3,236.85000000000002,234.44828036569442,227.9,True,0.13163668275558707,True,0.1096972356296746,True,0.9441507829335579,False,3.817463799912237
FCPI,2025-09-01,2,2025-10-01,236.4,227.1,236.3,237.4,233.6252938615586,227.1,True,0.04403346543372713,True,0.44033465433729635,True,1.2217992683581755,False,4.095112285336861
FCPI,2025-09-01,3,2025-11-01,236.1,228.0,236.3,237.95000000000002,234.5511536787114,228.0,True,0.08771929824562151,True,0.8114035087719398,True,0.6793185619686875,False,3.552631578947366
FCPI,2025-09-01,4,2025-12-01,244.3,233.9,236.3,238.50000000000003,240.62067914671314,233.9,False,3.420265070542967,False,2.4796921761436437,True,1.5730315747271773,False,4.446344591705859
FCPI,2025-09-01,5,2026-01-01,244.3,236.3,236.3,239.05,243.08963865912065,236.3,False,3.3855268726195513,False,2.2217520101565804,True,0.512213855640863,False,3.3855268726195513
FCPI,2025-09-01,6,2026-02-01,239.4,236.8,236.3,239.60000000000002,243.60400522420554,236.8,True,1.3091216216216193,True,0.08445945945946666,True,1.775340044005714,True,1.0979729729729706
FCPI,2025-09-01,7,2026-03-01,237.9,236.2,236.3,240.15000000000003,242.98676534610365,236.2,True,0.6773920406435201,True,0.9525825571549655,False,2.1535839737949396,True,0.7197290431837499
FCPI,2025-09-01,8,2026-04-01,240.4,237.8,236.3,240.70000000000002,244.63273835437533,237.8,True,1.7241379310344802,True,0.12615643397813767,True,1.779957255834873,True,1.0933557611438158
FCPI,2025-09-01,9,2026-05-01,244.3,240.6,236.3,241.25000000000003,247.5131911188507,240.6,False,3.3250207813798838,True,1.2676641729010736,True,1.3354909055904771,True,1.5378221113882033
FCPI,2025-09-01,10,2026-06-01,250.5,242.5,236.3,241.80000000000004,249.46778406617332,242.5,False,5.855670103092779,False,3.587628865979365,True,0.42565605518625865,False,3.2989690721649483
FCPI,2025-09-01,11,2026-07-01,250.9,239.2,236.3,242.35000000000002,246.072964736613,239.2,False,6.103678929765885,False,3.5744147157190564,True,2.0179913308474156,False,4.891304347826095
FCPI,2025-09-01,12,2026-08-01,251.9,236.3,236.3,242.90000000000003,243.08963865912065,236.3,False,6.601777401608123,False,3.808717731696983,False,3.7284643846294343,False,6.601777401608123
HCPI,2024-05-01,1,2024-05-01,206.3,203.1,208.2,208.65833333333333,208.61085347804638,203.1,True,0.935499753815843,True,1.1611685540784442,True,1.137790978850994,True,1.5755785327424998
HCPI,2024-05-01,2,2024-06-01,208.1,203.3,208.2,209.11666666666665,208.81628021706956,203.3,True,0.049188391539593854,True,0.5000819806525585,True,0.35232671769285145,False,2.361042793900631
HCPI,2024-05-01,3,2024-07-01,206.9,201.9,208.2,209.575,207.37829304390726,201.9,True,0.6438831104507097,True,1.3249133234274308,True,0.236896009859959,False,2.4764735017335315
HCPI,2024-05-01,4,2024-08-01,204.1,201.9,208.2,210.03333333333333,207.37829304390726,201.9,False,2.030708271421493,False,2.9387485553904593,True,1.6237211708307422,True,1.0896483407627482
HCPI,2024-05-01,5,2024-09-01,203.1,203.5,208.2,210.49166666666665,209.02170695609274,203.5,False,2.5061425061425036,False,3.632268632268625,False,2.9099297081536846,True,0.19656019656019935
HCPI,2024-05-01,6,2024-10-01,202.1,203.6,208.2,210.95,209.12442032560435,203.6,False,2.996070726915518,False,4.3467583497053015,False,3.450108214933376,True,0.7367387033398821
HCPI,2024-05-01,7,2024-11-01,202.4,206.0,208.2,211.40833333333333,211.58954119388258,206.0,False,2.815533980582516,False,4.372977346278313,False,4.460942327127464,True,1.7475728155339778
HCPI,2024-05-01,8,2024-12-01,204.6,208.8,208.2,211.86666666666665,214.4655155402072,208.8,True,1.72413793103448,False,3.4802043422733004,False,4.724863764467056,False,2.0114942528735713
HCPI,2024-05-01,9,2025-01-01,206.4,215.0,208.2,212.325,220.833744449926,215.0,True,0.8372093023255734,False,2.755813953488364,False,6.713369511593487,False,3.9999999999999973
HCPI,2024-05-01,10,2025-02-01,206.2,214.5,208.2,212.78333333333333,220.32017760236803,214.5,True,0.9324009324009324,False,3.0691530691530735,False,6.582833381057363,False,3.8694638694638748
HCPI,2024-05-01,11,2025-03-01,206.0,210.0,208.2,213.24166666666665,215.69807597434632,210.0,True,1.0476190476190421,False,3.4484126984126884,False,4.618131416355392,True,1.9047619047619047
HCPI,2024-05-01,12,2025-04-01,206.5,208.2,208.2,213.7,213.84923532313763,208.2,True,0.8165225744476411,False,3.458213256484145,False,3.529892086041131,True,0.8165225744476411
HCPI,2024-06-01,1,2024-06-01,208.1,203.3,206.3,206.5666666666667,206.50315115706553,203.3,True,0.8853910477127314,True,0.7542220036071338,True,0.7854642611581225,False,2.361042793900631
HCPI,2024-06-01,2,2024-07-01,206.9,201.9,206.3,206.83333333333334,205.08109305760712,201.9,True,0.29717682020802094,True,0.03301964668977854,True,0.9008949689910281,False,2.4764735017335315
HCPI,2024-06-01,3,2024-08-01,204.1,201.9,206.3,207.10000000000002,205.08109305760712,201.9,True,1.0896483407627622,True,1.485884101040133,True,0.4859301919797552,True,1.0896483407627482
HCPI,2024-06-01,4,2024-09-01,203.1,203.5,206.3,207.36666666666667,206.706302314131,203.5,True,1.5724815724815808,False,2.0966420966421033,True,1.7721387293027027,True,0.19656019656019935
HCPI,2024-06-01,5,2024-10-01,202.1,203.6,206.3,207.63333333333335,206.80787789266373,203.6,False,2.0628683693516785,False,2.7177472167649115,False,2.3123172360823827,True,0.7367387033398821
HCPI,2024-06-01,6,2024-11-01,202.4,206.0,206.3,207.90000000000003,209.24569177744957,206.0,True,1.8932038834951483,False,2.669902912621373,False,3.323151348276485,True,1.7475728155339778
HCPI,2024-06-01,7,2024-12-01,204.6,208.8,206.3,208.16666666666669,212.08980797636636,208.8,True,0.8141762452107361,True,1.7081736909323233,False,3.587072785616075,False,2.0114942528735713
HCPI,2024-06-01,8,2025-01-01,206.4,215.0,206.3,208.43333333333337,218.3874938453964,215.0,True,0.0465116279069741,True,0.9457364341085395,False,5.575578532742505,False,3.9999999999999973
HCPI,2024-06-01,9,2025-02-01,206.2,214.5,206.3,208.70000000000002,217.87961595273268,214.5,True,0.04662004662005722,True,1.1655011655011787,False,5.445042402206381,False,3.8694638694638748
HCPI,2024-06-01,10,2025-03-01,206.0,210.0,206.3,208.9666666666667,213.30871491875925,210.0,True,0.14285714285714826,True,1.4126984126984272,False,3.4803404375044047,True,1.9047619047619047
HCPI,2024-06-01,11,2025-04-01,206.5,208.2,206.3,209.23333333333335,211.48035450516988,208.2,True,0.09606147934677649,True,1.3128402177393605,False,2.3921011071901463,True,0.8165225744476411
HCPI,2024-06-01,12,2025-05-01,207.5,206.3,206.3,209.50000000000003,209.5504185130478,206.3,True,0.5816771691711045,True,0.9694619486185304,True,0.9939013635713949,True,0.5816771691711045
HCPI,2024-07-01,1,2024-07-01,206.9,201.9,208.1,208.5,206.6669454008854,201.9,True,0.5943536404160419,True,0.7924715205547272,True,0.1154307078328923,False,2.4764735017335315
HCPI,2024-07-01,2,2024-08-01,204.1,201.9,208.1,208.89999999999998,206.6669454008854,201.9,True,1.981178801386825,False,2.3774145616641817,True,1.271394453137891,True,1.0896483407627482
HCPI,2024-07-01,3,2024-09-01,203.1,203.5,208.1,209.29999999999998,208.3047220855878,203.5,False,2.457002457002457,False,3.0466830466830412,False,2.557602990460837,True,0.19656019656019935
HCPI,2024-07-01,4,2024-10-01,202.1,203.6,208.1,209.7,208.4070831283817,203.6,False,2.9469548133595285,False,3.7328094302554002,False,3.0977814972405167,True,0.7367387033398821
HCPI,2024-07-01,5,2024-11-01,202.4,206.0,208.1,210.1,210.8637481554353,206.0,False,2.7669902912621303,False,3.7378640776698973,False,4.108615609434611,True,1.7475728155339778
HCPI,2024-07-01,6,2024-12-01,204.6,208.8,208.1,210.5,213.72985735366453,208.8,True,1.6762452107279693,False,2.825670498084294,False,4.372537046774202,False,2.0114942528735713
HCPI,2024-07-01,7,2025-01-01,206.4,215.0,208.1,210.89999999999998,220.07624200688636,215.0,True,0.7906976744185994,False,2.0930232558139403,False,6.36104279390063,False,3.9999999999999973
HCPI,2024-07-01,8,2025-02-01,206.2,214.5,208.1,211.29999999999998,219.56443679291687,214.5,True,0.8857808857808884,False,2.377622377622375,False,6.230506663364511,False,3.8694638694638748
HCPI,2024-07-01,9,2025-03-01,206.0,210.0,208.1,211.7,214.95818986719132,210.0,True,0.9999999999999973,False,2.714285714285709,False,4.265804698662534,True,1.9047619047619047
HCPI,2024-07-01,10,2025-04-01,206.5,208.2,208.1,212.09999999999997,213.11569109690112,208.2,True,0.7684918347742529,False,2.689721421709878,False,3.177565368348279,True,0.8165225744476411
HCPI,2024-07-01,11,2025-05-01,207.5,206.3,208.1,212.49999999999997,211.17083128381702,206.3,True,0.29083858458555223,False,2.423654871546278,True,1.779365624729531,True,0.5816771691711045
HCPI,2024-07-01,12,2025-06-01,208.7,208.1,208.1,212.89999999999998,213.01333005410723,208.1,True,0.28832292167227025,False,2.0182604517059053,False,2.072719872228371,True,0.28832292167227025
HCPI,2024-08-01,1,2024-08-01,204.1,201.9,206.9,207.31666666666666,206.89999999999998,201.9,True,1.3868251609707831,True,1.5931979527819062,True,1.3868251609707691,True,1.0896483407627482
HCPI,2024-08-01,2,2024-09-01,203.1,203.5,206.9,207.73333333333335,208.5396235760277,203.5,True,1.867321867321873,False,2.276822276822287,False,2.673033698293717,True,0.19656019656019935
HCPI,2024-08-01,3,2024-10-01,202.1,203.6,206.9,208.15,208.64210004952943,203.6,False,2.3575638506876286,False,2.9715127701375303,False,3.2132122050733978,True,0.7367387033398821
HCPI,2024-08-01,4,2024-11-01,202.4,206.0,206.9,208.56666666666666,211.10153541357107,206.0,False,2.1844660194174756,False,2.9935275080906103,False,4.224046317267508,True,1.7475728155339778
HCPI,2024-08-01,5,2024-12-01,204.6,208.8,206.9,208.98333333333335,213.9708766716196,208.8,True,1.1015325670498137,False,2.099297573435514,False,4.4879677546070935,False,2.0114942528735713
HCPI,2024-08-01,6,2025-01-01,206.4,215.0,206.9,209.4,220.32441802872708,215.0,True,0.23255813953488372,True,1.3953488372093024,False,6.4764735017335235,False,3.9999999999999973
HCPI,2024-08-01,7,2025-02-01,206.2,214.5,206.9,209.81666666666666,219.8120356612184,214.5,True,0.3263403263403343,True,1.6860916860916897,False,6.3459373711973965,False,3.8694638694638748
HCPI,2024-08-01,8,2025-03-01,206.0,210.0,206.9,210.23333333333335,215.20059435364038,210.0,True,0.42857142857143127,False,2.015873015873023,False,4.381235406495421,True,1.9047619047619047
HCPI,2024-08-01,9,2025-04-01,206.5,208.2,206.9,210.65,213.35601783060918,208.2,True,0.19212295869356663,False,1.993275696445728,False,3.2929960761811605,True,0.8165225744476411
HCPI,2024-08-01,10,2025-05-01,207.5,206.3,206.9,211.06666666666666,211.40896483407627,206.3,True,0.29083858458555223,True,1.7288738083696862,True,1.8947963325624197,True,0.5816771691711045
HCPI,2024-08-01,11,2025-06-01,208.7,208.1,206.9,211.48333333333335,213.25354135710745,208.1,True,0.8649687650168106,True,1.3374979977575012,False,2.188150580061251,True,0.28832292167227025
HCPI,2024-08-01,12,2025-07-01,208.3,206.9,206.9,211.9,212.02382367508667,206.9,True,0.6766553890768514,True,1.7399710004833224,True,1.7998181126566763,True,0.6766553890768514
HCPI,2024-09-01,1,2024-09-01,203.1,203.5,204.1,204.28333333333333,205.7174343734522,203.5,True,0.4914004914004914,True,0.5814905814905833,True,1.2862085373229475,True,0.19656019656019935
HCPI,2024-09-01,2,2024-10-01,202.1,203.6,204.1,204.46666666666667,205.81852402179294,203.6,True,0.9823182711198428,True,1.1624099541584845,True,1.826387044102625,True,0.7367387033398821
HCPI,2024-09-01,3,2024-11-01,202.4,206.0,204.1,204.64999999999998,208.24467558197125,206.0,True,0.8252427184465965,True,1.092233009708724,False,2.837221156296721,True,1.7475728155339778
HCPI,2024-09-01,4,2024-12-01,204.6,208.8,204.1,204.83333333333331,211.07518573551263,208.8,True,0.23946360153256704,True,0.1117496807151916,False,3.1011425936363213,False,2.0114942528735713
HCPI,2024-09-01,5,2025-01-01,206.4,215.0,204.1,205.01666666666665,217.3427439326399,215.0,True,1.0697674418604703,True,0.643410852713188,False,5.089648340762745,False,3.9999999999999973
HCPI,2024-09-01,6,2025-02-01,206.2,214.5,204.1,205.2,216.8372956909361,214.5,True,0.9790209790209764,True,0.4662004662004662,False,4.959112210226619,False,3.8694638694638748
HCPI,2024-09-01,7,2025-03-01,206.0,210.0,204.1,205.38333333333333,212.2882615156018,210.0,True,0.9047619047619074,True,0.29365079365079727,False,2.9944102455246613,True,1.9047619047619047
HCPI,2024-09-01,8,2025-04-01,206.5,208.2,204.1,205.56666666666666,210.46864784546804,208.2,True,1.1527377521613862,True,0.4482869036183176,True,1.9061709152103945,True,0.8165225744476411
HCPI,2024-09-01,9,2025-05-01,207.5,206.3,204.1,205.75,208.54794452699358,206.3,True,1.6480853126514812,True,0.8482792050412021,True,0.5079711715916506,True,0.5816771691711045
HCPI,2024-09-01,10,2025-06-01,208.7,208.1,204.1,205.9333333333333,210.36755819712727,208.1,False,2.2104757328207567,True,1.3294890277110427,True,0.8013254190904746,True,0.28832292167227025
HCPI,2024-09-01,11,2025-07-01,208.3,206.9,204.1,206.11666666666665,209.15448241703814,206.9,False,2.0299661672305542,True,1.0552601901079581,True,0.4129929516859002,True,0.6766553890768514
HCPI,2024-09-01,12,2025-08-01,207.2,204.1,204.1,206.29999999999998,206.32397226349676,204.1,True,1.51886330230279,True,0.44096031357178134,True,0.42921496154004524,True,1.51886330230279
HCPI,2024-10-01,1,2024-10-01,202.1,203.6,203.1,203.06666666666666,203.19980343980342,203.6,True,0.4911591355599214,True,0.4747871643745916,True,0.5401785067796776,True,0.7367387033398821
HCPI,2024-10-01,2,2024-11-01,202.4,206.0,203.1,203.03333333333333,205.59508599508598,206.0,True,0.3398058252427129,True,0.30744336569578923,True,1.5510126189737743,True,1.7475728155339778
HCPI,2024-10-01,3,2024-12-01,204.6,208.8,203.1,203.0,208.3895823095823,208.8,True,0.7183908045977011,True,0.7662835249042118,True,1.8149340563133622,False,2.0114942528735713
HCPI,2024-10-01,4,2025-01-01,206.4,215.0,203.1,202.96666666666667,214.57739557739558,215.0,True,1.534883720930238,True,1.5968992248062033,False,3.803439803439801,False,3.9999999999999973
HCPI,2024-10-01,5,2025-02-01,206.2,214.5,203.1,202.93333333333334,214.07837837837837,214.5,True,1.4452214452214425,True,1.5229215229215158,False,3.6729036729036766,False,3.8694638694638748
HCPI,2024-10-01,6,2025-03-01,206.0,210.0,203.1,202.89999999999998,209.58722358722358,210.0,True,1.3809523809523836,True,1.476190476190487,True,1.708201708201703,True,1.9047619047619047
HCPI,2024-10-01,7,2025-04-01,206.5,208.2,203.1,202.86666666666665,207.79076167076164,208.2,True,1.6330451488952957,True,1.745116874799882,True,0.6199623778874351,True,0.8165225744476411
HCPI,2024-10-01,8,2025-05-01,207.5,206.3,203.1,202.83333333333331,205.8944963144963,206.3,False,2.132816286960739,False,2.2620778801098815,True,0.7782373657313095,True,0.5816771691711045
HCPI,2024-10-01,9,2025-06-01,208.7,208.1,203.1,202.79999999999998,207.69095823095822,208.1,False,2.691013935607878,False,2.8351753964440203,True,0.4848831182324711,True,0.28832292167227025
HCPI,2024-10-01,10,2025-07-01,208.3,206.9,203.1,202.76666666666665,206.49331695331693,206.9,False,2.513291445142589,False,2.674399871113272,True,0.8732155856370597,True,0.6766553890768514
HCPI,2024-10-01,11,2025-08-01,207.2,204.1,203.1,202.73333333333332,203.69882063882062,204.1,True,2.0088192062714327,False,2.188469704393272,True,1.7154234988629926,True,1.51886330230279
HCPI,2024-10-01,12,2025-09-01,207.4,203.1,203.1,202.7,202.70078624078621,203.1,False,2.1171836533727286,False,2.3141309699655426,False,2.313743849932935,False,2.1171836533727286
HCPI,2024-11-01,1,2024-11-01,202.4,206.0,202.1,201.975,204.48231827111985,206.0,True,0.14563106796117056,True,0.206310679611656,True,1.0108341121940998,True,1.7475728155339778
HCPI,2024-11-01,2,2024-12-01,204.6,208.8,202.1,201.85,207.26168958742633,208.8,True,1.1973180076628351,True,1.3170498084291187,True,1.2747555495336866,False,2.0114942528735713
HCPI,2024-11-01,3,2025-01-01,206.4,215.0,202.1,201.725,213.41601178781926,215.0,False,2.0000000000000053,False,2.174418604651168,False,3.2632612966601173,False,3.9999999999999973
HCPI,2024-11-01,4,2025-02-01,206.2,214.5,202.1,201.6,212.91969548133596,214.5,True,1.9114219114219089,False,2.144522144522142,False,3.132725166123998,False,3.8694638694638748
HCPI,2024-11-01,5,2025-03-01,206.0,210.0,202.1,201.475,208.45284872298626,210.0,True,1.8571428571428599,False,2.1547619047619073,True,1.1680232014220289,True,1.9047619047619047
HCPI,2024-11-01,6,2025-04-01,206.5,208.2,202.1,201.35,206.66611001964637,208.2,False,2.1133525456292057,False,2.473583093179638,True,0.07978387110776554,True,0.8165225744476411
HCPI,2024-11-01,7,2025-05-01,207.5,206.3,202.1,201.225,204.78010805500983,206.3,False,2.6175472612699977,False,3.041686863790599,True,1.3184158725109871,True,0.5816771691711045
HCPI,2024-11-01,8,2025-06-01,208.7,208.1,202.1,201.1,206.5668467583497,208.1,False,3.1715521383949996,False,3.6520903411821215,True,1.0250616250121534,True,0.28832292167227025
HCPI,2024-11-01,9,2025-07-01,208.3,206.9,202.1,200.975,205.3756876227898,206.9,False,2.996616723054624,False,3.5403576607056633,True,1.4133940924167296,True,0.6766553890768514
HCPI,2024-11-01,10,2025-08-01,207.2,204.1,202.1,200.85,202.5963163064833,204.1,False,2.4987751102400755,False,3.1112199902008792,False,2.2556020056426753,True,1.51886330230279
HCPI,2024-11-01,11,2025-09-01,207.4,203.1,202.1,200.725,201.6036836935167,203.1,False,2.609551944854757,False,3.2865583456425465,False,2.8539223567126073,False,2.1171836533727286
HCPI,2024-11-01,12,2025-10-01,207.5,202.1,202.1,200.6,200.6110510805501,202.1,False,2.6719445818901564,False,3.414151410192977,False,3.408683285230029,False,2.6719445818901564
HCPI,2024-12-01,1,2024-12-01,204.6,208.8,202.4,202.1,205.15106796116507,208.8,True,1.0536398467432895,True,1.1973180076628351,True,0.263921437339595,False,2.0114942528735713
HCPI,2024-12-01,2,2025-01-01,206.4,215.0,202.4,201.8,211.24271844660194,215.0,True,1.8604651162790697,False,2.1395348837209274,False,2.2524271844660166,False,3.9999999999999973
HCPI,2024-12-01,3,2025-02-01,206.2,214.5,202.4,201.5,210.7514563106796,214.5,True,1.7715617715617635,False,2.191142191142186,False,2.1218910539298887,False,3.8694638694638748
HCPI,2024-12-01,4,2025-03-01,206.0,210.0,202.4,201.20000000000002,206.33009708737865,210.0,True,1.7142857142857115,False,2.2857142857142776,True,0.15718908922792707,True,1.9047619047619047
HCPI,2024-12-01,5,2025-04-01,206.5,208.2,202.4,200.9,204.56155339805824,208.2,True,1.9692603266090272,False,2.689721421709892,True,0.9310502410863416,True,0.8165225744476411
HCPI,2024-12-01,6,2025-05-01,207.5,206.3,202.4,200.60000000000002,202.6947572815534,206.3,False,2.472127968977215,False,3.3446437227338714,False,2.329249984705093,True,0.5816771691711045
HCPI,2024-12-01,7,2025-06-01,208.7,208.1,202.4,200.3,204.46330097087377,208.1,False,3.027390677558858,False,4.036520903411811,False,2.035895737206254,True,0.28832292167227025
HCPI,2024-12-01,8,2025-07-01,208.3,206.9,202.4,200.0,203.2842718446602,206.9,False,2.851619139681008,False,4.011599806669894,False,2.4242282046108334,True,0.6766553890768514
HCPI,2024-12-01,9,2025-08-01,207.2,204.1,202.4,199.70000000000002,200.53320388349513,204.1,False,2.3517883390494774,False,3.6746692797648075,False,3.266436117836774,True,1.51886330230279
HCPI,2024-12-01,10,2025-09-01,207.4,203.1,202.4,199.4,199.55067961165048,203.1,False,2.461841457410143,False,3.9389463318562288,False,3.864756468906709,False,2.1171836533727286
HCPI,2024-12-01,11,2025-10-01,207.5,202.1,202.4,199.10000000000002,198.56815533980583,202.1,False,2.5235032162295865,False,4.156358238495783,False,4.4195173974241335,False,2.6719445818901564
HCPI,2024-12-01,12,2025-11-01,207.2,202.4,202.4,198.8,198.86291262135921,202.4,False,2.3715415019762762,False,4.1501976284584865,False,4.119114317510264,False,2.3715415019762762
HCPI,2025-01-01,1,2025-01-01,206.4,215.0,204.6,204.25,210.67528735632183,215.0,True,0.8372093023255867,True,1.0000000000000027,False,1.9885057471264307,False,3.9999999999999973
HCPI,2025-01-01,2,2025-02-01,206.2,214.5,204.6,203.89999999999998,210.1853448275862,214.5,True,0.7459207459207433,True,1.0722610722610775,True,1.8579696165903048,False,3.8694638694638748
HCPI,2025-01-01,3,2025-03-01,206.0,210.0,204.6,203.54999999999998,205.7758620689655,210.0,True,0.6666666666666694,True,1.1666666666666747,True,0.10673234811166919,True,1.9047619047619047
HCPI,2025-01-01,4,2025-04-01,206.5,208.2,204.6,203.2,204.01206896551722,208.2,True,0.9125840537944312,True,1.5850144092219076,True,1.1949716784259292,True,0.8165225744476411
HCPI,2025-01-01,5,2025-05-01,207.5,206.3,204.6,202.85,202.15028735632183,206.3,True,1.405719825496852,False,2.253999030538054,False,2.5931714220446795,True,0.5816771691711045
HCPI,2025-01-01,6,2025-06-01,208.7,208.1,204.6,202.5,203.9140804597701,208.1,True,1.9702066314271958,False,2.979336857280148,False,2.2998171745458356,True,0.28832292167227025
HCPI,2025-01-01,7,2025-07-01,208.3,206.9,204.6,202.14999999999998,202.7382183908046,206.9,True,1.788303528274537,False,2.9724504591590306,False,2.6881496419504143,True,0.6766553890768514
HCPI,2025-01-01,8,2025-08-01,207.2,204.1,204.6,201.79999999999998,199.99454022988505,204.1,True,1.2738853503184686,False,2.645761881430674,False,3.530357555176356,True,1.51886330230279
HCPI,2025-01-01,9,2025-09-01,207.4,203.1,204.6,201.45,199.01465517241377,203.1,True,1.3786312161496856,False,2.9295913343180784,False,4.128677906246302,False,2.1171836533727286
HCPI,2025-01-01,10,2025-10-01,207.5,202.1,204.6,201.09999999999997,198.03477011494252,202.1,True,1.4349332013854557,False,3.1667491340920506,False,4.683438834763722,False,2.6719445818901564
HCPI,2025-01-01,11,2025-11-01,207.2,202.4,204.6,200.74999999999997,198.3287356321839,202.4,True,1.2845849802371514,False,3.1867588932806408,False,4.383035754849843,False,2.3715415019762762
HCPI,2025-01-01,12,2025-12-01,210.5,204.6,204.6,200.39999999999998,200.4844827586207,204.6,False,2.8836754643206284,False,4.936461388074303,False,4.89516971719419,False,2.8836754643206284
HCPI,2025-02-01,1,2025-02-01,206.2,214.5,206.4,205.68333333333334,205.92000000000002,214.5,True,0.09324009324010119,True,0.24087024087023381,True,0.13053613053611782,False,3.8694638694638748
HCPI,2025-02-01,2,2025-03-01,206.0,210.0,206.4,204.96666666666667,201.60000000000002,210.0,True,0.19047619047619319,True,0.49206349206349115,False,2.0952380952380842,True,1.9047619047619047
HCPI,2025-02-01,3,2025-04-01,206.5,208.2,206.4,204.25,199.872,208.2,True,0.048030739673388244,True,1.080691642651297,False,3.183477425552347,True,0.8165225744476411
HCPI,2025-02-01,4,2025-05-01,207.5,206.3,206.4,203.53333333333333,198.04800000000003,206.3,True,0.5332040717401814,True,1.9227661980933923,False,4.581677169171095,True,0.5816771691711045
HCPI,2025-02-01,5,2025-06-01,208.7,208.1,206.4,202.81666666666666,199.776,208.1,True,1.1052378664103715,False,2.8271664263975618,False,4.288322921672263,True,0.28832292167227025
HCPI,2025-02-01,6,2025-07-01,208.3,206.9,206.4,202.10000000000002,198.62400000000002,206.9,True,0.9183180280328689,False,2.9966167230546104,False,4.676655389076843,True,0.6766553890768514
HCPI,2025-02-01,7,2025-08-01,207.2,204.1,206.4,201.38333333333335,195.936,204.1,True,0.39196472317490594,False,2.8499101747509235,False,5.518863302302784,True,1.51886330230279
HCPI,2025-02-01,8,2025-09-01,207.4,203.1,206.4,200.66666666666669,194.976,203.1,True,0.4923682914820286,False,3.315279829312319,False,6.1171836533727255,False,2.1171836533727286
HCPI,2025-02-01,9,2025-10-01,207.5,202.1,206.4,199.95000000000002,194.01600000000002,202.1,True,0.5442850074220655,False,3.735774369124188,False,6.671944581890144,False,2.6719445818901564
HCPI,2025-02-01,10,2025-11-01,207.2,202.4,206.4,199.23333333333335,194.30400000000003,202.4,True,0.395256916996039,False,3.9361001317522923,False,6.371541501976264,False,2.3715415019762762
HCPI,2025-02-01,11,2025-12-01,210.5,204.6,206.4,198.51666666666668,196.416,204.6,True,2.003910068426195,False,5.856956663408271,False,6.8836754643206275,False,2.8836754643206284
HCPI,2025-02-01,12,2026-01-01,211.4,206.4,206.4,197.8,198.14400000000003,206.4,False,2.4224806201550386,False,6.589147286821703,False,6.422480620155025,False,2.4224806201550386
HCPI,2025-03-01,1,2025-03-01,206.0,210.0,206.2,205.50833333333333,201.87412587412587,210.0,True,0.09523809523808982,True,0.23412698412698774,False,1.9647019647019686,True,1.9047619047619047
HCPI,2025-03-01,2,2025-04-01,206.5,208.2,206.2,204.81666666666666,200.1437762237762,208.2,True,0.14409221902017838,True,0.8085174511687498,False,3.0529412950162347,True,0.8165225744476411
HCPI,2025-03-01,3,2025-05-01,207.5,206.3,206.2,204.125,198.31729603729605,206.3,True,0.6301502666020413,True,1.6359670382937468,False,4.451141038634975,True,0.5816771691711045
HCPI,2025-03-01,4,2025-06-01,208.7,208.1,206.2,203.4333333333333,200.04764568764568,208.1,True,1.201345506967804,False,2.5308345346788466,False,4.157786791136139,True,0.28832292167227025
HCPI,2025-03-01,5,2025-07-01,208.3,206.9,206.2,202.74166666666665,198.89407925407926,206.9,True,1.014983083615284,False,2.686483003061076,False,4.546119258540721,True,0.6766553890768514
HCPI,2025-03-01,6,2025-08-01,207.2,204.1,206.2,202.04999999999998,196.20242424242423,204.1,True,0.48995590396864286,False,2.5232729054385135,False,5.388327171766663,True,1.51886330230279
HCPI,2025-03-01,7,2025-09-01,207.4,203.1,206.2,201.35833333333332,195.24111888111887,203.1,True,0.5908419497784427,False,2.9747250943705987,False,5.986647522836603,False,2.1171836533727286
HCPI,2025-03-01,8,2025-10-01,207.5,202.1,206.2,200.66666666666666,194.2798135198135,202.1,True,0.64324591786245,False,3.3811644400461867,False,6.541408451354032,False,2.6719445818901564
HCPI,2025-03-01,9,2025-11-01,207.2,202.4,206.2,199.97499999999997,194.56820512820514,202.4,True,0.49407114624505927,False,3.5696640316205643,False,6.241005371440145,False,2.3715415019762762
HCPI,2025-03-01,10,2025-12-01,210.5,204.6,206.2,199.2833333333333,196.6830769230769,204.6,False,2.1016617790811396,False,5.482241772564368,False,6.7531393337845085,False,2.8836754643206284
HCPI,2025-03-01,11,2026-01-01,211.4,206.4,206.2,198.59166666666664,198.41342657342656,206.4,False,2.5193798449612483,False,6.205587855297174,False,6.291944489618916,False,2.4224806201550386
HCPI,2025-03-01,12,2026-02-01,209.4,206.2,206.2,197.89999999999998,198.22116550116547,206.2,True,1.551891367604276,False,5.577109602327851,False,5.421355237068154,True,1.551891367604276
HCPI,2025-04-01,1,2025-04-01,206.5,208.2,206.0,205.66666666666666,204.2342857142857,208.2,True,0.24015369836695485,True,0.4002561639449293,True,1.0882393303142632,True,0.8165225744476411
HCPI,2025-04-01,2,2025-05-01,207.5,206.3,206.0,205.33333333333334,202.37047619047618,206.3,True,0.7270964614638875,True,1.0502504443367218,False,2.4864390739330187,True,0.5816771691711045
HCPI,2025-04-01,3,2025-06-01,208.7,208.1,206.0,205.0,204.13619047619045,208.1,True,1.297453147525223,True,1.7779913503123443,False,2.193084826434185,True,0.28832292167227025
HCPI,2025-04-01,4,2025-07-01,208.3,206.9,206.0,204.66666666666666,202.95904761904762,206.9,True,1.1116481391976856,True,1.756081843080403,False,2.5814172938387565,True,0.6766553890768514
HCPI,2025-04-01,5,2025-08-01,207.2,204.1,206.0,204.33333333333334,200.21238095238093,204.1,True,0.5879470847623658,True,1.4045402580434325,False,3.4236252070647053,True,1.51886330230279
HCPI,2025-04-01,6,2025-09-01,207.4,203.1,206.0,204.0,199.23142857142855,203.1,True,0.6893156080748428,True,1.6740521910389,False,4.02194555813464,False,2.1171836533727286
HCPI,2025-04-01,7,2025-10-01,207.5,202.1,206.0,203.66666666666666,198.25047619047618,202.1,True,0.7422068283028204,True,1.8967507834405457,False,4.576706486652064,False,2.6719445818901564
HCPI,2025-04-01,8,2025-11-01,207.2,202.4,206.0,203.33333333333334,198.5447619047619,202.4,True,0.5928853754940655,True,1.9104084321475523,False,4.2763034067381795,False,2.3715415019762762
HCPI,2025-04-01,9,2025-12-01,210.5,204.6,206.0,203.0,200.70285714285714,204.6,False,2.1994134897360706,False,3.6656891495601176,False,4.788437369082532,False,2.8836754643206284
HCPI,2025-04-01,10,2026-01-01,211.4,206.4,206.0,202.66666666666666,202.46857142857144,206.4,False,2.6162790697674447,False,4.231266149870808,False,4.327242524916942,False,2.4224806201550386
HCPI,2025-04-01,11,2026-02-01,209.4,206.2,206.0,202.33333333333334,202.27238095238093,206.2,True,1.6488845780795374,False,3.4270934367927564,False,3.456653272366187,True,1.551891367604276
HCPI,2025-04-01,12,2026-03-01,210.9,206.0,206.0,202.0,202.07619047619048,206.0,False,2.378640776699032,False,4.320388349514566,False,4.283402681460937,False,2.378640776699032
HCPI,2025-05-01,1,2025-05-01,207.5,206.3,206.5,206.35833333333335,204.61551392891454,206.3,True,0.4847309743092583,True,0.5534011956697292,True,1.3981997436187406,True,0.5816771691711045
HCPI,2025-05-01,2,2025-06-01,208.7,208.1,206.5,206.21666666666667,206.40081652257444,208.1,True,1.057184046131662,True,1.1933365369213456,True,1.1048454961199152,True,0.28832292167227025
HCPI,2025-05-01,3,2025-07-01,208.3,206.9,206.5,206.075,205.21061479346784,206.9,True,0.8699855002416681,True,1.0753987433542884,True,1.4931779635244906,True,0.6766553890768514
HCPI,2025-05-01,4,2025-08-01,207.2,204.1,206.5,205.93333333333334,202.43347742555235,204.1,True,0.3429691327780444,True,0.6206108116936069,False,2.3353858767504336,True,1.51886330230279
HCPI,2025-05-01,5,2025-09-01,207.4,203.1,206.5,205.79166666666669,201.44164265129683,203.1,True,0.4431314623338285,True,0.7918923354669227,False,2.9337062278203714,False,2.1171836533727286
HCPI,2025-05-01,6,2025-10-01,207.5,202.1,206.5,205.65,200.4498078770413,202.1,True,0.4948045522018803,True,0.9153884215734757,False,3.4884671563377987,False,2.6719445818901564
HCPI,2025-05-01,7,2025-11-01,207.2,202.4,206.5,205.50833333333333,200.74735830931797,202.4,True,0.3458498023715359,True,0.8358036890645567,False,3.1880640764239203,False,2.3715415019762762
HCPI,2025-05-01,8,2025-12-01,210.5,204.6,206.5,205.36666666666667,202.92939481268013,204.6,True,1.9550342130987293,False,2.508960573476699,False,3.7001980387682654,False,2.8836754643206284
HCPI,2025-05-01,9,2026-01-01,211.4,206.4,206.5,205.22500000000002,204.71469740634006,206.4,False,2.374031007751941,False,2.9917635658914645,False,3.2390031946026845,False,2.4224806201550386
HCPI,2025-05-01,10,2026-02-01,209.4,206.2,206.5,205.08333333333334,204.51633045148895,206.2,True,1.4064015518913704,False,2.0934367927578386,False,2.3684139420519164,True,1.551891367604276
HCPI,2025-05-01,11,2026-03-01,210.9,206.0,206.5,204.94166666666666,204.31796349663784,206.0,False,2.13592233009709,False,2.892394822006477,False,3.19516335114668,False,2.378640776699032
HCPI,2025-05-01,12,2026-04-01,216.3,206.5,206.5,204.8,204.81388088376562,206.5,False,4.745762711864412,False,5.5690072639225185,False,5.562285286312053,False,4.745762711864412
HCPI,2025-06-01,1,2025-06-01,208.7,208.1,207.5,207.6,209.31047018904505,208.1,True,0.5766458433445405,True,0.528592023065831,True,0.29335424749882744,True,0.28832292167227025
HCPI,2025-06-01,2,2025-07-01,208.3,206.9,207.5,207.7,208.10349006301502,206.9,True,0.3866602223296333,True,0.28999516674723186,True,0.09497821990574924,True,0.6766553890768514
HCPI,2025-06-01,3,2025-08-01,207.2,204.1,207.5,207.8,205.28720310227823,204.1,True,0.14698677119059841,True,0.29397354238119683,True,0.9371861331316815,True,1.51886330230279
HCPI,2025-06-01,4,2025-09-01,207.4,203.1,207.5,207.9,204.2813863305865,203.1,True,0.04923682914820006,True,0.2461841457410143,True,1.5355064842016208,False,2.1171836533727286
HCPI,2025-06-01,5,2025-10-01,207.5,202.1,207.5,208.0,203.2755695588948,202.1,True,0.0,True,0.24740227610094015,False,2.0902674127190495,False,2.6719445818901564
HCPI,2025-06-01,6,2025-11-01,207.2,202.4,207.5,208.1,203.57731459040232,202.4,True,0.1482213438735234,True,0.4446640316205562,True,1.7898643328051702,False,2.3715415019762762
HCPI,2025-06-01,7,2025-12-01,210.5,204.6,207.5,208.2,205.79011148812407,204.6,True,1.466275659824047,True,1.124144672531775,False,2.301998295149527,False,2.8836754643206284
HCPI,2025-06-01,8,2026-01-01,211.4,206.4,207.5,208.29999999999998,207.60058167716917,206.4,True,1.889534883720933,True,1.501937984496135,True,1.84080345098393,False,2.4224806201550386
HCPI,2025-06-01,9,2026-02-01,209.4,206.2,207.5,208.39999999999998,207.3994183228308,206.2,True,0.9214354995150368,True,0.4849660523763475,True,0.9702141984331757,True,1.551891367604276
HCPI,2025-06-01,10,2026-03-01,210.9,206.0,207.5,208.5,207.19825496849248,206.0,True,1.6504854368932067,True,1.1650485436893232,True,1.7969636075279263,False,2.378640776699032
HCPI,2025-06-01,11,2026-04-01,216.3,206.5,207.5,208.6,207.70116335433832,206.5,False,4.261501210653758,False,3.728813559322042,False,4.164085542693313,False,4.745762711864412
HCPI,2025-06-01,12,2026-05-01,218.8,207.5,207.5,208.7,208.70698012603003,207.5,False,5.445783132530126,False,4.867469879518083,False,4.864105963359026,False,5.445783132530126
HCPI,2025-07-01,1,2025-07-01,208.3,206.9,208.7,208.75,207.49654012493994,206.9,True,0.19333011116480292,True,0.21749637506041017,True,0.38833246740457744,True,0.6766553890768514
HCPI,2025-07-01,2,2025-08-01,207.2,204.1,208.7,208.79999999999998,204.6884670831331,204.1,True,0.7349338559529642,True,0.7839294463498258,True,1.2305403806305162,True,1.51886330230279
HCPI,2025-07-01,3,2025-09-01,207.4,203.1,208.7,208.85,203.68558385391637,203.1,True,0.6400787789266288,True,0.7139340226489358,True,1.8288607317004608,False,2.1171836533727286
HCPI,2025-07-01,4,2025-10-01,207.5,202.1,208.7,208.89999999999998,202.68270062469963,202.1,True,0.5937654626422507,True,0.6927263730826211,False,2.383621660217895,False,2.6719445818901564
HCPI,2025-07-01,5,2025-11-01,207.2,202.4,208.7,208.95,202.98356559346468,202.4,True,0.7411067193675889,True,0.8646245059288538,False,2.0832185803040084,False,2.3715415019762762
HCPI,2025-07-01,6,2025-12-01,210.5,204.6,208.7,209.0,205.18990869774146,204.6,True,0.8797653958944337,True,0.7331378299120235,False,2.595352542648359,False,2.8836754643206284
HCPI,2025-07-01,7,2026-01-01,211.4,206.4,208.7,209.04999999999998,206.99509851033156,206.4,True,1.3081395348837292,True,1.1385658914728791,False,2.1341576984827744,False,2.4224806201550386
HCPI,2025-07-01,8,2026-02-01,209.4,206.2,208.7,209.1,206.79452186448822,206.2,True,0.33947623666344184,True,0.14548981571290562,True,1.263568445932002,True,1.551891367604276
HCPI,2025-07-01,9,2026-03-01,210.9,206.0,208.7,209.14999999999998,206.59394521864488,206.0,True,1.0679611650485519,True,0.84951456310681,False,2.090317855026762,False,2.378640776699032
HCPI,2025-07-01,10,2026-04-01,216.3,206.5,208.7,209.2,207.09538683325323,206.5,False,3.6803874092009794,False,3.4382566585956527,False,4.457439790192146,False,4.745762711864412
HCPI,2025-07-01,11,2026-05-01,218.8,207.5,208.7,209.24999999999997,208.09827006246996,207.5,False,4.867469879518083,False,4.602409638554236,False,5.157460210857854,False,5.445783132530126
HCPI,2025-07-01,12,2026-06-01,222.3,208.7,208.7,209.29999999999998,209.30172993753,208.7,False,6.516530905606144,False,6.2290368950646995,False,6.228207983933876,False,6.516530905606144
HCPI,2025-08-01,1,2025-08-01,207.2,204.1,208.3,208.41666666666669,205.48105364910583,204.1,True,0.5389514943655183,True,0.596113016495197,True,0.8422079132259467,True,1.51886330230279
HCPI,2025-08-01,2,2025-09-01,207.4,203.1,208.3,208.53333333333336,204.47428709521506,203.1,True,0.4431314623338285,True,0.5580173970129759,True,1.440528264295886,False,2.1171836533727286
HCPI,2025-08-01,3,2025-10-01,207.5,202.1,208.3,208.65,203.4675205413243,202.1,True,0.3958436417615098,True,0.5690252350321652,True,1.995289192813315,False,2.6719445818901564
HCPI,2025-08-01,4,2025-11-01,207.2,202.4,208.3,208.76666666666668,203.76955050749154,202.4,True,0.5434782608695764,True,0.7740447957839384,True,1.6948861128994288,False,2.3715415019762762
HCPI,2025-08-01,5,2025-12-01,210.5,204.6,208.3,208.88333333333335,205.98443692605122,204.6,True,1.0752688172042955,True,0.7901596611273929,False,2.2070200752437845,False,2.8836754643206284
HCPI,2025-08-01,6,2026-01-01,211.4,206.4,208.3,209.0,207.7966167230546,206.4,True,1.5019379844961211,True,1.1627906976744213,True,1.7458252310782014,False,2.4224806201550386
HCPI,2025-08-01,7,2026-02-01,209.4,206.2,208.3,209.11666666666667,207.59526341227644,206.2,True,0.5334626576139643,True,0.13740704817329363,True,0.8752359785274335,True,1.551891367604276
HCPI,2025-08-01,8,2026-03-01,210.9,206.0,208.3,209.23333333333335,207.3939101014983,206.0,True,1.2621359223300943,True,0.8090614886731345,True,1.701985387622184,False,2.378640776699032
HCPI,2025-08-01,9,2026-04-01,216.3,206.5,208.3,209.35000000000002,207.89729337844366,206.5,False,3.87409200968523,False,3.3656174334140383,False,4.069107322787578,False,4.745762711864412
HCPI,2025-08-01,10,2026-05-01,218.8,207.5,208.3,209.4666666666667,208.90405993233443,207.5,False,5.0602409638554215,False,4.497991967871477,False,4.76912774345329,False,5.445783132530126
HCPI,2025-08-01,11,2026-06-01,222.3,208.7,208.3,209.58333333333334,210.11217979700336,208.7,False,6.708193579300431,False,6.093275834531227,False,5.8398755165292995,False,6.516530905606144
HCPI,2025-08-01,12,2026-07-01,223.4,208.3,208.3,209.70000000000002,209.70947317544707,208.3,False,7.24915986557849,False,6.577052328372534,False,6.572504476501647,False,7.24915986557849
HCPI,2025-09-01,1,2025-09-01,207.4,203.1,207.2,207.45833333333331,206.184811366977,203.1,True,0.09847365829641411,True,0.02872148366977287,True,0.5983203510699253,False,2.1171836533727286
HCPI,2025-09-01,2,2025-10-01,207.5,202.1,207.2,207.71666666666664,205.16962273395396,202.1,True,0.1484413656605697,True,0.10720765297706093,True,1.153081279587354,False,2.6719445818901564
HCPI,2025-09-01,3,2025-11-01,207.2,202.4,207.2,207.975,205.47417932386088,202.4,True,0.0,True,0.38290513833992373,True,0.8526781996734722,False,2.3715415019762762
HCPI,2025-09-01,4,2025-12-01,210.5,204.6,207.2,208.23333333333332,207.70759431651152,204.6,True,1.6129032258064573,True,1.107852720755953,True,1.364812162017831,False,2.8836754643206284
HCPI,2025-09-01,5,2026-01-01,211.4,206.4,207.2,208.49166666666665,209.53493385595297,206.4,True,2.0348837209302406,True,1.4090762273901938,True,0.9036173178522453,False,2.4224806201550386
HCPI,2025-09-01,6,2026-02-01,209.4,206.2,207.2,208.75,209.33189612934837,206.2,True,1.0669253152279423,True,0.31522793404461963,True,0.03302806530147447,True,1.551891367604276
HCPI,2025-09-01,7,2026-03-01,210.9,206.0,207.2,209.00833333333333,209.12885840274376,206.0,True,1.7961165048543772,True,0.9182847896440194,True,0.8597774743962361,False,2.378640776699032
HCPI,2025-09-01,8,2026-04-01,216.3,206.5,207.2,209.26666666666665,209.6364527192553,206.5,False,4.4067796610169605,False,3.4059725585149443,False,3.226899409561609,False,4.745762711864412
HCPI,2025-09-01,9,2026-05-01,218.8,207.5,207.2,209.52499999999998,210.65164135227832,207.5,False,5.590361445783143,False,4.469879518072306,False,3.926919830227322,False,5.445783132530126
HCPI,2025-09-01,10,2026-06-01,222.3,208.7,207.2,209.7833333333333,211.86986771190593,208.7,False,7.235265931959762,False,5.997444497684096,False,4.9976676033033485,False,6.516530905606144
HCPI,2025-09-01,11,2026-07-01,223.4,208.3,207.2,210.04166666666666,211.46379225869674,208.3,False,7.777244359097464,False,6.413026084173475,False,5.730296563275691,False,7.24915986557849
HCPI,2025-09-01,12,2026-08-01,223.9,207.2,207.2,210.29999999999998,210.3470847623714,207.2,False,8.059845559845568,False,6.5637065637065755,False,6.540982257542766,False,8.059845559845568
