block,exp_id,var,em,horizon_start,date,h,mean,actual,lag12,gap_pp,pass_yoy1,pass_lvl1,rel,pass2
Blk1.1,B11-M-055,HCPI,EM11,2025-04-01,2025-04-01,1,204.8006,206.5,208.2,-0.8162,True,True,-0.00823,True
Blk1.1,B11-M-055,HCPI,EM11,2025-04-01,2025-05-01,2,205.3251,207.5,206.3,-1.0542,False,False,-0.01048,True
Blk1.1,B11-M-055,HCPI,EM11,2025-04-01,2025-06-01,3,205.7596,208.7,208.1,-1.413,False,False,-0.01409,True
Blk1.1,B11-M-055,HCPI,EM11,2025-04-01,2025-07-01,4,205.6451,208.3,206.9,-1.2832,False,False,-0.01275,True
Blk1.1,B11-M-055,HCPI,EM11,2025-04-01,2025-08-01,5,205.7234,207.2,204.1,-0.7235,True,True,-0.00713,True
Blk1.1,B11-M-055,HCPI,EM11,2025-04-01,2025-09-01,6,205.8417,207.4,203.1,-0.7673,True,True,-0.00751,True
Blk1.1,B11-M-055,HCPI,EM11,2025-04-01,2025-10-01,7,205.7555,207.5,202.1,-0.8632,True,True,-0.00841,True
Blk1.1,B11-M-055,HCPI,EM11,2025-04-01,2025-11-01,8,205.9101,207.2,202.4,-0.6373,True,True,-0.00623,True
Blk1.1,B11-M-055,HCPI,EM11,2025-04-01,2025-12-01,9,205.9682,210.5,204.6,-2.215,False,False,-0.02153,False
Blk1.1,B11-M-055,HCPI,EM11,2025-04-01,2026-01-01,10,205.5311,211.4,206.4,-2.8434,False,False,-0.02776,False
Blk1.1,B11-M-055,HCPI,EM11,2025-04-01,2026-02-01,11,205.2613,209.4,206.2,-2.0071,False,False,-0.01976,True
Blk1.1,B11-M-055,HCPI,EM11,2025-04-01,2026-03-01,12,205.3158,210.9,206.0,-2.7108,False,False,-0.02648,False
Blk1.1,B11-M-056,HCPI,EM11,2025-05-01,2025-05-01,1,206.7089,207.5,206.3,-0.3835,True,True,-0.00381,True
Blk1.1,B11-M-056,HCPI,EM11,2025-05-01,2025-06-01,2,206.9739,208.7,208.1,-0.8295,True,True,-0.00827,True
Blk1.1,B11-M-056,HCPI,EM11,2025-05-01,2025-07-01,3,207.0181,208.3,206.9,-0.6196,True,True,-0.00615,True
Blk1.1,B11-M-056,HCPI,EM11,2025-05-01,2025-08-01,4,207.0171,207.2,204.1,-0.0896,True,True,-0.00088,True
Blk1.1,B11-M-056,HCPI,EM11,2025-05-01,2025-09-01,5,207.0824,207.4,203.1,-0.1564,True,True,-0.00153,True
Blk1.1,B11-M-056,HCPI,EM11,2025-05-01,2025-10-01,6,207.1463,207.5,202.1,-0.175,True,True,-0.0017,True
Blk1.1,B11-M-056,HCPI,EM11,2025-05-01,2025-11-01,7,207.3049,207.2,202.4,0.0518,True,True,0.00051,True
Blk1.1,B11-M-056,HCPI,EM11,2025-05-01,2025-12-01,8,207.4264,210.5,204.6,-1.5023,False,False,-0.0146,True
Blk1.1,B11-M-056,HCPI,EM11,2025-05-01,2026-01-01,9,207.5494,211.4,206.4,-1.8656,False,False,-0.01821,True
Blk1.1,B11-M-056,HCPI,EM11,2025-05-01,2026-02-01,10,207.5456,209.4,206.2,-0.8993,True,True,-0.00886,True
Blk1.1,B11-M-056,HCPI,EM11,2025-05-01,2026-03-01,11,207.5154,210.9,206.0,-1.643,False,False,-0.01605,True
Blk1.1,B11-M-056,HCPI,EM11,2025-05-01,2026-04-01,12,207.6544,216.3,206.5,-4.1868,False,False,-0.03997,False
Blk1.1,B11-M-057,HCPI,EM11,2025-06-01,2025-06-01,1,205.5718,208.7,208.1,-1.5032,False,False,-0.01499,True
Blk1.1,B11-M-057,HCPI,EM11,2025-06-01,2025-07-01,2,205.759,208.3,206.9,-1.2281,False,False,-0.0122,True
Blk1.1,B11-M-057,HCPI,EM11,2025-06-01,2025-08-01,3,205.8014,207.2,204.1,-0.6852,True,True,-0.00675,True
Blk1.1,B11-M-057,HCPI,EM11,2025-06-01,2025-09-01,4,205.8266,207.4,203.1,-0.7747,True,True,-0.00759,True
Blk1.1,B11-M-057,HCPI,EM11,2025-06-01,2025-10-01,5,205.9771,207.5,202.1,-0.7535,True,True,-0.00734,True
Blk1.1,B11-M-057,HCPI,EM11,2025-06-01,2025-11-01,6,206.4592,207.2,202.4,-0.366,True,True,-0.00358,True
Blk1.1,B11-M-057,HCPI,EM11,2025-06-01,2025-12-01,7,207.1096,210.5,204.6,-1.6571,False,False,-0.01611,True
Blk1.1,B11-M-057,HCPI,EM11,2025-06-01,2026-01-01,8,207.8631,211.4,206.4,-1.7136,False,False,-0.01673,True
Blk1.1,B11-M-057,HCPI,EM11,2025-06-01,2026-02-01,9,208.1441,209.4,206.2,-0.6091,True,True,-0.006,True
Blk1.1,B11-M-057,HCPI,EM11,2025-06-01,2026-03-01,10,207.6223,210.9,206.0,-1.5911,False,False,-0.01554,True
Blk1.1,B11-M-057,HCPI,EM11,2025-06-01,2026-04-01,11,208.4032,216.3,206.5,-3.8241,False,False,-0.03651,False
Blk1.1,B11-M-057,HCPI,EM11,2025-06-01,2026-05-01,12,208.8728,218.8,207.5,-4.7842,False,False,-0.04537,False
Blk1.1,B11-M-058,HCPI,EM11,2025-07-01,2025-07-01,1,207.3889,208.3,206.9,-0.4404,True,True,-0.00437,True
Blk1.1,B11-M-058,HCPI,EM11,2025-07-01,2025-08-01,2,207.1594,207.2,204.1,-0.0199,True,True,-0.0002,True
Blk1.1,B11-M-058,HCPI,EM11,2025-07-01,2025-09-01,3,208.1934,207.4,203.1,0.3906,True,True,0.00383,True
Blk1.1,B11-M-058,HCPI,EM11,2025-07-01,2025-10-01,4,207.8764,207.5,202.1,0.1862,True,True,0.00181,True
Blk1.1,B11-M-058,HCPI,EM11,2025-07-01,2025-11-01,5,208.4433,207.2,202.4,0.6143,True,True,0.006,True
Blk1.1,B11-M-058,HCPI,EM11,2025-07-01,2025-12-01,6,209.0608,210.5,204.6,-0.7034,True,True,-0.00684,True
Blk1.1,B11-M-058,HCPI,EM11,2025-07-01,2026-01-01,7,209.9348,211.4,206.4,-0.7099,True,True,-0.00693,True
Blk1.1,B11-M-058,HCPI,EM11,2025-07-01,2026-02-01,8,209.4758,209.4,206.2,0.0367,True,True,0.00036,True
Blk1.1,B11-M-058,HCPI,EM11,2025-07-01,2026-03-01,9,210.3112,210.9,206.0,-0.2858,True,True,-0.00279,True
Blk1.1,B11-M-058,HCPI,EM11,2025-07-01,2026-04-01,10,209.9003,216.3,206.5,-3.0991,False,False,-0.02959,False
Blk1.1,B11-M-058,HCPI,EM11,2025-07-01,2026-05-01,11,210.8779,218.8,207.5,-3.8179,False,False,-0.03621,False
Blk1.1,B11-M-058,HCPI,EM11,2025-07-01,2026-06-01,12,211.5415,222.3,208.7,-5.155,False,False,-0.0484,False
Blk1.1,B11-M-059,HCPI,EM11,2025-08-01,2025-08-01,1,210.1576,207.2,204.1,1.4491,False,False,0.01427,True
Blk1.1,B11-M-059,HCPI,EM11,2025-08-01,2025-09-01,2,210.3513,207.4,203.1,1.4531,False,False,0.01423,True
Blk1.1,B11-M-059,HCPI,EM11,2025-08-01,2025-10-01,3,210.9611,207.5,202.1,1.7126,False,False,0.01668,True
Blk1.1,B11-M-059,HCPI,EM11,2025-08-01,2025-11-01,4,211.6457,207.2,202.4,2.1965,False,False,0.02146,False
Blk1.1,B11-M-059,HCPI,EM11,2025-08-01,2025-12-01,5,212.3608,210.5,204.6,0.9095,True,True,0.00884,True
Blk1.1,B11-M-059,HCPI,EM11,2025-08-01,2026-01-01,6,213.1893,211.4,206.4,0.8669,True,True,0.00846,True
Blk1.1,B11-M-059,HCPI,EM11,2025-08-01,2026-02-01,7,213.3657,209.4,206.2,1.9232,False,False,0.01894,True
Blk1.1,B11-M-059,HCPI,EM11,2025-08-01,2026-03-01,8,213.4408,210.9,206.0,1.2334,False,False,0.01205,True
Blk1.1,B11-M-059,HCPI,EM11,2025-08-01,2026-04-01,9,214.3784,216.3,206.5,-0.9305,True,True,-0.00888,True
Blk1.1,B11-M-059,HCPI,EM11,2025-08-01,2026-05-01,10,214.7004,218.8,207.5,-1.9757,False,False,-0.01874,True
Blk1.1,B11-M-059,HCPI,EM11,2025-08-01,2026-06-01,11,215.9537,222.3,208.7,-3.0409,False,False,-0.02855,False
Blk1.1,B11-M-059,HCPI,EM11,2025-08-01,2026-07-01,12,216.1682,223.4,208.3,-3.4718,False,False,-0.03237,False
Blk1.1,B11-M-060,HCPI,EM11,2025-09-01,2025-09-01,1,208.0427,207.4,203.1,0.3165,True,True,0.0031,True
Blk1.1,B11-M-060,HCPI,EM11,2025-09-01,2025-10-01,2,208.2954,207.5,202.1,0.3936,True,True,0.00383,True
Blk1.1,B11-M-060,HCPI,EM11,2025-09-01,2025-11-01,3,209.3686,207.2,202.4,1.0714,False,False,0.01047,True
Blk1.1,B11-M-060,HCPI,EM11,2025-09-01,2025-12-01,4,209.7831,210.5,204.6,-0.3504,True,True,-0.00341,True
Blk1.1,B11-M-060,HCPI,EM11,2025-09-01,2026-01-01,5,209.9805,211.4,206.4,-0.6877,True,True,-0.00671,True
Blk1.1,B11-M-060,HCPI,EM11,2025-09-01,2026-02-01,6,210.6945,209.4,206.2,0.6278,True,True,0.00618,True
Blk1.1,B11-M-060,HCPI,EM11,2025-09-01,2026-03-01,7,210.6593,210.9,206.0,-0.1168,True,True,-0.00114,True
Blk1.1,B11-M-060,HCPI,EM11,2025-09-01,2026-04-01,8,210.7118,216.3,206.5,-2.7061,False,False,-0.02584,False
Blk1.1,B11-M-060,HCPI,EM11,2025-09-01,2026-05-01,9,211.9468,218.8,207.5,-3.3028,False,False,-0.03132,False
Blk1.1,B11-M-060,HCPI,EM11,2025-09-01,2026-06-01,10,212.3067,222.3,208.7,-4.7884,False,False,-0.04495,False
Blk1.1,B11-M-060,HCPI,EM11,2025-09-01,2026-07-01,11,213.0053,223.4,208.3,-4.9903,False,False,-0.04653,False
Blk1.1,B11-M-060,HCPI,EM11,2025-09-01,2026-08-01,12,212.7517,223.9,207.2,-5.3804,False,False,-0.04979,False
Blk1.1,B11-M-061,HCPI,EM12,2025-04-01,2025-04-01,1,205.9999,206.5,208.2,-0.2402,True,True,-0.00242,True
Blk1.1,B11-M-061,HCPI,EM12,2025-04-01,2025-05-01,2,206.1269,207.5,206.3,-0.6656,True,True,-0.00662,True
Blk1.1,B11-M-061,HCPI,EM12,2025-04-01,2025-06-01,3,206.4265,208.7,208.1,-1.0925,False,False,-0.01089,True
Blk1.1,B11-M-061,HCPI,EM12,2025-04-01,2025-07-01,4,206.5453,208.3,206.9,-0.8481,True,True,-0.00842,True
Blk1.1,B11-M-061,HCPI,EM12,2025-04-01,2025-08-01,5,206.651,207.2,204.1,-0.269,True,True,-0.00265,True
Blk1.1,B11-M-061,HCPI,EM12,2025-04-01,2025-09-01,6,206.7467,207.4,203.1,-0.3217,True,True,-0.00315,True
Blk1.1,B11-M-061,HCPI,EM12,2025-04-01,2025-10-01,7,206.8602,207.5,202.1,-0.3166,True,True,-0.00308,True
Blk1.1,B11-M-061,HCPI,EM12,2025-04-01,2025-11-01,8,207.1323,207.2,202.4,-0.0334,True,True,-0.00033,True
Blk1.1,B11-M-061,HCPI,EM12,2025-04-01,2025-12-01,9,207.4777,210.5,204.6,-1.4772,False,False,-0.01436,True
Blk1.1,B11-M-061,HCPI,EM12,2025-04-01,2026-01-01,10,207.6804,211.4,206.4,-1.8021,False,False,-0.0176,True
Blk1.1,B11-M-061,HCPI,EM12,2025-04-01,2026-02-01,11,207.805,209.4,206.2,-0.7735,True,True,-0.00762,True
Blk1.1,B11-M-061,HCPI,EM12,2025-04-01,2026-03-01,12,207.9395,210.9,206.0,-1.4372,False,False,-0.01404,True
Blk1.1,B11-M-062,HCPI,EM12,2025-05-01,2025-05-01,1,205.6812,207.5,206.3,-0.8816,True,True,-0.00877,True
Blk1.1,B11-M-062,HCPI,EM12,2025-05-01,2025-06-01,2,205.8552,208.7,208.1,-1.367,False,False,-0.01363,True
Blk1.1,B11-M-062,HCPI,EM12,2025-05-01,2025-07-01,3,205.9282,208.3,206.9,-1.1463,False,False,-0.01139,True
Blk1.1,B11-M-062,HCPI,EM12,2025-05-01,2025-08-01,4,205.746,207.2,204.1,-0.7124,True,True,-0.00702,True
Blk1.1,B11-M-062,HCPI,EM12,2025-05-01,2025-09-01,5,206.1245,207.4,203.1,-0.628,True,True,-0.00615,True
Blk1.1,B11-M-062,HCPI,EM12,2025-05-01,2025-10-01,6,206.308,207.5,202.1,-0.5898,True,True,-0.00574,True
Blk1.1,B11-M-062,HCPI,EM12,2025-05-01,2025-11-01,7,206.9397,207.2,202.4,-0.1286,True,True,-0.00126,True
Blk1.1,B11-M-062,HCPI,EM12,2025-05-01,2025-12-01,8,207.3916,210.5,204.6,-1.5193,False,False,-0.01477,True
Blk1.1,B11-M-062,HCPI,EM12,2025-05-01,2026-01-01,9,207.8755,211.4,206.4,-1.7076,False,False,-0.01667,True
Blk1.1,B11-M-062,HCPI,EM12,2025-05-01,2026-02-01,10,208.3978,209.4,206.2,-0.486,True,True,-0.00479,True
Blk1.1,B11-M-062,HCPI,EM12,2025-05-01,2026-03-01,11,208.3676,210.9,206.0,-1.2293,False,False,-0.01201,True
Blk1.1,B11-M-062,HCPI,EM12,2025-05-01,2026-04-01,12,208.4525,216.3,206.5,-3.8003,False,False,-0.03628,False
Blk1.1,B11-M-063,HCPI,EM12,2025-06-01,2025-06-01,1,208.9757,208.7,208.1,0.1325,True,True,0.00132,True
Blk1.1,B11-M-063,HCPI,EM12,2025-06-01,2025-07-01,2,209.0015,208.3,206.9,0.3391,True,True,0.00337,True
Blk1.1,B11-M-063,HCPI,EM12,2025-06-01,2025-08-01,3,209.0771,207.2,204.1,0.9197,True,True,0.00906,True
Blk1.1,B11-M-063,HCPI,EM12,2025-06-01,2025-09-01,4,208.91,207.4,203.1,0.7435,True,True,0.00728,True
Blk1.1,B11-M-063,HCPI,EM12,2025-06-01,2025-10-01,5,209.1115,207.5,202.1,0.7974,True,True,0.00777,True
Blk1.1,B11-M-063,HCPI,EM12,2025-06-01,2025-11-01,6,209.3593,207.2,202.4,1.0669,False,False,0.01042,True
Blk1.1,B11-M-063,HCPI,EM12,2025-06-01,2025-12-01,7,210.1612,210.5,204.6,-0.1656,True,True,-0.00161,True
Blk1.1,B11-M-063,HCPI,EM12,2025-06-01,2026-01-01,8,210.6246,211.4,206.4,-0.3757,True,True,-0.00367,True
Blk1.1,B11-M-063,HCPI,EM12,2025-06-01,2026-02-01,9,210.885,209.4,206.2,0.7202,True,True,0.00709,True
Blk1.1,B11-M-063,HCPI,EM12,2025-06-01,2026-03-01,10,211.0596,210.9,206.0,0.0775,True,True,0.00076,True
Blk1.1,B11-M-063,HCPI,EM12,2025-06-01,2026-04-01,11,211.2263,216.3,206.5,-2.457,False,False,-0.02346,False
Blk1.1,B11-M-063,HCPI,EM12,2025-06-01,2026-05-01,12,211.4983,218.8,207.5,-3.5189,False,False,-0.03337,False
Blk1.1,B11-M-064,HCPI,EM12,2025-07-01,2025-07-01,1,209.0751,208.3,206.9,0.3746,True,True,0.00372,True
Blk1.1,B11-M-064,HCPI,EM12,2025-07-01,2025-08-01,2,208.5596,207.2,204.1,0.6662,True,True,0.00656,True
Blk1.1,B11-M-064,HCPI,EM12,2025-07-01,2025-09-01,3,208.3652,207.4,203.1,0.4752,True,True,0.00465,True
Blk1.1,B11-M-064,HCPI,EM12,2025-07-01,2025-10-01,4,208.1745,207.5,202.1,0.3337,True,True,0.00325,True
Blk1.1,B11-M-064,HCPI,EM12,2025-07-01,2025-11-01,5,208.5342,207.2,202.4,0.6592,True,True,0.00644,True
Blk1.1,B11-M-064,HCPI,EM12,2025-07-01,2025-12-01,6,209.2285,210.5,204.6,-0.6215,True,True,-0.00604,True
Blk1.1,B11-M-064,HCPI,EM12,2025-07-01,2026-01-01,7,209.8667,211.4,206.4,-0.7429,True,True,-0.00725,True
Blk1.1,B11-M-064,HCPI,EM12,2025-07-01,2026-02-01,8,209.8442,209.4,206.2,0.2154,True,True,0.00212,True
Blk1.1,B11-M-064,HCPI,EM12,2025-07-01,2026-03-01,9,209.7055,210.9,206.0,-0.5799,True,True,-0.00566,True
Blk1.1,B11-M-064,HCPI,EM12,2025-07-01,2026-04-01,10,210.2077,216.3,206.5,-2.9502,False,False,-0.02817,False
Blk1.1,B11-M-064,HCPI,EM12,2025-07-01,2026-05-01,11,210.8313,218.8,207.5,-3.8403,False,False,-0.03642,False
Blk1.1,B11-M-064,HCPI,EM12,2025-07-01,2026-06-01,12,211.3777,222.3,208.7,-5.2335,False,False,-0.04913,False
Blk1.1,B11-M-065,HCPI,EM12,2025-08-01,2025-08-01,1,210.3756,207.2,204.1,1.5559,False,False,0.01533,True
Blk1.1,B11-M-065,HCPI,EM12,2025-08-01,2025-09-01,2,210.4783,207.4,203.1,1.5156,False,False,0.01484,True
Blk1.1,B11-M-065,HCPI,EM12,2025-08-01,2025-10-01,3,210.9479,207.5,202.1,1.7061,False,False,0.01662,True
Blk1.1,B11-M-065,HCPI,EM12,2025-08-01,2025-11-01,4,211.9624,207.2,202.4,2.353,False,False,0.02298,False
Blk1.1,B11-M-065,HCPI,EM12,2025-08-01,2025-12-01,5,213.2873,210.5,204.6,1.3623,False,False,0.01324,True
Blk1.1,B11-M-065,HCPI,EM12,2025-08-01,2026-01-01,6,214.9613,211.4,206.4,1.7254,False,False,0.01685,True
Blk1.1,B11-M-065,HCPI,EM12,2025-08-01,2026-02-01,7,214.8592,209.4,206.2,2.6475,False,False,0.02607,False
Blk1.1,B11-M-065,HCPI,EM12,2025-08-01,2026-03-01,8,214.7407,210.9,206.0,1.8644,False,False,0.01821,True
Blk1.1,B11-M-065,HCPI,EM12,2025-08-01,2026-04-01,9,215.3708,216.3,206.5,-0.45,True,True,-0.0043,True
Blk1.1,B11-M-065,HCPI,EM12,2025-08-01,2026-05-01,10,216.0168,218.8,207.5,-1.3413,False,False,-0.01272,True
Blk1.1,B11-M-065,HCPI,EM12,2025-08-01,2026-06-01,11,217.7787,222.3,208.7,-2.1664,False,False,-0.02034,False
Blk1.1,B11-M-065,HCPI,EM12,2025-08-01,2026-07-01,12,218.2513,223.4,208.3,-2.4718,False,False,-0.02305,False
Blk1.1,B11-M-066,HCPI,EM12,2025-09-01,2025-09-01,1,206.7213,207.4,203.1,-0.3341,True,True,-0.00327,True
Blk1.1,B11-M-066,HCPI,EM12,2025-09-01,2025-10-01,2,206.656,207.5,202.1,-0.4176,True,True,-0.00407,True
Blk1.1,B11-M-066,HCPI,EM12,2025-09-01,2025-11-01,3,206.9811,207.2,202.4,-0.1082,True,True,-0.00106,True
Blk1.1,B11-M-066,HCPI,EM12,2025-09-01,2025-12-01,4,208.2358,210.5,204.6,-1.1066,False,False,-0.01076,True
Blk1.1,B11-M-066,HCPI,EM12,2025-09-01,2026-01-01,5,208.7063,211.4,206.4,-1.3051,False,False,-0.01274,True
Blk1.1,B11-M-066,HCPI,EM12,2025-09-01,2026-02-01,6,208.4956,209.4,206.2,-0.4386,True,True,-0.00432,True
Blk1.1,B11-M-066,HCPI,EM12,2025-09-01,2026-03-01,7,207.6848,210.9,206.0,-1.5608,False,False,-0.01525,True
Blk1.1,B11-M-066,HCPI,EM12,2025-09-01,2026-04-01,8,208.7203,216.3,206.5,-3.6706,False,False,-0.03504,False
Blk1.1,B11-M-066,HCPI,EM12,2025-09-01,2026-05-01,9,210.0119,218.8,207.5,-4.2352,False,False,-0.04016,False
Blk1.1,B11-M-066,HCPI,EM12,2025-09-01,2026-06-01,10,211.6493,222.3,208.7,-5.1033,False,False,-0.04791,False
Blk1.1,B11-M-066,HCPI,EM12,2025-09-01,2026-07-01,11,211.6361,223.4,208.3,-5.6476,False,False,-0.05266,False
Blk1.1,B11-M-066,HCPI,EM12,2025-09-01,2026-08-01,12,211.1328,223.9,207.2,-6.1618,False,False,-0.05702,False
Blk1.1,B11-M-067,HCPI,EM13,2025-04-01,2025-04-01,1,205.6138,206.5,208.2,-0.4257,True,True,-0.00429,True
Blk1.1,B11-M-067,HCPI,EM13,2025-04-01,2025-05-01,2,206.2873,207.5,206.3,-0.5878,True,True,-0.00584,True
Blk1.1,B11-M-067,HCPI,EM13,2025-04-01,2025-06-01,3,206.5851,208.7,208.1,-1.0163,False,False,-0.01013,True
Blk1.1,B11-M-067,HCPI,EM13,2025-04-01,2025-07-01,4,206.1878,208.3,206.9,-1.0209,False,False,-0.01014,True
Blk1.1,B11-M-067,HCPI,EM13,2025-04-01,2025-08-01,5,206.5033,207.2,204.1,-0.3414,True,True,-0.00336,True
Blk1.1,B11-M-067,HCPI,EM13,2025-04-01,2025-09-01,6,206.4488,207.4,203.1,-0.4683,True,True,-0.00459,True
Blk1.1,B11-M-067,HCPI,EM13,2025-04-01,2025-10-01,7,206.4398,207.5,202.1,-0.5246,True,True,-0.00511,True
Blk1.1,B11-M-067,HCPI,EM13,2025-04-01,2025-11-01,8,206.4336,207.2,202.4,-0.3786,True,True,-0.0037,True
Blk1.1,B11-M-067,HCPI,EM13,2025-04-01,2025-12-01,9,206.6178,210.5,204.6,-1.8975,False,False,-0.01844,True
Blk1.1,B11-M-067,HCPI,EM13,2025-04-01,2026-01-01,10,206.1335,211.4,206.4,-2.5516,False,False,-0.02491,False
Blk1.1,B11-M-067,HCPI,EM13,2025-04-01,2026-02-01,11,205.7814,209.4,206.2,-1.7549,False,False,-0.01728,True
Blk1.1,B11-M-067,HCPI,EM13,2025-04-01,2026-03-01,12,205.7991,210.9,206.0,-2.4761,False,False,-0.02419,False
Blk1.1,B11-M-068,HCPI,EM13,2025-05-01,2025-05-01,1,206.4727,207.5,206.3,-0.498,True,True,-0.00495,True
Blk1.1,B11-M-068,HCPI,EM13,2025-05-01,2025-06-01,2,206.5365,208.7,208.1,-1.0397,False,False,-0.01037,True
Blk1.1,B11-M-068,HCPI,EM13,2025-05-01,2025-07-01,3,206.6002,208.3,206.9,-0.8215,True,True,-0.00816,True
Blk1.1,B11-M-068,HCPI,EM13,2025-05-01,2025-08-01,4,206.4727,207.2,204.1,-0.3563,True,True,-0.00351,True
Blk1.1,B11-M-068,HCPI,EM13,2025-05-01,2025-09-01,5,206.7916,207.4,203.1,-0.2996,True,True,-0.00293,True
Blk1.1,B11-M-068,HCPI,EM13,2025-05-01,2025-10-01,6,206.9509,207.5,202.1,-0.2717,True,True,-0.00265,True
Blk1.1,B11-M-068,HCPI,EM13,2025-05-01,2025-11-01,7,207.4611,207.2,202.4,0.129,True,True,0.00126,True
Blk1.1,B11-M-068,HCPI,EM13,2025-05-01,2025-12-01,8,207.8118,210.5,204.6,-1.3139,False,False,-0.01277,True
Blk1.1,B11-M-068,HCPI,EM13,2025-05-01,2026-01-01,9,208.29,211.4,206.4,-1.5068,False,False,-0.01471,True
Blk1.1,B11-M-068,HCPI,EM13,2025-05-01,2026-02-01,10,208.8958,209.4,206.2,-0.2445,True,True,-0.00241,True
Blk1.1,B11-M-068,HCPI,EM13,2025-05-01,2026-03-01,11,208.8639,210.9,206.0,-0.9884,True,True,-0.00965,True
Blk1.1,B11-M-068,HCPI,EM13,2025-05-01,2026-04-01,12,208.8639,216.3,206.5,-3.601,False,False,-0.03438,False
Blk1.1,B11-M-069,HCPI,EM13,2025-06-01,2025-06-01,1,208.8704,208.7,208.1,0.0819,True,True,0.00082,True
Blk1.1,B11-M-069,HCPI,EM13,2025-06-01,2025-07-01,2,209.1462,208.3,206.9,0.409,True,True,0.00406,True
Blk1.1,B11-M-069,HCPI,EM13,2025-06-01,2025-08-01,3,209.0211,207.2,204.1,0.8922,True,True,0.00879,True
Blk1.1,B11-M-069,HCPI,EM13,2025-06-01,2025-09-01,4,208.9091,207.4,203.1,0.7431,True,True,0.00728,True
Blk1.1,B11-M-069,HCPI,EM13,2025-06-01,2025-10-01,5,209.1437,207.5,202.1,0.8133,True,True,0.00792,True
Blk1.1,B11-M-069,HCPI,EM13,2025-06-01,2025-11-01,6,209.5228,207.2,202.4,1.1476,False,False,0.01121,True
Blk1.1,B11-M-069,HCPI,EM13,2025-06-01,2025-12-01,7,210.2095,210.5,204.6,-0.142,True,True,-0.00138,True
Blk1.1,B11-M-069,HCPI,EM13,2025-06-01,2026-01-01,8,210.3339,211.4,206.4,-0.5165,True,True,-0.00504,True
Blk1.1,B11-M-069,HCPI,EM13,2025-06-01,2026-02-01,9,210.6773,209.4,206.2,0.6194,True,True,0.0061,True
Blk1.1,B11-M-069,HCPI,EM13,2025-06-01,2026-03-01,10,210.9672,210.9,206.0,0.0326,True,True,0.00032,True
Blk1.1,B11-M-069,HCPI,EM13,2025-06-01,2026-04-01,11,210.9599,216.3,206.5,-2.586,False,False,-0.02469,False
Blk1.1,B11-M-069,HCPI,EM13,2025-06-01,2026-05-01,12,211.1267,218.8,207.5,-3.698,False,False,-0.03507,False
Blk1.1,B11-M-070,HCPI,EM13,2025-07-01,2025-07-01,1,207.9315,208.3,206.9,-0.1781,True,True,-0.00177,True
Blk1.1,B11-M-070,HCPI,EM13,2025-07-01,2025-08-01,2,207.8641,207.2,204.1,0.3254,True,True,0.00321,True
Blk1.1,B11-M-070,HCPI,EM13,2025-07-01,2025-09-01,3,207.7517,207.4,203.1,0.1732,True,True,0.0017,True
Blk1.1,B11-M-070,HCPI,EM13,2025-07-01,2025-10-01,4,207.6182,207.5,202.1,0.0585,True,True,0.00057,True
Blk1.1,B11-M-070,HCPI,EM13,2025-07-01,2025-11-01,5,207.9401,207.2,202.4,0.3656,True,True,0.00357,True
Blk1.1,B11-M-070,HCPI,EM13,2025-07-01,2025-12-01,6,208.4842,210.5,204.6,-0.9852,True,True,-0.00958,True
Blk1.1,B11-M-070,HCPI,EM13,2025-07-01,2026-01-01,7,209.1785,211.4,206.4,-1.0763,False,False,-0.01051,True
Blk1.1,B11-M-070,HCPI,EM13,2025-07-01,2026-02-01,8,209.3011,209.4,206.2,-0.0479,True,True,-0.00047,True
Blk1.1,B11-M-070,HCPI,EM13,2025-07-01,2026-03-01,9,208.941,210.9,206.0,-0.951,True,True,-0.00929,True
Blk1.1,B11-M-070,HCPI,EM13,2025-07-01,2026-04-01,10,208.7991,216.3,206.5,-3.6324,False,False,-0.03468,False
Blk1.1,B11-M-070,HCPI,EM13,2025-07-01,2026-05-01,11,209.3197,218.8,207.5,-4.5688,False,False,-0.04333,False
Blk1.1,B11-M-070,HCPI,EM13,2025-07-01,2026-06-01,12,209.5849,222.3,208.7,-6.0925,False,False,-0.0572,False
Blk1.1,B11-M-071,HCPI,EM13,2025-08-01,2025-08-01,1,213.7571,207.2,204.1,3.2127,False,False,0.03165,False
Blk1.1,B11-M-071,HCPI,EM13,2025-08-01,2025-09-01,2,213.9797,207.4,203.1,3.2397,False,False,0.03172,False
Blk1.1,B11-M-071,HCPI,EM13,2025-08-01,2025-10-01,3,214.7956,207.5,202.1,3.6099,False,False,0.03516,False
Blk1.1,B11-M-071,HCPI,EM13,2025-08-01,2025-11-01,4,215.478,207.2,202.4,4.0899,False,False,0.03995,False
Blk1.1,B11-M-071,HCPI,EM13,2025-08-01,2025-12-01,5,216.4764,210.5,204.6,2.921,False,False,0.02839,False
Blk1.1,B11-M-071,HCPI,EM13,2025-08-01,2026-01-01,6,218.2754,211.4,206.4,3.3311,False,False,0.03252,False
Blk1.1,B11-M-071,HCPI,EM13,2025-08-01,2026-02-01,7,218.3784,209.4,206.2,4.3542,False,False,0.04288,False
Blk1.1,B11-M-071,HCPI,EM13,2025-08-01,2026-03-01,8,218.4617,210.9,206.0,3.6707,False,False,0.03585,False
Blk1.1,B11-M-071,HCPI,EM13,2025-08-01,2026-04-01,9,219.1858,216.3,206.5,1.3975,False,False,0.01334,True
Blk1.1,B11-M-071,HCPI,EM13,2025-08-01,2026-05-01,10,219.1547,218.8,207.5,0.171,True,True,0.00162,True
Blk1.1,B11-M-071,HCPI,EM13,2025-08-01,2026-06-01,11,220.3134,222.3,208.7,-0.9519,True,True,-0.00894,True
Blk1.1,B11-M-071,HCPI,EM13,2025-08-01,2026-07-01,12,220.7249,223.4,208.3,-1.2842,False,False,-0.01197,True
Blk1.1,B11-M-072,HCPI,EM13,2025-09-01,2025-09-01,1,215.2067,207.4,203.1,3.8438,False,False,0.03764,False
Blk1.1,B11-M-072,HCPI,EM13,2025-09-01,2025-10-01,2,214.8007,207.5,202.1,3.6124,False,False,0.03518,False
Blk1.1,B11-M-072,HCPI,EM13,2025-09-01,2025-11-01,3,216.3482,207.2,202.4,4.5198,False,False,0.04415,False
Blk1.1,B11-M-072,HCPI,EM13,2025-09-01,2025-12-01,4,218.1774,210.5,204.6,3.7524,False,False,0.03647,False
Blk1.1,B11-M-072,HCPI,EM13,2025-09-01,2026-01-01,5,220.3487,211.4,206.4,4.3356,False,False,0.04233,False
Blk1.1,B11-M-072,HCPI,EM13,2025-09-01,2026-02-01,6,220.9744,209.4,206.2,5.6132,False,False,0.05527,False
Blk1.1,B11-M-072,HCPI,EM13,2025-09-01,2026-03-01,7,219.424,210.9,206.0,4.1378,False,False,0.04042,False
Blk1.1,B11-M-072,HCPI,EM13,2025-09-01,2026-04-01,8,221.8158,216.3,206.5,2.6711,False,False,0.0255,False
Blk1.1,B11-M-072,HCPI,EM13,2025-09-01,2026-05-01,9,222.9035,218.8,207.5,1.9776,False,False,0.01875,True
Blk1.1,B11-M-072,HCPI,EM13,2025-09-01,2026-06-01,10,224.2143,222.3,208.7,0.9172,True,True,0.00861,True
Blk1.1,B11-M-072,HCPI,EM13,2025-09-01,2026-07-01,11,224.8366,223.4,208.3,0.6897,True,True,0.00643,True
Blk1.1,B11-M-072,HCPI,EM13,2025-09-01,2026-08-01,12,224.5813,223.9,207.2,0.3288,True,True,0.00304,True
Blk1.1,B11-M-103,FCPI,EM2,2025-04-01,2025-04-01,1,237.5128,237.8,231.1,-0.1243,True,True,-0.00121,True
Blk1.1,B11-M-103,FCPI,EM2,2025-04-01,2025-05-01,2,236.5018,240.6,227.3,-1.803,False,False,-0.01703,True
Blk1.1,B11-M-103,FCPI,EM2,2025-04-01,2025-06-01,3,237.5823,242.5,232.8,-2.1124,False,False,-0.02028,False
Blk1.1,B11-M-103,FCPI,EM2,2025-04-01,2025-07-01,4,238.9954,239.2,234.0,-0.0875,True,True,-0.00086,True
Blk1.1,B11-M-103,FCPI,EM2,2025-04-01,2025-08-01,5,240.6047,236.3,229.7,1.874,False,False,0.01822,True
Blk1.1,B11-M-103,FCPI,EM2,2025-04-01,2025-09-01,6,243.0425,236.6,227.9,2.8269,False,False,0.02723,False
Blk1.1,B11-M-103,FCPI,EM2,2025-04-01,2025-10-01,7,246.2674,236.4,227.1,4.345,False,False,0.04174,False
Blk1.1,B11-M-103,FCPI,EM2,2025-04-01,2025-11-01,8,250.3715,236.1,228.0,6.2594,False,False,0.06045,False
Blk1.1,B11-M-103,FCPI,EM2,2025-04-01,2025-12-01,9,255.6955,244.3,233.9,4.872,False,False,0.04665,False
Blk1.1,B11-M-103,FCPI,EM2,2025-04-01,2026-01-01,10,256.7633,244.3,236.3,5.2744,False,False,0.05102,False
Blk1.1,B11-M-103,FCPI,EM2,2025-04-01,2026-02-01,11,258.3037,239.4,236.8,7.983,False,False,0.07896,False
Blk1.1,B11-M-103,FCPI,EM2,2025-04-01,2026-03-01,12,260.0285,237.9,236.2,9.3686,False,False,0.09302,False
Blk1.1,B11-M-104,FCPI,EM2,2025-05-01,2025-05-01,1,240.3499,240.6,227.3,-0.11,True,True,-0.00104,True
Blk1.1,B11-M-104,FCPI,EM2,2025-05-01,2025-06-01,2,244.929,242.5,232.8,1.0434,False,True,0.01002,True
Blk1.1,B11-M-104,FCPI,EM2,2025-05-01,2025-07-01,3,244.1791,239.2,234.0,2.1278,False,False,0.02082,False
Blk1.1,B11-M-104,FCPI,EM2,2025-05-01,2025-08-01,4,241.3865,236.3,229.7,2.2144,False,False,0.02153,False
Blk1.1,B11-M-104,FCPI,EM2,2025-05-01,2025-09-01,5,241.8117,236.6,227.9,2.2869,False,False,0.02203,False
Blk1.1,B11-M-104,FCPI,EM2,2025-05-01,2025-10-01,6,243.0585,236.4,227.1,2.932,False,False,0.02817,False
Blk1.1,B11-M-104,FCPI,EM2,2025-05-01,2025-11-01,7,245.9351,236.1,228.0,4.3136,False,False,0.04166,False
Blk1.1,B11-M-104,FCPI,EM2,2025-05-01,2025-12-01,8,249.4404,244.3,233.9,2.1977,False,False,0.02104,False
Blk1.1,B11-M-104,FCPI,EM2,2025-05-01,2026-01-01,9,250.2158,244.3,236.3,2.5035,False,False,0.02422,False
Blk1.1,B11-M-104,FCPI,EM2,2025-05-01,2026-02-01,10,247.6373,239.4,236.8,3.4786,False,False,0.03441,False
Blk1.1,B11-M-104,FCPI,EM2,2025-05-01,2026-03-01,11,245.007,237.9,236.2,3.0089,False,False,0.02987,False
Blk1.1,B11-M-104,FCPI,EM2,2025-05-01,2026-04-01,12,245.6157,240.4,237.8,2.1933,False,False,0.0217,False
Blk1.1,B11-M-105,FCPI,EM2,2025-06-01,2025-06-01,1,248.1273,242.5,232.8,2.4172,False,False,0.02321,False
Blk1.1,B11-M-105,FCPI,EM2,2025-06-01,2025-07-01,2,247.1376,239.2,234.0,3.3921,False,False,0.03318,False
Blk1.1,B11-M-105,FCPI,EM2,2025-06-01,2025-08-01,3,243.1438,236.3,229.7,2.9794,False,False,0.02896,False
Blk1.1,B11-M-105,FCPI,EM2,2025-06-01,2025-09-01,4,241.6873,236.6,227.9,2.2323,False,False,0.0215,False
Blk1.1,B11-M-105,FCPI,EM2,2025-06-01,2025-10-01,5,242.9394,236.4,227.1,2.8795,False,False,0.02766,False
Blk1.1,B11-M-105,FCPI,EM2,2025-06-01,2025-11-01,6,248.0863,236.1,228.0,5.2571,False,False,0.05077,False
Blk1.1,B11-M-105,FCPI,EM2,2025-06-01,2025-12-01,7,252.257,244.3,233.9,3.4019,False,False,0.03257,False
Blk1.1,B11-M-105,FCPI,EM2,2025-06-01,2026-01-01,8,252.8243,244.3,236.3,3.6074,False,False,0.03489,False
Blk1.1,B11-M-105,FCPI,EM2,2025-06-01,2026-02-01,9,249.183,239.4,236.8,4.1313,False,False,0.04086,False
Blk1.1,B11-M-105,FCPI,EM2,2025-06-01,2026-03-01,10,244.5362,237.9,236.2,2.8096,False,False,0.02789,False
Blk1.1,B11-M-105,FCPI,EM2,2025-06-01,2026-04-01,11,247.2138,240.4,237.8,2.8653,False,False,0.02834,False
Blk1.1,B11-M-105,FCPI,EM2,2025-06-01,2026-05-01,12,249.9987,244.3,240.6,2.3686,False,False,0.02333,False
Blk1.1,B11-M-106,FCPI,EM2,2025-07-01,2025-07-01,1,240.7756,239.2,234.0,0.6733,True,True,0.00659,True
Blk1.1,B11-M-106,FCPI,EM2,2025-07-01,2025-08-01,2,239.503,236.3,229.7,1.3944,False,False,0.01355,True
Blk1.1,B11-M-106,FCPI,EM2,2025-07-01,2025-09-01,3,239.1038,236.6,227.9,1.0986,False,False,0.01058,True
Blk1.1,B11-M-106,FCPI,EM2,2025-07-01,2025-10-01,4,239.1971,236.4,227.1,1.2317,False,False,0.01183,True
Blk1.1,B11-M-106,FCPI,EM2,2025-07-01,2025-11-01,5,241.5821,236.1,228.0,2.4044,False,False,0.02322,False
Blk1.1,B11-M-106,FCPI,EM2,2025-07-01,2025-12-01,6,244.2916,244.3,233.9,-0.0036,True,True,-3e-05,True
Blk1.1,B11-M-106,FCPI,EM2,2025-07-01,2026-01-01,7,244.2141,244.3,236.3,-0.0363,True,True,-0.00035,True
Blk1.1,B11-M-106,FCPI,EM2,2025-07-01,2026-02-01,8,243.1431,239.4,236.8,1.5807,False,False,0.01564,True
Blk1.1,B11-M-106,FCPI,EM2,2025-07-01,2026-03-01,9,241.6974,237.9,236.2,1.6077,False,False,0.01596,True
Blk1.1,B11-M-106,FCPI,EM2,2025-07-01,2026-04-01,10,241.7532,240.4,237.8,0.5691,True,True,0.00563,True
Blk1.1,B11-M-106,FCPI,EM2,2025-07-01,2026-05-01,11,243.8904,244.3,240.6,-0.1702,True,True,-0.00168,True
Blk1.1,B11-M-106,FCPI,EM2,2025-07-01,2026-06-01,12,246.5372,250.5,242.5,-1.6342,False,False,-0.01582,True
Blk1.1,B11-M-107,FCPI,EM2,2025-08-01,2025-08-01,1,237.8623,236.3,229.7,0.6801,True,True,0.00661,True
Blk1.1,B11-M-107,FCPI,EM2,2025-08-01,2025-09-01,2,237.4115,236.6,227.9,0.3561,True,True,0.00343,True
Blk1.1,B11-M-107,FCPI,EM2,2025-08-01,2025-10-01,3,238.0544,236.4,227.1,0.7285,True,True,0.007,True
Blk1.1,B11-M-107,FCPI,EM2,2025-08-01,2025-11-01,4,239.2435,236.1,228.0,1.3787,False,False,0.01331,True
Blk1.1,B11-M-107,FCPI,EM2,2025-08-01,2025-12-01,5,240.8851,244.3,233.9,-1.46,False,False,-0.01398,True
Blk1.1,B11-M-107,FCPI,EM2,2025-08-01,2026-01-01,6,241.0088,244.3,236.3,-1.3928,False,False,-0.01347,True
Blk1.1,B11-M-107,FCPI,EM2,2025-08-01,2026-02-01,7,238.988,239.4,236.8,-0.174,True,True,-0.00172,True
Blk1.1,B11-M-107,FCPI,EM2,2025-08-01,2026-03-01,8,238.1523,237.9,236.2,0.1068,True,True,0.00106,True
Blk1.1,B11-M-107,FCPI,EM2,2025-08-01,2026-04-01,9,239.9294,240.4,237.8,-0.1979,True,True,-0.00196,True
Blk1.1,B11-M-107,FCPI,EM2,2025-08-01,2026-05-01,10,241.7728,244.3,240.6,-1.0504,False,False,-0.01034,True
Blk1.1,B11-M-107,FCPI,EM2,2025-08-01,2026-06-01,11,243.7245,250.5,242.5,-2.794,False,False,-0.02705,False
Blk1.1,B11-M-107,FCPI,EM2,2025-08-01,2026-07-01,12,243.4361,250.9,239.2,-3.1204,False,False,-0.02975,False
Blk1.1,B11-M-108,FCPI,EM2,2025-09-01,2025-09-01,1,236.3335,236.6,227.9,-0.1169,True,True,-0.00113,True
Blk1.1,B11-M-108,FCPI,EM2,2025-09-01,2025-10-01,2,237.0391,236.4,227.1,0.2814,True,True,0.0027,True
Blk1.1,B11-M-108,FCPI,EM2,2025-09-01,2025-11-01,3,237.9576,236.1,228.0,0.8147,True,True,0.00787,True
Blk1.1,B11-M-108,FCPI,EM2,2025-09-01,2025-12-01,4,239.5243,244.3,233.9,-2.0418,False,False,-0.01955,True
Blk1.1,B11-M-108,FCPI,EM2,2025-09-01,2026-01-01,5,240.6965,244.3,236.3,-1.525,False,False,-0.01475,True
Blk1.1,B11-M-108,FCPI,EM2,2025-09-01,2026-02-01,6,241.5865,239.4,236.8,0.9233,True,True,0.00913,True
Blk1.1,B11-M-108,FCPI,EM2,2025-09-01,2026-03-01,7,242.3479,237.9,236.2,1.8831,False,False,0.0187,True
Blk1.1,B11-M-108,FCPI,EM2,2025-09-01,2026-04-01,8,243.3915,240.4,237.8,1.258,False,False,0.01244,True
Blk1.1,B11-M-108,FCPI,EM2,2025-09-01,2026-05-01,9,244.5834,244.3,240.6,0.1178,True,True,0.00116,True
Blk1.1,B11-M-108,FCPI,EM2,2025-09-01,2026-06-01,10,245.6556,250.5,242.5,-1.9977,False,False,-0.01934,True
Blk1.1,B11-M-108,FCPI,EM2,2025-09-01,2026-07-01,11,246.064,250.9,239.2,-2.0218,False,False,-0.01927,True
Blk1.1,B11-M-108,FCPI,EM2,2025-09-01,2026-08-01,12,246.5215,251.9,236.3,-2.2761,False,False,-0.02135,False
Blk1.1,B11-M-115,FCPI,EM4,2025-04-01,2025-04-01,1,237.5128,237.8,231.1,-0.1243,True,True,-0.00121,True
Blk1.1,B11-M-115,FCPI,EM4,2025-04-01,2025-05-01,2,236.5018,240.6,227.3,-1.803,False,False,-0.01703,True
Blk1.1,B11-M-115,FCPI,EM4,2025-04-01,2025-06-01,3,237.5823,242.5,232.8,-2.1124,False,False,-0.02028,False
Blk1.1,B11-M-115,FCPI,EM4,2025-04-01,2025-07-01,4,238.9954,239.2,234.0,-0.0875,True,True,-0.00086,True
Blk1.1,B11-M-115,FCPI,EM4,2025-04-01,2025-08-01,5,240.6047,236.3,229.7,1.874,False,False,0.01822,True
Blk1.1,B11-M-115,FCPI,EM4,2025-04-01,2025-09-01,6,243.0425,236.6,227.9,2.8269,False,False,0.02723,False
Blk1.1,B11-M-115,FCPI,EM4,2025-04-01,2025-10-01,7,246.2674,236.4,227.1,4.345,False,False,0.04174,False
Blk1.1,B11-M-115,FCPI,EM4,2025-04-01,2025-11-01,8,250.3715,236.1,228.0,6.2594,False,False,0.06045,False
Blk1.1,B11-M-115,FCPI,EM4,2025-04-01,2025-12-01,9,255.6955,244.3,233.9,4.872,False,False,0.04665,False
Blk1.1,B11-M-115,FCPI,EM4,2025-04-01,2026-01-01,10,256.7633,244.3,236.3,5.2744,False,False,0.05102,False
Blk1.1,B11-M-115,FCPI,EM4,2025-04-01,2026-02-01,11,258.3037,239.4,236.8,7.983,False,False,0.07896,False
Blk1.1,B11-M-115,FCPI,EM4,2025-04-01,2026-03-01,12,260.0285,237.9,236.2,9.3686,False,False,0.09302,False
Blk1.1,B11-M-116,FCPI,EM4,2025-05-01,2025-05-01,1,239.6472,240.6,227.3,-0.4192,True,True,-0.00396,True
Blk1.1,B11-M-116,FCPI,EM4,2025-05-01,2025-06-01,2,244.2988,242.5,232.8,0.7727,True,True,0.00742,True
Blk1.1,B11-M-116,FCPI,EM4,2025-05-01,2025-07-01,3,243.4727,239.2,234.0,1.826,False,False,0.01786,True
Blk1.1,B11-M-116,FCPI,EM4,2025-05-01,2025-08-01,4,240.5782,236.3,229.7,1.8625,False,False,0.0181,True
Blk1.1,B11-M-116,FCPI,EM4,2025-05-01,2025-09-01,5,240.7775,236.6,227.9,1.833,False,False,0.01766,True
Blk1.1,B11-M-116,FCPI,EM4,2025-05-01,2025-10-01,6,242.0075,236.4,227.1,2.4692,False,False,0.02372,False
Blk1.1,B11-M-116,FCPI,EM4,2025-05-01,2025-11-01,7,244.8711,236.1,228.0,3.847,False,False,0.03715,False
Blk1.1,B11-M-116,FCPI,EM4,2025-05-01,2025-12-01,8,248.2811,244.3,233.9,1.7021,False,False,0.0163,True
Blk1.1,B11-M-116,FCPI,EM4,2025-05-01,2026-01-01,9,248.5664,244.3,236.3,1.8055,False,False,0.01746,True
Blk1.1,B11-M-116,FCPI,EM4,2025-05-01,2026-02-01,10,245.6068,239.4,236.8,2.6211,False,False,0.02593,False
Blk1.1,B11-M-116,FCPI,EM4,2025-05-01,2026-03-01,11,243.0427,237.9,236.2,2.1772,False,False,0.02162,False
Blk1.1,B11-M-116,FCPI,EM4,2025-05-01,2026-04-01,12,243.73,240.4,237.8,1.4003,False,False,0.01385,True
Blk1.1,B11-M-117,FCPI,EM4,2025-06-01,2025-06-01,1,247.6214,242.5,232.8,2.1999,False,False,0.02112,False
Blk1.1,B11-M-117,FCPI,EM4,2025-06-01,2025-07-01,2,246.7926,239.2,234.0,3.2447,False,False,0.03174,False
Blk1.1,B11-M-117,FCPI,EM4,2025-06-01,2025-08-01,3,242.7487,236.3,229.7,2.8074,False,False,0.02729,False
Blk1.1,B11-M-117,FCPI,EM4,2025-06-01,2025-09-01,4,241.597,236.6,227.9,2.1926,False,False,0.02112,False
Blk1.1,B11-M-117,FCPI,EM4,2025-06-01,2025-10-01,5,242.924,236.4,227.1,2.8727,False,False,0.0276,False
Blk1.1,B11-M-117,FCPI,EM4,2025-06-01,2025-11-01,6,248.2305,236.1,228.0,5.3204,False,False,0.05138,False
Blk1.1,B11-M-117,FCPI,EM4,2025-06-01,2025-12-01,7,252.8452,244.3,233.9,3.6534,False,False,0.03498,False
Blk1.1,B11-M-117,FCPI,EM4,2025-06-01,2026-01-01,8,253.8255,244.3,236.3,4.0311,False,False,0.03899,False
Blk1.1,B11-M-117,FCPI,EM4,2025-06-01,2026-02-01,9,249.8695,239.4,236.8,4.4213,False,False,0.04373,False
Blk1.1,B11-M-117,FCPI,EM4,2025-06-01,2026-03-01,10,245.3693,237.9,236.2,3.1623,False,False,0.0314,False
Blk1.1,B11-M-117,FCPI,EM4,2025-06-01,2026-04-01,11,247.905,240.4,237.8,3.156,False,False,0.03122,False
Blk1.1,B11-M-117,FCPI,EM4,2025-06-01,2026-05-01,12,251.0027,244.3,240.6,2.7858,False,False,0.02744,False
Blk1.1,B11-M-118,FCPI,EM4,2025-07-01,2025-07-01,1,240.6948,239.2,234.0,0.6388,True,True,0.00625,True
Blk1.1,B11-M-118,FCPI,EM4,2025-07-01,2025-08-01,2,239.5256,236.3,229.7,1.4043,False,False,0.01365,True
Blk1.1,B11-M-118,FCPI,EM4,2025-07-01,2025-09-01,3,239.1591,236.6,227.9,1.1229,False,False,0.01082,True
Blk1.1,B11-M-118,FCPI,EM4,2025-07-01,2025-10-01,4,239.2831,236.4,227.1,1.2695,False,False,0.0122,True
Blk1.1,B11-M-118,FCPI,EM4,2025-07-01,2025-11-01,5,241.6374,236.1,228.0,2.4287,False,False,0.02345,False
Blk1.1,B11-M-118,FCPI,EM4,2025-07-01,2025-12-01,6,244.2892,244.3,233.9,-0.0046,True,True,-4e-05,True
Blk1.1,B11-M-118,FCPI,EM4,2025-07-01,2026-01-01,7,244.2422,244.3,236.3,-0.0244,True,True,-0.00024,True
Blk1.1,B11-M-118,FCPI,EM4,2025-07-01,2026-02-01,8,243.2589,239.4,236.8,1.6296,False,False,0.01612,True
Blk1.1,B11-M-118,FCPI,EM4,2025-07-01,2026-03-01,9,241.9033,237.9,236.2,1.6949,False,False,0.01683,True
Blk1.1,B11-M-118,FCPI,EM4,2025-07-01,2026-04-01,10,241.8759,240.4,237.8,0.6206,True,True,0.00614,True
Blk1.1,B11-M-118,FCPI,EM4,2025-07-01,2026-05-01,11,243.9901,244.3,240.6,-0.1288,True,True,-0.00127,True
Blk1.1,B11-M-118,FCPI,EM4,2025-07-01,2026-06-01,12,246.6358,250.5,242.5,-1.5935,False,False,-0.01543,True
Blk1.1,B11-M-119,FCPI,EM4,2025-08-01,2025-08-01,1,237.8668,236.3,229.7,0.6821,True,True,0.00663,True
Blk1.1,B11-M-119,FCPI,EM4,2025-08-01,2025-09-01,2,237.4175,236.6,227.9,0.3587,True,True,0.00346,True
Blk1.1,B11-M-119,FCPI,EM4,2025-08-01,2025-10-01,3,238.0634,236.4,227.1,0.7325,True,True,0.00704,True
Blk1.1,B11-M-119,FCPI,EM4,2025-08-01,2025-11-01,4,239.2487,236.1,228.0,1.381,False,False,0.01334,True
Blk1.1,B11-M-119,FCPI,EM4,2025-08-01,2025-12-01,5,240.8803,244.3,233.9,-1.462,False,False,-0.014,True
Blk1.1,B11-M-119,FCPI,EM4,2025-08-01,2026-01-01,6,240.9984,244.3,236.3,-1.3972,False,False,-0.01351,True
Blk1.1,B11-M-119,FCPI,EM4,2025-08-01,2026-02-01,7,238.9839,239.4,236.8,-0.1757,True,True,-0.00174,True
Blk1.1,B11-M-119,FCPI,EM4,2025-08-01,2026-03-01,8,238.1578,237.9,236.2,0.1091,True,True,0.00108,True
Blk1.1,B11-M-119,FCPI,EM4,2025-08-01,2026-04-01,9,239.9315,240.4,237.8,-0.197,True,True,-0.00195,True
Blk1.1,B11-M-119,FCPI,EM4,2025-08-01,2026-05-01,10,241.771,244.3,240.6,-1.0511,False,False,-0.01035,True
Blk1.1,B11-M-119,FCPI,EM4,2025-08-01,2026-06-01,11,243.7025,250.5,242.5,-2.8031,False,False,-0.02714,False
Blk1.1,B11-M-119,FCPI,EM4,2025-08-01,2026-07-01,12,243.4194,250.9,239.2,-3.1273,False,False,-0.02982,False
Blk1.1,B11-M-120,FCPI,EM4,2025-09-01,2025-09-01,1,236.3335,236.6,227.9,-0.1169,True,True,-0.00113,True
Blk1.1,B11-M-120,FCPI,EM4,2025-09-01,2025-10-01,2,237.0391,236.4,227.1,0.2814,True,True,0.0027,True
Blk1.1,B11-M-120,FCPI,EM4,2025-09-01,2025-11-01,3,237.9576,236.1,228.0,0.8147,True,True,0.00787,True
Blk1.1,B11-M-120,FCPI,EM4,2025-09-01,2025-12-01,4,239.5243,244.3,233.9,-2.0418,False,False,-0.01955,True
Blk1.1,B11-M-120,FCPI,EM4,2025-09-01,2026-01-01,5,240.6965,244.3,236.3,-1.525,False,False,-0.01475,True
Blk1.1,B11-M-120,FCPI,EM4,2025-09-01,2026-02-01,6,241.5865,239.4,236.8,0.9233,True,True,0.00913,True
Blk1.1,B11-M-120,FCPI,EM4,2025-09-01,2026-03-01,7,242.3479,237.9,236.2,1.8831,False,False,0.0187,True
Blk1.1,B11-M-120,FCPI,EM4,2025-09-01,2026-04-01,8,243.3915,240.4,237.8,1.258,False,False,0.01244,True
Blk1.1,B11-M-120,FCPI,EM4,2025-09-01,2026-05-01,9,244.5834,244.3,240.6,0.1178,True,True,0.00116,True
Blk1.1,B11-M-120,FCPI,EM4,2025-09-01,2026-06-01,10,245.6556,250.5,242.5,-1.9977,False,False,-0.01934,True
Blk1.1,B11-M-120,FCPI,EM4,2025-09-01,2026-07-01,11,246.064,250.9,239.2,-2.0218,False,False,-0.01927,True
Blk1.1,B11-M-120,FCPI,EM4,2025-09-01,2026-08-01,12,246.5215,251.9,236.3,-2.2761,False,False,-0.02135,False
Blk1.1,B11-M-157,FCPI,EM11,2025-04-01,2025-04-01,1,235.3904,237.8,231.1,-1.0427,False,False,-0.01013,True
Blk1.1,B11-M-157,FCPI,EM11,2025-04-01,2025-05-01,2,236.5009,240.6,227.3,-1.8034,False,False,-0.01704,True
Blk1.1,B11-M-157,FCPI,EM11,2025-04-01,2025-06-01,3,238.3881,242.5,232.8,-1.7663,False,False,-0.01696,True
Blk1.1,B11-M-157,FCPI,EM11,2025-04-01,2025-07-01,4,238.5598,239.2,234.0,-0.2736,True,True,-0.00268,True
Blk1.1,B11-M-157,FCPI,EM11,2025-04-01,2025-08-01,5,238.2739,236.3,229.7,0.8593,True,True,0.00835,True
Blk1.1,B11-M-157,FCPI,EM11,2025-04-01,2025-09-01,6,238.6295,236.6,227.9,0.8905,True,True,0.00858,True
Blk1.1,B11-M-157,FCPI,EM11,2025-04-01,2025-10-01,7,239.1325,236.4,227.1,1.2032,False,False,0.01156,True
Blk1.1,B11-M-157,FCPI,EM11,2025-04-01,2025-11-01,8,240.0264,236.1,228.0,1.7221,False,False,0.01663,True
Blk1.1,B11-M-157,FCPI,EM11,2025-04-01,2025-12-01,9,240.8912,244.3,233.9,-1.4574,False,False,-0.01395,True
Blk1.1,B11-M-157,FCPI,EM11,2025-04-01,2026-01-01,10,240.8203,244.3,236.3,-1.4726,False,False,-0.01424,True
Blk1.1,B11-M-157,FCPI,EM11,2025-04-01,2026-02-01,11,240.4508,239.4,236.8,0.4437,True,True,0.00439,True
Blk1.1,B11-M-157,FCPI,EM11,2025-04-01,2026-03-01,12,240.1395,237.9,236.2,0.9481,True,True,0.00941,True
Blk1.1,B11-M-158,FCPI,EM11,2025-05-01,2025-05-01,1,238.8296,240.6,227.3,-0.7789,True,True,-0.00736,True
Blk1.1,B11-M-158,FCPI,EM11,2025-05-01,2025-06-01,2,240.6391,242.5,232.8,-0.7994,True,True,-0.00767,True
Blk1.1,B11-M-158,FCPI,EM11,2025-05-01,2025-07-01,3,240.8363,239.2,234.0,0.6993,True,True,0.00684,True
Blk1.1,B11-M-158,FCPI,EM11,2025-05-01,2025-08-01,4,240.5788,236.3,229.7,1.8628,False,False,0.01811,True
Blk1.1,B11-M-158,FCPI,EM11,2025-05-01,2025-09-01,5,240.7787,236.6,227.9,1.8336,False,False,0.01766,True
Blk1.1,B11-M-158,FCPI,EM11,2025-05-01,2025-10-01,6,241.0502,236.4,227.1,2.0477,False,False,0.01967,True
Blk1.1,B11-M-158,FCPI,EM11,2025-05-01,2025-11-01,7,242.032,236.1,228.0,2.6018,False,False,0.02512,False
Blk1.1,B11-M-158,FCPI,EM11,2025-05-01,2025-12-01,8,243.0562,244.3,233.9,-0.5318,True,True,-0.00509,True
Blk1.1,B11-M-158,FCPI,EM11,2025-05-01,2026-01-01,9,243.462,244.3,236.3,-0.3546,True,True,-0.00343,True
Blk1.1,B11-M-158,FCPI,EM11,2025-05-01,2026-02-01,10,243.0289,239.4,236.8,1.5325,False,False,0.01516,True
Blk1.1,B11-M-158,FCPI,EM11,2025-05-01,2026-03-01,11,242.5382,237.9,236.2,1.9637,False,False,0.0195,True
Blk1.1,B11-M-158,FCPI,EM11,2025-05-01,2026-04-01,12,243.3106,240.4,237.8,1.224,False,False,0.01211,True
Blk1.1,B11-M-159,FCPI,EM11,2025-06-01,2025-06-01,1,243.4018,242.5,232.8,0.3874,True,True,0.00372,True
Blk1.1,B11-M-159,FCPI,EM11,2025-06-01,2025-07-01,2,243.729,239.2,234.0,1.9355,False,False,0.01893,True
Blk1.1,B11-M-159,FCPI,EM11,2025-06-01,2025-08-01,3,242.4194,236.3,229.7,2.6641,False,False,0.0259,False
Blk1.1,B11-M-159,FCPI,EM11,2025-06-01,2025-09-01,4,242.6605,236.6,227.9,2.6593,False,False,0.02561,False
Blk1.1,B11-M-159,FCPI,EM11,2025-06-01,2025-10-01,5,243.3037,236.4,227.1,3.0399,False,False,0.0292,False
Blk1.1,B11-M-159,FCPI,EM11,2025-06-01,2025-11-01,6,245.2112,236.1,228.0,3.9961,False,False,0.03859,False
Blk1.1,B11-M-159,FCPI,EM11,2025-06-01,2025-12-01,7,247.6922,244.3,233.9,1.4503,False,False,0.01389,True
Blk1.1,B11-M-159,FCPI,EM11,2025-06-01,2026-01-01,8,248.1769,244.3,236.3,1.6407,False,False,0.01587,True
Blk1.1,B11-M-159,FCPI,EM11,2025-06-01,2026-02-01,9,246.7843,239.4,236.8,3.1184,False,False,0.03085,False
Blk1.1,B11-M-159,FCPI,EM11,2025-06-01,2026-03-01,10,245.7312,237.9,236.2,3.3155,False,False,0.03292,False
Blk1.1,B11-M-159,FCPI,EM11,2025-06-01,2026-04-01,11,246.7993,240.4,237.8,2.691,False,False,0.02662,False
Blk1.1,B11-M-159,FCPI,EM11,2025-06-01,2026-05-01,12,249.0709,244.3,240.6,1.9829,False,False,0.01953,True
Blk1.1,B11-M-160,FCPI,EM11,2025-07-01,2025-07-01,1,241.8508,239.2,234.0,1.1328,False,False,0.01108,True
Blk1.1,B11-M-160,FCPI,EM11,2025-07-01,2025-08-01,2,241.6447,236.3,229.7,2.3268,False,False,0.02262,False
Blk1.1,B11-M-160,FCPI,EM11,2025-07-01,2025-09-01,3,242.016,236.6,227.9,2.3765,False,False,0.02289,False
Blk1.1,B11-M-160,FCPI,EM11,2025-07-01,2025-10-01,4,242.4333,236.4,227.1,2.6567,False,False,0.02552,False
Blk1.1,B11-M-160,FCPI,EM11,2025-07-01,2025-11-01,5,243.924,236.1,228.0,3.4316,False,False,0.03314,False
Blk1.1,B11-M-160,FCPI,EM11,2025-07-01,2025-12-01,6,245.6836,244.3,233.9,0.5915,True,True,0.00566,True
Blk1.1,B11-M-160,FCPI,EM11,2025-07-01,2026-01-01,7,246.828,244.3,236.3,1.0698,False,False,0.01035,True
Blk1.1,B11-M-160,FCPI,EM11,2025-07-01,2026-02-01,8,246.7576,239.4,236.8,3.1071,False,False,0.03073,False
Blk1.1,B11-M-160,FCPI,EM11,2025-07-01,2026-03-01,9,246.2678,237.9,236.2,3.5427,False,False,0.03517,False
Blk1.1,B11-M-160,FCPI,EM11,2025-07-01,2026-04-01,10,246.9723,240.4,237.8,2.7638,False,False,0.02734,False
Blk1.1,B11-M-160,FCPI,EM11,2025-07-01,2026-05-01,11,248.7012,244.3,240.6,1.8292,False,False,0.01802,True
Blk1.1,B11-M-160,FCPI,EM11,2025-07-01,2026-06-01,12,251.8411,250.5,242.5,0.553,True,True,0.00535,True
Blk1.1,B11-M-161,FCPI,EM11,2025-08-01,2025-08-01,1,237.026,236.3,229.7,0.3161,True,True,0.00307,True
Blk1.1,B11-M-161,FCPI,EM11,2025-08-01,2025-09-01,2,237.0434,236.6,227.9,0.1946,True,True,0.00187,True
Blk1.1,B11-M-161,FCPI,EM11,2025-08-01,2025-10-01,3,237.953,236.4,227.1,0.6839,True,True,0.00657,True
Blk1.1,B11-M-161,FCPI,EM11,2025-08-01,2025-11-01,4,240.877,236.1,228.0,2.0952,False,False,0.02023,False
Blk1.1,B11-M-161,FCPI,EM11,2025-08-01,2025-12-01,5,243.605,244.3,233.9,-0.2972,True,True,-0.00284,True
Blk1.1,B11-M-161,FCPI,EM11,2025-08-01,2026-01-01,6,243.8391,244.3,236.3,-0.1951,True,True,-0.00189,True
Blk1.1,B11-M-161,FCPI,EM11,2025-08-01,2026-02-01,7,241.1145,239.4,236.8,0.724,True,True,0.00716,True
Blk1.1,B11-M-161,FCPI,EM11,2025-08-01,2026-03-01,8,238.3751,237.9,236.2,0.2011,True,True,0.002,True
Blk1.1,B11-M-161,FCPI,EM11,2025-08-01,2026-04-01,9,239.5227,240.4,237.8,-0.3689,True,True,-0.00365,True
Blk1.1,B11-M-161,FCPI,EM11,2025-08-01,2026-05-01,10,241.9362,244.3,240.6,-0.9825,True,True,-0.00968,True
Blk1.1,B11-M-161,FCPI,EM11,2025-08-01,2026-06-01,11,246.6362,250.5,242.5,-1.5933,False,False,-0.01542,True
Blk1.1,B11-M-161,FCPI,EM11,2025-08-01,2026-07-01,12,246.4877,250.9,239.2,-1.8446,False,False,-0.01759,True
Blk1.1,B11-M-162,FCPI,EM11,2025-09-01,2025-09-01,1,236.8777,236.6,227.9,0.1219,True,True,0.00117,True
Blk1.1,B11-M-162,FCPI,EM11,2025-09-01,2025-10-01,2,237.318,236.4,227.1,0.4042,True,True,0.00388,True
Blk1.1,B11-M-162,FCPI,EM11,2025-09-01,2025-11-01,3,238.4768,236.1,228.0,1.0424,False,True,0.01007,True
Blk1.1,B11-M-162,FCPI,EM11,2025-09-01,2025-12-01,4,240.1093,244.3,233.9,-1.7917,False,False,-0.01715,True
Blk1.1,B11-M-162,FCPI,EM11,2025-09-01,2026-01-01,5,241.0525,244.3,236.3,-1.3743,False,False,-0.01329,True
Blk1.1,B11-M-162,FCPI,EM11,2025-09-01,2026-02-01,6,240.2928,239.4,236.8,0.377,True,True,0.00373,True
Blk1.1,B11-M-162,FCPI,EM11,2025-09-01,2026-03-01,7,239.6584,237.9,236.2,0.7445,True,True,0.00739,True
Blk1.1,B11-M-162,FCPI,EM11,2025-09-01,2026-04-01,8,240.751,240.4,237.8,0.1476,True,True,0.00146,True
Blk1.1,B11-M-162,FCPI,EM11,2025-09-01,2026-05-01,9,242.4253,244.3,240.6,-0.7792,True,True,-0.00767,True
Blk1.1,B11-M-162,FCPI,EM11,2025-09-01,2026-06-01,10,244.9191,250.5,242.5,-2.3014,False,False,-0.02228,False
Blk1.1,B11-M-162,FCPI,EM11,2025-09-01,2026-07-01,11,245.3121,250.9,239.2,-2.3361,False,False,-0.02227,False
Blk1.1,B11-M-162,FCPI,EM11,2025-09-01,2026-08-01,12,244.9934,251.9,236.3,-2.9228,False,False,-0.02742,False
Blk1.1,B11-M-265,CCPI,EM12,2025-04-01,2025-04-01,1,190.9491,191.2,195.2,-0.1285,True,True,-0.00131,True
Blk1.1,B11-M-265,CCPI,EM12,2025-04-01,2025-05-01,2,191.1603,192.8,194.1,-0.8447,True,True,-0.0085,True
Blk1.1,B11-M-265,CCPI,EM12,2025-04-01,2025-06-01,3,192.0637,194.5,195.6,-1.2455,False,False,-0.01253,True
Blk1.1,B11-M-265,CCPI,EM12,2025-04-01,2025-07-01,4,191.4571,194.1,194.7,-1.3574,False,False,-0.01362,True
Blk1.1,B11-M-265,CCPI,EM12,2025-04-01,2025-08-01,5,191.8918,193.3,191.1,-0.7369,True,True,-0.00729,True
Blk1.1,B11-M-265,CCPI,EM12,2025-04-01,2025-09-01,6,192.6535,193.7,190.9,-0.5482,True,True,-0.0054,True
Blk1.1,B11-M-265,CCPI,EM12,2025-04-01,2025-10-01,7,192.3932,193.8,189.9,-0.7408,True,True,-0.00726,True
Blk1.1,B11-M-265,CCPI,EM12,2025-04-01,2025-11-01,8,192.5966,193.4,189.4,-0.4242,True,True,-0.00415,True
Blk1.1,B11-M-265,CCPI,EM12,2025-04-01,2025-12-01,9,192.526,195.8,191.7,-1.7079,False,False,-0.01672,True
Blk1.1,B11-M-265,CCPI,EM12,2025-04-01,2026-01-01,10,192.4784,197.0,192.6,-2.3476,False,False,-0.02295,False
Blk1.1,B11-M-265,CCPI,EM12,2025-04-01,2026-02-01,11,192.8029,195.3,192.2,-1.2992,False,False,-0.01279,True
Blk1.1,B11-M-265,CCPI,EM12,2025-04-01,2026-03-01,12,192.8742,195.8,191.6,-1.527,False,False,-0.01494,True
Blk1.1,B11-M-266,CCPI,EM12,2025-05-01,2025-05-01,1,190.8404,192.8,194.1,-1.0096,False,False,-0.01016,True
Blk1.1,B11-M-266,CCPI,EM12,2025-05-01,2025-06-01,2,191.1587,194.5,195.6,-1.7082,False,False,-0.01718,True
Blk1.1,B11-M-266,CCPI,EM12,2025-05-01,2025-07-01,3,191.6316,194.1,194.7,-1.2678,False,False,-0.01272,True
Blk1.1,B11-M-266,CCPI,EM12,2025-05-01,2025-08-01,4,192.0813,193.3,191.1,-0.6377,True,True,-0.0063,True
Blk1.1,B11-M-266,CCPI,EM12,2025-05-01,2025-09-01,5,191.9476,193.7,190.9,-0.918,True,True,-0.00905,True
Blk1.1,B11-M-266,CCPI,EM12,2025-05-01,2025-10-01,6,192.1021,193.8,189.9,-0.8941,True,True,-0.00876,True
Blk1.1,B11-M-266,CCPI,EM12,2025-05-01,2025-11-01,7,192.0004,193.4,189.4,-0.739,True,True,-0.00724,True
Blk1.1,B11-M-266,CCPI,EM12,2025-05-01,2025-12-01,8,192.0107,195.8,191.7,-1.9767,False,False,-0.01935,True
Blk1.1,B11-M-266,CCPI,EM12,2025-05-01,2026-01-01,9,192.2666,197.0,192.6,-2.4576,False,False,-0.02403,False
Blk1.1,B11-M-266,CCPI,EM12,2025-05-01,2026-02-01,10,192.0298,195.3,192.2,-1.7015,False,False,-0.01674,True
Blk1.1,B11-M-266,CCPI,EM12,2025-05-01,2026-03-01,11,191.8056,195.8,191.6,-2.0847,False,False,-0.0204,False
Blk1.1,B11-M-266,CCPI,EM12,2025-05-01,2026-04-01,12,191.6051,201.6,191.2,-5.2274,False,False,-0.04958,False
Blk1.1,B11-M-267,CCPI,EM12,2025-06-01,2025-06-01,1,191.1131,194.5,195.6,-1.7316,False,False,-0.01741,True
Blk1.1,B11-M-267,CCPI,EM12,2025-06-01,2025-07-01,2,191.2047,194.1,194.7,-1.487,False,False,-0.01492,True
Blk1.1,B11-M-267,CCPI,EM12,2025-06-01,2025-08-01,3,191.3223,193.3,191.1,-1.0349,False,False,-0.01023,True
Blk1.1,B11-M-267,CCPI,EM12,2025-06-01,2025-09-01,4,191.4836,193.7,190.9,-1.161,False,False,-0.01144,True
Blk1.1,B11-M-267,CCPI,EM12,2025-06-01,2025-10-01,5,191.1218,193.8,189.9,-1.4103,False,False,-0.01382,True
Blk1.1,B11-M-267,CCPI,EM12,2025-06-01,2025-11-01,6,190.795,193.4,189.4,-1.3754,False,False,-0.01347,True
Blk1.1,B11-M-267,CCPI,EM12,2025-06-01,2025-12-01,7,190.52,195.8,191.7,-2.7543,False,False,-0.02697,False
Blk1.1,B11-M-267,CCPI,EM12,2025-06-01,2026-01-01,8,190.3397,197.0,192.6,-3.4581,False,False,-0.03381,False
Blk1.1,B11-M-267,CCPI,EM12,2025-06-01,2026-02-01,9,190.1118,195.3,192.2,-2.6994,False,False,-0.02657,False
Blk1.1,B11-M-267,CCPI,EM12,2025-06-01,2026-03-01,10,189.8679,195.8,191.6,-3.0961,False,False,-0.0303,False
Blk1.1,B11-M-267,CCPI,EM12,2025-06-01,2026-04-01,11,190.0193,201.6,191.2,-6.0569,False,False,-0.05744,False
Blk1.1,B11-M-267,CCPI,EM12,2025-06-01,2026-05-01,12,190.0236,203.4,192.8,-6.938,False,False,-0.06576,False
Blk1.1,B11-M-268,CCPI,EM12,2025-07-01,2025-07-01,1,194.0106,194.1,194.7,-0.0459,True,True,-0.00046,True
Blk1.1,B11-M-268,CCPI,EM12,2025-07-01,2025-08-01,2,193.6707,193.3,191.1,0.194,True,True,0.00192,True
Blk1.1,B11-M-268,CCPI,EM12,2025-07-01,2025-09-01,3,194.0394,193.7,190.9,0.1778,True,True,0.00175,True
Blk1.1,B11-M-268,CCPI,EM12,2025-07-01,2025-10-01,4,194.7644,193.8,189.9,0.5079,True,True,0.00498,True
Blk1.1,B11-M-268,CCPI,EM12,2025-07-01,2025-11-01,5,194.5822,193.4,189.4,0.6242,True,True,0.00611,True
Blk1.1,B11-M-268,CCPI,EM12,2025-07-01,2025-12-01,6,194.4934,195.8,191.7,-0.6816,True,True,-0.00667,True
Blk1.1,B11-M-268,CCPI,EM12,2025-07-01,2026-01-01,7,194.439,197.0,192.6,-1.3297,False,False,-0.013,True
Blk1.1,B11-M-268,CCPI,EM12,2025-07-01,2026-02-01,8,194.2394,195.3,192.2,-0.5518,True,True,-0.00543,True
Blk1.1,B11-M-268,CCPI,EM12,2025-07-01,2026-03-01,9,194.0194,195.8,191.6,-0.9293,True,True,-0.00909,True
Blk1.1,B11-M-268,CCPI,EM12,2025-07-01,2026-04-01,10,194.2935,201.6,191.2,-3.8214,False,False,-0.03624,False
Blk1.1,B11-M-268,CCPI,EM12,2025-07-01,2026-05-01,11,195.1279,203.4,192.8,-4.2905,False,False,-0.04067,False
Blk1.1,B11-M-268,CCPI,EM12,2025-07-01,2026-06-01,12,196.2548,207.7,194.5,-5.8844,False,False,-0.0551,False
Blk1.1,B11-M-269,CCPI,EM12,2025-08-01,2025-08-01,1,192.8251,193.3,191.1,-0.2485,True,True,-0.00246,True
Blk1.1,B11-M-269,CCPI,EM12,2025-08-01,2025-09-01,2,192.8925,193.7,190.9,-0.423,True,True,-0.00417,True
Blk1.1,B11-M-269,CCPI,EM12,2025-08-01,2025-10-01,3,192.8633,193.8,189.9,-0.4933,True,True,-0.00483,True
Blk1.1,B11-M-269,CCPI,EM12,2025-08-01,2025-11-01,4,192.9657,193.4,189.4,-0.2293,True,True,-0.00225,True
Blk1.1,B11-M-269,CCPI,EM12,2025-08-01,2025-12-01,5,193.7526,195.8,191.7,-1.068,False,False,-0.01046,True
Blk1.1,B11-M-269,CCPI,EM12,2025-08-01,2026-01-01,6,194.1802,197.0,192.6,-1.4641,False,False,-0.01431,True
Blk1.1,B11-M-269,CCPI,EM12,2025-08-01,2026-02-01,7,194.2646,195.3,192.2,-0.5387,True,True,-0.0053,True
Blk1.1,B11-M-269,CCPI,EM12,2025-08-01,2026-03-01,8,194.1749,195.8,191.6,-0.8482,True,True,-0.0083,True
Blk1.1,B11-M-269,CCPI,EM12,2025-08-01,2026-04-01,9,194.275,201.6,191.2,-3.8311,False,False,-0.03633,False
Blk1.1,B11-M-269,CCPI,EM12,2025-08-01,2026-05-01,10,194.6411,203.4,192.8,-4.543,False,False,-0.04306,False
Blk1.1,B11-M-269,CCPI,EM12,2025-08-01,2026-06-01,11,195.4118,207.7,194.5,-6.3179,False,False,-0.05916,False
Blk1.1,B11-M-269,CCPI,EM12,2025-08-01,2026-07-01,12,195.4073,208.2,194.1,-6.5908,False,False,-0.06144,False
Blk1.1,B11-M-270,CCPI,EM12,2025-09-01,2025-09-01,1,194.3954,193.7,190.9,0.3643,True,True,0.00359,True
Blk1.1,B11-M-270,CCPI,EM12,2025-09-01,2025-10-01,2,194.5381,193.8,189.9,0.3887,True,True,0.00381,True
Blk1.1,B11-M-270,CCPI,EM12,2025-09-01,2025-11-01,3,194.8253,193.4,189.4,0.7526,True,True,0.00737,True
Blk1.1,B11-M-270,CCPI,EM12,2025-09-01,2025-12-01,4,194.996,195.8,191.7,-0.4194,True,True,-0.00411,True
Blk1.1,B11-M-270,CCPI,EM12,2025-09-01,2026-01-01,5,195.8336,197.0,192.6,-0.6056,True,True,-0.00592,True
Blk1.1,B11-M-270,CCPI,EM12,2025-09-01,2026-02-01,6,195.8178,195.3,192.2,0.2694,True,True,0.00265,True
Blk1.1,B11-M-270,CCPI,EM12,2025-09-01,2026-03-01,7,196.3465,195.8,191.6,0.2852,True,True,0.00279,True
Blk1.1,B11-M-270,CCPI,EM12,2025-09-01,2026-04-01,8,197.9158,201.6,191.2,-1.9269,False,False,-0.01827,True
Blk1.1,B11-M-270,CCPI,EM12,2025-09-01,2026-05-01,9,198.651,203.4,192.8,-2.4632,False,False,-0.02335,False
Blk1.1,B11-M-270,CCPI,EM12,2025-09-01,2026-06-01,10,199.3703,207.7,194.5,-4.2826,False,False,-0.0401,False
Blk1.1,B11-M-270,CCPI,EM12,2025-09-01,2026-07-01,11,199.9746,208.2,194.1,-4.2377,False,False,-0.03951,False
Blk1.1,B11-M-270,CCPI,EM12,2025-09-01,2026-08-01,12,199.7493,208.8,193.3,-4.6822,False,False,-0.04335,False
Blk1.1,B11-M-271,CCPI,EM13,2025-04-01,2025-04-01,1,190.0064,191.2,195.2,-0.6115,True,True,-0.00624,True
Blk1.1,B11-M-271,CCPI,EM13,2025-04-01,2025-05-01,2,190.2495,192.8,194.1,-1.314,False,False,-0.01323,True
Blk1.1,B11-M-271,CCPI,EM13,2025-04-01,2025-06-01,3,190.7318,194.5,195.6,-1.9265,False,False,-0.01937,True
Blk1.1,B11-M-271,CCPI,EM13,2025-04-01,2025-07-01,4,190.5687,194.1,194.7,-1.8137,False,False,-0.01819,True
Blk1.1,B11-M-271,CCPI,EM13,2025-04-01,2025-08-01,5,190.8061,193.3,191.1,-1.305,False,False,-0.0129,True
Blk1.1,B11-M-271,CCPI,EM13,2025-04-01,2025-09-01,6,191.2098,193.7,190.9,-1.3045,False,False,-0.01286,True
Blk1.1,B11-M-271,CCPI,EM13,2025-04-01,2025-10-01,7,191.1506,193.8,189.9,-1.3951,False,False,-0.01367,True
Blk1.1,B11-M-271,CCPI,EM13,2025-04-01,2025-11-01,8,191.2768,193.4,189.4,-1.121,False,False,-0.01098,True
Blk1.1,B11-M-271,CCPI,EM13,2025-04-01,2025-12-01,9,191.0243,195.8,191.7,-2.4912,False,False,-0.02439,False
Blk1.1,B11-M-271,CCPI,EM13,2025-04-01,2026-01-01,10,190.856,197.0,192.6,-3.19,False,False,-0.03119,False
Blk1.1,B11-M-271,CCPI,EM13,2025-04-01,2026-02-01,11,190.9717,195.3,192.2,-2.252,False,False,-0.02216,False
Blk1.1,B11-M-271,CCPI,EM13,2025-04-01,2026-03-01,12,190.8354,195.8,191.6,-2.5911,False,False,-0.02536,False
Blk1.1,B11-M-272,CCPI,EM13,2025-05-01,2025-05-01,1,190.3991,192.8,194.1,-1.2369,False,False,-0.01245,True
Blk1.1,B11-M-272,CCPI,EM13,2025-05-01,2025-06-01,2,190.5885,194.5,195.6,-1.9997,False,False,-0.02011,False
Blk1.1,B11-M-272,CCPI,EM13,2025-05-01,2025-07-01,3,190.874,194.1,194.7,-1.6569,False,False,-0.01662,True
Blk1.1,B11-M-272,CCPI,EM13,2025-05-01,2025-08-01,4,191.2722,193.3,191.1,-1.0611,False,False,-0.01049,True
Blk1.1,B11-M-272,CCPI,EM13,2025-05-01,2025-09-01,5,191.4173,193.7,190.9,-1.1958,False,False,-0.01178,True
Blk1.1,B11-M-272,CCPI,EM13,2025-05-01,2025-10-01,6,191.4449,193.8,189.9,-1.2402,False,False,-0.01215,True
Blk1.1,B11-M-272,CCPI,EM13,2025-05-01,2025-11-01,7,191.6666,193.4,189.4,-0.9152,True,True,-0.00896,True
Blk1.1,B11-M-272,CCPI,EM13,2025-05-01,2025-12-01,8,191.7587,195.8,191.7,-2.1081,False,False,-0.02064,False
Blk1.1,B11-M-272,CCPI,EM13,2025-05-01,2026-01-01,9,191.6602,197.0,192.6,-2.7725,False,False,-0.02711,False
Blk1.1,B11-M-272,CCPI,EM13,2025-05-01,2026-02-01,10,191.422,195.3,192.2,-2.0177,False,False,-0.01986,True
Blk1.1,B11-M-272,CCPI,EM13,2025-05-01,2026-03-01,11,191.2308,195.8,191.6,-2.3848,False,False,-0.02334,False
Blk1.1,B11-M-272,CCPI,EM13,2025-05-01,2026-04-01,12,191.3142,201.6,191.2,-5.3796,False,False,-0.05102,False
Blk1.1,B11-M-273,CCPI,EM13,2025-06-01,2025-06-01,1,190.8978,194.5,195.6,-1.8416,False,False,-0.01852,True
Blk1.1,B11-M-273,CCPI,EM13,2025-06-01,2025-07-01,2,190.9924,194.1,194.7,-1.5961,False,False,-0.01601,True
Blk1.1,B11-M-273,CCPI,EM13,2025-06-01,2025-08-01,3,191.1116,193.3,191.1,-1.1452,False,False,-0.01132,True
Blk1.1,B11-M-273,CCPI,EM13,2025-06-01,2025-09-01,4,191.2659,193.7,190.9,-1.2751,False,False,-0.01257,True
Blk1.1,B11-M-273,CCPI,EM13,2025-06-01,2025-10-01,5,190.8734,193.8,189.9,-1.5411,False,False,-0.0151,True
Blk1.1,B11-M-273,CCPI,EM13,2025-06-01,2025-11-01,6,190.524,193.4,189.4,-1.5185,False,False,-0.01487,True
Blk1.1,B11-M-273,CCPI,EM13,2025-06-01,2025-12-01,7,190.237,195.8,191.7,-2.9019,False,False,-0.02841,False
Blk1.1,B11-M-273,CCPI,EM13,2025-06-01,2026-01-01,8,190.0479,197.0,192.6,-3.6096,False,False,-0.03529,False
Blk1.1,B11-M-273,CCPI,EM13,2025-06-01,2026-02-01,9,189.8129,195.3,192.2,-2.8549,False,False,-0.0281,False
Blk1.1,B11-M-273,CCPI,EM13,2025-06-01,2026-03-01,10,189.5317,195.8,191.6,-3.2716,False,False,-0.03201,False
Blk1.1,B11-M-273,CCPI,EM13,2025-06-01,2026-04-01,11,189.6927,201.6,191.2,-6.2277,False,False,-0.05906,False
Blk1.1,B11-M-273,CCPI,EM13,2025-06-01,2026-05-01,12,189.6862,203.4,192.8,-7.113,False,False,-0.06742,False
Blk1.1,B11-M-274,CCPI,EM13,2025-07-01,2025-07-01,1,193.5115,194.1,194.7,-0.3023,True,True,-0.00303,True
Blk1.1,B11-M-274,CCPI,EM13,2025-07-01,2025-08-01,2,193.479,193.3,191.1,0.0937,True,True,0.00093,True
Blk1.1,B11-M-274,CCPI,EM13,2025-07-01,2025-09-01,3,193.9137,193.7,190.9,0.1119,True,True,0.0011,True
Blk1.1,B11-M-274,CCPI,EM13,2025-07-01,2025-10-01,4,194.728,193.8,189.9,0.4887,True,True,0.00479,True
Blk1.1,B11-M-274,CCPI,EM13,2025-07-01,2025-11-01,5,194.6905,193.4,189.4,0.6814,True,True,0.00667,True
Blk1.1,B11-M-274,CCPI,EM13,2025-07-01,2025-12-01,6,194.5953,195.8,191.7,-0.6284,True,True,-0.00615,True
Blk1.1,B11-M-274,CCPI,EM13,2025-07-01,2026-01-01,7,194.6215,197.0,192.6,-1.2349,False,False,-0.01207,True
Blk1.1,B11-M-274,CCPI,EM13,2025-07-01,2026-02-01,8,194.5566,195.3,192.2,-0.3868,True,True,-0.00381,True
Blk1.1,B11-M-274,CCPI,EM13,2025-07-01,2026-03-01,9,194.4045,195.8,191.6,-0.7283,True,True,-0.00713,True
Blk1.1,B11-M-274,CCPI,EM13,2025-07-01,2026-04-01,10,194.6646,201.6,191.2,-3.6273,False,False,-0.0344,False
Blk1.1,B11-M-274,CCPI,EM13,2025-07-01,2026-05-01,11,195.4627,203.4,192.8,-4.1168,False,False,-0.03902,False
Blk1.1,B11-M-274,CCPI,EM13,2025-07-01,2026-06-01,12,196.5619,207.7,194.5,-5.7265,False,False,-0.05363,False
Blk1.1,B11-M-275,CCPI,EM13,2025-08-01,2025-08-01,1,191.9688,193.3,191.1,-0.6966,True,True,-0.00689,True
Blk1.1,B11-M-275,CCPI,EM13,2025-08-01,2025-09-01,2,192.1006,193.7,190.9,-0.8378,True,True,-0.00826,True
Blk1.1,B11-M-275,CCPI,EM13,2025-08-01,2025-10-01,3,192.2063,193.8,189.9,-0.8393,True,True,-0.00822,True
Blk1.1,B11-M-275,CCPI,EM13,2025-08-01,2025-11-01,4,192.345,193.4,189.4,-0.557,True,True,-0.00546,True
Blk1.1,B11-M-275,CCPI,EM13,2025-08-01,2025-12-01,5,193.1062,195.8,191.7,-1.4052,False,False,-0.01376,True
Blk1.1,B11-M-275,CCPI,EM13,2025-08-01,2026-01-01,6,193.6061,197.0,192.6,-1.7621,False,False,-0.01723,True
Blk1.1,B11-M-275,CCPI,EM13,2025-08-01,2026-02-01,7,193.7813,195.3,192.2,-0.7902,True,True,-0.00778,True
Blk1.1,B11-M-275,CCPI,EM13,2025-08-01,2026-03-01,8,193.8118,195.8,191.6,-1.0377,False,False,-0.01015,True
Blk1.1,B11-M-275,CCPI,EM13,2025-08-01,2026-04-01,9,194.0196,201.6,191.2,-3.9646,False,False,-0.0376,False
Blk1.1,B11-M-275,CCPI,EM13,2025-08-01,2026-05-01,10,194.161,203.4,192.8,-4.792,False,False,-0.04542,False
Blk1.1,B11-M-275,CCPI,EM13,2025-08-01,2026-06-01,11,195.0916,207.7,194.5,-6.4825,False,False,-0.0607,False
Blk1.1,B11-M-275,CCPI,EM13,2025-08-01,2026-07-01,12,195.1232,208.2,194.1,-6.7371,False,False,-0.06281,False
Blk1.1,B11-M-276,CCPI,EM13,2025-09-01,2025-09-01,1,195.0342,193.7,190.9,0.6989,True,True,0.00689,True
Blk1.1,B11-M-276,CCPI,EM13,2025-09-01,2025-10-01,2,195.5849,193.8,189.9,0.9399,True,True,0.00921,True
Blk1.1,B11-M-276,CCPI,EM13,2025-09-01,2025-11-01,3,194.9366,193.4,189.4,0.8113,True,True,0.00795,True
Blk1.1,B11-M-276,CCPI,EM13,2025-09-01,2025-12-01,4,195.1929,195.8,191.7,-0.3167,True,True,-0.0031,True
Blk1.1,B11-M-276,CCPI,EM13,2025-09-01,2026-01-01,5,196.719,197.0,192.6,-0.1459,True,True,-0.00143,True
Blk1.1,B11-M-276,CCPI,EM13,2025-09-01,2026-02-01,6,196.9416,195.3,192.2,0.8541,True,True,0.00841,True
Blk1.1,B11-M-276,CCPI,EM13,2025-09-01,2026-03-01,7,198.8224,195.8,191.6,1.5775,False,False,0.01544,True
Blk1.1,B11-M-276,CCPI,EM13,2025-09-01,2026-04-01,8,202.8303,201.6,191.2,0.6434,True,True,0.0061,True
Blk1.1,B11-M-276,CCPI,EM13,2025-09-01,2026-05-01,9,203.1683,203.4,192.8,-0.1202,True,True,-0.00114,True
Blk1.1,B11-M-276,CCPI,EM13,2025-09-01,2026-06-01,10,201.7644,207.7,194.5,-3.0517,False,False,-0.02858,False
Blk1.1,B11-M-276,CCPI,EM13,2025-09-01,2026-07-01,11,203.6535,208.2,194.1,-2.3423,False,False,-0.02184,False
Blk1.1,B11-M-276,CCPI,EM13,2025-09-01,2026-08-01,12,204.1802,208.8,193.3,-2.3899,False,False,-0.02213,False
Blk1.1,B11-M-277,CCPI,EM14,2025-04-01,2025-04-01,1,188.5613,191.2,195.2,-1.3518,False,False,-0.0138,True
Blk1.1,B11-M-277,CCPI,EM14,2025-04-01,2025-05-01,2,188.9878,192.8,194.1,-1.964,False,False,-0.01977,True
Blk1.1,B11-M-277,CCPI,EM14,2025-04-01,2025-06-01,3,189.8817,194.5,195.6,-2.3611,False,False,-0.02374,False
Blk1.1,B11-M-277,CCPI,EM14,2025-04-01,2025-07-01,4,189.3789,194.1,194.7,-2.4248,False,False,-0.02432,False
Blk1.1,B11-M-277,CCPI,EM14,2025-04-01,2025-08-01,5,189.875,193.3,191.1,-1.7923,False,False,-0.01772,True
Blk1.1,B11-M-277,CCPI,EM14,2025-04-01,2025-09-01,6,190.6529,193.7,190.9,-1.5962,False,False,-0.01573,True
Blk1.1,B11-M-277,CCPI,EM14,2025-04-01,2025-10-01,7,190.5094,193.8,189.9,-1.7328,False,False,-0.01698,True
Blk1.1,B11-M-277,CCPI,EM14,2025-04-01,2025-11-01,8,190.7679,193.4,189.4,-1.3897,False,False,-0.01361,True
Blk1.1,B11-M-277,CCPI,EM14,2025-04-01,2025-12-01,9,190.4558,195.8,191.7,-2.7878,False,False,-0.02729,False
Blk1.1,B11-M-277,CCPI,EM14,2025-04-01,2026-01-01,10,190.1219,197.0,192.6,-3.5712,False,False,-0.03491,False
Blk1.1,B11-M-277,CCPI,EM14,2025-04-01,2026-02-01,11,190.4367,195.3,192.2,-2.5303,False,False,-0.0249,False
Blk1.1,B11-M-277,CCPI,EM14,2025-04-01,2026-03-01,12,190.6784,195.8,191.6,-2.673,False,False,-0.02616,False
Blk1.1,B11-M-278,CCPI,EM14,2025-05-01,2025-05-01,1,189.7247,192.8,194.1,-1.5844,False,False,-0.01595,True
Blk1.1,B11-M-278,CCPI,EM14,2025-05-01,2025-06-01,2,190.1773,194.5,195.6,-2.21,False,False,-0.02222,False
Blk1.1,B11-M-278,CCPI,EM14,2025-05-01,2025-07-01,3,190.5962,194.1,194.7,-1.7996,False,False,-0.01805,True
Blk1.1,B11-M-278,CCPI,EM14,2025-05-01,2025-08-01,4,191.1536,193.3,191.1,-1.1232,False,False,-0.0111,True
Blk1.1,B11-M-278,CCPI,EM14,2025-05-01,2025-09-01,5,191.3929,193.7,190.9,-1.2086,False,False,-0.01191,True
Blk1.1,B11-M-278,CCPI,EM14,2025-05-01,2025-10-01,6,191.4058,193.8,189.9,-1.2608,False,False,-0.01235,True
Blk1.1,B11-M-278,CCPI,EM14,2025-05-01,2025-11-01,7,191.5436,193.4,189.4,-0.9802,True,True,-0.0096,True
Blk1.1,B11-M-278,CCPI,EM14,2025-05-01,2025-12-01,8,191.5907,195.8,191.7,-2.1958,False,False,-0.0215,False
Blk1.1,B11-M-278,CCPI,EM14,2025-05-01,2026-01-01,9,191.4619,197.0,192.6,-2.8754,False,False,-0.02811,False
Blk1.1,B11-M-278,CCPI,EM14,2025-05-01,2026-02-01,10,191.2219,195.3,192.2,-2.1218,False,False,-0.02088,False
Blk1.1,B11-M-278,CCPI,EM14,2025-05-01,2026-03-01,11,190.8163,195.8,191.6,-2.6011,False,False,-0.02545,False
Blk1.1,B11-M-278,CCPI,EM14,2025-05-01,2026-04-01,12,190.8443,201.6,191.2,-5.6254,False,False,-0.05335,False
Blk1.1,B11-M-279,CCPI,EM14,2025-06-01,2025-06-01,1,190.5745,194.5,195.6,-2.0069,False,False,-0.02018,False
Blk1.1,B11-M-279,CCPI,EM14,2025-06-01,2025-07-01,2,190.7274,194.1,194.7,-1.7322,False,False,-0.01738,True
Blk1.1,B11-M-279,CCPI,EM14,2025-06-01,2025-08-01,3,190.8276,193.3,191.1,-1.2938,False,False,-0.01279,True
Blk1.1,B11-M-279,CCPI,EM14,2025-06-01,2025-09-01,4,191.0649,193.7,190.9,-1.3804,False,False,-0.0136,True
Blk1.1,B11-M-279,CCPI,EM14,2025-06-01,2025-10-01,5,190.6841,193.8,189.9,-1.6408,False,False,-0.01608,True
Blk1.1,B11-M-279,CCPI,EM14,2025-06-01,2025-11-01,6,190.3435,193.4,189.4,-1.6138,False,False,-0.0158,True
Blk1.1,B11-M-279,CCPI,EM14,2025-06-01,2025-12-01,7,190.1033,195.8,191.7,-2.9717,False,False,-0.02909,False
Blk1.1,B11-M-279,CCPI,EM14,2025-06-01,2026-01-01,8,189.9443,197.0,192.6,-3.6634,False,False,-0.03582,False
Blk1.1,B11-M-279,CCPI,EM14,2025-06-01,2026-02-01,9,189.601,195.3,192.2,-2.9652,False,False,-0.02918,False
Blk1.1,B11-M-279,CCPI,EM14,2025-06-01,2026-03-01,10,189.2535,195.8,191.6,-3.4168,False,False,-0.03343,False
Blk1.1,B11-M-279,CCPI,EM14,2025-06-01,2026-04-01,11,189.4493,201.6,191.2,-6.355,False,False,-0.06027,False
Blk1.1,B11-M-279,CCPI,EM14,2025-06-01,2026-05-01,12,189.5675,203.4,192.8,-7.1745,False,False,-0.06801,False
Blk1.1,B11-M-280,CCPI,EM14,2025-07-01,2025-07-01,1,192.8098,194.1,194.7,-0.6627,True,True,-0.00665,True
Blk1.1,B11-M-280,CCPI,EM14,2025-07-01,2025-08-01,2,192.3728,193.3,191.1,-0.4852,True,True,-0.0048,True
Blk1.1,B11-M-280,CCPI,EM14,2025-07-01,2025-09-01,3,192.9432,193.7,190.9,-0.3965,True,True,-0.00391,True
Blk1.1,B11-M-280,CCPI,EM14,2025-07-01,2025-10-01,4,193.2954,193.8,189.9,-0.2657,True,True,-0.0026,True
Blk1.1,B11-M-280,CCPI,EM14,2025-07-01,2025-11-01,5,193.5053,193.4,189.4,0.0556,True,True,0.00054,True
Blk1.1,B11-M-280,CCPI,EM14,2025-07-01,2025-12-01,6,193.727,195.8,191.7,-1.0814,False,False,-0.01059,True
Blk1.1,B11-M-280,CCPI,EM14,2025-07-01,2026-01-01,7,194.1734,197.0,192.6,-1.4676,False,False,-0.01435,True
Blk1.1,B11-M-280,CCPI,EM14,2025-07-01,2026-02-01,8,193.851,195.3,192.2,-0.7539,True,True,-0.00742,True
Blk1.1,B11-M-280,CCPI,EM14,2025-07-01,2026-03-01,9,193.6498,195.8,191.6,-1.1222,False,False,-0.01098,True
Blk1.1,B11-M-280,CCPI,EM14,2025-07-01,2026-04-01,10,193.2756,201.6,191.2,-4.3538,False,False,-0.04129,False
Blk1.1,B11-M-280,CCPI,EM14,2025-07-01,2026-05-01,11,194.4349,203.4,192.8,-4.6499,False,False,-0.04408,False
Blk1.1,B11-M-280,CCPI,EM14,2025-07-01,2026-06-01,12,195.7725,207.7,194.5,-6.1324,False,False,-0.05743,False
Blk1.1,B11-M-281,CCPI,EM14,2025-08-01,2025-08-01,1,190.0318,193.3,191.1,-1.7102,False,False,-0.01691,True
Blk1.1,B11-M-281,CCPI,EM14,2025-08-01,2025-09-01,2,190.1491,193.7,190.9,-1.8601,False,False,-0.01833,True
Blk1.1,B11-M-281,CCPI,EM14,2025-08-01,2025-10-01,3,190.4047,193.8,189.9,-1.7879,False,False,-0.01752,True
Blk1.1,B11-M-281,CCPI,EM14,2025-08-01,2025-11-01,4,190.3922,193.4,189.4,-1.5881,False,False,-0.01555,True
Blk1.1,B11-M-281,CCPI,EM14,2025-08-01,2025-12-01,5,191.2568,195.8,191.7,-2.3699,False,False,-0.0232,False
Blk1.1,B11-M-281,CCPI,EM14,2025-08-01,2026-01-01,6,191.9397,197.0,192.6,-2.6274,False,False,-0.02569,False
Blk1.1,B11-M-281,CCPI,EM14,2025-08-01,2026-02-01,7,192.1262,195.3,192.2,-1.6513,False,False,-0.01625,True
Blk1.1,B11-M-281,CCPI,EM14,2025-08-01,2026-03-01,8,192.24,195.8,191.6,-1.858,False,False,-0.01818,True
Blk1.1,B11-M-281,CCPI,EM14,2025-08-01,2026-04-01,9,192.06,201.6,191.2,-4.9895,False,False,-0.04732,False
Blk1.1,B11-M-281,CCPI,EM14,2025-08-01,2026-05-01,10,191.5969,203.4,192.8,-6.1219,False,False,-0.05803,False
Blk1.1,B11-M-281,CCPI,EM14,2025-08-01,2026-06-01,11,192.8309,207.7,194.5,-7.6448,False,False,-0.07159,False
Blk1.1,B11-M-281,CCPI,EM14,2025-08-01,2026-07-01,12,192.9633,208.2,194.1,-7.8499,False,False,-0.07318,False
Blk1.1,B11-M-282,CCPI,EM14,2025-09-01,2025-09-01,1,194.1109,193.7,190.9,0.2152,True,True,0.00212,True
Blk1.1,B11-M-282,CCPI,EM14,2025-09-01,2025-10-01,2,194.4549,193.8,189.9,0.3449,True,True,0.00338,True
Blk1.1,B11-M-282,CCPI,EM14,2025-09-01,2025-11-01,3,194.2514,193.4,189.4,0.4495,True,True,0.0044,True
Blk1.1,B11-M-282,CCPI,EM14,2025-09-01,2025-12-01,4,194.406,195.8,191.7,-0.7272,True,True,-0.00712,True
Blk1.1,B11-M-282,CCPI,EM14,2025-09-01,2026-01-01,5,195.751,197.0,192.6,-0.6485,True,True,-0.00634,True
Blk1.1,B11-M-282,CCPI,EM14,2025-09-01,2026-02-01,6,195.823,195.3,192.2,0.2721,True,True,0.00268,True
Blk1.1,B11-M-282,CCPI,EM14,2025-09-01,2026-03-01,7,197.1896,195.8,191.6,0.7253,True,True,0.0071,True
Blk1.1,B11-M-282,CCPI,EM14,2025-09-01,2026-04-01,8,200.2886,201.6,191.2,-0.6859,True,True,-0.0065,True
Blk1.1,B11-M-282,CCPI,EM14,2025-09-01,2026-05-01,9,200.8094,203.4,192.8,-1.3437,False,False,-0.01274,True
Blk1.1,B11-M-282,CCPI,EM14,2025-09-01,2026-06-01,10,200.3936,207.7,194.5,-3.7565,False,False,-0.03518,False
Blk1.1,B11-M-282,CCPI,EM14,2025-09-01,2026-07-01,11,201.7783,208.2,194.1,-3.3084,False,False,-0.03084,False
Blk1.1,B11-M-282,CCPI,EM14,2025-09-01,2026-08-01,12,202.227,208.8,193.3,-3.4004,False,False,-0.03148,False
Blk2.1,B21-M-001,HCPI,EM12,2024-05-01,2024-05-01,1,210.2771,206.3,203.1,1.9582,False,False,0.01928,True
Blk2.1,B21-M-001,HCPI,EM12,2024-05-01,2024-06-01,2,210.543,208.1,203.3,1.2017,False,False,0.01174,True
Blk2.1,B21-M-001,HCPI,EM12,2024-05-01,2024-07-01,3,210.5663,206.9,201.9,1.8159,False,False,0.01772,True
Blk2.1,B21-M-001,HCPI,EM12,2024-05-01,2024-08-01,4,210.431,204.1,201.9,3.1357,False,False,0.03102,False
Blk2.1,B21-M-001,HCPI,EM12,2024-05-01,2024-09-01,5,209.9436,203.1,203.5,3.363,False,False,0.0337,False
Blk2.1,B21-M-001,HCPI,EM12,2024-05-01,2024-10-01,6,209.7569,202.1,203.6,3.7608,False,False,0.03789,False
Blk2.1,B21-M-001,HCPI,EM12,2024-05-01,2024-11-01,7,210.295,202.4,206.0,3.8325,False,False,0.03901,False
Blk2.1,B21-M-001,HCPI,EM12,2024-05-01,2024-12-01,8,210.7311,204.6,208.8,2.9364,False,False,0.02997,False
Blk2.1,B21-M-001,HCPI,EM12,2024-05-01,2025-01-01,9,211.0113,206.4,215.0,2.1448,False,False,0.02234,False
Blk2.1,B21-M-001,HCPI,EM12,2024-05-01,2025-02-01,10,210.8233,206.2,214.5,2.1554,False,False,0.02242,False
Blk2.1,B21-M-001,HCPI,EM12,2024-05-01,2025-03-01,11,210.9645,206.0,210.0,2.364,False,False,0.0241,False
Blk2.1,B21-M-001,HCPI,EM12,2024-05-01,2025-04-01,12,210.9161,206.5,208.2,2.1211,False,False,0.02139,False
Blk2.1,B21-M-034,FCPI,EM11,2024-05-01,2024-05-01,1,231.555,227.3,226.1,1.8819,False,False,0.01872,True
Blk2.1,B21-M-034,FCPI,EM11,2024-05-01,2024-06-01,2,233.5276,232.8,228.4,0.3186,True,True,0.00313,True
Blk2.1,B21-M-034,FCPI,EM11,2024-05-01,2024-07-01,3,233.9328,234.0,227.5,-0.0295,True,True,-0.00029,True
Blk2.1,B21-M-034,FCPI,EM11,2024-05-01,2024-08-01,4,232.9447,229.7,224.6,1.4446,False,False,0.01413,True
Blk2.1,B21-M-034,FCPI,EM11,2024-05-01,2024-09-01,5,233.0454,227.9,226.7,2.2697,False,False,0.02258,False
Blk2.1,B21-M-034,FCPI,EM11,2024-05-01,2024-10-01,6,232.5734,227.1,224.1,2.4424,False,False,0.0241,False
Blk2.1,B21-M-034,FCPI,EM11,2024-05-01,2024-11-01,7,234.8729,228.0,228.1,3.0131,False,False,0.03014,False
Blk2.1,B21-M-034,FCPI,EM11,2024-05-01,2024-12-01,8,237.3613,233.9,236.2,1.4654,False,False,0.0148,True
Blk2.1,B21-M-034,FCPI,EM11,2024-05-01,2025-01-01,9,238.2888,236.3,242.4,0.8205,True,True,0.00842,True
Blk2.1,B21-M-034,FCPI,EM11,2024-05-01,2025-02-01,10,237.0981,236.8,239.5,0.1245,True,True,0.00126,True
Blk2.1,B21-M-034,FCPI,EM11,2024-05-01,2025-03-01,11,236.3266,236.2,234.4,0.054,True,True,0.00054,True
Blk2.1,B21-M-034,FCPI,EM11,2024-05-01,2025-04-01,12,236.8147,237.8,231.1,-0.4263,True,True,-0.00414,True
Blk2.1,B21-M-067,CCPI,EM12,2024-05-01,2024-05-01,1,196.7525,194.1,192.3,1.3793,False,False,0.01367,True
Blk2.1,B21-M-067,CCPI,EM12,2024-05-01,2024-06-01,2,196.5995,195.6,192.3,0.5197,True,True,0.00511,True
Blk2.1,B21-M-067,CCPI,EM12,2024-05-01,2024-07-01,3,196.947,194.7,190.2,1.1814,False,False,0.01154,True
Blk2.1,B21-M-067,CCPI,EM12,2024-05-01,2024-08-01,4,197.0359,191.1,190.1,3.1225,False,False,0.03106,False
Blk2.1,B21-M-067,CCPI,EM12,2024-05-01,2024-09-01,5,196.6743,190.9,191.8,3.0106,False,False,0.03025,False
Blk2.1,B21-M-067,CCPI,EM12,2024-05-01,2024-10-01,6,196.5088,189.9,191.4,3.4529,False,False,0.0348,False
Blk2.1,B21-M-067,CCPI,EM12,2024-05-01,2024-11-01,7,197.1404,189.4,193.4,4.0022,False,False,0.04087,False
Blk2.1,B21-M-067,CCPI,EM12,2024-05-01,2024-12-01,8,197.6333,191.7,195.1,3.0412,False,False,0.03095,False
Blk2.1,B21-M-067,CCPI,EM12,2024-05-01,2025-01-01,9,198.2687,192.6,200.7,2.8245,False,False,0.02943,False
Blk2.1,B21-M-067,CCPI,EM12,2024-05-01,2025-02-01,10,198.0427,192.2,200.6,2.9126,False,False,0.0304,False
Blk2.1,B21-M-067,CCPI,EM12,2024-05-01,2025-03-01,11,198.497,191.6,196.7,3.5064,False,False,0.036,False
Blk2.1,B21-M-067,CCPI,EM12,2024-05-01,2025-04-01,12,199.0026,191.2,195.2,3.9972,False,False,0.04081,False
Blk2.1,B21-M-002,HCPI,EM12,2024-06-01,2024-06-01,1,206.9434,208.1,203.3,-0.5689,True,True,-0.00556,True
Blk2.1,B21-M-002,HCPI,EM12,2024-06-01,2024-07-01,2,207.0811,206.9,201.9,0.0897,True,True,0.00088,True
Blk2.1,B21-M-002,HCPI,EM12,2024-06-01,2024-08-01,3,207.2903,204.1,201.9,1.5801,False,False,0.01563,True
Blk2.1,B21-M-002,HCPI,EM12,2024-06-01,2024-09-01,4,207.5032,203.1,203.5,2.1637,False,False,0.02168,False
Blk2.1,B21-M-002,HCPI,EM12,2024-06-01,2024-10-01,5,207.4554,202.1,203.6,2.6303,False,False,0.0265,False
Blk2.1,B21-M-002,HCPI,EM12,2024-06-01,2024-11-01,6,207.3806,202.4,206.0,2.4177,False,False,0.02461,False
Blk2.1,B21-M-002,HCPI,EM12,2024-06-01,2024-12-01,7,208.0408,204.6,208.8,1.6479,False,False,0.01682,True
Blk2.1,B21-M-002,HCPI,EM12,2024-06-01,2025-01-01,8,208.7448,206.4,215.0,1.0906,False,False,0.01136,True
Blk2.1,B21-M-002,HCPI,EM12,2024-06-01,2025-02-01,9,209.2043,206.2,214.5,1.4006,False,False,0.01457,True
Blk2.1,B21-M-002,HCPI,EM12,2024-06-01,2025-03-01,10,209.3301,206.0,210.0,1.5858,False,False,0.01617,True
Blk2.1,B21-M-002,HCPI,EM12,2024-06-01,2025-04-01,11,209.6471,206.5,208.2,1.5116,False,False,0.01524,True
Blk2.1,B21-M-002,HCPI,EM12,2024-06-01,2025-05-01,12,209.842,207.5,206.3,1.1353,False,False,0.01129,True
Blk2.1,B21-M-003,HCPI,EM12,2024-07-01,2024-07-01,1,209.0061,206.9,201.9,1.0432,False,False,0.01018,True
Blk2.1,B21-M-003,HCPI,EM12,2024-07-01,2024-08-01,2,208.7377,204.1,201.9,2.297,False,False,0.02272,False
Blk2.1,B21-M-003,HCPI,EM12,2024-07-01,2024-09-01,3,208.9309,203.1,203.5,2.8653,False,False,0.02871,False
Blk2.1,B21-M-003,HCPI,EM12,2024-07-01,2024-10-01,4,209.2307,202.1,203.6,3.5023,False,False,0.03528,False
Blk2.1,B21-M-003,HCPI,EM12,2024-07-01,2024-11-01,5,209.7515,202.4,206.0,3.5687,False,False,0.03632,False
Blk2.1,B21-M-003,HCPI,EM12,2024-07-01,2024-12-01,6,210.2415,204.6,208.8,2.7019,False,False,0.02757,False
Blk2.1,B21-M-003,HCPI,EM12,2024-07-01,2025-01-01,7,210.9429,206.4,215.0,2.113,False,False,0.02201,False
Blk2.1,B21-M-003,HCPI,EM12,2024-07-01,2025-02-01,8,210.7587,206.2,214.5,2.1253,False,False,0.02211,False
Blk2.1,B21-M-003,HCPI,EM12,2024-07-01,2025-03-01,9,210.5639,206.0,210.0,2.1733,False,False,0.02215,False
Blk2.1,B21-M-003,HCPI,EM12,2024-07-01,2025-04-01,10,211.1941,206.5,208.2,2.2546,False,False,0.02273,False
Blk2.1,B21-M-003,HCPI,EM12,2024-07-01,2025-05-01,11,212.3559,207.5,206.3,2.3538,False,False,0.0234,False
Blk2.1,B21-M-003,HCPI,EM12,2024-07-01,2025-06-01,12,213.5955,208.7,208.1,2.3525,False,False,0.02346,False
Blk2.1,B21-M-004,HCPI,EM12,2024-08-01,2024-08-01,1,207.2055,204.1,201.9,1.5381,False,False,0.01522,True
Blk2.1,B21-M-004,HCPI,EM12,2024-08-01,2024-09-01,2,207.6786,203.1,203.5,2.2499,False,False,0.02254,False
Blk2.1,B21-M-004,HCPI,EM12,2024-08-01,2024-10-01,3,208.2092,202.1,203.6,3.0006,False,False,0.03023,False
Blk2.1,B21-M-004,HCPI,EM12,2024-08-01,2024-11-01,4,208.9391,202.4,206.0,3.1743,False,False,0.03231,False
Blk2.1,B21-M-004,HCPI,EM12,2024-08-01,2024-12-01,5,209.6536,204.6,208.8,2.4203,False,False,0.0247,False
Blk2.1,B21-M-004,HCPI,EM12,2024-08-01,2025-01-01,6,210.4489,206.4,215.0,1.8832,False,False,0.01962,True
Blk2.1,B21-M-004,HCPI,EM12,2024-08-01,2025-02-01,7,210.7926,206.2,214.5,2.1411,False,False,0.02227,False
Blk2.1,B21-M-004,HCPI,EM12,2024-08-01,2025-03-01,8,211.2035,206.0,210.0,2.4779,False,False,0.02526,False
Blk2.1,B21-M-004,HCPI,EM12,2024-08-01,2025-04-01,9,211.9454,206.5,208.2,2.6155,False,False,0.02637,False
Blk2.1,B21-M-004,HCPI,EM12,2024-08-01,2025-05-01,10,212.8624,207.5,206.3,2.5993,False,False,0.02584,False
Blk2.1,B21-M-004,HCPI,EM12,2024-08-01,2025-06-01,11,213.8793,208.7,208.1,2.4889,False,False,0.02482,False
Blk2.1,B21-M-004,HCPI,EM12,2024-08-01,2025-07-01,12,214.4164,208.3,206.9,2.9562,False,False,0.02936,False
Blk2.1,B21-M-005,HCPI,EM12,2024-09-01,2024-09-01,1,204.4263,203.1,203.5,0.6518,True,True,0.00653,True
Blk2.1,B21-M-005,HCPI,EM12,2024-09-01,2024-10-01,2,204.9382,202.1,203.6,1.394,False,False,0.01404,True
Blk2.1,B21-M-005,HCPI,EM12,2024-09-01,2024-11-01,3,206.1432,202.4,206.0,1.8171,False,False,0.01849,True
Blk2.1,B21-M-005,HCPI,EM12,2024-09-01,2024-12-01,4,207.1628,204.6,208.8,1.2274,False,False,0.01253,True
Blk2.1,B21-M-005,HCPI,EM12,2024-09-01,2025-01-01,5,208.3241,206.4,215.0,0.8949,True,True,0.00932,True
Blk2.1,B21-M-005,HCPI,EM12,2024-09-01,2025-02-01,6,207.5896,206.2,214.5,0.6478,True,True,0.00674,True
Blk2.1,B21-M-005,HCPI,EM12,2024-09-01,2025-03-01,7,206.5948,206.0,210.0,0.2833,True,True,0.00289,True
Blk2.1,B21-M-005,HCPI,EM12,2024-09-01,2025-04-01,8,207.7367,206.5,208.2,0.594,True,True,0.00599,True
Blk2.1,B21-M-005,HCPI,EM12,2024-09-01,2025-05-01,9,209.5737,207.5,206.3,1.0052,False,True,0.00999,True
Blk2.1,B21-M-005,HCPI,EM12,2024-09-01,2025-06-01,10,211.8534,208.7,208.1,1.5153,False,False,0.01511,True
Blk2.1,B21-M-005,HCPI,EM12,2024-09-01,2025-07-01,11,212.0137,208.3,206.9,1.7949,False,False,0.01783,True
Blk2.1,B21-M-005,HCPI,EM12,2024-09-01,2025-08-01,12,211.6941,207.2,204.1,2.2019,False,False,0.02169,False
Blk2.1,B21-M-006,HCPI,EM12,2024-10-01,2024-10-01,1,207.999,202.1,203.6,2.8973,False,False,0.02919,False
Blk2.1,B21-M-006,HCPI,EM12,2024-10-01,2024-11-01,2,208.9005,202.4,206.0,3.1556,False,False,0.03212,False
Blk2.1,B21-M-006,HCPI,EM12,2024-10-01,2024-12-01,3,209.4436,204.6,208.8,2.3197,False,False,0.02367,False
Blk2.1,B21-M-006,HCPI,EM12,2024-10-01,2025-01-01,4,210.6747,206.4,215.0,1.9882,False,False,0.02071,False
Blk2.1,B21-M-006,HCPI,EM12,2024-10-01,2025-02-01,5,209.7471,206.2,214.5,1.6537,False,False,0.0172,True
Blk2.1,B21-M-006,HCPI,EM12,2024-10-01,2025-03-01,6,208.8622,206.0,210.0,1.363,False,False,0.01389,True
Blk2.1,B21-M-006,HCPI,EM12,2024-10-01,2025-04-01,7,209.2964,206.5,208.2,1.3431,False,False,0.01354,True
Blk2.1,B21-M-006,HCPI,EM12,2024-10-01,2025-05-01,8,210.6225,207.5,206.3,1.5136,False,False,0.01505,True
Blk2.1,B21-M-006,HCPI,EM12,2024-10-01,2025-06-01,9,212.3364,208.7,208.1,1.7474,False,False,0.01742,True
Blk2.1,B21-M-006,HCPI,EM12,2024-10-01,2025-07-01,10,212.1739,208.3,206.9,1.8723,False,False,0.0186,True
Blk2.1,B21-M-006,HCPI,EM12,2024-10-01,2025-08-01,11,211.584,207.2,204.1,2.148,False,False,0.02116,False
Blk2.1,B21-M-006,HCPI,EM12,2024-10-01,2025-09-01,12,211.5448,207.4,203.1,2.0407,False,False,0.01998,True
Blk2.1,B21-M-007,HCPI,EM12,2024-11-01,2024-11-01,1,207.9905,202.4,206.0,2.7138,False,False,0.02762,False
Blk2.1,B21-M-007,HCPI,EM12,2024-11-01,2024-12-01,2,208.0397,204.6,208.8,1.6474,False,False,0.01681,True
Blk2.1,B21-M-007,HCPI,EM12,2024-11-01,2025-01-01,3,208.6563,206.4,215.0,1.0495,False,False,0.01093,True
Blk2.1,B21-M-007,HCPI,EM12,2024-11-01,2025-02-01,4,208.4966,206.2,214.5,1.0707,False,False,0.01114,True
Blk2.1,B21-M-007,HCPI,EM12,2024-11-01,2025-03-01,5,208.3646,206.0,210.0,1.126,False,False,0.01148,True
Blk2.1,B21-M-007,HCPI,EM12,2024-11-01,2025-04-01,6,208.2601,206.5,208.2,0.8454,True,True,0.00852,True
Blk2.1,B21-M-007,HCPI,EM12,2024-11-01,2025-05-01,7,208.4288,207.5,206.3,0.4502,True,True,0.00448,True
Blk2.1,B21-M-007,HCPI,EM12,2024-11-01,2025-06-01,8,208.5591,208.7,208.1,-0.0677,True,True,-0.00068,True
Blk2.1,B21-M-007,HCPI,EM12,2024-11-01,2025-07-01,9,208.5402,208.3,206.9,0.1161,True,True,0.00115,True
Blk2.1,B21-M-007,HCPI,EM12,2024-11-01,2025-08-01,10,208.329,207.2,204.1,0.5531,True,True,0.00545,True
Blk2.1,B21-M-007,HCPI,EM12,2024-11-01,2025-09-01,11,208.2247,207.4,203.1,0.406,True,True,0.00398,True
Blk2.1,B21-M-007,HCPI,EM12,2024-11-01,2025-10-01,12,208.1935,207.5,202.1,0.3431,True,True,0.00334,True
Blk2.1,B21-M-008,HCPI,EM12,2024-12-01,2024-12-01,1,206.4744,204.6,208.8,0.8977,True,True,0.00916,True
Blk2.1,B21-M-008,HCPI,EM12,2024-12-01,2025-01-01,2,206.9455,206.4,215.0,0.2537,True,True,0.00264,True
Blk2.1,B21-M-008,HCPI,EM12,2024-12-01,2025-02-01,3,206.7345,206.2,214.5,0.2492,True,True,0.00259,True
Blk2.1,B21-M-008,HCPI,EM12,2024-12-01,2025-03-01,4,206.3376,206.0,210.0,0.1608,True,True,0.00164,True
Blk2.1,B21-M-008,HCPI,EM12,2024-12-01,2025-04-01,5,206.4468,206.5,208.2,-0.0255,True,True,-0.00026,True
Blk2.1,B21-M-008,HCPI,EM12,2024-12-01,2025-05-01,6,206.5702,207.5,206.3,-0.4507,True,True,-0.00448,True
Blk2.1,B21-M-008,HCPI,EM12,2024-12-01,2025-06-01,7,207.1858,208.7,208.1,-0.7276,True,True,-0.00726,True
Blk2.1,B21-M-008,HCPI,EM12,2024-12-01,2025-07-01,8,207.152,208.3,206.9,-0.5549,True,True,-0.00551,True
Blk2.1,B21-M-008,HCPI,EM12,2024-12-01,2025-08-01,9,207.113,207.2,204.1,-0.0426,True,True,-0.00042,True
Blk2.1,B21-M-008,HCPI,EM12,2024-12-01,2025-09-01,10,206.8763,207.4,203.1,-0.2578,True,True,-0.00253,True
Blk2.1,B21-M-008,HCPI,EM12,2024-12-01,2025-10-01,11,206.7998,207.5,202.1,-0.3465,True,True,-0.00337,True
Blk2.1,B21-M-008,HCPI,EM12,2024-12-01,2025-11-01,12,207.0016,207.2,202.4,-0.098,True,True,-0.00096,True
Blk2.1,B21-M-009,HCPI,EM12,2025-01-01,2025-01-01,1,205.0456,206.4,215.0,-0.63,True,True,-0.00656,True
Blk2.1,B21-M-009,HCPI,EM12,2025-01-01,2025-02-01,2,204.9731,206.2,214.5,-0.572,True,True,-0.00595,True
Blk2.1,B21-M-009,HCPI,EM12,2025-01-01,2025-03-01,3,204.8937,206.0,210.0,-0.5268,True,True,-0.00537,True
Blk2.1,B21-M-009,HCPI,EM12,2025-01-01,2025-04-01,4,204.7813,206.5,208.2,-0.8255,True,True,-0.00832,True
Blk2.1,B21-M-009,HCPI,EM12,2025-01-01,2025-05-01,5,204.7698,207.5,206.3,-1.3234,False,False,-0.01316,True
Blk2.1,B21-M-009,HCPI,EM12,2025-01-01,2025-06-01,6,204.773,208.7,208.1,-1.8871,False,False,-0.01882,True
Blk2.1,B21-M-009,HCPI,EM12,2025-01-01,2025-07-01,7,204.8789,208.3,206.9,-1.6535,False,False,-0.01642,True
Blk2.1,B21-M-009,HCPI,EM12,2025-01-01,2025-08-01,8,204.9599,207.2,204.1,-1.0975,False,False,-0.01081,True
Blk2.1,B21-M-009,HCPI,EM12,2025-01-01,2025-09-01,9,205.3512,207.4,203.1,-1.0088,False,True,-0.00988,True
Blk2.1,B21-M-009,HCPI,EM12,2025-01-01,2025-10-01,10,205.1894,207.5,202.1,-1.1433,False,False,-0.01114,True
Blk2.1,B21-M-009,HCPI,EM12,2025-01-01,2025-11-01,11,205.2194,207.2,202.4,-0.9785,True,True,-0.00956,True
Blk2.1,B21-M-009,HCPI,EM12,2025-01-01,2025-12-01,12,205.1307,210.5,204.6,-2.6243,False,False,-0.02551,False
Blk2.1,B21-M-010,HCPI,EM12,2025-02-01,2025-02-01,1,206.4,206.2,214.5,0.0932,True,True,0.00097,True
Blk2.1,B21-M-010,HCPI,EM12,2025-02-01,2025-03-01,2,206.4,206.0,210.0,0.1905,True,True,0.00194,True
Blk2.1,B21-M-010,HCPI,EM12,2025-02-01,2025-04-01,3,206.4,206.5,208.2,-0.048,True,True,-0.00048,True
Blk2.1,B21-M-010,HCPI,EM12,2025-02-01,2025-05-01,4,206.4,207.5,206.3,-0.5332,True,True,-0.0053,True
Blk2.1,B21-M-010,HCPI,EM12,2025-02-01,2025-06-01,5,206.4,208.7,208.1,-1.1052,False,False,-0.01102,True
Blk2.1,B21-M-010,HCPI,EM12,2025-02-01,2025-07-01,6,206.4,208.3,206.9,-0.9183,True,True,-0.00912,True
Blk2.1,B21-M-010,HCPI,EM12,2025-02-01,2025-08-01,7,206.4,207.2,204.1,-0.392,True,True,-0.00386,True
Blk2.1,B21-M-010,HCPI,EM12,2025-02-01,2025-09-01,8,206.4,207.4,203.1,-0.4924,True,True,-0.00482,True
Blk2.1,B21-M-010,HCPI,EM12,2025-02-01,2025-10-01,9,206.4,207.5,202.1,-0.5443,True,True,-0.0053,True
Blk2.1,B21-M-010,HCPI,EM12,2025-02-01,2025-11-01,10,206.4,207.2,202.4,-0.3953,True,True,-0.00386,True
Blk2.1,B21-M-010,HCPI,EM12,2025-02-01,2025-12-01,11,206.4,210.5,204.6,-2.0039,False,False,-0.01948,True
Blk2.1,B21-M-010,HCPI,EM12,2025-02-01,2026-01-01,12,206.4,211.4,206.4,-2.4225,False,False,-0.02365,False
Blk2.1,B21-M-011,HCPI,EM12,2025-03-01,2025-03-01,1,201.9577,206.0,210.0,-1.9249,False,False,-0.01962,True
Blk2.1,B21-M-011,HCPI,EM12,2025-03-01,2025-04-01,2,202.6054,206.5,208.2,-1.8706,False,False,-0.01886,True
Blk2.1,B21-M-011,HCPI,EM12,2025-03-01,2025-05-01,3,202.2736,207.5,206.3,-2.5334,False,False,-0.02519,False
Blk2.1,B21-M-011,HCPI,EM12,2025-03-01,2025-06-01,4,202.9772,208.7,208.1,-2.75,False,False,-0.02742,False
Blk2.1,B21-M-011,HCPI,EM12,2025-03-01,2025-07-01,5,203.5001,208.3,206.9,-2.3199,False,False,-0.02304,False
Blk2.1,B21-M-011,HCPI,EM12,2025-03-01,2025-08-01,6,203.7153,207.2,204.1,-1.7074,False,False,-0.01682,True
Blk2.1,B21-M-011,HCPI,EM12,2025-03-01,2025-09-01,7,204.5901,207.4,203.1,-1.3835,False,False,-0.01355,True
Blk2.1,B21-M-011,HCPI,EM12,2025-03-01,2025-10-01,8,204.4804,207.5,202.1,-1.4941,False,False,-0.01455,True
Blk2.1,B21-M-011,HCPI,EM12,2025-03-01,2025-11-01,9,205.4622,207.2,202.4,-0.8586,True,True,-0.00839,True
Blk2.1,B21-M-011,HCPI,EM12,2025-03-01,2025-12-01,10,205.5738,210.5,204.6,-2.4077,False,False,-0.0234,False
Blk2.1,B21-M-011,HCPI,EM12,2025-03-01,2026-01-01,11,206.251,211.4,206.4,-2.4947,False,False,-0.02436,False
Blk2.1,B21-M-011,HCPI,EM12,2025-03-01,2026-02-01,12,207.4098,209.4,206.2,-0.9652,True,True,-0.0095,True
Blk2.1,B21-M-012,HCPI,EM11,2024-05-01,2024-05-01,1,210.3829,206.3,203.1,2.0103,False,False,0.01979,True
Blk2.1,B21-M-012,HCPI,EM11,2024-05-01,2024-06-01,2,210.7241,208.1,203.3,1.2907,False,False,0.01261,True
Blk2.1,B21-M-012,HCPI,EM11,2024-05-01,2024-07-01,3,210.7242,206.9,201.9,1.8941,False,False,0.01848,True
Blk2.1,B21-M-012,HCPI,EM11,2024-05-01,2024-08-01,4,210.5638,204.1,201.9,3.2015,False,False,0.03167,False
Blk2.1,B21-M-012,HCPI,EM11,2024-05-01,2024-09-01,5,210.193,203.1,203.5,3.4855,False,False,0.03492,False
Blk2.1,B21-M-012,HCPI,EM11,2024-05-01,2024-10-01,6,210.0631,202.1,203.6,3.9111,False,False,0.0394,False
Blk2.1,B21-M-012,HCPI,EM11,2024-05-01,2024-11-01,7,210.5787,202.4,206.0,3.9703,False,False,0.04041,False
Blk2.1,B21-M-012,HCPI,EM11,2024-05-01,2024-12-01,8,211.0103,204.6,208.8,3.0701,False,False,0.03133,False
Blk2.1,B21-M-012,HCPI,EM11,2024-05-01,2025-01-01,9,211.2879,206.4,215.0,2.2734,False,False,0.02368,False
Blk2.1,B21-M-012,HCPI,EM11,2024-05-01,2025-02-01,10,210.9872,206.2,214.5,2.2318,False,False,0.02322,False
Blk2.1,B21-M-012,HCPI,EM11,2024-05-01,2025-03-01,11,211.055,206.0,210.0,2.4072,False,False,0.02454,False
Blk2.1,B21-M-012,HCPI,EM11,2024-05-01,2025-04-01,12,211.1393,206.5,208.2,2.2283,False,False,0.02247,False
Blk2.1,B21-M-013,HCPI,EM11,2024-06-01,2024-06-01,1,208.5377,208.1,203.3,0.2153,True,True,0.0021,True
Blk2.1,B21-M-013,HCPI,EM11,2024-06-01,2024-07-01,2,208.7877,206.9,201.9,0.935,True,True,0.00912,True
Blk2.1,B21-M-013,HCPI,EM11,2024-06-01,2024-08-01,3,209.0029,204.1,201.9,2.4284,False,False,0.02402,False
Blk2.1,B21-M-013,HCPI,EM11,2024-06-01,2024-09-01,4,209.4198,203.1,203.5,3.1056,False,False,0.03112,False
Blk2.1,B21-M-013,HCPI,EM11,2024-06-01,2024-10-01,5,209.5179,202.1,203.6,3.6434,False,False,0.0367,False
Blk2.1,B21-M-013,HCPI,EM11,2024-06-01,2024-11-01,6,209.9435,202.4,206.0,3.6619,False,False,0.03727,False
Blk2.1,B21-M-013,HCPI,EM11,2024-06-01,2024-12-01,7,210.7591,204.6,208.8,2.9498,False,False,0.0301,False
Blk2.1,B21-M-013,HCPI,EM11,2024-06-01,2025-01-01,8,211.6364,206.4,215.0,2.4355,False,False,0.02537,False
Blk2.1,B21-M-013,HCPI,EM11,2024-06-01,2025-02-01,9,211.8947,206.2,214.5,2.6549,False,False,0.02762,False
Blk2.1,B21-M-013,HCPI,EM11,2024-06-01,2025-03-01,10,211.9229,206.0,210.0,2.8204,False,False,0.02875,False
Blk2.1,B21-M-013,HCPI,EM11,2024-06-01,2025-04-01,11,212.6848,206.5,208.2,2.9706,False,False,0.02995,False
Blk2.1,B21-M-013,HCPI,EM11,2024-06-01,2025-05-01,12,213.5306,207.5,206.3,2.9232,False,False,0.02906,False
Blk2.1,B21-M-014,HCPI,EM11,2024-07-01,2024-07-01,1,209.0891,206.9,201.9,1.0843,False,False,0.01058,True
Blk2.1,B21-M-014,HCPI,EM11,2024-07-01,2024-08-01,2,209.1203,204.1,201.9,2.4865,False,False,0.0246,False
Blk2.1,B21-M-014,HCPI,EM11,2024-07-01,2024-09-01,3,209.444,203.1,203.5,3.1174,False,False,0.03124,False
Blk2.1,B21-M-014,HCPI,EM11,2024-07-01,2024-10-01,4,209.7874,202.1,203.6,3.7758,False,False,0.03804,False
Blk2.1,B21-M-014,HCPI,EM11,2024-07-01,2024-11-01,5,210.2529,202.4,206.0,3.8121,False,False,0.0388,False
Blk2.1,B21-M-014,HCPI,EM11,2024-07-01,2024-12-01,6,210.7447,204.6,208.8,2.9429,False,False,0.03003,False
Blk2.1,B21-M-014,HCPI,EM11,2024-07-01,2025-01-01,7,211.409,206.4,215.0,2.3298,False,False,0.02427,False
Blk2.1,B21-M-014,HCPI,EM11,2024-07-01,2025-02-01,8,211.534,206.2,214.5,2.4867,False,False,0.02587,False
Blk2.1,B21-M-014,HCPI,EM11,2024-07-01,2025-03-01,9,211.5974,206.0,210.0,2.6654,False,False,0.02717,False
Blk2.1,B21-M-014,HCPI,EM11,2024-07-01,2025-04-01,10,212.2285,206.5,208.2,2.7515,False,False,0.02774,False
Blk2.1,B21-M-014,HCPI,EM11,2024-07-01,2025-05-01,11,213.2074,207.5,206.3,2.7666,False,False,0.02751,False
Blk2.1,B21-M-014,HCPI,EM11,2024-07-01,2025-06-01,12,214.2682,208.7,208.1,2.6758,False,False,0.02668,False
Blk2.1,B21-M-015,HCPI,EM11,2024-08-01,2024-08-01,1,207.5418,204.1,201.9,1.7047,False,False,0.01686,True
Blk2.1,B21-M-015,HCPI,EM11,2024-08-01,2024-09-01,2,207.9884,203.1,203.5,2.4022,False,False,0.02407,False
Blk2.1,B21-M-015,HCPI,EM11,2024-08-01,2024-10-01,3,208.4672,202.1,203.6,3.1273,False,False,0.03151,False
Blk2.1,B21-M-015,HCPI,EM11,2024-08-01,2024-11-01,4,209.2293,202.4,206.0,3.3152,False,False,0.03374,False
Blk2.1,B21-M-015,HCPI,EM11,2024-08-01,2024-12-01,5,209.9748,204.6,208.8,2.5741,False,False,0.02627,False
Blk2.1,B21-M-015,HCPI,EM11,2024-08-01,2025-01-01,6,210.8238,206.4,215.0,2.0576,False,False,0.02143,False
Blk2.1,B21-M-015,HCPI,EM11,2024-08-01,2025-02-01,7,210.8383,206.2,214.5,2.1624,False,False,0.02249,False
Blk2.1,B21-M-015,HCPI,EM11,2024-08-01,2025-03-01,8,210.973,206.0,210.0,2.3681,False,False,0.02414,False
Blk2.1,B21-M-015,HCPI,EM11,2024-08-01,2025-04-01,9,211.8256,206.5,208.2,2.5579,False,False,0.02579,False
Blk2.1,B21-M-015,HCPI,EM11,2024-08-01,2025-05-01,10,212.9659,207.5,206.3,2.6495,False,False,0.02634,False
Blk2.1,B21-M-015,HCPI,EM11,2024-08-01,2025-06-01,11,214.3909,208.7,208.1,2.7347,False,False,0.02727,False
Blk2.1,B21-M-015,HCPI,EM11,2024-08-01,2025-07-01,12,214.9207,208.3,206.9,3.1999,False,False,0.03178,False
Blk2.1,B21-M-016,HCPI,EM11,2024-09-01,2024-09-01,1,204.6309,203.1,203.5,0.7523,True,True,0.00754,True
Blk2.1,B21-M-016,HCPI,EM11,2024-09-01,2024-10-01,2,205.001,202.1,203.6,1.4249,False,False,0.01435,True
Blk2.1,B21-M-016,HCPI,EM11,2024-09-01,2024-11-01,3,205.9305,202.4,206.0,1.7138,False,False,0.01744,True
Blk2.1,B21-M-016,HCPI,EM11,2024-09-01,2024-12-01,4,206.7415,204.6,208.8,1.0256,False,False,0.01047,True
Blk2.1,B21-M-016,HCPI,EM11,2024-09-01,2025-01-01,5,207.7297,206.4,215.0,0.6185,True,True,0.00644,True
Blk2.1,B21-M-016,HCPI,EM11,2024-09-01,2025-02-01,6,207.2907,206.2,214.5,0.5085,True,True,0.00529,True
Blk2.1,B21-M-016,HCPI,EM11,2024-09-01,2025-03-01,7,206.621,206.0,210.0,0.2957,True,True,0.00301,True
Blk2.1,B21-M-016,HCPI,EM11,2024-09-01,2025-04-01,8,207.5503,206.5,208.2,0.5045,True,True,0.00509,True
Blk2.1,B21-M-016,HCPI,EM11,2024-09-01,2025-05-01,9,209.0268,207.5,206.3,0.7401,True,True,0.00736,True
Blk2.1,B21-M-016,HCPI,EM11,2024-09-01,2025-06-01,10,210.8801,208.7,208.1,1.0476,False,False,0.01045,True
Blk2.1,B21-M-016,HCPI,EM11,2024-09-01,2025-07-01,11,211.1493,208.3,206.9,1.3771,False,False,0.01368,True
Blk2.1,B21-M-016,HCPI,EM11,2024-09-01,2025-08-01,12,211.0254,207.2,204.1,1.8743,False,False,0.01846,True
Blk2.1,B21-M-017,HCPI,EM11,2024-10-01,2024-10-01,1,205.3862,202.1,203.6,1.614,False,False,0.01626,True
Blk2.1,B21-M-017,HCPI,EM11,2024-10-01,2024-11-01,2,206.9346,202.4,206.0,2.2013,False,False,0.0224,False
Blk2.1,B21-M-017,HCPI,EM11,2024-10-01,2024-12-01,3,206.7375,204.6,208.8,1.0237,False,False,0.01045,True
Blk2.1,B21-M-017,HCPI,EM11,2024-10-01,2025-01-01,4,207.852,206.4,215.0,0.6754,True,True,0.00703,True
Blk2.1,B21-M-017,HCPI,EM11,2024-10-01,2025-02-01,5,208.127,206.2,214.5,0.8984,True,True,0.00935,True
Blk2.1,B21-M-017,HCPI,EM11,2024-10-01,2025-03-01,6,208.0585,206.0,210.0,0.9802,True,True,0.00999,True
Blk2.1,B21-M-017,HCPI,EM11,2024-10-01,2025-04-01,7,208.9583,206.5,208.2,1.1807,False,False,0.0119,True
Blk2.1,B21-M-017,HCPI,EM11,2024-10-01,2025-05-01,8,209.5991,207.5,206.3,1.0175,False,False,0.01012,True
Blk2.1,B21-M-017,HCPI,EM11,2024-10-01,2025-06-01,9,210.1744,208.7,208.1,0.7085,True,True,0.00706,True
Blk2.1,B21-M-017,HCPI,EM11,2024-10-01,2025-07-01,10,210.3006,208.3,206.9,0.9669,True,True,0.0096,True
Blk2.1,B21-M-017,HCPI,EM11,2024-10-01,2025-08-01,11,209.7453,207.2,204.1,1.2471,False,False,0.01228,True
Blk2.1,B21-M-017,HCPI,EM11,2024-10-01,2025-09-01,12,210.0333,207.4,203.1,1.2966,False,False,0.0127,True
Blk2.1,B21-M-018,HCPI,EM11,2024-11-01,2024-11-01,1,205.2574,202.4,206.0,1.3871,False,False,0.01412,True
Blk2.1,B21-M-018,HCPI,EM11,2024-11-01,2024-12-01,2,205.8456,204.6,208.8,0.5966,True,True,0.00609,True
Blk2.1,B21-M-018,HCPI,EM11,2024-11-01,2025-01-01,3,206.7226,206.4,215.0,0.15,True,True,0.00156,True
Blk2.1,B21-M-018,HCPI,EM11,2024-11-01,2025-02-01,4,207.2052,206.2,214.5,0.4686,True,True,0.00487,True
Blk2.1,B21-M-018,HCPI,EM11,2024-11-01,2025-03-01,5,207.6767,206.0,210.0,0.7984,True,True,0.00814,True
Blk2.1,B21-M-018,HCPI,EM11,2024-11-01,2025-04-01,6,206.9854,206.5,208.2,0.2332,True,True,0.00235,True
Blk2.1,B21-M-018,HCPI,EM11,2024-11-01,2025-05-01,7,207.4029,207.5,206.3,-0.047,True,True,-0.00047,True
Blk2.1,B21-M-018,HCPI,EM11,2024-11-01,2025-06-01,8,208.6358,208.7,208.1,-0.0308,True,True,-0.00031,True
Blk2.1,B21-M-018,HCPI,EM11,2024-11-01,2025-07-01,9,208.5299,208.3,206.9,0.1111,True,True,0.0011,True
Blk2.1,B21-M-018,HCPI,EM11,2024-11-01,2025-08-01,10,208.6635,207.2,204.1,0.717,True,True,0.00706,True
Blk2.1,B21-M-018,HCPI,EM11,2024-11-01,2025-09-01,11,207.8753,207.4,203.1,0.234,True,True,0.00229,True
Blk2.1,B21-M-018,HCPI,EM11,2024-11-01,2025-10-01,12,208.1667,207.5,202.1,0.3299,True,True,0.00321,True
Blk2.1,B21-M-019,HCPI,EM11,2024-12-01,2024-12-01,1,202.6423,204.6,208.8,-0.9376,True,True,-0.00957,True
Blk2.1,B21-M-019,HCPI,EM11,2024-12-01,2025-01-01,2,202.8535,206.4,215.0,-1.6495,False,False,-0.01718,True
Blk2.1,B21-M-019,HCPI,EM11,2024-12-01,2025-02-01,3,202.871,206.2,214.5,-1.552,False,False,-0.01614,True
Blk2.1,B21-M-019,HCPI,EM11,2024-12-01,2025-03-01,4,202.8263,206.0,210.0,-1.5113,False,False,-0.01541,True
Blk2.1,B21-M-019,HCPI,EM11,2024-12-01,2025-04-01,5,203.0458,206.5,208.2,-1.6591,False,False,-0.01673,True
Blk2.1,B21-M-019,HCPI,EM11,2024-12-01,2025-05-01,6,203.3654,207.5,206.3,-2.0042,False,False,-0.01993,True
Blk2.1,B21-M-019,HCPI,EM11,2024-12-01,2025-06-01,7,203.8162,208.7,208.1,-2.3469,False,False,-0.0234,False
Blk2.1,B21-M-019,HCPI,EM11,2024-12-01,2025-07-01,8,203.9288,208.3,206.9,-2.1127,False,False,-0.02099,False
Blk2.1,B21-M-019,HCPI,EM11,2024-12-01,2025-08-01,9,203.9579,207.2,204.1,-1.5885,False,False,-0.01565,True
Blk2.1,B21-M-019,HCPI,EM11,2024-12-01,2025-09-01,10,204.0849,207.4,203.1,-1.6323,False,False,-0.01598,True
Blk2.1,B21-M-019,HCPI,EM11,2024-12-01,2025-10-01,11,204.2102,207.5,202.1,-1.6278,False,False,-0.01585,True
Blk2.1,B21-M-019,HCPI,EM11,2024-12-01,2025-11-01,12,204.4541,207.2,202.4,-1.3567,False,False,-0.01325,True
Blk2.1,B21-M-020,HCPI,EM11,2025-01-01,2025-01-01,1,204.6999,206.4,215.0,-0.7908,True,True,-0.00824,True
Blk2.1,B21-M-020,HCPI,EM11,2025-01-01,2025-02-01,2,204.7212,206.2,214.5,-0.6894,True,True,-0.00717,True
Blk2.1,B21-M-020,HCPI,EM11,2025-01-01,2025-03-01,3,204.7275,206.0,210.0,-0.6059,True,True,-0.00618,True
Blk2.1,B21-M-020,HCPI,EM11,2025-01-01,2025-04-01,4,204.825,206.5,208.2,-0.8045,True,True,-0.00811,True
Blk2.1,B21-M-020,HCPI,EM11,2025-01-01,2025-05-01,5,204.9578,207.5,206.3,-1.2323,False,False,-0.01225,True
Blk2.1,B21-M-020,HCPI,EM11,2025-01-01,2025-06-01,6,205.1374,208.7,208.1,-1.7119,False,False,-0.01707,True
Blk2.1,B21-M-020,HCPI,EM11,2025-01-01,2025-07-01,7,205.2037,208.3,206.9,-1.4965,False,False,-0.01486,True
Blk2.1,B21-M-020,HCPI,EM11,2025-01-01,2025-08-01,8,205.2382,207.2,204.1,-0.9612,True,True,-0.00947,True
Blk2.1,B21-M-020,HCPI,EM11,2025-01-01,2025-09-01,9,205.3032,207.4,203.1,-1.0324,False,False,-0.01011,True
Blk2.1,B21-M-020,HCPI,EM11,2025-01-01,2025-10-01,10,205.3637,207.5,202.1,-1.0571,False,False,-0.0103,True
Blk2.1,B21-M-020,HCPI,EM11,2025-01-01,2025-11-01,11,205.4653,207.2,202.4,-0.8571,True,True,-0.00837,True
Blk2.1,B21-M-020,HCPI,EM11,2025-01-01,2025-12-01,12,205.563,210.5,204.6,-2.413,False,False,-0.02345,False
Blk2.1,B21-M-021,HCPI,EM11,2025-02-01,2025-02-01,1,204.6918,206.2,214.5,-0.7031,True,True,-0.00731,True
Blk2.1,B21-M-021,HCPI,EM11,2025-02-01,2025-03-01,2,204.8626,206.0,210.0,-0.5416,True,True,-0.00552,True
Blk2.1,B21-M-021,HCPI,EM11,2025-02-01,2025-04-01,3,204.938,206.5,208.2,-0.7502,True,True,-0.00756,True
Blk2.1,B21-M-021,HCPI,EM11,2025-02-01,2025-05-01,4,204.8825,207.5,206.3,-1.2688,False,False,-0.01261,True
Blk2.1,B21-M-021,HCPI,EM11,2025-02-01,2025-06-01,5,205.2375,208.7,208.1,-1.6639,False,False,-0.01659,True
Blk2.1,B21-M-021,HCPI,EM11,2025-02-01,2025-07-01,6,205.3317,208.3,206.9,-1.4347,False,False,-0.01425,True
Blk2.1,B21-M-021,HCPI,EM11,2025-02-01,2025-08-01,7,205.4062,207.2,204.1,-0.8789,True,True,-0.00866,True
Blk2.1,B21-M-021,HCPI,EM11,2025-02-01,2025-09-01,8,205.5644,207.4,203.1,-0.9038,True,True,-0.00885,True
Blk2.1,B21-M-021,HCPI,EM11,2025-02-01,2025-10-01,9,205.4821,207.5,202.1,-0.9985,True,True,-0.00972,True
Blk2.1,B21-M-021,HCPI,EM11,2025-02-01,2025-11-01,10,205.0886,207.2,202.4,-1.0432,False,False,-0.01019,True
Blk2.1,B21-M-021,HCPI,EM11,2025-02-01,2025-12-01,11,205.1223,210.5,204.6,-2.6284,False,False,-0.02555,False
Blk2.1,B21-M-021,HCPI,EM11,2025-02-01,2026-01-01,12,205.4284,211.4,206.4,-2.8932,False,False,-0.02825,False
Blk2.1,B21-M-022,HCPI,EM11,2025-03-01,2025-03-01,1,202.6603,206.0,210.0,-1.5903,False,False,-0.01621,True
Blk2.1,B21-M-022,HCPI,EM11,2025-03-01,2025-04-01,2,203.1443,206.5,208.2,-1.6118,False,False,-0.01625,True
Blk2.1,B21-M-022,HCPI,EM11,2025-03-01,2025-05-01,3,203.2063,207.5,206.3,-2.0813,False,False,-0.02069,False
Blk2.1,B21-M-022,HCPI,EM11,2025-03-01,2025-06-01,4,203.6776,208.7,208.1,-2.4135,False,False,-0.02407,False
Blk2.1,B21-M-022,HCPI,EM11,2025-03-01,2025-07-01,5,204.015,208.3,206.9,-2.0711,False,False,-0.02057,False
Blk2.1,B21-M-022,HCPI,EM11,2025-03-01,2025-08-01,6,204.16,207.2,204.1,-1.4895,False,False,-0.01467,True
Blk2.1,B21-M-022,HCPI,EM11,2025-03-01,2025-09-01,7,204.6606,207.4,203.1,-1.3488,False,False,-0.01321,True
Blk2.1,B21-M-022,HCPI,EM11,2025-03-01,2025-10-01,8,204.7682,207.5,202.1,-1.3517,False,False,-0.01317,True
Blk2.1,B21-M-022,HCPI,EM11,2025-03-01,2025-11-01,9,205.0076,207.2,202.4,-1.0832,False,False,-0.01058,True
Blk2.1,B21-M-022,HCPI,EM11,2025-03-01,2025-12-01,10,204.9069,210.5,204.6,-2.7337,False,False,-0.02657,False
Blk2.1,B21-M-022,HCPI,EM11,2025-03-01,2026-01-01,11,205.3451,211.4,206.4,-2.9336,False,False,-0.02864,False
Blk2.1,B21-M-022,HCPI,EM11,2025-03-01,2026-02-01,12,205.8931,209.4,206.2,-1.7007,False,False,-0.01675,True
Blk2.1,B21-M-023,HCPI,EM13,2024-05-01,2024-05-01,1,211.3721,206.3,203.1,2.4973,False,False,0.02459,False
Blk2.1,B21-M-023,HCPI,EM13,2024-05-01,2024-06-01,2,211.6506,208.1,203.3,1.7465,False,False,0.01706,True
Blk2.1,B21-M-023,HCPI,EM13,2024-05-01,2024-07-01,3,211.7758,206.9,201.9,2.415,False,False,0.02357,False
Blk2.1,B21-M-023,HCPI,EM13,2024-05-01,2024-08-01,4,211.8209,204.1,201.9,3.8241,False,False,0.03783,False
Blk2.1,B21-M-023,HCPI,EM13,2024-05-01,2024-09-01,5,211.3709,203.1,203.5,4.0643,False,False,0.04072,False
Blk2.1,B21-M-023,HCPI,EM13,2024-05-01,2024-10-01,6,211.375,202.1,203.6,4.5555,False,False,0.04589,False
Blk2.1,B21-M-023,HCPI,EM13,2024-05-01,2024-11-01,7,212.1644,202.4,206.0,4.74,False,False,0.04824,False
Blk2.1,B21-M-023,HCPI,EM13,2024-05-01,2024-12-01,8,212.917,204.6,208.8,3.9833,False,False,0.04065,False
Blk2.1,B21-M-023,HCPI,EM13,2024-05-01,2025-01-01,9,213.3867,206.4,215.0,3.2496,False,False,0.03385,False
Blk2.1,B21-M-023,HCPI,EM13,2024-05-01,2025-02-01,10,213.2369,206.2,214.5,3.2806,False,False,0.03413,False
Blk2.1,B21-M-023,HCPI,EM13,2024-05-01,2025-03-01,11,213.6545,206.0,210.0,3.645,False,False,0.03716,False
Blk2.1,B21-M-023,HCPI,EM13,2024-05-01,2025-04-01,12,213.7584,206.5,208.2,3.4863,False,False,0.03515,False
Blk2.1,B21-M-024,HCPI,EM13,2024-06-01,2024-06-01,1,208.6579,208.1,203.3,0.2744,True,True,0.00268,True
Blk2.1,B21-M-024,HCPI,EM13,2024-06-01,2024-07-01,2,208.6401,206.9,201.9,0.8619,True,True,0.00841,True
Blk2.1,B21-M-024,HCPI,EM13,2024-06-01,2024-08-01,3,208.4522,204.1,201.9,2.1556,False,False,0.02132,False
Blk2.1,B21-M-024,HCPI,EM13,2024-06-01,2024-09-01,4,208.6729,203.1,203.5,2.7385,False,False,0.02744,False
Blk2.1,B21-M-024,HCPI,EM13,2024-06-01,2024-10-01,5,208.5938,202.1,203.6,3.1895,False,False,0.03213,False
Blk2.1,B21-M-024,HCPI,EM13,2024-06-01,2024-11-01,6,209.12,202.4,206.0,3.2622,False,False,0.0332,False
Blk2.1,B21-M-024,HCPI,EM13,2024-06-01,2024-12-01,7,209.9505,204.6,208.8,2.5625,False,False,0.02615,False
Blk2.1,B21-M-024,HCPI,EM13,2024-06-01,2025-01-01,8,210.7965,206.4,215.0,2.0449,False,False,0.0213,False
Blk2.1,B21-M-024,HCPI,EM13,2024-06-01,2025-02-01,9,210.5105,206.2,214.5,2.0095,False,False,0.0209,False
Blk2.1,B21-M-024,HCPI,EM13,2024-06-01,2025-03-01,10,210.0629,206.0,210.0,1.9347,False,False,0.01972,True
Blk2.1,B21-M-024,HCPI,EM13,2024-06-01,2025-04-01,11,210.8112,206.5,208.2,2.0707,False,False,0.02088,False
Blk2.1,B21-M-024,HCPI,EM13,2024-06-01,2025-05-01,12,211.815,207.5,206.3,2.0916,False,False,0.0208,False
Blk2.1,B21-M-025,HCPI,EM13,2024-07-01,2024-07-01,1,208.9077,206.9,201.9,0.9944,True,True,0.0097,True
Blk2.1,B21-M-025,HCPI,EM13,2024-07-01,2024-08-01,2,209.0118,204.1,201.9,2.4328,False,False,0.02407,False
Blk2.1,B21-M-025,HCPI,EM13,2024-07-01,2024-09-01,3,209.2578,203.1,203.5,3.0259,False,False,0.03032,False
Blk2.1,B21-M-025,HCPI,EM13,2024-07-01,2024-10-01,4,209.5434,202.1,203.6,3.6559,False,False,0.03683,False
Blk2.1,B21-M-025,HCPI,EM13,2024-07-01,2024-11-01,5,209.7067,202.4,206.0,3.547,False,False,0.0361,False
Blk2.1,B21-M-025,HCPI,EM13,2024-07-01,2024-12-01,6,209.9382,204.6,208.8,2.5566,False,False,0.02609,False
Blk2.1,B21-M-025,HCPI,EM13,2024-07-01,2025-01-01,7,210.3747,206.4,215.0,1.8487,False,False,0.01926,True
Blk2.1,B21-M-025,HCPI,EM13,2024-07-01,2025-02-01,8,210.7037,206.2,214.5,2.0996,False,False,0.02184,False
Blk2.1,B21-M-025,HCPI,EM13,2024-07-01,2025-03-01,9,210.9259,206.0,210.0,2.3456,False,False,0.02391,False
Blk2.1,B21-M-025,HCPI,EM13,2024-07-01,2025-04-01,10,211.2103,206.5,208.2,2.2624,False,False,0.02281,False
Blk2.1,B21-M-025,HCPI,EM13,2024-07-01,2025-05-01,11,211.6507,207.5,206.3,2.012,False,False,0.02,False
Blk2.1,B21-M-025,HCPI,EM13,2024-07-01,2025-06-01,12,212.0007,208.7,208.1,1.5861,False,False,0.01582,True
Blk2.1,B21-M-026,HCPI,EM13,2024-08-01,2024-08-01,1,207.3058,204.1,201.9,1.5878,False,False,0.01571,True
Blk2.1,B21-M-026,HCPI,EM13,2024-08-01,2024-09-01,2,207.7054,203.1,203.5,2.2631,False,False,0.02268,False
Blk2.1,B21-M-026,HCPI,EM13,2024-08-01,2024-10-01,3,208.1704,202.1,203.6,2.9815,False,False,0.03004,False
Blk2.1,B21-M-026,HCPI,EM13,2024-08-01,2024-11-01,4,208.8238,202.4,206.0,3.1184,False,False,0.03174,False
Blk2.1,B21-M-026,HCPI,EM13,2024-08-01,2024-12-01,5,209.4021,204.6,208.8,2.2999,False,False,0.02347,False
Blk2.1,B21-M-026,HCPI,EM13,2024-08-01,2025-01-01,6,210.0502,206.4,215.0,1.6978,False,False,0.01769,True
Blk2.1,B21-M-026,HCPI,EM13,2024-08-01,2025-02-01,7,210.2562,206.2,214.5,1.891,False,False,0.01967,True
Blk2.1,B21-M-026,HCPI,EM13,2024-08-01,2025-03-01,8,210.5636,206.0,210.0,2.1732,False,False,0.02215,False
Blk2.1,B21-M-026,HCPI,EM13,2024-08-01,2025-04-01,9,211.2069,206.5,208.2,2.2608,False,False,0.02279,False
Blk2.1,B21-M-026,HCPI,EM13,2024-08-01,2025-05-01,10,212.0039,207.5,206.3,2.1832,False,False,0.02171,False
Blk2.1,B21-M-026,HCPI,EM13,2024-08-01,2025-06-01,11,212.9223,208.7,208.1,2.029,False,False,0.02023,False
Blk2.1,B21-M-026,HCPI,EM13,2024-08-01,2025-07-01,12,213.3378,208.3,206.9,2.4349,False,False,0.02419,False
Blk2.1,B21-M-027,HCPI,EM13,2024-09-01,2024-09-01,1,204.3532,203.1,203.5,0.6158,True,True,0.00617,True
Blk2.1,B21-M-027,HCPI,EM13,2024-09-01,2024-10-01,2,204.7609,202.1,203.6,1.3069,False,False,0.01317,True
Blk2.1,B21-M-027,HCPI,EM13,2024-09-01,2024-11-01,3,205.6397,202.4,206.0,1.5727,False,False,0.01601,True
Blk2.1,B21-M-027,HCPI,EM13,2024-09-01,2024-12-01,4,206.3869,204.6,208.8,0.8558,True,True,0.00873,True
Blk2.1,B21-M-027,HCPI,EM13,2024-09-01,2025-01-01,5,207.2295,206.4,215.0,0.3858,True,True,0.00402,True
Blk2.1,B21-M-027,HCPI,EM13,2024-09-01,2025-02-01,6,206.7952,206.2,214.5,0.2775,True,True,0.00289,True
Blk2.1,B21-M-027,HCPI,EM13,2024-09-01,2025-03-01,7,206.2206,206.0,210.0,0.105,True,True,0.00107,True
Blk2.1,B21-M-027,HCPI,EM13,2024-09-01,2025-04-01,8,207.051,206.5,208.2,0.2647,True,True,0.00267,True
Blk2.1,B21-M-027,HCPI,EM13,2024-09-01,2025-05-01,9,208.3521,207.5,206.3,0.413,True,True,0.00411,True
Blk2.1,B21-M-027,HCPI,EM13,2024-09-01,2025-06-01,10,209.9266,208.7,208.1,0.5894,True,True,0.00588,True
Blk2.1,B21-M-027,HCPI,EM13,2024-09-01,2025-07-01,11,210.1041,208.3,206.9,0.872,True,True,0.00866,True
Blk2.1,B21-M-027,HCPI,EM13,2024-09-01,2025-08-01,12,209.9641,207.2,204.1,1.3543,False,False,0.01334,True
Blk2.1,B21-M-028,HCPI,EM13,2024-10-01,2024-10-01,1,208.9473,202.1,203.6,3.3631,False,False,0.03388,False
Blk2.1,B21-M-028,HCPI,EM13,2024-10-01,2024-11-01,2,209.2605,202.4,206.0,3.3303,False,False,0.0339,False
Blk2.1,B21-M-028,HCPI,EM13,2024-10-01,2024-12-01,3,209.4262,204.6,208.8,2.3114,False,False,0.02359,False
Blk2.1,B21-M-028,HCPI,EM13,2024-10-01,2025-01-01,4,210.2478,206.4,215.0,1.7897,False,False,0.01864,True
Blk2.1,B21-M-028,HCPI,EM13,2024-10-01,2025-02-01,5,209.9008,206.2,214.5,1.7253,False,False,0.01795,True
Blk2.1,B21-M-028,HCPI,EM13,2024-10-01,2025-03-01,6,209.529,206.0,210.0,1.6805,False,False,0.01713,True
Blk2.1,B21-M-028,HCPI,EM13,2024-10-01,2025-04-01,7,209.6684,206.5,208.2,1.5218,False,False,0.01534,True
Blk2.1,B21-M-028,HCPI,EM13,2024-10-01,2025-05-01,8,210.0901,207.5,206.3,1.2555,False,False,0.01248,True
Blk2.1,B21-M-028,HCPI,EM13,2024-10-01,2025-06-01,9,210.6455,208.7,208.1,0.9349,True,True,0.00932,True
Blk2.1,B21-M-028,HCPI,EM13,2024-10-01,2025-07-01,10,210.5136,208.3,206.9,1.0699,False,False,0.01063,True
Blk2.1,B21-M-028,HCPI,EM13,2024-10-01,2025-08-01,11,210.2518,207.2,204.1,1.4952,False,False,0.01473,True
Blk2.1,B21-M-028,HCPI,EM13,2024-10-01,2025-09-01,12,210.1874,207.4,203.1,1.3724,False,False,0.01344,True
Blk2.1,B21-M-029,HCPI,EM13,2024-11-01,2024-11-01,1,209.1284,202.4,206.0,3.2662,False,False,0.03324,False
Blk2.1,B21-M-029,HCPI,EM13,2024-11-01,2024-12-01,2,209.1595,204.6,208.8,2.1837,False,False,0.02228,False
Blk2.1,B21-M-029,HCPI,EM13,2024-11-01,2025-01-01,3,209.8611,206.4,215.0,1.6098,False,False,0.01677,True
Blk2.1,B21-M-029,HCPI,EM13,2024-11-01,2025-02-01,4,209.6879,206.2,214.5,1.6261,False,False,0.01692,True
Blk2.1,B21-M-029,HCPI,EM13,2024-11-01,2025-03-01,5,209.5455,206.0,210.0,1.6884,False,False,0.01721,True
Blk2.1,B21-M-029,HCPI,EM13,2024-11-01,2025-04-01,6,209.3858,206.5,208.2,1.3861,False,False,0.01397,True
Blk2.1,B21-M-029,HCPI,EM13,2024-11-01,2025-05-01,7,209.5291,207.5,206.3,0.9836,True,True,0.00978,True
Blk2.1,B21-M-029,HCPI,EM13,2024-11-01,2025-06-01,8,209.6095,208.7,208.1,0.437,True,True,0.00436,True
Blk2.1,B21-M-029,HCPI,EM13,2024-11-01,2025-07-01,9,209.5767,208.3,206.9,0.6171,True,True,0.00613,True
Blk2.1,B21-M-029,HCPI,EM13,2024-11-01,2025-08-01,10,209.3326,207.2,204.1,1.0449,False,False,0.01029,True
Blk2.1,B21-M-029,HCPI,EM13,2024-11-01,2025-09-01,11,209.1925,207.4,203.1,0.8826,True,True,0.00864,True
Blk2.1,B21-M-029,HCPI,EM13,2024-11-01,2025-10-01,12,209.1332,207.5,202.1,0.8081,True,True,0.00787,True
Blk2.1,B21-M-030,HCPI,EM13,2024-12-01,2024-12-01,1,207.2305,204.6,208.8,1.2598,False,False,0.01286,True
Blk2.1,B21-M-030,HCPI,EM13,2024-12-01,2025-01-01,2,207.6796,206.4,215.0,0.5952,True,True,0.0062,True
Blk2.1,B21-M-030,HCPI,EM13,2024-12-01,2025-02-01,3,207.5554,206.2,214.5,0.6319,True,True,0.00657,True
Blk2.1,B21-M-030,HCPI,EM13,2024-12-01,2025-03-01,4,207.3102,206.0,210.0,0.6239,True,True,0.00636,True
Blk2.1,B21-M-030,HCPI,EM13,2024-12-01,2025-04-01,5,207.2598,206.5,208.2,0.3649,True,True,0.00368,True
Blk2.1,B21-M-030,HCPI,EM13,2024-12-01,2025-05-01,6,207.0882,207.5,206.3,-0.1996,True,True,-0.00198,True
Blk2.1,B21-M-030,HCPI,EM13,2024-12-01,2025-06-01,7,207.3644,208.7,208.1,-0.6418,True,True,-0.0064,True
Blk2.1,B21-M-030,HCPI,EM13,2024-12-01,2025-07-01,8,207.3671,208.3,206.9,-0.4509,True,True,-0.00448,True
Blk2.1,B21-M-030,HCPI,EM13,2024-12-01,2025-08-01,9,207.4694,207.2,204.1,0.132,True,True,0.0013,True
Blk2.1,B21-M-030,HCPI,EM13,2024-12-01,2025-09-01,10,207.1787,207.4,203.1,-0.109,True,True,-0.00107,True
Blk2.1,B21-M-030,HCPI,EM13,2024-12-01,2025-10-01,11,207.0459,207.5,202.1,-0.2247,True,True,-0.00219,True
Blk2.1,B21-M-030,HCPI,EM13,2024-12-01,2025-11-01,12,207.051,207.2,202.4,-0.0736,True,True,-0.00072,True
Blk2.1,B21-M-031,HCPI,EM13,2025-01-01,2025-01-01,1,205.2749,206.4,215.0,-0.5233,True,True,-0.00545,True
Blk2.1,B21-M-031,HCPI,EM13,2025-01-01,2025-02-01,2,205.158,206.2,214.5,-0.4858,True,True,-0.00505,True
Blk2.1,B21-M-031,HCPI,EM13,2025-01-01,2025-03-01,3,205.1134,206.0,210.0,-0.4222,True,True,-0.0043,True
Blk2.1,B21-M-031,HCPI,EM13,2025-01-01,2025-04-01,4,205.0711,206.5,208.2,-0.6863,True,True,-0.00692,True
Blk2.1,B21-M-031,HCPI,EM13,2025-01-01,2025-05-01,5,204.9999,207.5,206.3,-1.2119,False,False,-0.01205,True
Blk2.1,B21-M-031,HCPI,EM13,2025-01-01,2025-06-01,6,204.9765,208.7,208.1,-1.7893,False,False,-0.01784,True
Blk2.1,B21-M-031,HCPI,EM13,2025-01-01,2025-07-01,7,205.0805,208.3,206.9,-1.5561,False,False,-0.01546,True
Blk2.1,B21-M-031,HCPI,EM13,2025-01-01,2025-08-01,8,205.1703,207.2,204.1,-0.9945,True,True,-0.0098,True
Blk2.1,B21-M-031,HCPI,EM13,2025-01-01,2025-09-01,9,205.4348,207.4,203.1,-0.9676,True,True,-0.00948,True
Blk2.1,B21-M-031,HCPI,EM13,2025-01-01,2025-10-01,10,205.3518,207.5,202.1,-1.0629,False,False,-0.01035,True
Blk2.1,B21-M-031,HCPI,EM13,2025-01-01,2025-11-01,11,205.4224,207.2,202.4,-0.8782,True,True,-0.00858,True
Blk2.1,B21-M-031,HCPI,EM13,2025-01-01,2025-12-01,12,205.3873,210.5,204.6,-2.4989,False,False,-0.02429,False
Blk2.1,B21-M-032,HCPI,EM13,2025-02-01,2025-02-01,1,207.1208,206.2,214.5,0.4293,True,True,0.00447,True
Blk2.1,B21-M-032,HCPI,EM13,2025-02-01,2025-03-01,2,207.0775,206.0,210.0,0.5131,True,True,0.00523,True
Blk2.1,B21-M-032,HCPI,EM13,2025-02-01,2025-04-01,3,207.1368,206.5,208.2,0.3058,True,True,0.00308,True
Blk2.1,B21-M-032,HCPI,EM13,2025-02-01,2025-05-01,4,207.0133,207.5,206.3,-0.2359,True,True,-0.00235,True
Blk2.1,B21-M-032,HCPI,EM13,2025-02-01,2025-06-01,5,207.1257,208.7,208.1,-0.7565,True,True,-0.00754,True
Blk2.1,B21-M-032,HCPI,EM13,2025-02-01,2025-07-01,6,207.1484,208.3,206.9,-0.5566,True,True,-0.00553,True
Blk2.1,B21-M-032,HCPI,EM13,2025-02-01,2025-08-01,7,207.0926,207.2,204.1,-0.0526,True,True,-0.00052,True
Blk2.1,B21-M-032,HCPI,EM13,2025-02-01,2025-09-01,8,207.2125,207.4,203.1,-0.0923,True,True,-0.0009,True
Blk2.1,B21-M-032,HCPI,EM13,2025-02-01,2025-10-01,9,207.3044,207.5,202.1,-0.0968,True,True,-0.00094,True
Blk2.1,B21-M-032,HCPI,EM13,2025-02-01,2025-11-01,10,207.1667,207.2,202.4,-0.0165,True,True,-0.00016,True
Blk2.1,B21-M-032,HCPI,EM13,2025-02-01,2025-12-01,11,207.1049,210.5,204.6,-1.6594,False,False,-0.01613,True
Blk2.1,B21-M-032,HCPI,EM13,2025-02-01,2026-01-01,12,207.173,211.4,206.4,-2.048,False,False,-0.02,True
Blk2.1,B21-M-033,HCPI,EM13,2025-03-01,2025-03-01,1,202.25,206.0,210.0,-1.7857,False,False,-0.0182,True
Blk2.1,B21-M-033,HCPI,EM13,2025-03-01,2025-04-01,2,202.7001,206.5,208.2,-1.8251,False,False,-0.0184,True
Blk2.1,B21-M-033,HCPI,EM13,2025-03-01,2025-05-01,3,202.5661,207.5,206.3,-2.3916,False,False,-0.02378,False
Blk2.1,B21-M-033,HCPI,EM13,2025-03-01,2025-06-01,4,203.1533,208.7,208.1,-2.6654,False,False,-0.02658,False
Blk2.1,B21-M-033,HCPI,EM13,2025-03-01,2025-07-01,5,203.6337,208.3,206.9,-2.2553,False,False,-0.0224,False
Blk2.1,B21-M-033,HCPI,EM13,2025-03-01,2025-08-01,6,203.8905,207.2,204.1,-1.6215,False,False,-0.01597,True
Blk2.1,B21-M-033,HCPI,EM13,2025-03-01,2025-09-01,7,204.6321,207.4,203.1,-1.3628,False,False,-0.01335,True
Blk2.1,B21-M-033,HCPI,EM13,2025-03-01,2025-10-01,8,204.7893,207.5,202.1,-1.3412,False,False,-0.01306,True
Blk2.1,B21-M-033,HCPI,EM13,2025-03-01,2025-11-01,9,205.4159,207.2,202.4,-0.8815,True,True,-0.00861,True
Blk2.1,B21-M-033,HCPI,EM13,2025-03-01,2025-12-01,10,205.5569,210.5,204.6,-2.416,False,False,-0.02348,False
Blk2.1,B21-M-033,HCPI,EM13,2025-03-01,2026-01-01,11,206.25,211.4,206.4,-2.4951,False,False,-0.02436,False
Blk2.1,B21-M-033,HCPI,EM13,2025-03-01,2026-02-01,12,207.1843,209.4,206.2,-1.0746,False,False,-0.01058,True
Blk2.1,B21-M-035,FCPI,EM11,2024-06-01,2024-06-01,1,228.3718,232.8,228.4,-1.9388,False,False,-0.01902,True
Blk2.1,B21-M-035,FCPI,EM11,2024-06-01,2024-07-01,2,228.8244,234.0,227.5,-2.275,False,False,-0.02212,False
Blk2.1,B21-M-035,FCPI,EM11,2024-06-01,2024-08-01,3,228.7889,229.7,224.6,-0.4057,True,True,-0.00397,True
Blk2.1,B21-M-035,FCPI,EM11,2024-06-01,2024-09-01,4,228.9916,227.9,226.7,0.4815,True,True,0.00479,True
Blk2.1,B21-M-035,FCPI,EM11,2024-06-01,2024-10-01,5,228.7201,227.1,224.1,0.7229,True,True,0.00713,True
Blk2.1,B21-M-035,FCPI,EM11,2024-06-01,2024-11-01,6,228.9627,228.0,228.1,0.4221,True,True,0.00422,True
Blk2.1,B21-M-035,FCPI,EM11,2024-06-01,2024-12-01,7,229.9006,233.9,236.2,-1.6932,False,False,-0.0171,True
Blk2.1,B21-M-035,FCPI,EM11,2024-06-01,2025-01-01,8,230.7558,236.3,242.4,-2.2872,False,False,-0.02346,False
Blk2.1,B21-M-035,FCPI,EM11,2024-06-01,2025-02-01,9,230.6274,236.8,239.5,-2.5773,False,False,-0.02607,False
Blk2.1,B21-M-035,FCPI,EM11,2024-06-01,2025-03-01,10,230.2131,236.2,234.4,-2.5541,False,False,-0.02535,False
Blk2.1,B21-M-035,FCPI,EM11,2024-06-01,2025-04-01,11,230.8975,237.8,231.1,-2.9868,False,False,-0.02903,False
Blk2.1,B21-M-035,FCPI,EM11,2024-06-01,2025-05-01,12,231.8117,240.6,227.3,-3.8664,False,False,-0.03653,False
Blk2.1,B21-M-036,FCPI,EM11,2024-07-01,2024-07-01,1,232.9604,234.0,227.5,-0.457,True,True,-0.00444,True
Blk2.1,B21-M-036,FCPI,EM11,2024-07-01,2024-08-01,2,232.4559,229.7,224.6,1.227,False,False,0.012,True
Blk2.1,B21-M-036,FCPI,EM11,2024-07-01,2024-09-01,3,232.428,227.9,226.7,1.9973,False,False,0.01987,True
Blk2.1,B21-M-036,FCPI,EM11,2024-07-01,2024-10-01,4,232.6101,227.1,224.1,2.4588,False,False,0.02426,False
Blk2.1,B21-M-036,FCPI,EM11,2024-07-01,2024-11-01,5,233.3956,228.0,228.1,2.3654,False,False,0.02366,False
Blk2.1,B21-M-036,FCPI,EM11,2024-07-01,2024-12-01,6,234.2707,233.9,236.2,0.1569,True,True,0.00158,True
Blk2.1,B21-M-036,FCPI,EM11,2024-07-01,2025-01-01,7,234.476,236.3,242.4,-0.7525,True,True,-0.00772,True
Blk2.1,B21-M-036,FCPI,EM11,2024-07-01,2025-02-01,8,233.6156,236.8,239.5,-1.3296,False,False,-0.01345,True
Blk2.1,B21-M-036,FCPI,EM11,2024-07-01,2025-03-01,9,232.826,236.2,234.4,-1.4394,False,False,-0.01428,True
Blk2.1,B21-M-036,FCPI,EM11,2024-07-01,2025-04-01,10,233.4008,237.8,231.1,-1.9036,False,False,-0.0185,True
Blk2.1,B21-M-036,FCPI,EM11,2024-07-01,2025-05-01,11,234.435,240.6,227.3,-2.7123,False,False,-0.02562,False
Blk2.1,B21-M-036,FCPI,EM11,2024-07-01,2025-06-01,12,236.0411,242.5,232.8,-2.7745,False,False,-0.02663,False
Blk2.1,B21-M-037,FCPI,EM11,2024-08-01,2024-08-01,1,235.4662,229.7,224.6,2.5673,False,False,0.0251,False
Blk2.1,B21-M-037,FCPI,EM11,2024-08-01,2024-09-01,2,237.0156,227.9,226.7,4.021,False,False,0.04,False
Blk2.1,B21-M-037,FCPI,EM11,2024-08-01,2024-10-01,3,236.6211,227.1,224.1,4.2486,False,False,0.04192,False
Blk2.1,B21-M-037,FCPI,EM11,2024-08-01,2024-11-01,4,238.0756,228.0,228.1,4.4172,False,False,0.04419,False
Blk2.1,B21-M-037,FCPI,EM11,2024-08-01,2024-12-01,5,239.4269,233.9,236.2,2.3399,False,False,0.02363,False
Blk2.1,B21-M-037,FCPI,EM11,2024-08-01,2025-01-01,6,239.0979,236.3,242.4,1.1543,False,False,0.01184,True
Blk2.1,B21-M-037,FCPI,EM11,2024-08-01,2025-02-01,7,239.7321,236.8,239.5,1.2242,False,False,0.01238,True
Blk2.1,B21-M-037,FCPI,EM11,2024-08-01,2025-03-01,8,239.5293,236.2,234.4,1.4204,False,False,0.0141,True
Blk2.1,B21-M-037,FCPI,EM11,2024-08-01,2025-04-01,9,239.6766,237.8,231.1,0.812,True,True,0.00789,True
Blk2.1,B21-M-037,FCPI,EM11,2024-08-01,2025-05-01,10,240.3271,240.6,227.3,-0.1201,True,True,-0.00113,True
Blk2.1,B21-M-037,FCPI,EM11,2024-08-01,2025-06-01,11,240.5536,242.5,232.8,-0.8361,True,True,-0.00803,True
Blk2.1,B21-M-037,FCPI,EM11,2024-08-01,2025-07-01,12,240.7934,239.2,234.0,0.681,True,True,0.00666,True
Blk2.1,B21-M-038,FCPI,EM11,2024-09-01,2024-09-01,1,235.2679,227.9,226.7,3.25,False,False,0.03233,False
Blk2.1,B21-M-038,FCPI,EM11,2024-09-01,2024-10-01,2,237.4136,227.1,224.1,4.6022,False,False,0.04541,False
Blk2.1,B21-M-038,FCPI,EM11,2024-09-01,2024-11-01,3,237.2385,228.0,228.1,4.0502,False,False,0.04052,False
Blk2.1,B21-M-038,FCPI,EM11,2024-09-01,2024-12-01,4,239.1593,233.9,236.2,2.2266,False,False,0.02249,False
Blk2.1,B21-M-038,FCPI,EM11,2024-09-01,2025-01-01,5,240.3539,236.3,242.4,1.6724,False,False,0.01716,True
Blk2.1,B21-M-038,FCPI,EM11,2024-09-01,2025-02-01,6,241.1067,236.8,239.5,1.7982,False,False,0.01819,True
Blk2.1,B21-M-038,FCPI,EM11,2024-09-01,2025-03-01,7,240.4784,236.2,234.4,1.8253,False,False,0.01811,True
Blk2.1,B21-M-038,FCPI,EM11,2024-09-01,2025-04-01,8,241.451,237.8,231.1,1.5798,False,False,0.01535,True
Blk2.1,B21-M-038,FCPI,EM11,2024-09-01,2025-05-01,9,242.1756,240.6,227.3,0.6932,True,True,0.00655,True
Blk2.1,B21-M-038,FCPI,EM11,2024-09-01,2025-06-01,10,242.9752,242.5,232.8,0.2041,True,True,0.00196,True
Blk2.1,B21-M-038,FCPI,EM11,2024-09-01,2025-07-01,11,242.6603,239.2,234.0,1.4787,False,False,0.01447,True
Blk2.1,B21-M-038,FCPI,EM11,2024-09-01,2025-08-01,12,242.8592,236.3,229.7,2.8556,False,False,0.02776,False
Blk2.1,B21-M-039,FCPI,EM11,2024-10-01,2024-10-01,1,234.4055,227.1,224.1,3.2599,False,False,0.03217,False
Blk2.1,B21-M-039,FCPI,EM11,2024-10-01,2024-11-01,2,235.5047,228.0,228.1,3.2901,False,False,0.03292,False
Blk2.1,B21-M-039,FCPI,EM11,2024-10-01,2024-12-01,3,236.6458,233.9,236.2,1.1625,False,False,0.01174,True
Blk2.1,B21-M-039,FCPI,EM11,2024-10-01,2025-01-01,4,236.5335,236.3,242.4,0.0963,True,True,0.00099,True
Blk2.1,B21-M-039,FCPI,EM11,2024-10-01,2025-02-01,5,237.4505,236.8,239.5,0.2716,True,True,0.00275,True
Blk2.1,B21-M-039,FCPI,EM11,2024-10-01,2025-03-01,6,238.2789,236.2,234.4,0.8869,True,True,0.0088,True
Blk2.1,B21-M-039,FCPI,EM11,2024-10-01,2025-04-01,7,238.204,237.8,231.1,0.1748,True,True,0.0017,True
Blk2.1,B21-M-039,FCPI,EM11,2024-10-01,2025-05-01,8,237.9147,240.6,227.3,-1.1814,False,False,-0.01116,True
Blk2.1,B21-M-039,FCPI,EM11,2024-10-01,2025-06-01,9,239.1264,242.5,232.8,-1.4492,False,False,-0.01391,True
Blk2.1,B21-M-039,FCPI,EM11,2024-10-01,2025-07-01,10,238.6283,239.2,234.0,-0.2443,True,True,-0.00239,True
Blk2.1,B21-M-039,FCPI,EM11,2024-10-01,2025-08-01,11,238.6564,236.3,229.7,1.0259,False,True,0.00997,True
Blk2.1,B21-M-039,FCPI,EM11,2024-10-01,2025-09-01,12,239.2205,236.6,227.9,1.1498,False,False,0.01108,True
Blk2.1,B21-M-040,FCPI,EM11,2024-11-01,2024-11-01,1,235.193,228.0,228.1,3.1534,False,False,0.03155,False
Blk2.1,B21-M-040,FCPI,EM11,2024-11-01,2024-12-01,2,235.7001,233.9,236.2,0.7621,True,True,0.0077,True
Blk2.1,B21-M-040,FCPI,EM11,2024-11-01,2025-01-01,3,236.9497,236.3,242.4,0.268,True,True,0.00275,True
Blk2.1,B21-M-040,FCPI,EM11,2024-11-01,2025-02-01,4,236.3896,236.8,239.5,-0.1714,True,True,-0.00173,True
Blk2.1,B21-M-040,FCPI,EM11,2024-11-01,2025-03-01,5,237.3436,236.2,234.4,0.4879,True,True,0.00484,True
Blk2.1,B21-M-040,FCPI,EM11,2024-11-01,2025-04-01,6,236.939,237.8,231.1,-0.3726,True,True,-0.00362,True
Blk2.1,B21-M-040,FCPI,EM11,2024-11-01,2025-05-01,7,237.5779,240.6,227.3,-1.3296,False,False,-0.01256,True
Blk2.1,B21-M-040,FCPI,EM11,2024-11-01,2025-06-01,8,237.4397,242.5,232.8,-2.1737,False,False,-0.02087,False
Blk2.1,B21-M-040,FCPI,EM11,2024-11-01,2025-07-01,9,239.092,239.2,234.0,-0.0461,True,True,-0.00045,True
Blk2.1,B21-M-040,FCPI,EM11,2024-11-01,2025-08-01,10,238.1056,236.3,229.7,0.7861,True,True,0.00764,True
Blk2.1,B21-M-040,FCPI,EM11,2024-11-01,2025-09-01,11,238.0877,236.6,227.9,0.6528,True,True,0.00629,True
Blk2.1,B21-M-040,FCPI,EM11,2024-11-01,2025-10-01,12,239.2018,236.4,227.1,1.2337,False,False,0.01185,True
Blk2.1,B21-M-041,FCPI,EM11,2024-12-01,2024-12-01,1,232.9812,233.9,236.2,-0.389,True,True,-0.00393,True
Blk2.1,B21-M-041,FCPI,EM11,2024-12-01,2025-01-01,2,232.5662,236.3,242.4,-1.5403,False,False,-0.0158,True
Blk2.1,B21-M-041,FCPI,EM11,2024-12-01,2025-02-01,3,233.2734,236.8,239.5,-1.4725,False,False,-0.01489,True
Blk2.1,B21-M-041,FCPI,EM11,2024-12-01,2025-03-01,4,232.6931,236.2,234.4,-1.4961,False,False,-0.01485,True
Blk2.1,B21-M-041,FCPI,EM11,2024-12-01,2025-04-01,5,233.3815,237.8,231.1,-1.9119,False,False,-0.01858,True
Blk2.1,B21-M-041,FCPI,EM11,2024-12-01,2025-05-01,6,233.6176,240.6,227.3,-3.0719,False,False,-0.02902,False
Blk2.1,B21-M-041,FCPI,EM11,2024-12-01,2025-06-01,7,234.1941,242.5,232.8,-3.5678,False,False,-0.03425,False
Blk2.1,B21-M-041,FCPI,EM11,2024-12-01,2025-07-01,8,233.7956,239.2,234.0,-2.3096,False,False,-0.02259,False
Blk2.1,B21-M-041,FCPI,EM11,2024-12-01,2025-08-01,9,234.4351,236.3,229.7,-0.8119,True,True,-0.00789,True
Blk2.1,B21-M-041,FCPI,EM11,2024-12-01,2025-09-01,10,233.9288,236.6,227.9,-1.1721,False,False,-0.01129,True
Blk2.1,B21-M-041,FCPI,EM11,2024-12-01,2025-10-01,11,233.7035,236.4,227.1,-1.1874,False,False,-0.01141,True
Blk2.1,B21-M-041,FCPI,EM11,2024-12-01,2025-11-01,12,234.3393,236.1,228.0,-0.7722,True,True,-0.00746,True
Blk2.1,B21-M-042,FCPI,EM11,2025-01-01,2025-01-01,1,233.2662,236.3,242.4,-1.2516,False,False,-0.01284,True
Blk2.1,B21-M-042,FCPI,EM11,2025-01-01,2025-02-01,2,233.1286,236.8,239.5,-1.533,False,False,-0.0155,True
Blk2.1,B21-M-042,FCPI,EM11,2025-01-01,2025-03-01,3,233.1889,236.2,234.4,-1.2846,False,False,-0.01275,True
Blk2.1,B21-M-042,FCPI,EM11,2025-01-01,2025-04-01,4,233.0117,237.8,231.1,-2.072,False,False,-0.02014,False
Blk2.1,B21-M-042,FCPI,EM11,2025-01-01,2025-05-01,5,233.3084,240.6,227.3,-3.2079,False,False,-0.03031,False
Blk2.1,B21-M-042,FCPI,EM11,2025-01-01,2025-06-01,6,233.4305,242.5,232.8,-3.8958,False,False,-0.0374,False
Blk2.1,B21-M-042,FCPI,EM11,2025-01-01,2025-07-01,7,233.5399,239.2,234.0,-2.4188,False,False,-0.02366,False
Blk2.1,B21-M-042,FCPI,EM11,2025-01-01,2025-08-01,8,233.4072,236.3,229.7,-1.2594,False,False,-0.01224,True
Blk2.1,B21-M-042,FCPI,EM11,2025-01-01,2025-09-01,9,233.4316,236.6,227.9,-1.3903,False,False,-0.01339,True
Blk2.1,B21-M-042,FCPI,EM11,2025-01-01,2025-10-01,10,233.1981,236.4,227.1,-1.4099,False,False,-0.01354,True
Blk2.1,B21-M-042,FCPI,EM11,2025-01-01,2025-11-01,11,233.1417,236.1,228.0,-1.2975,False,False,-0.01253,True
Blk2.1,B21-M-042,FCPI,EM11,2025-01-01,2025-12-01,12,233.2989,244.3,233.9,-4.7034,False,False,-0.04503,False
Blk2.1,B21-M-043,FCPI,EM11,2025-02-01,2025-02-01,1,229.884,236.8,239.5,-2.8877,False,False,-0.02921,False
Blk2.1,B21-M-043,FCPI,EM11,2025-02-01,2025-03-01,2,230.0707,236.2,234.4,-2.6149,False,False,-0.02595,False
Blk2.1,B21-M-043,FCPI,EM11,2025-02-01,2025-04-01,3,230.0851,237.8,231.1,-3.3383,False,False,-0.03244,False
Blk2.1,B21-M-043,FCPI,EM11,2025-02-01,2025-05-01,4,230.9372,240.6,227.3,-4.2511,False,False,-0.04016,False
Blk2.1,B21-M-043,FCPI,EM11,2025-02-01,2025-06-01,5,232.0608,242.5,232.8,-4.4842,False,False,-0.04305,False
Blk2.1,B21-M-043,FCPI,EM11,2025-02-01,2025-07-01,6,232.4947,239.2,234.0,-2.8655,False,False,-0.02803,False
Blk2.1,B21-M-043,FCPI,EM11,2025-02-01,2025-08-01,7,233.0589,236.3,229.7,-1.411,False,False,-0.01372,True
Blk2.1,B21-M-043,FCPI,EM11,2025-02-01,2025-09-01,8,233.3001,236.6,227.9,-1.448,False,False,-0.01395,True
Blk2.1,B21-M-043,FCPI,EM11,2025-02-01,2025-10-01,9,232.6781,236.4,227.1,-1.6389,False,False,-0.01574,True
Blk2.1,B21-M-043,FCPI,EM11,2025-02-01,2025-11-01,10,232.4935,236.1,228.0,-1.5818,False,False,-0.01528,True
Blk2.1,B21-M-043,FCPI,EM11,2025-02-01,2025-12-01,11,233.2935,244.3,233.9,-4.7056,False,False,-0.04505,False
Blk2.1,B21-M-043,FCPI,EM11,2025-02-01,2026-01-01,12,234.3937,244.3,236.3,-4.1923,False,False,-0.04055,False
Blk2.1,B21-M-044,FCPI,EM11,2025-03-01,2025-03-01,1,231.3357,236.2,234.4,-2.0752,False,False,-0.02059,False
Blk2.1,B21-M-044,FCPI,EM11,2025-03-01,2025-04-01,2,232.3507,237.8,231.1,-2.358,False,False,-0.02292,False
Blk2.1,B21-M-044,FCPI,EM11,2025-03-01,2025-05-01,3,232.9085,240.6,227.3,-3.3838,False,False,-0.03197,False
Blk2.1,B21-M-044,FCPI,EM11,2025-03-01,2025-06-01,4,234.4354,242.5,232.8,-3.4642,False,False,-0.03326,False
Blk2.1,B21-M-044,FCPI,EM11,2025-03-01,2025-07-01,5,234.9321,239.2,234.0,-1.8239,False,False,-0.01784,True
Blk2.1,B21-M-044,FCPI,EM11,2025-03-01,2025-08-01,6,234.9661,236.3,229.7,-0.5807,True,True,-0.00564,True
Blk2.1,B21-M-044,FCPI,EM11,2025-03-01,2025-09-01,7,235.4708,236.6,227.9,-0.4955,True,True,-0.00477,True
Blk2.1,B21-M-044,FCPI,EM11,2025-03-01,2025-10-01,8,235.8042,236.4,227.1,-0.2624,True,True,-0.00252,True
Blk2.1,B21-M-044,FCPI,EM11,2025-03-01,2025-11-01,9,236.0291,236.1,228.0,-0.0311,True,True,-0.0003,True
Blk2.1,B21-M-044,FCPI,EM11,2025-03-01,2025-12-01,10,236.3201,244.3,233.9,-3.4117,False,False,-0.03266,False
Blk2.1,B21-M-044,FCPI,EM11,2025-03-01,2026-01-01,11,236.8145,244.3,236.3,-3.1678,False,False,-0.03064,False
Blk2.1,B21-M-044,FCPI,EM11,2025-03-01,2026-02-01,12,236.9805,239.4,236.8,-1.0217,False,False,-0.01011,True
Blk2.1,B21-M-045,FCPI,EM4,2024-05-01,2024-05-01,1,230.8029,227.3,226.1,1.5493,False,False,0.01541,True
Blk2.1,B21-M-045,FCPI,EM4,2024-05-01,2024-06-01,2,232.5791,232.8,228.4,-0.0967,True,True,-0.00095,True
Blk2.1,B21-M-045,FCPI,EM4,2024-05-01,2024-07-01,3,233.0015,234.0,227.5,-0.4389,True,True,-0.00427,True
Blk2.1,B21-M-045,FCPI,EM4,2024-05-01,2024-08-01,4,231.7979,229.7,224.6,0.9341,True,True,0.00913,True
Blk2.1,B21-M-045,FCPI,EM4,2024-05-01,2024-09-01,5,231.3922,227.9,226.7,1.5404,False,False,0.01532,True
Blk2.1,B21-M-045,FCPI,EM4,2024-05-01,2024-10-01,6,230.6209,227.1,224.1,1.5711,False,False,0.0155,True
Blk2.1,B21-M-045,FCPI,EM4,2024-05-01,2024-11-01,7,232.9456,228.0,228.1,2.1682,False,False,0.02169,False
Blk2.1,B21-M-045,FCPI,EM4,2024-05-01,2024-12-01,8,235.2165,233.9,236.2,0.5574,True,True,0.00563,True
Blk2.1,B21-M-045,FCPI,EM4,2024-05-01,2025-01-01,9,235.6382,236.3,242.4,-0.273,True,True,-0.0028,True
Blk2.1,B21-M-045,FCPI,EM4,2024-05-01,2025-02-01,10,234.1838,236.8,239.5,-1.0923,False,False,-0.01105,True
Blk2.1,B21-M-045,FCPI,EM4,2024-05-01,2025-03-01,11,233.5777,236.2,234.4,-1.1187,False,False,-0.0111,True
Blk2.1,B21-M-045,FCPI,EM4,2024-05-01,2025-04-01,12,233.9288,237.8,231.1,-1.6751,False,False,-0.01628,True
Blk2.1,B21-M-046,FCPI,EM4,2024-06-01,2024-06-01,1,227.7246,232.8,228.4,-2.2221,False,False,-0.0218,False
Blk2.1,B21-M-046,FCPI,EM4,2024-06-01,2024-07-01,2,228.067,234.0,227.5,-2.6079,False,False,-0.02535,False
Blk2.1,B21-M-046,FCPI,EM4,2024-06-01,2024-08-01,3,227.9885,229.7,224.6,-0.762,True,True,-0.00745,True
Blk2.1,B21-M-046,FCPI,EM4,2024-06-01,2024-09-01,4,228.0579,227.9,226.7,0.0697,True,True,0.00069,True
Blk2.1,B21-M-046,FCPI,EM4,2024-06-01,2024-10-01,5,227.6477,227.1,224.1,0.2444,True,True,0.00241,True
Blk2.1,B21-M-046,FCPI,EM4,2024-06-01,2024-11-01,6,227.6548,228.0,228.1,-0.1513,True,True,-0.00151,True
Blk2.1,B21-M-046,FCPI,EM4,2024-06-01,2024-12-01,7,228.3281,233.9,236.2,-2.359,False,False,-0.02382,False
Blk2.1,B21-M-046,FCPI,EM4,2024-06-01,2025-01-01,8,229.0755,236.3,242.4,-2.9804,False,False,-0.03057,False
Blk2.1,B21-M-046,FCPI,EM4,2024-06-01,2025-02-01,9,229.0059,236.8,239.5,-3.2543,False,False,-0.03291,False
Blk2.1,B21-M-046,FCPI,EM4,2024-06-01,2025-03-01,10,228.5769,236.2,234.4,-3.2522,False,False,-0.03227,False
Blk2.1,B21-M-046,FCPI,EM4,2024-06-01,2025-04-01,11,229.0094,237.8,231.1,-3.8038,False,False,-0.03697,False
Blk2.1,B21-M-046,FCPI,EM4,2024-06-01,2025-05-01,12,229.579,240.6,227.3,-4.8487,False,False,-0.04581,False
Blk2.1,B21-M-047,FCPI,EM4,2024-07-01,2024-07-01,1,232.8952,234.0,227.5,-0.4856,True,True,-0.00472,True
Blk2.1,B21-M-047,FCPI,EM4,2024-07-01,2024-08-01,2,232.2241,229.7,224.6,1.1238,False,False,0.01099,True
Blk2.1,B21-M-047,FCPI,EM4,2024-07-01,2024-09-01,3,232.1412,227.9,226.7,1.8708,False,False,0.01861,True
Blk2.1,B21-M-047,FCPI,EM4,2024-07-01,2024-10-01,4,232.124,227.1,224.1,2.2419,False,False,0.02212,False
Blk2.1,B21-M-047,FCPI,EM4,2024-07-01,2024-11-01,5,233.2981,228.0,228.1,2.3227,False,False,0.02324,False
Blk2.1,B21-M-047,FCPI,EM4,2024-07-01,2024-12-01,6,234.6811,233.9,236.2,0.3307,True,True,0.00334,True
Blk2.1,B21-M-047,FCPI,EM4,2024-07-01,2025-01-01,7,234.8481,236.3,242.4,-0.599,True,True,-0.00614,True
Blk2.1,B21-M-047,FCPI,EM4,2024-07-01,2025-02-01,8,233.9774,236.8,239.5,-1.1785,False,False,-0.01192,True
Blk2.1,B21-M-047,FCPI,EM4,2024-07-01,2025-03-01,9,233.199,236.2,234.4,-1.2803,False,False,-0.01271,True
Blk2.1,B21-M-047,FCPI,EM4,2024-07-01,2025-04-01,10,233.7347,237.8,231.1,-1.7591,False,False,-0.0171,True
Blk2.1,B21-M-047,FCPI,EM4,2024-07-01,2025-05-01,11,234.9345,240.6,227.3,-2.4925,False,False,-0.02355,False
Blk2.1,B21-M-047,FCPI,EM4,2024-07-01,2025-06-01,12,236.4617,242.5,232.8,-2.5938,False,False,-0.0249,False
Blk2.1,B21-M-048,FCPI,EM4,2024-08-01,2024-08-01,1,233.5951,229.7,224.6,1.7343,False,False,0.01696,True
Blk2.1,B21-M-048,FCPI,EM4,2024-08-01,2024-09-01,2,233.3932,227.9,226.7,2.4231,False,False,0.0241,False
Blk2.1,B21-M-048,FCPI,EM4,2024-08-01,2024-10-01,3,233.123,227.1,224.1,2.6876,False,False,0.02652,False
Blk2.1,B21-M-048,FCPI,EM4,2024-08-01,2024-11-01,4,234.78,228.0,228.1,2.9724,False,False,0.02974,False
Blk2.1,B21-M-048,FCPI,EM4,2024-08-01,2024-12-01,5,237.4631,233.9,236.2,1.5085,False,False,0.01523,True
Blk2.1,B21-M-048,FCPI,EM4,2024-08-01,2025-01-01,6,238.9472,236.3,242.4,1.0921,False,False,0.0112,True
Blk2.1,B21-M-048,FCPI,EM4,2024-08-01,2025-02-01,7,235.9067,236.8,239.5,-0.373,True,True,-0.00377,True
Blk2.1,B21-M-048,FCPI,EM4,2024-08-01,2025-03-01,8,233.5798,236.2,234.4,-1.1178,False,False,-0.01109,True
Blk2.1,B21-M-048,FCPI,EM4,2024-08-01,2025-04-01,9,234.6893,237.8,231.1,-1.3461,False,False,-0.01308,True
Blk2.1,B21-M-048,FCPI,EM4,2024-08-01,2025-05-01,10,236.506,240.6,227.3,-1.8011,False,False,-0.01702,True
Blk2.1,B21-M-048,FCPI,EM4,2024-08-01,2025-06-01,11,240.5535,242.5,232.8,-0.8361,True,True,-0.00803,True
Blk2.1,B21-M-048,FCPI,EM4,2024-08-01,2025-07-01,12,239.4561,239.2,234.0,0.1094,True,True,0.00107,True
Blk2.1,B21-M-049,FCPI,EM4,2024-09-01,2024-09-01,1,237.8561,227.9,226.7,4.3917,False,False,0.04369,False
Blk2.1,B21-M-049,FCPI,EM4,2024-09-01,2024-10-01,2,238.034,227.1,224.1,4.8791,False,False,0.04815,False
Blk2.1,B21-M-049,FCPI,EM4,2024-09-01,2024-11-01,3,238.5549,228.0,228.1,4.6273,False,False,0.04629,False
Blk2.1,B21-M-049,FCPI,EM4,2024-09-01,2024-12-01,4,239.1346,233.9,236.2,2.2162,False,False,0.02238,False
Blk2.1,B21-M-049,FCPI,EM4,2024-09-01,2025-01-01,5,239.9352,236.3,242.4,1.4997,False,False,0.01538,True
Blk2.1,B21-M-049,FCPI,EM4,2024-09-01,2025-02-01,6,239.7286,236.8,239.5,1.2228,False,False,0.01237,True
Blk2.1,B21-M-049,FCPI,EM4,2024-09-01,2025-03-01,7,239.074,236.2,234.4,1.2261,False,False,0.01217,True
Blk2.1,B21-M-049,FCPI,EM4,2024-09-01,2025-04-01,8,239.4483,237.8,231.1,0.7133,True,True,0.00693,True
Blk2.1,B21-M-049,FCPI,EM4,2024-09-01,2025-05-01,9,239.9259,240.6,227.3,-0.2966,True,True,-0.0028,True
Blk2.1,B21-M-049,FCPI,EM4,2024-09-01,2025-06-01,10,240.5312,242.5,232.8,-0.8457,True,True,-0.00812,True
Blk2.1,B21-M-049,FCPI,EM4,2024-09-01,2025-07-01,11,240.6716,239.2,234.0,0.6289,True,True,0.00615,True
Blk2.1,B21-M-049,FCPI,EM4,2024-09-01,2025-08-01,12,240.625,236.3,229.7,1.8829,False,False,0.0183,True
Blk2.1,B21-M-050,FCPI,EM4,2024-10-01,2024-10-01,1,238.307,227.1,224.1,5.0009,False,False,0.04935,False
Blk2.1,B21-M-050,FCPI,EM4,2024-10-01,2024-11-01,2,238.2882,228.0,228.1,4.5104,False,False,0.04512,False
Blk2.1,B21-M-050,FCPI,EM4,2024-10-01,2024-12-01,3,238.3008,233.9,236.2,1.8632,False,False,0.01881,True
Blk2.1,B21-M-050,FCPI,EM4,2024-10-01,2025-01-01,4,238.7892,236.3,242.4,1.0269,False,False,0.01053,True
Blk2.1,B21-M-050,FCPI,EM4,2024-10-01,2025-02-01,5,238.9016,236.8,239.5,0.8775,True,True,0.00887,True
Blk2.1,B21-M-050,FCPI,EM4,2024-10-01,2025-03-01,6,239.149,236.2,234.4,1.2581,False,False,0.01249,True
Blk2.1,B21-M-050,FCPI,EM4,2024-10-01,2025-04-01,7,239.0817,237.8,231.1,0.5546,True,True,0.00539,True
Blk2.1,B21-M-050,FCPI,EM4,2024-10-01,2025-05-01,8,239.2352,240.6,227.3,-0.6004,True,True,-0.00567,True
Blk2.1,B21-M-050,FCPI,EM4,2024-10-01,2025-06-01,9,239.2705,242.5,232.8,-1.3873,False,False,-0.01332,True
Blk2.1,B21-M-050,FCPI,EM4,2024-10-01,2025-07-01,10,239.1946,239.2,234.0,-0.0023,True,True,-2e-05,True
Blk2.1,B21-M-050,FCPI,EM4,2024-10-01,2025-08-01,11,239.282,236.3,229.7,1.2982,False,False,0.01262,True
Blk2.1,B21-M-050,FCPI,EM4,2024-10-01,2025-09-01,12,239.6318,236.6,227.9,1.3303,False,False,0.01281,True
Blk2.1,B21-M-051,FCPI,EM4,2024-11-01,2024-11-01,1,227.5119,228.0,228.1,-0.214,True,True,-0.00214,True
Blk2.1,B21-M-051,FCPI,EM4,2024-11-01,2024-12-01,2,232.5889,233.9,236.2,-0.5551,True,True,-0.00561,True
Blk2.1,B21-M-051,FCPI,EM4,2024-11-01,2025-01-01,3,226.9495,236.3,242.4,-3.8575,False,False,-0.03957,False
Blk2.1,B21-M-051,FCPI,EM4,2024-11-01,2025-02-01,4,224.3799,236.8,239.5,-5.1858,False,False,-0.05245,False
Blk2.1,B21-M-051,FCPI,EM4,2024-11-01,2025-03-01,5,223.2865,236.2,234.4,-5.5092,False,False,-0.05467,False
Blk2.1,B21-M-051,FCPI,EM4,2024-11-01,2025-04-01,6,223.9538,237.8,231.1,-5.9914,False,False,-0.05823,False
Blk2.1,B21-M-051,FCPI,EM4,2024-11-01,2025-05-01,7,224.7864,240.6,227.3,-6.9572,False,False,-0.06573,False
Blk2.1,B21-M-051,FCPI,EM4,2024-11-01,2025-06-01,8,227.0917,242.5,232.8,-6.6187,False,False,-0.06354,False
Blk2.1,B21-M-051,FCPI,EM4,2024-11-01,2025-07-01,9,228.5491,239.2,234.0,-4.5517,False,False,-0.04453,False
Blk2.1,B21-M-051,FCPI,EM4,2024-11-01,2025-08-01,10,230.1187,236.3,229.7,-2.691,False,False,-0.02616,False
Blk2.1,B21-M-051,FCPI,EM4,2024-11-01,2025-09-01,11,233.2851,236.6,227.9,-1.4546,False,False,-0.01401,True
Blk2.1,B21-M-051,FCPI,EM4,2024-11-01,2025-10-01,12,237.9385,236.4,227.1,0.6775,True,True,0.00651,True
Blk2.1,B21-M-052,FCPI,EM4,2024-12-01,2024-12-01,1,230.3181,233.9,236.2,-1.5165,False,False,-0.01531,True
Blk2.1,B21-M-052,FCPI,EM4,2024-12-01,2025-01-01,2,230.206,236.3,242.4,-2.514,False,False,-0.02579,False
Blk2.1,B21-M-052,FCPI,EM4,2024-12-01,2025-02-01,3,229.383,236.8,239.5,-3.0969,False,False,-0.03132,False
Blk2.1,B21-M-052,FCPI,EM4,2024-12-01,2025-03-01,4,228.9541,236.2,234.4,-3.0913,False,False,-0.03068,False
Blk2.1,B21-M-052,FCPI,EM4,2024-12-01,2025-04-01,5,229.022,237.8,231.1,-3.7984,False,False,-0.03691,False
Blk2.1,B21-M-052,FCPI,EM4,2024-12-01,2025-05-01,6,229.4902,240.6,227.3,-4.8877,False,False,-0.04618,False
Blk2.1,B21-M-052,FCPI,EM4,2024-12-01,2025-06-01,7,230.2855,242.5,232.8,-5.2468,False,False,-0.05037,False
Blk2.1,B21-M-052,FCPI,EM4,2024-12-01,2025-07-01,8,230.5473,239.2,234.0,-3.6977,False,False,-0.03617,False
Blk2.1,B21-M-052,FCPI,EM4,2024-12-01,2025-08-01,9,230.0544,236.3,229.7,-2.719,False,False,-0.02643,False
Blk2.1,B21-M-052,FCPI,EM4,2024-12-01,2025-09-01,10,229.2551,236.6,227.9,-3.2229,False,False,-0.03104,False
Blk2.1,B21-M-052,FCPI,EM4,2024-12-01,2025-10-01,11,229.0624,236.4,227.1,-3.231,False,False,-0.03104,False
Blk2.1,B21-M-052,FCPI,EM4,2024-12-01,2025-11-01,12,229.9018,236.1,228.0,-2.7185,False,False,-0.02625,False
Blk2.1,B21-M-053,FCPI,EM4,2025-01-01,2025-01-01,1,230.6901,236.3,242.4,-2.3143,False,False,-0.02374,False
Blk2.1,B21-M-053,FCPI,EM4,2025-01-01,2025-02-01,2,230.3321,236.8,239.5,-2.7006,False,False,-0.02731,False
Blk2.1,B21-M-053,FCPI,EM4,2025-01-01,2025-03-01,3,229.5898,236.2,234.4,-2.82,False,False,-0.02799,False
Blk2.1,B21-M-053,FCPI,EM4,2025-01-01,2025-04-01,4,229.5701,237.8,231.1,-3.5612,False,False,-0.03461,False
Blk2.1,B21-M-053,FCPI,EM4,2025-01-01,2025-05-01,5,229.829,240.6,227.3,-4.7387,False,False,-0.04477,False
Blk2.1,B21-M-053,FCPI,EM4,2025-01-01,2025-06-01,6,230.8292,242.5,232.8,-5.0132,False,False,-0.04813,False
Blk2.1,B21-M-053,FCPI,EM4,2025-01-01,2025-07-01,7,230.922,239.2,234.0,-3.5376,False,False,-0.03461,False
Blk2.1,B21-M-053,FCPI,EM4,2025-01-01,2025-08-01,8,230.8291,236.3,229.7,-2.3817,False,False,-0.02315,False
Blk2.1,B21-M-053,FCPI,EM4,2025-01-01,2025-09-01,9,230.513,236.6,227.9,-2.6709,False,False,-0.02573,False
Blk2.1,B21-M-053,FCPI,EM4,2025-01-01,2025-10-01,10,230.5593,236.4,227.1,-2.5719,False,False,-0.02471,False
Blk2.1,B21-M-053,FCPI,EM4,2025-01-01,2025-11-01,11,230.5895,236.1,228.0,-2.4169,False,False,-0.02334,False
Blk2.1,B21-M-053,FCPI,EM4,2025-01-01,2025-12-01,12,231.2179,244.3,233.9,-5.593,False,False,-0.05355,False
Blk2.1,B21-M-054,FCPI,EM4,2025-02-01,2025-02-01,1,228.2696,236.8,239.5,-3.5617,False,False,-0.03602,False
Blk2.1,B21-M-054,FCPI,EM4,2025-02-01,2025-03-01,2,227.9373,236.2,234.4,-3.5251,False,False,-0.03498,False
Blk2.1,B21-M-054,FCPI,EM4,2025-02-01,2025-04-01,3,227.4249,237.8,231.1,-4.4894,False,False,-0.04363,False
Blk2.1,B21-M-054,FCPI,EM4,2025-02-01,2025-05-01,4,227.838,240.6,227.3,-5.6146,False,False,-0.05304,False
Blk2.1,B21-M-054,FCPI,EM4,2025-02-01,2025-06-01,5,228.7693,242.5,232.8,-5.8981,False,False,-0.05662,False
Blk2.1,B21-M-054,FCPI,EM4,2025-02-01,2025-07-01,6,229.8312,239.2,234.0,-4.0037,False,False,-0.03917,False
Blk2.1,B21-M-054,FCPI,EM4,2025-02-01,2025-08-01,7,229.8113,236.3,229.7,-2.8249,False,False,-0.02746,False
Blk2.1,B21-M-054,FCPI,EM4,2025-02-01,2025-09-01,8,229.9177,236.6,227.9,-2.9321,False,False,-0.02824,False
Blk2.1,B21-M-054,FCPI,EM4,2025-02-01,2025-10-01,9,229.2515,236.4,227.1,-3.1477,False,False,-0.03024,False
Blk2.1,B21-M-054,FCPI,EM4,2025-02-01,2025-11-01,10,229.5811,236.1,228.0,-2.8592,False,False,-0.02761,False
Blk2.1,B21-M-054,FCPI,EM4,2025-02-01,2025-12-01,11,229.6286,244.3,233.9,-6.2725,False,False,-0.06005,False
Blk2.1,B21-M-054,FCPI,EM4,2025-02-01,2026-01-01,12,230.0844,244.3,236.3,-6.0159,False,False,-0.05819,False
Blk2.1,B21-M-055,FCPI,EM4,2025-03-01,2025-03-01,1,233.4348,236.2,234.4,-1.1797,False,False,-0.01171,True
Blk2.1,B21-M-055,FCPI,EM4,2025-03-01,2025-04-01,2,232.6953,237.8,231.1,-2.2089,False,False,-0.02147,False
Blk2.1,B21-M-055,FCPI,EM4,2025-03-01,2025-05-01,3,233.5391,240.6,227.3,-3.1064,False,False,-0.02935,False
Blk2.1,B21-M-055,FCPI,EM4,2025-03-01,2025-06-01,4,235.6975,242.5,232.8,-2.922,False,False,-0.02805,False
Blk2.1,B21-M-055,FCPI,EM4,2025-03-01,2025-07-01,5,237.7406,239.2,234.0,-0.6237,True,True,-0.0061,True
Blk2.1,B21-M-055,FCPI,EM4,2025-03-01,2025-08-01,6,240.1308,236.3,229.7,1.6677,False,False,0.01621,True
Blk2.1,B21-M-055,FCPI,EM4,2025-03-01,2025-09-01,7,242.1915,236.6,227.9,2.4535,False,False,0.02363,False
Blk2.1,B21-M-055,FCPI,EM4,2025-03-01,2025-10-01,8,245.1343,236.4,227.1,3.846,False,False,0.03695,False
Blk2.1,B21-M-055,FCPI,EM4,2025-03-01,2025-11-01,9,248.0235,236.1,228.0,5.2296,False,False,0.0505,False
Blk2.1,B21-M-055,FCPI,EM4,2025-03-01,2025-12-01,10,250.6028,244.3,233.9,2.6946,False,False,0.0258,False
Blk2.1,B21-M-055,FCPI,EM4,2025-03-01,2026-01-01,11,249.9907,244.3,236.3,2.4083,False,False,0.02329,False
Blk2.1,B21-M-055,FCPI,EM4,2025-03-01,2026-02-01,12,251.4213,239.4,236.8,5.0766,False,False,0.05021,False
Blk2.1,B21-M-056,FCPI,EM2,2024-05-01,2024-05-01,1,230.8083,227.3,226.1,1.5516,False,False,0.01543,True
Blk2.1,B21-M-056,FCPI,EM2,2024-05-01,2024-06-01,2,232.5811,232.8,228.4,-0.0958,True,True,-0.00094,True
Blk2.1,B21-M-056,FCPI,EM2,2024-05-01,2024-07-01,3,233.0005,234.0,227.5,-0.4393,True,True,-0.00427,True
Blk2.1,B21-M-056,FCPI,EM2,2024-05-01,2024-08-01,4,231.7997,229.7,224.6,0.9349,True,True,0.00914,True
Blk2.1,B21-M-056,FCPI,EM2,2024-05-01,2024-09-01,5,231.4014,227.9,226.7,1.5445,False,False,0.01536,True
Blk2.1,B21-M-056,FCPI,EM2,2024-05-01,2024-10-01,6,230.6333,227.1,224.1,1.5767,False,False,0.01556,True
Blk2.1,B21-M-056,FCPI,EM2,2024-05-01,2024-11-01,7,232.9541,228.0,228.1,2.1719,False,False,0.02173,False
Blk2.1,B21-M-056,FCPI,EM2,2024-05-01,2024-12-01,8,235.2271,233.9,236.2,0.5619,True,True,0.00567,True
Blk2.1,B21-M-056,FCPI,EM2,2024-05-01,2025-01-01,9,235.6583,236.3,242.4,-0.2647,True,True,-0.00272,True
Blk2.1,B21-M-056,FCPI,EM2,2024-05-01,2025-02-01,10,234.2074,236.8,239.5,-1.0825,False,False,-0.01095,True
Blk2.1,B21-M-056,FCPI,EM2,2024-05-01,2025-03-01,11,233.5974,236.2,234.4,-1.1103,False,False,-0.01102,True
Blk2.1,B21-M-056,FCPI,EM2,2024-05-01,2025-04-01,12,233.9463,237.8,231.1,-1.6676,False,False,-0.01621,True
Blk2.1,B21-M-057,FCPI,EM2,2024-06-01,2024-06-01,1,227.7246,232.8,228.4,-2.2221,False,False,-0.0218,False
Blk2.1,B21-M-057,FCPI,EM2,2024-06-01,2024-07-01,2,228.067,234.0,227.5,-2.6079,False,False,-0.02535,False
Blk2.1,B21-M-057,FCPI,EM2,2024-06-01,2024-08-01,3,227.9885,229.7,224.6,-0.762,True,True,-0.00745,True
Blk2.1,B21-M-057,FCPI,EM2,2024-06-01,2024-09-01,4,228.0579,227.9,226.7,0.0697,True,True,0.00069,True
Blk2.1,B21-M-057,FCPI,EM2,2024-06-01,2024-10-01,5,227.6477,227.1,224.1,0.2444,True,True,0.00241,True
Blk2.1,B21-M-057,FCPI,EM2,2024-06-01,2024-11-01,6,227.6548,228.0,228.1,-0.1513,True,True,-0.00151,True
Blk2.1,B21-M-057,FCPI,EM2,2024-06-01,2024-12-01,7,228.3281,233.9,236.2,-2.359,False,False,-0.02382,False
Blk2.1,B21-M-057,FCPI,EM2,2024-06-01,2025-01-01,8,229.0755,236.3,242.4,-2.9804,False,False,-0.03057,False
Blk2.1,B21-M-057,FCPI,EM2,2024-06-01,2025-02-01,9,229.0059,236.8,239.5,-3.2543,False,False,-0.03291,False
Blk2.1,B21-M-057,FCPI,EM2,2024-06-01,2025-03-01,10,228.5769,236.2,234.4,-3.2522,False,False,-0.03227,False
Blk2.1,B21-M-057,FCPI,EM2,2024-06-01,2025-04-01,11,229.0094,237.8,231.1,-3.8038,False,False,-0.03697,False
Blk2.1,B21-M-057,FCPI,EM2,2024-06-01,2025-05-01,12,229.579,240.6,227.3,-4.8487,False,False,-0.04581,False
Blk2.1,B21-M-058,FCPI,EM2,2024-07-01,2024-07-01,1,232.9444,234.0,227.5,-0.464,True,True,-0.00451,True
Blk2.1,B21-M-058,FCPI,EM2,2024-07-01,2024-08-01,2,232.4004,229.7,224.6,1.2023,False,False,0.01176,True
Blk2.1,B21-M-058,FCPI,EM2,2024-07-01,2024-09-01,3,232.3754,227.9,226.7,1.9742,False,False,0.01964,True
Blk2.1,B21-M-058,FCPI,EM2,2024-07-01,2024-10-01,4,232.4094,227.1,224.1,2.3692,False,False,0.02338,False
Blk2.1,B21-M-058,FCPI,EM2,2024-07-01,2024-11-01,5,233.4872,228.0,228.1,2.4056,False,False,0.02407,False
Blk2.1,B21-M-058,FCPI,EM2,2024-07-01,2024-12-01,6,234.7514,233.9,236.2,0.3605,True,True,0.00364,True
Blk2.1,B21-M-058,FCPI,EM2,2024-07-01,2025-01-01,7,234.9494,236.3,242.4,-0.5572,True,True,-0.00572,True
Blk2.1,B21-M-058,FCPI,EM2,2024-07-01,2025-02-01,8,234.2337,236.8,239.5,-1.0715,False,False,-0.01084,True
Blk2.1,B21-M-058,FCPI,EM2,2024-07-01,2025-03-01,9,233.5949,236.2,234.4,-1.1114,False,False,-0.01103,True
Blk2.1,B21-M-058,FCPI,EM2,2024-07-01,2025-04-01,10,234.1152,237.8,231.1,-1.5945,False,False,-0.0155,True
Blk2.1,B21-M-058,FCPI,EM2,2024-07-01,2025-05-01,11,235.2233,240.6,227.3,-2.3654,False,False,-0.02235,False
Blk2.1,B21-M-058,FCPI,EM2,2024-07-01,2025-06-01,12,236.6173,242.5,232.8,-2.5269,False,False,-0.02426,False
Blk2.1,B21-M-059,FCPI,EM2,2024-08-01,2024-08-01,1,236.22,229.7,224.6,2.9029,False,False,0.02838,False
Blk2.1,B21-M-059,FCPI,EM2,2024-08-01,2024-09-01,2,235.8925,227.9,226.7,3.5256,False,False,0.03507,False
Blk2.1,B21-M-059,FCPI,EM2,2024-08-01,2024-10-01,3,235.8387,227.1,224.1,3.8995,False,False,0.03848,False
Blk2.1,B21-M-059,FCPI,EM2,2024-08-01,2024-11-01,4,236.6335,228.0,228.1,3.785,False,False,0.03787,False
Blk2.1,B21-M-059,FCPI,EM2,2024-08-01,2024-12-01,5,238.1035,233.9,236.2,1.7796,False,False,0.01797,True
Blk2.1,B21-M-059,FCPI,EM2,2024-08-01,2025-01-01,6,239.1825,236.3,242.4,1.1891,False,False,0.0122,True
Blk2.1,B21-M-059,FCPI,EM2,2024-08-01,2025-02-01,7,237.1745,236.8,239.5,0.1564,True,True,0.00158,True
Blk2.1,B21-M-059,FCPI,EM2,2024-08-01,2025-03-01,8,235.8934,236.2,234.4,-0.1308,True,True,-0.0013,True
Blk2.1,B21-M-059,FCPI,EM2,2024-08-01,2025-04-01,9,236.6658,237.8,231.1,-0.4908,True,True,-0.00477,True
Blk2.1,B21-M-059,FCPI,EM2,2024-08-01,2025-05-01,10,237.8396,240.6,227.3,-1.2144,False,False,-0.01147,True
Blk2.1,B21-M-059,FCPI,EM2,2024-08-01,2025-06-01,11,240.1587,242.5,232.8,-1.0057,False,True,-0.00965,True
Blk2.1,B21-M-059,FCPI,EM2,2024-08-01,2025-07-01,12,239.3758,239.2,234.0,0.0751,True,True,0.00073,True
Blk2.1,B21-M-060,FCPI,EM2,2024-09-01,2024-09-01,1,237.843,227.9,226.7,4.386,False,False,0.04363,False
Blk2.1,B21-M-060,FCPI,EM2,2024-09-01,2024-10-01,2,238.0106,227.1,224.1,4.8686,False,False,0.04804,False
Blk2.1,B21-M-060,FCPI,EM2,2024-09-01,2024-11-01,3,238.5696,228.0,228.1,4.6337,False,False,0.04636,False
Blk2.1,B21-M-060,FCPI,EM2,2024-09-01,2024-12-01,4,239.175,233.9,236.2,2.2333,False,False,0.02255,False
Blk2.1,B21-M-060,FCPI,EM2,2024-09-01,2025-01-01,5,239.9948,236.3,242.4,1.5242,False,False,0.01564,True
Blk2.1,B21-M-060,FCPI,EM2,2024-09-01,2025-02-01,6,239.7257,236.8,239.5,1.2216,False,False,0.01236,True
Blk2.1,B21-M-060,FCPI,EM2,2024-09-01,2025-03-01,7,238.9794,236.2,234.4,1.1858,False,False,0.01177,True
Blk2.1,B21-M-060,FCPI,EM2,2024-09-01,2025-04-01,8,239.3831,237.8,231.1,0.685,True,True,0.00666,True
Blk2.1,B21-M-060,FCPI,EM2,2024-09-01,2025-05-01,9,239.9218,240.6,227.3,-0.2984,True,True,-0.00282,True
Blk2.1,B21-M-060,FCPI,EM2,2024-09-01,2025-06-01,10,240.6201,242.5,232.8,-0.8075,True,True,-0.00775,True
Blk2.1,B21-M-060,FCPI,EM2,2024-09-01,2025-07-01,11,240.7334,239.2,234.0,0.6553,True,True,0.00641,True
Blk2.1,B21-M-060,FCPI,EM2,2024-09-01,2025-08-01,12,240.6057,236.3,229.7,1.8745,False,False,0.01822,True
Blk2.1,B21-M-061,FCPI,EM2,2024-10-01,2024-10-01,1,238.2085,227.1,224.1,4.9569,False,False,0.04891,False
Blk2.1,B21-M-061,FCPI,EM2,2024-10-01,2024-11-01,2,238.1917,228.0,228.1,4.4681,False,False,0.0447,False
Blk2.1,B21-M-061,FCPI,EM2,2024-10-01,2024-12-01,3,238.2019,233.9,236.2,1.8213,False,False,0.01839,True
Blk2.1,B21-M-061,FCPI,EM2,2024-10-01,2025-01-01,4,238.7024,236.3,242.4,0.9911,True,False,0.01017,True
Blk2.1,B21-M-061,FCPI,EM2,2024-10-01,2025-02-01,5,238.809,236.8,239.5,0.8388,True,True,0.00848,True
Blk2.1,B21-M-061,FCPI,EM2,2024-10-01,2025-03-01,6,239.0434,236.2,234.4,1.213,False,False,0.01204,True
Blk2.1,B21-M-061,FCPI,EM2,2024-10-01,2025-04-01,7,238.9778,237.8,231.1,0.5096,True,True,0.00495,True
Blk2.1,B21-M-061,FCPI,EM2,2024-10-01,2025-05-01,8,239.1223,240.6,227.3,-0.6501,True,True,-0.00614,True
Blk2.1,B21-M-061,FCPI,EM2,2024-10-01,2025-06-01,9,239.1538,242.5,232.8,-1.4374,False,False,-0.0138,True
Blk2.1,B21-M-061,FCPI,EM2,2024-10-01,2025-07-01,10,239.0793,239.2,234.0,-0.0516,True,True,-0.0005,True
Blk2.1,B21-M-061,FCPI,EM2,2024-10-01,2025-08-01,11,239.16,236.3,229.7,1.2451,False,False,0.0121,True
Blk2.1,B21-M-061,FCPI,EM2,2024-10-01,2025-09-01,12,239.4905,236.6,227.9,1.2683,False,False,0.01222,True
Blk2.1,B21-M-062,FCPI,EM2,2024-11-01,2024-11-01,1,229.7372,228.0,228.1,0.7616,True,True,0.00762,True
Blk2.1,B21-M-062,FCPI,EM2,2024-11-01,2024-12-01,2,233.4875,233.9,236.2,-0.1747,True,True,-0.00176,True
Blk2.1,B21-M-062,FCPI,EM2,2024-11-01,2025-01-01,3,229.6536,236.3,242.4,-2.7419,False,False,-0.02813,False
Blk2.1,B21-M-062,FCPI,EM2,2024-11-01,2025-02-01,4,227.7693,236.8,239.5,-3.7706,False,False,-0.03814,False
Blk2.1,B21-M-062,FCPI,EM2,2024-11-01,2025-03-01,5,227.1429,236.2,234.4,-3.8639,False,False,-0.03835,False
Blk2.1,B21-M-062,FCPI,EM2,2024-11-01,2025-04-01,6,227.6328,237.8,231.1,-4.3995,False,False,-0.04276,False
Blk2.1,B21-M-062,FCPI,EM2,2024-11-01,2025-05-01,7,228.3153,240.6,227.3,-5.4046,False,False,-0.05106,False
Blk2.1,B21-M-062,FCPI,EM2,2024-11-01,2025-06-01,8,229.9994,242.5,232.8,-5.3697,False,False,-0.05155,False
Blk2.1,B21-M-062,FCPI,EM2,2024-11-01,2025-07-01,9,231.3453,239.2,234.0,-3.3567,False,False,-0.03284,False
Blk2.1,B21-M-062,FCPI,EM2,2024-11-01,2025-08-01,10,232.2264,236.3,229.7,-1.7734,False,False,-0.01724,True
Blk2.1,B21-M-062,FCPI,EM2,2024-11-01,2025-09-01,11,234.6765,236.6,227.9,-0.844,True,True,-0.00813,True
Blk2.1,B21-M-062,FCPI,EM2,2024-11-01,2025-10-01,12,238.2371,236.4,227.1,0.8089,True,True,0.00777,True
Blk2.1,B21-M-063,FCPI,EM2,2024-12-01,2024-12-01,1,230.2733,233.9,236.2,-1.5354,False,False,-0.01551,True
Blk2.1,B21-M-063,FCPI,EM2,2024-12-01,2025-01-01,2,230.1737,236.3,242.4,-2.5273,False,False,-0.02593,False
Blk2.1,B21-M-063,FCPI,EM2,2024-12-01,2025-02-01,3,229.3143,236.8,239.5,-3.1255,False,False,-0.03161,False
Blk2.1,B21-M-063,FCPI,EM2,2024-12-01,2025-03-01,4,228.8383,236.2,234.4,-3.1406,False,False,-0.03117,False
Blk2.1,B21-M-063,FCPI,EM2,2024-12-01,2025-04-01,5,228.9096,237.8,231.1,-3.847,False,False,-0.03739,False
Blk2.1,B21-M-063,FCPI,EM2,2024-12-01,2025-05-01,6,229.3812,240.6,227.3,-4.9357,False,False,-0.04663,False
Blk2.1,B21-M-063,FCPI,EM2,2024-12-01,2025-06-01,7,230.2083,242.5,232.8,-5.2799,False,False,-0.05069,False
Blk2.1,B21-M-063,FCPI,EM2,2024-12-01,2025-07-01,8,230.4697,239.2,234.0,-3.7309,False,False,-0.0365,False
Blk2.1,B21-M-063,FCPI,EM2,2024-12-01,2025-08-01,9,229.9633,236.3,229.7,-2.7587,False,False,-0.02682,False
Blk2.1,B21-M-063,FCPI,EM2,2024-12-01,2025-09-01,10,229.1391,236.6,227.9,-3.2737,False,False,-0.03153,False
Blk2.1,B21-M-063,FCPI,EM2,2024-12-01,2025-10-01,11,228.9421,236.4,227.1,-3.284,False,False,-0.03155,False
Blk2.1,B21-M-063,FCPI,EM2,2024-12-01,2025-11-01,12,229.7981,236.1,228.0,-2.764,False,False,-0.02669,False
Blk2.1,B21-M-064,FCPI,EM2,2025-01-01,2025-01-01,1,230.3441,236.3,242.4,-2.457,False,False,-0.0252,False
Blk2.1,B21-M-064,FCPI,EM2,2025-01-01,2025-02-01,2,229.8299,236.8,239.5,-2.9103,False,False,-0.02943,False
Blk2.1,B21-M-064,FCPI,EM2,2025-01-01,2025-03-01,3,229.2552,236.2,234.4,-2.9628,False,False,-0.0294,False
Blk2.1,B21-M-064,FCPI,EM2,2025-01-01,2025-04-01,4,229.1997,237.8,231.1,-3.7214,False,False,-0.03617,False
Blk2.1,B21-M-064,FCPI,EM2,2025-01-01,2025-05-01,5,229.4999,240.6,227.3,-4.8835,False,False,-0.04614,False
Blk2.1,B21-M-064,FCPI,EM2,2025-01-01,2025-06-01,6,230.6508,242.5,232.8,-5.0899,False,False,-0.04886,False
Blk2.1,B21-M-064,FCPI,EM2,2025-01-01,2025-07-01,7,230.8579,239.2,234.0,-3.565,False,False,-0.03487,False
Blk2.1,B21-M-064,FCPI,EM2,2025-01-01,2025-08-01,8,230.7568,236.3,229.7,-2.4132,False,False,-0.02346,False
Blk2.1,B21-M-064,FCPI,EM2,2025-01-01,2025-09-01,9,230.4697,236.6,227.9,-2.6899,False,False,-0.02591,False
Blk2.1,B21-M-064,FCPI,EM2,2025-01-01,2025-10-01,10,230.4052,236.4,227.1,-2.6397,False,False,-0.02536,False
Blk2.1,B21-M-064,FCPI,EM2,2025-01-01,2025-11-01,11,230.4907,236.1,228.0,-2.4602,False,False,-0.02376,False
Blk2.1,B21-M-064,FCPI,EM2,2025-01-01,2025-12-01,12,231.2779,244.3,233.9,-5.5674,False,False,-0.0533,False
Blk2.1,B21-M-065,FCPI,EM2,2025-02-01,2025-02-01,1,228.2696,236.8,239.5,-3.5617,False,False,-0.03602,False
Blk2.1,B21-M-065,FCPI,EM2,2025-02-01,2025-03-01,2,227.9373,236.2,234.4,-3.5251,False,False,-0.03498,False
Blk2.1,B21-M-065,FCPI,EM2,2025-02-01,2025-04-01,3,227.4249,237.8,231.1,-4.4894,False,False,-0.04363,False
Blk2.1,B21-M-065,FCPI,EM2,2025-02-01,2025-05-01,4,227.838,240.6,227.3,-5.6146,False,False,-0.05304,False
Blk2.1,B21-M-065,FCPI,EM2,2025-02-01,2025-06-01,5,228.7693,242.5,232.8,-5.8981,False,False,-0.05662,False
Blk2.1,B21-M-065,FCPI,EM2,2025-02-01,2025-07-01,6,229.8312,239.2,234.0,-4.0037,False,False,-0.03917,False
Blk2.1,B21-M-065,FCPI,EM2,2025-02-01,2025-08-01,7,229.8113,236.3,229.7,-2.8249,False,False,-0.02746,False
Blk2.1,B21-M-065,FCPI,EM2,2025-02-01,2025-09-01,8,229.9177,236.6,227.9,-2.9321,False,False,-0.02824,False
Blk2.1,B21-M-065,FCPI,EM2,2025-02-01,2025-10-01,9,229.2515,236.4,227.1,-3.1477,False,False,-0.03024,False
Blk2.1,B21-M-065,FCPI,EM2,2025-02-01,2025-11-01,10,229.5811,236.1,228.0,-2.8592,False,False,-0.02761,False
Blk2.1,B21-M-065,FCPI,EM2,2025-02-01,2025-12-01,11,229.6286,244.3,233.9,-6.2725,False,False,-0.06005,False
Blk2.1,B21-M-065,FCPI,EM2,2025-02-01,2026-01-01,12,230.0844,244.3,236.3,-6.0159,False,False,-0.05819,False
Blk2.1,B21-M-066,FCPI,EM2,2025-03-01,2025-03-01,1,233.4348,236.2,234.4,-1.1797,False,False,-0.01171,True
Blk2.1,B21-M-066,FCPI,EM2,2025-03-01,2025-04-01,2,232.6953,237.8,231.1,-2.2089,False,False,-0.02147,False
Blk2.1,B21-M-066,FCPI,EM2,2025-03-01,2025-05-01,3,233.5391,240.6,227.3,-3.1064,False,False,-0.02935,False
Blk2.1,B21-M-066,FCPI,EM2,2025-03-01,2025-06-01,4,235.6975,242.5,232.8,-2.922,False,False,-0.02805,False
Blk2.1,B21-M-066,FCPI,EM2,2025-03-01,2025-07-01,5,237.7406,239.2,234.0,-0.6237,True,True,-0.0061,True
Blk2.1,B21-M-066,FCPI,EM2,2025-03-01,2025-08-01,6,240.1308,236.3,229.7,1.6677,False,False,0.01621,True
Blk2.1,B21-M-066,FCPI,EM2,2025-03-01,2025-09-01,7,242.1915,236.6,227.9,2.4535,False,False,0.02363,False
Blk2.1,B21-M-066,FCPI,EM2,2025-03-01,2025-10-01,8,245.1343,236.4,227.1,3.846,False,False,0.03695,False
Blk2.1,B21-M-066,FCPI,EM2,2025-03-01,2025-11-01,9,248.0235,236.1,228.0,5.2296,False,False,0.0505,False
Blk2.1,B21-M-066,FCPI,EM2,2025-03-01,2025-12-01,10,250.6028,244.3,233.9,2.6946,False,False,0.0258,False
Blk2.1,B21-M-066,FCPI,EM2,2025-03-01,2026-01-01,11,249.9907,244.3,236.3,2.4083,False,False,0.02329,False
Blk2.1,B21-M-066,FCPI,EM2,2025-03-01,2026-02-01,12,251.4213,239.4,236.8,5.0766,False,False,0.05021,False
Blk2.1,B21-M-068,CCPI,EM12,2024-06-01,2024-06-01,1,195.4347,195.6,192.3,-0.086,True,True,-0.00085,True
Blk2.1,B21-M-068,CCPI,EM12,2024-06-01,2024-07-01,2,195.603,194.7,190.2,0.4748,True,True,0.00464,True
Blk2.1,B21-M-068,CCPI,EM12,2024-06-01,2024-08-01,3,195.9307,191.1,190.1,2.5411,False,False,0.02528,False
Blk2.1,B21-M-068,CCPI,EM12,2024-06-01,2024-09-01,4,196.2915,190.9,191.8,2.811,False,False,0.02824,False
Blk2.1,B21-M-068,CCPI,EM12,2024-06-01,2024-10-01,5,196.405,189.9,191.4,3.3987,False,False,0.03425,False
Blk2.1,B21-M-068,CCPI,EM12,2024-06-01,2024-11-01,6,196.9538,189.4,193.4,3.9058,False,False,0.03988,False
Blk2.1,B21-M-068,CCPI,EM12,2024-06-01,2024-12-01,7,198.0851,191.7,195.1,3.2727,False,False,0.03331,False
Blk2.1,B21-M-068,CCPI,EM12,2024-06-01,2025-01-01,8,199.1705,192.6,200.7,3.2738,False,False,0.03411,False
Blk2.1,B21-M-068,CCPI,EM12,2024-06-01,2025-02-01,9,199.6905,192.2,200.6,3.7341,False,False,0.03897,False
Blk2.1,B21-M-068,CCPI,EM12,2024-06-01,2025-03-01,10,200.1078,191.6,196.7,4.3253,False,False,0.0444,False
Blk2.1,B21-M-068,CCPI,EM12,2024-06-01,2025-04-01,11,200.6888,191.2,195.2,4.861,False,False,0.04963,False
Blk2.1,B21-M-068,CCPI,EM12,2024-06-01,2025-05-01,12,201.3024,192.8,194.1,4.3804,False,False,0.0441,False
Blk2.1,B21-M-069,CCPI,EM12,2024-07-01,2024-07-01,1,196.0224,194.7,190.2,0.6953,True,True,0.00679,True
Blk2.1,B21-M-069,CCPI,EM12,2024-07-01,2024-08-01,2,195.8765,191.1,190.1,2.5126,False,False,0.02499,False
Blk2.1,B21-M-069,CCPI,EM12,2024-07-01,2024-09-01,3,196.1208,190.9,191.8,2.722,False,False,0.02735,False
Blk2.1,B21-M-069,CCPI,EM12,2024-07-01,2024-10-01,4,196.195,189.9,191.4,3.2889,False,False,0.03315,False
Blk2.1,B21-M-069,CCPI,EM12,2024-07-01,2024-11-01,5,196.4993,189.4,193.4,3.6708,False,False,0.03748,False
Blk2.1,B21-M-069,CCPI,EM12,2024-07-01,2024-12-01,6,196.813,191.7,195.1,2.6207,False,False,0.02667,False
Blk2.1,B21-M-069,CCPI,EM12,2024-07-01,2025-01-01,7,197.3732,192.6,200.7,2.3783,False,False,0.02478,False
Blk2.1,B21-M-069,CCPI,EM12,2024-07-01,2025-02-01,8,197.3714,192.2,200.6,2.578,False,False,0.02691,False
Blk2.1,B21-M-069,CCPI,EM12,2024-07-01,2025-03-01,9,197.4726,191.6,196.7,2.9856,False,False,0.03065,False
Blk2.1,B21-M-069,CCPI,EM12,2024-07-01,2025-04-01,10,197.8513,191.2,195.2,3.4074,False,False,0.03479,False
Blk2.1,B21-M-069,CCPI,EM12,2024-07-01,2025-05-01,11,198.5848,192.8,194.1,2.9803,False,False,0.03,False
Blk2.1,B21-M-069,CCPI,EM12,2024-07-01,2025-06-01,12,199.5638,194.5,195.6,2.5889,False,False,0.02603,False
Blk2.1,B21-M-070,CCPI,EM12,2024-08-01,2024-08-01,1,195.1745,191.1,190.1,2.1434,False,False,0.02132,False
Blk2.1,B21-M-070,CCPI,EM12,2024-08-01,2024-09-01,2,195.7273,190.9,191.8,2.5168,False,False,0.02529,False
Blk2.1,B21-M-070,CCPI,EM12,2024-08-01,2024-10-01,3,196.2387,189.9,191.4,3.3118,False,False,0.03338,False
Blk2.1,B21-M-070,CCPI,EM12,2024-08-01,2024-11-01,4,196.9301,189.4,193.4,3.8935,False,False,0.03976,False
Blk2.1,B21-M-070,CCPI,EM12,2024-08-01,2024-12-01,5,197.6003,191.7,195.1,3.0242,False,False,0.03078,False
Blk2.1,B21-M-070,CCPI,EM12,2024-08-01,2025-01-01,6,198.4887,192.6,200.7,2.9341,False,False,0.03057,False
Blk2.1,B21-M-070,CCPI,EM12,2024-08-01,2025-02-01,7,198.9509,192.2,200.6,3.3653,False,False,0.03512,False
Blk2.1,B21-M-070,CCPI,EM12,2024-08-01,2025-03-01,8,199.6379,191.6,196.7,4.0864,False,False,0.04195,False
Blk2.1,B21-M-070,CCPI,EM12,2024-08-01,2025-04-01,9,200.4422,191.2,195.2,4.7347,False,False,0.04834,False
Blk2.1,B21-M-070,CCPI,EM12,2024-08-01,2025-05-01,10,201.4204,192.8,194.1,4.4412,False,False,0.04471,False
Blk2.1,B21-M-070,CCPI,EM12,2024-08-01,2025-06-01,11,202.5537,194.5,195.6,4.1174,False,False,0.04141,False
Blk2.1,B21-M-070,CCPI,EM12,2024-08-01,2025-07-01,12,203.1168,194.1,194.7,4.6311,False,False,0.04645,False
Blk2.1,B21-M-071,CCPI,EM12,2024-09-01,2024-09-01,1,191.4864,190.9,191.8,0.3057,True,True,0.00307,True
Blk2.1,B21-M-071,CCPI,EM12,2024-09-01,2024-10-01,2,191.7221,189.9,191.4,0.952,True,True,0.0096,True
Blk2.1,B21-M-071,CCPI,EM12,2024-09-01,2024-11-01,3,192.3234,189.4,193.4,1.5116,False,False,0.01544,True
Blk2.1,B21-M-071,CCPI,EM12,2024-09-01,2024-12-01,4,192.8829,191.7,195.1,0.6063,True,True,0.00617,True
Blk2.1,B21-M-071,CCPI,EM12,2024-09-01,2025-01-01,5,193.6887,192.6,200.7,0.5425,True,True,0.00565,True
Blk2.1,B21-M-071,CCPI,EM12,2024-09-01,2025-02-01,6,193.7835,192.2,200.6,0.7894,True,True,0.00824,True
Blk2.1,B21-M-071,CCPI,EM12,2024-09-01,2025-03-01,7,193.8622,191.6,196.7,1.1501,False,False,0.01181,True
Blk2.1,B21-M-071,CCPI,EM12,2024-09-01,2025-04-01,8,194.5685,191.2,195.2,1.7257,False,False,0.01762,True
Blk2.1,B21-M-071,CCPI,EM12,2024-09-01,2025-05-01,9,195.5177,192.8,194.1,1.4002,False,False,0.0141,True
Blk2.1,B21-M-071,CCPI,EM12,2024-09-01,2025-06-01,10,196.9038,194.5,195.6,1.2289,False,False,0.01236,True
Blk2.1,B21-M-071,CCPI,EM12,2024-09-01,2025-07-01,11,197.0952,194.1,194.7,1.5383,False,False,0.01543,True
Blk2.1,B21-M-071,CCPI,EM12,2024-09-01,2025-08-01,12,197.1688,193.3,191.1,2.0245,False,False,0.02001,False
Blk2.1,B21-M-072,CCPI,EM12,2024-10-01,2024-10-01,1,191.2071,189.9,191.4,0.6829,True,True,0.00688,True
Blk2.1,B21-M-072,CCPI,EM12,2024-10-01,2024-11-01,2,191.9817,189.4,193.4,1.3349,False,False,0.01363,True
Blk2.1,B21-M-072,CCPI,EM12,2024-10-01,2024-12-01,3,192.2252,191.7,195.1,0.2692,True,True,0.00274,True
Blk2.1,B21-M-072,CCPI,EM12,2024-10-01,2025-01-01,4,193.0446,192.6,200.7,0.2215,True,True,0.00231,True
Blk2.1,B21-M-072,CCPI,EM12,2024-10-01,2025-02-01,5,192.4488,192.2,200.6,0.124,True,True,0.00129,True
Blk2.1,B21-M-072,CCPI,EM12,2024-10-01,2025-03-01,6,191.9835,191.6,196.7,0.195,True,True,0.002,True
Blk2.1,B21-M-072,CCPI,EM12,2024-10-01,2025-04-01,7,192.1446,191.2,195.2,0.4839,True,True,0.00494,True
Blk2.1,B21-M-072,CCPI,EM12,2024-10-01,2025-05-01,8,193.0756,192.8,194.1,0.142,True,True,0.00143,True
Blk2.1,B21-M-072,CCPI,EM12,2024-10-01,2025-06-01,9,194.4079,194.5,195.6,-0.0471,True,True,-0.00047,True
Blk2.1,B21-M-072,CCPI,EM12,2024-10-01,2025-07-01,10,194.4719,194.1,194.7,0.191,True,True,0.00192,True
Blk2.1,B21-M-072,CCPI,EM12,2024-10-01,2025-08-01,11,194.0453,193.3,191.1,0.39,True,True,0.00386,True
Blk2.1,B21-M-072,CCPI,EM12,2024-10-01,2025-09-01,12,194.3915,193.7,190.9,0.3622,True,True,0.00357,True
Blk2.1,B21-M-073,CCPI,EM12,2024-11-01,2024-11-01,1,192.5678,189.4,193.4,1.638,False,False,0.01673,True
Blk2.1,B21-M-073,CCPI,EM12,2024-11-01,2024-12-01,2,192.769,191.7,195.1,0.5479,True,True,0.00558,True
Blk2.1,B21-M-073,CCPI,EM12,2024-11-01,2025-01-01,3,193.6809,192.6,200.7,0.5386,True,True,0.00561,True
Blk2.1,B21-M-073,CCPI,EM12,2024-11-01,2025-02-01,4,193.1032,192.2,200.6,0.4503,True,True,0.0047,True
Blk2.1,B21-M-073,CCPI,EM12,2024-11-01,2025-03-01,5,192.7698,191.6,196.7,0.5947,True,True,0.00611,True
Blk2.1,B21-M-073,CCPI,EM12,2024-11-01,2025-04-01,6,193.0505,191.2,195.2,0.948,True,True,0.00968,True
Blk2.1,B21-M-073,CCPI,EM12,2024-11-01,2025-05-01,7,194.0034,192.8,194.1,0.62,True,True,0.00624,True
Blk2.1,B21-M-073,CCPI,EM12,2024-11-01,2025-06-01,8,195.5972,194.5,195.6,0.561,True,True,0.00564,True
Blk2.1,B21-M-073,CCPI,EM12,2024-11-01,2025-07-01,9,195.5295,194.1,194.7,0.7342,True,True,0.00736,True
Blk2.1,B21-M-073,CCPI,EM12,2024-11-01,2025-08-01,10,194.9534,193.3,191.1,0.8652,True,True,0.00855,True
Blk2.1,B21-M-073,CCPI,EM12,2024-11-01,2025-09-01,11,195.0165,193.7,190.9,0.6896,True,True,0.0068,True
Blk2.1,B21-M-073,CCPI,EM12,2024-11-01,2025-10-01,12,194.7821,193.8,189.9,0.5172,True,True,0.00507,True
Blk2.1,B21-M-074,CCPI,EM12,2024-12-01,2024-12-01,1,189.7852,191.7,195.1,-0.9814,True,False,-0.00999,True
Blk2.1,B21-M-074,CCPI,EM12,2024-12-01,2025-01-01,2,189.6765,192.6,200.7,-1.4566,False,False,-0.01518,True
Blk2.1,B21-M-074,CCPI,EM12,2024-12-01,2025-02-01,3,189.6346,192.2,200.6,-1.2789,False,False,-0.01335,True
Blk2.1,B21-M-074,CCPI,EM12,2024-12-01,2025-03-01,4,189.599,191.6,196.7,-1.0173,False,False,-0.01044,True
Blk2.1,B21-M-074,CCPI,EM12,2024-12-01,2025-04-01,5,189.4737,191.2,195.2,-0.8844,True,True,-0.00903,True
Blk2.1,B21-M-074,CCPI,EM12,2024-12-01,2025-05-01,6,189.4687,192.8,194.1,-1.7163,False,False,-0.01728,True
Blk2.1,B21-M-074,CCPI,EM12,2024-12-01,2025-06-01,7,189.6443,194.5,195.6,-2.4825,False,False,-0.02497,False
Blk2.1,B21-M-074,CCPI,EM12,2024-12-01,2025-07-01,8,189.6694,194.1,194.7,-2.2756,False,False,-0.02283,False
Blk2.1,B21-M-074,CCPI,EM12,2024-12-01,2025-08-01,9,189.5968,193.3,191.1,-1.9378,False,False,-0.01916,True
Blk2.1,B21-M-074,CCPI,EM12,2024-12-01,2025-09-01,10,189.5617,193.7,190.9,-2.1678,False,False,-0.02136,False
Blk2.1,B21-M-074,CCPI,EM12,2024-12-01,2025-10-01,11,189.5854,193.8,189.9,-2.2194,False,False,-0.02175,False
Blk2.1,B21-M-074,CCPI,EM12,2024-12-01,2025-11-01,12,189.5837,193.4,189.4,-2.0149,False,False,-0.01973,True
Blk2.1,B21-M-075,CCPI,EM12,2025-01-01,2025-01-01,1,192.4992,192.6,200.7,-0.0502,True,True,-0.00052,True
Blk2.1,B21-M-075,CCPI,EM12,2025-01-01,2025-02-01,2,192.377,192.2,200.6,0.0882,True,True,0.00092,True
Blk2.1,B21-M-075,CCPI,EM12,2025-01-01,2025-03-01,3,192.3151,191.6,196.7,0.3635,True,True,0.00373,True
Blk2.1,B21-M-075,CCPI,EM12,2025-01-01,2025-04-01,4,192.2467,191.2,195.2,0.5362,True,True,0.00547,True
Blk2.1,B21-M-075,CCPI,EM12,2025-01-01,2025-05-01,5,192.1632,192.8,194.1,-0.3281,True,True,-0.0033,True
Blk2.1,B21-M-075,CCPI,EM12,2025-01-01,2025-06-01,6,192.0884,194.5,195.6,-1.2329,False,False,-0.0124,True
Blk2.1,B21-M-075,CCPI,EM12,2025-01-01,2025-07-01,7,192.21,194.1,194.7,-0.9707,True,True,-0.00974,True
Blk2.1,B21-M-075,CCPI,EM12,2025-01-01,2025-08-01,8,192.2605,193.3,191.1,-0.5439,True,True,-0.00538,True
Blk2.1,B21-M-075,CCPI,EM12,2025-01-01,2025-09-01,9,192.5246,193.7,190.9,-0.6157,True,True,-0.00607,True
Blk2.1,B21-M-075,CCPI,EM12,2025-01-01,2025-10-01,10,192.3548,193.8,189.9,-0.761,True,True,-0.00746,True
Blk2.1,B21-M-075,CCPI,EM12,2025-01-01,2025-11-01,11,192.3623,193.4,189.4,-0.5479,True,True,-0.00537,True
Blk2.1,B21-M-075,CCPI,EM12,2025-01-01,2025-12-01,12,192.3933,195.8,191.7,-1.7771,False,False,-0.0174,True
Blk2.1,B21-M-076,CCPI,EM12,2025-02-01,2025-02-01,1,193.1582,192.2,200.6,0.4777,True,True,0.00499,True
Blk2.1,B21-M-076,CCPI,EM12,2025-02-01,2025-03-01,2,193.4876,191.6,196.7,0.9596,True,True,0.00985,True
Blk2.1,B21-M-076,CCPI,EM12,2025-02-01,2025-04-01,3,193.579,191.2,195.2,1.2187,False,False,0.01244,True
Blk2.1,B21-M-076,CCPI,EM12,2025-02-01,2025-05-01,4,193.6205,192.8,194.1,0.4227,True,True,0.00426,True
Blk2.1,B21-M-076,CCPI,EM12,2025-02-01,2025-06-01,5,193.8881,194.5,195.6,-0.3128,True,True,-0.00315,True
Blk2.1,B21-M-076,CCPI,EM12,2025-02-01,2025-07-01,6,194.1703,194.1,194.7,0.0361,True,True,0.00036,True
Blk2.1,B21-M-076,CCPI,EM12,2025-02-01,2025-08-01,7,194.3574,193.3,191.1,0.5533,True,True,0.00547,True
Blk2.1,B21-M-076,CCPI,EM12,2025-02-01,2025-09-01,8,194.6747,193.7,190.9,0.5106,True,True,0.00503,True
Blk2.1,B21-M-076,CCPI,EM12,2025-02-01,2025-10-01,9,194.6777,193.8,189.9,0.4622,True,True,0.00453,True
Blk2.1,B21-M-076,CCPI,EM12,2025-02-01,2025-11-01,10,194.7938,193.4,189.4,0.7359,True,True,0.00721,True
Blk2.1,B21-M-076,CCPI,EM12,2025-02-01,2025-12-01,11,194.6889,195.8,191.7,-0.5796,True,True,-0.00567,True
Blk2.1,B21-M-076,CCPI,EM12,2025-02-01,2026-01-01,12,194.6892,197.0,192.6,-1.1998,False,False,-0.01173,True
Blk2.1,B21-M-077,CCPI,EM12,2025-03-01,2025-03-01,1,187.8926,191.6,196.7,-1.8848,False,False,-0.01935,True
Blk2.1,B21-M-077,CCPI,EM12,2025-03-01,2025-04-01,2,188.4254,191.2,195.2,-1.4214,False,False,-0.01451,True
Blk2.1,B21-M-077,CCPI,EM12,2025-03-01,2025-05-01,3,188.6154,192.8,194.1,-2.1559,False,False,-0.0217,False
Blk2.1,B21-M-077,CCPI,EM12,2025-03-01,2025-06-01,4,188.9916,194.5,195.6,-2.8161,False,False,-0.02832,False
Blk2.1,B21-M-077,CCPI,EM12,2025-03-01,2025-07-01,5,189.3977,194.1,194.7,-2.4152,False,False,-0.02423,False
Blk2.1,B21-M-077,CCPI,EM12,2025-03-01,2025-08-01,6,189.6736,193.3,191.1,-1.8977,False,False,-0.01876,True
Blk2.1,B21-M-077,CCPI,EM12,2025-03-01,2025-09-01,7,190.2392,193.7,190.9,-1.8129,False,False,-0.01787,True
Blk2.1,B21-M-077,CCPI,EM12,2025-03-01,2025-10-01,8,190.5327,193.8,189.9,-1.7205,False,False,-0.01686,True
Blk2.1,B21-M-077,CCPI,EM12,2025-03-01,2025-11-01,9,190.4593,193.4,189.4,-1.5527,False,False,-0.01521,True
Blk2.1,B21-M-077,CCPI,EM12,2025-03-01,2025-12-01,10,190.1911,195.8,191.7,-2.9259,False,False,-0.02865,False
Blk2.1,B21-M-077,CCPI,EM12,2025-03-01,2026-01-01,11,190.6079,197.0,192.6,-3.3188,False,False,-0.03245,False
Blk2.1,B21-M-077,CCPI,EM12,2025-03-01,2026-02-01,12,191.1894,195.3,192.2,-2.1387,False,False,-0.02105,False
Blk2.1,B21-M-078,CCPI,EM13,2024-05-01,2024-05-01,1,193.3784,194.1,192.3,-0.3752,True,True,-0.00372,True
Blk2.1,B21-M-078,CCPI,EM13,2024-05-01,2024-06-01,2,193.0749,195.6,192.3,-1.3131,False,False,-0.01291,True
Blk2.1,B21-M-078,CCPI,EM13,2024-05-01,2024-07-01,3,194.0089,194.7,190.2,-0.3633,True,True,-0.00355,True
Blk2.1,B21-M-078,CCPI,EM13,2024-05-01,2024-08-01,4,194.3639,191.1,190.1,1.717,False,False,0.01708,True
Blk2.1,B21-M-078,CCPI,EM13,2024-05-01,2024-09-01,5,194.4134,190.9,191.8,1.8318,False,False,0.0184,True
Blk2.1,B21-M-078,CCPI,EM13,2024-05-01,2024-10-01,6,194.3191,189.9,191.4,2.3088,False,False,0.02327,False
Blk2.1,B21-M-078,CCPI,EM13,2024-05-01,2024-11-01,7,195.214,189.4,193.4,3.0062,False,False,0.0307,False
Blk2.1,B21-M-078,CCPI,EM13,2024-05-01,2024-12-01,8,195.6403,191.7,195.1,2.0196,False,False,0.02055,False
Blk2.1,B21-M-078,CCPI,EM13,2024-05-01,2025-01-01,9,196.9113,192.6,200.7,2.1481,False,False,0.02238,False
Blk2.1,B21-M-078,CCPI,EM13,2024-05-01,2025-02-01,10,196.3916,192.2,200.6,2.0895,False,False,0.02181,False
Blk2.1,B21-M-078,CCPI,EM13,2024-05-01,2025-03-01,11,196.8868,191.6,196.7,2.6878,False,False,0.02759,False
Blk2.1,B21-M-078,CCPI,EM13,2024-05-01,2025-04-01,12,198.5088,191.2,195.2,3.7443,False,False,0.03823,False
Blk2.1,B21-M-079,CCPI,EM13,2024-06-01,2024-06-01,1,195.2271,195.6,192.3,-0.1939,True,True,-0.00191,True
Blk2.1,B21-M-079,CCPI,EM13,2024-06-01,2024-07-01,2,195.1613,194.7,190.2,0.2425,True,True,0.00237,True
Blk2.1,B21-M-079,CCPI,EM13,2024-06-01,2024-08-01,3,195.2658,191.1,190.1,2.1914,False,False,0.0218,False
Blk2.1,B21-M-079,CCPI,EM13,2024-06-01,2024-09-01,4,195.443,190.9,191.8,2.3686,False,False,0.0238,False
Blk2.1,B21-M-079,CCPI,EM13,2024-06-01,2024-10-01,5,195.2889,189.9,191.4,2.8155,False,False,0.02838,False
Blk2.1,B21-M-079,CCPI,EM13,2024-06-01,2024-11-01,6,195.2939,189.4,193.4,3.0475,False,False,0.03112,False
Blk2.1,B21-M-079,CCPI,EM13,2024-06-01,2024-12-01,7,195.7287,191.7,195.1,2.0649,False,False,0.02102,False
Blk2.1,B21-M-079,CCPI,EM13,2024-06-01,2025-01-01,8,196.2247,192.6,200.7,1.806,False,False,0.01882,True
Blk2.1,B21-M-079,CCPI,EM13,2024-06-01,2025-02-01,9,196.4945,192.2,200.6,2.1408,False,False,0.02234,False
Blk2.1,B21-M-079,CCPI,EM13,2024-06-01,2025-03-01,10,196.5347,191.6,196.7,2.5087,False,False,0.02576,False
Blk2.1,B21-M-079,CCPI,EM13,2024-06-01,2025-04-01,11,196.8332,191.2,195.2,2.8859,False,False,0.02946,False
Blk2.1,B21-M-079,CCPI,EM13,2024-06-01,2025-05-01,12,197.0676,192.8,194.1,2.1987,False,False,0.02213,False
Blk2.1,B21-M-080,CCPI,EM13,2024-07-01,2024-07-01,1,196.2224,194.7,190.2,0.8004,True,True,0.00782,True
Blk2.1,B21-M-080,CCPI,EM13,2024-07-01,2024-08-01,2,196.3547,191.1,190.1,2.7642,False,False,0.0275,False
Blk2.1,B21-M-080,CCPI,EM13,2024-07-01,2024-09-01,3,196.6133,190.9,191.8,2.9788,False,False,0.02993,False
Blk2.1,B21-M-080,CCPI,EM13,2024-07-01,2024-10-01,4,196.8862,189.9,191.4,3.6501,False,False,0.03679,False
Blk2.1,B21-M-080,CCPI,EM13,2024-07-01,2024-11-01,5,197.0517,189.4,193.4,3.9564,False,False,0.0404,False
Blk2.1,B21-M-080,CCPI,EM13,2024-07-01,2024-12-01,6,197.2846,191.7,195.1,2.8624,False,False,0.02913,False
Blk2.1,B21-M-080,CCPI,EM13,2024-07-01,2025-01-01,7,197.6837,192.6,200.7,2.533,False,False,0.0264,False
Blk2.1,B21-M-080,CCPI,EM13,2024-07-01,2025-02-01,8,198.0279,192.2,200.6,2.9052,False,False,0.03032,False
Blk2.1,B21-M-080,CCPI,EM13,2024-07-01,2025-03-01,9,198.2928,191.6,196.7,3.4025,False,False,0.03493,False
Blk2.1,B21-M-080,CCPI,EM13,2024-07-01,2025-04-01,10,198.5395,191.2,195.2,3.76,False,False,0.03839,False
Blk2.1,B21-M-080,CCPI,EM13,2024-07-01,2025-05-01,11,198.8893,192.8,194.1,3.1372,False,False,0.03158,False
Blk2.1,B21-M-080,CCPI,EM13,2024-07-01,2025-06-01,12,199.1901,194.5,195.6,2.3978,False,False,0.02411,False
Blk2.1,B21-M-081,CCPI,EM13,2024-08-01,2024-08-01,1,195.3324,191.1,190.1,2.2264,False,False,0.02215,False
Blk2.1,B21-M-081,CCPI,EM13,2024-08-01,2024-09-01,2,195.8977,190.9,191.8,2.6057,False,False,0.02618,False
Blk2.1,B21-M-081,CCPI,EM13,2024-08-01,2024-10-01,3,196.4772,189.9,191.4,3.4364,False,False,0.03464,False
Blk2.1,B21-M-081,CCPI,EM13,2024-08-01,2024-11-01,4,197.1333,189.4,193.4,3.9986,False,False,0.04083,False
Blk2.1,B21-M-081,CCPI,EM13,2024-08-01,2024-12-01,5,197.7625,191.7,195.1,3.1074,False,False,0.03162,False
Blk2.1,B21-M-081,CCPI,EM13,2024-08-01,2025-01-01,6,198.5101,192.6,200.7,2.9448,False,False,0.03069,False
Blk2.1,B21-M-081,CCPI,EM13,2024-08-01,2025-02-01,7,199.1138,192.2,200.6,3.4466,False,False,0.03597,False
Blk2.1,B21-M-081,CCPI,EM13,2024-08-01,2025-03-01,8,199.8062,191.6,196.7,4.1719,False,False,0.04283,False
Blk2.1,B21-M-081,CCPI,EM13,2024-08-01,2025-04-01,9,200.5275,191.2,195.2,4.7784,False,False,0.04878,False
Blk2.1,B21-M-081,CCPI,EM13,2024-08-01,2025-05-01,10,201.3187,192.8,194.1,4.3888,False,False,0.04418,False
Blk2.1,B21-M-081,CCPI,EM13,2024-08-01,2025-06-01,11,202.1877,194.5,195.6,3.9303,False,False,0.03953,False
Blk2.1,B21-M-081,CCPI,EM13,2024-08-01,2025-07-01,12,202.7799,194.1,194.7,4.4581,False,False,0.04472,False
Blk2.1,B21-M-082,CCPI,EM13,2024-09-01,2024-09-01,1,191.3659,190.9,191.8,0.2429,True,True,0.00244,True
Blk2.1,B21-M-082,CCPI,EM13,2024-09-01,2024-10-01,2,191.5082,189.9,191.4,0.8402,True,True,0.00847,True
Blk2.1,B21-M-082,CCPI,EM13,2024-09-01,2024-11-01,3,191.9737,189.4,193.4,1.3308,False,False,0.01359,True
Blk2.1,B21-M-082,CCPI,EM13,2024-09-01,2024-12-01,4,192.3961,191.7,195.1,0.3568,True,True,0.00363,True
Blk2.1,B21-M-082,CCPI,EM13,2024-09-01,2025-01-01,5,193.0358,192.6,200.7,0.2171,True,True,0.00226,True
Blk2.1,B21-M-082,CCPI,EM13,2024-09-01,2025-02-01,6,193.0466,192.2,200.6,0.422,True,True,0.0044,True
Blk2.1,B21-M-082,CCPI,EM13,2024-09-01,2025-03-01,7,193.0777,191.6,196.7,0.7513,True,True,0.00771,True
Blk2.1,B21-M-082,CCPI,EM13,2024-09-01,2025-04-01,8,193.6346,191.2,195.2,1.2473,False,False,0.01273,True
Blk2.1,B21-M-082,CCPI,EM13,2024-09-01,2025-05-01,9,194.4136,192.8,194.1,0.8313,True,True,0.00837,True
Blk2.1,B21-M-082,CCPI,EM13,2024-09-01,2025-06-01,10,195.542,194.5,195.6,0.5327,True,True,0.00536,True
Blk2.1,B21-M-082,CCPI,EM13,2024-09-01,2025-07-01,11,195.661,194.1,194.7,0.8017,True,True,0.00804,True
Blk2.1,B21-M-082,CCPI,EM13,2024-09-01,2025-08-01,12,195.6685,193.3,191.1,1.2394,False,False,0.01225,True
Blk2.1,B21-M-083,CCPI,EM13,2024-10-01,2024-10-01,1,191.8609,189.9,191.4,1.0245,False,False,0.01033,True
Blk2.1,B21-M-083,CCPI,EM13,2024-10-01,2024-11-01,2,192.6596,189.4,193.4,1.6854,False,False,0.01721,True
Blk2.1,B21-M-083,CCPI,EM13,2024-10-01,2024-12-01,3,192.8686,191.7,195.1,0.599,True,True,0.0061,True
Blk2.1,B21-M-083,CCPI,EM13,2024-10-01,2025-01-01,4,193.3411,192.6,200.7,0.3692,True,True,0.00385,True
Blk2.1,B21-M-083,CCPI,EM13,2024-10-01,2025-02-01,5,193.1579,192.2,200.6,0.4775,True,True,0.00498,True
Blk2.1,B21-M-083,CCPI,EM13,2024-10-01,2025-03-01,6,192.8181,191.6,196.7,0.6193,True,True,0.00636,True
Blk2.1,B21-M-083,CCPI,EM13,2024-10-01,2025-04-01,7,192.8295,191.2,195.2,0.8348,True,True,0.00852,True
Blk2.1,B21-M-083,CCPI,EM13,2024-10-01,2025-05-01,8,193.5997,192.8,194.1,0.412,True,True,0.00415,True
Blk2.1,B21-M-083,CCPI,EM13,2024-10-01,2025-06-01,9,194.3411,194.5,195.6,-0.0812,True,True,-0.00082,True
Blk2.1,B21-M-083,CCPI,EM13,2024-10-01,2025-07-01,10,194.4133,194.1,194.7,0.1609,True,True,0.00161,True
Blk2.1,B21-M-083,CCPI,EM13,2024-10-01,2025-08-01,11,194.2066,193.3,191.1,0.4744,True,True,0.00469,True
Blk2.1,B21-M-083,CCPI,EM13,2024-10-01,2025-09-01,12,194.5718,193.7,190.9,0.4567,True,True,0.0045,True
Blk2.1,B21-M-084,CCPI,EM13,2024-11-01,2024-11-01,1,192.8431,189.4,193.4,1.7803,False,False,0.01818,True
Blk2.1,B21-M-084,CCPI,EM13,2024-11-01,2024-12-01,2,192.8241,191.7,195.1,0.5762,True,True,0.00586,True
Blk2.1,B21-M-084,CCPI,EM13,2024-11-01,2025-01-01,3,193.2581,192.6,200.7,0.3279,True,True,0.00342,True
Blk2.1,B21-M-084,CCPI,EM13,2024-11-01,2025-02-01,4,193.0113,192.2,200.6,0.4044,True,True,0.00422,True
Blk2.1,B21-M-084,CCPI,EM13,2024-11-01,2025-03-01,5,192.8539,191.6,196.7,0.6375,True,True,0.00654,True
Blk2.1,B21-M-084,CCPI,EM13,2024-11-01,2025-04-01,6,192.7423,191.2,195.2,0.7901,True,True,0.00807,True
Blk2.1,B21-M-084,CCPI,EM13,2024-11-01,2025-05-01,7,193.0194,192.8,194.1,0.113,True,True,0.00114,True
Blk2.1,B21-M-084,CCPI,EM13,2024-11-01,2025-06-01,8,193.3732,194.5,195.6,-0.5761,True,True,-0.00579,True
Blk2.1,B21-M-084,CCPI,EM13,2024-11-01,2025-07-01,9,193.3284,194.1,194.7,-0.3963,True,True,-0.00398,True
Blk2.1,B21-M-084,CCPI,EM13,2024-11-01,2025-08-01,10,193.0019,193.3,191.1,-0.156,True,True,-0.00154,True
Blk2.1,B21-M-084,CCPI,EM13,2024-11-01,2025-09-01,11,192.8988,193.7,190.9,-0.4197,True,True,-0.00414,True
Blk2.1,B21-M-084,CCPI,EM13,2024-11-01,2025-10-01,12,192.7863,193.8,189.9,-0.5338,True,True,-0.00523,True
Blk2.1,B21-M-085,CCPI,EM13,2024-12-01,2024-12-01,1,189.8673,191.7,195.1,-0.9394,True,True,-0.00956,True
Blk2.1,B21-M-085,CCPI,EM13,2024-12-01,2025-01-01,2,189.7209,192.6,200.7,-1.4345,False,False,-0.01495,True
Blk2.1,B21-M-085,CCPI,EM13,2024-12-01,2025-02-01,3,189.6856,192.2,200.6,-1.2534,False,False,-0.01308,True
Blk2.1,B21-M-085,CCPI,EM13,2024-12-01,2025-03-01,4,189.6613,191.6,196.7,-0.9856,True,False,-0.01012,True
Blk2.1,B21-M-085,CCPI,EM13,2024-12-01,2025-04-01,5,189.4986,191.2,195.2,-0.8716,True,True,-0.0089,True
Blk2.1,B21-M-085,CCPI,EM13,2024-12-01,2025-05-01,6,189.4745,192.8,194.1,-1.7133,False,False,-0.01725,True
Blk2.1,B21-M-085,CCPI,EM13,2024-12-01,2025-06-01,7,189.6335,194.5,195.6,-2.488,False,False,-0.02502,False
Blk2.1,B21-M-085,CCPI,EM13,2024-12-01,2025-07-01,8,189.6679,194.1,194.7,-2.2764,False,False,-0.02283,False
Blk2.1,B21-M-085,CCPI,EM13,2024-12-01,2025-08-01,9,189.5941,193.3,191.1,-1.9393,False,False,-0.01917,True
Blk2.1,B21-M-085,CCPI,EM13,2024-12-01,2025-09-01,10,189.5592,193.7,190.9,-2.1691,False,False,-0.02138,False
Blk2.1,B21-M-085,CCPI,EM13,2024-12-01,2025-10-01,11,189.6023,193.8,189.9,-2.2105,False,False,-0.02166,False
Blk2.1,B21-M-085,CCPI,EM13,2024-12-01,2025-11-01,12,189.5888,193.4,189.4,-2.0122,False,False,-0.01971,True
Blk2.1,B21-M-086,CCPI,EM13,2025-01-01,2025-01-01,1,192.607,192.6,200.7,0.0035,True,True,4e-05,True
Blk2.1,B21-M-086,CCPI,EM13,2025-01-01,2025-02-01,2,192.4719,192.2,200.6,0.1355,True,True,0.00141,True
Blk2.1,B21-M-086,CCPI,EM13,2025-01-01,2025-03-01,3,192.3867,191.6,196.7,0.4,True,True,0.00411,True
Blk2.1,B21-M-086,CCPI,EM13,2025-01-01,2025-04-01,4,192.2925,191.2,195.2,0.5597,True,True,0.00571,True
Blk2.1,B21-M-086,CCPI,EM13,2025-01-01,2025-05-01,5,192.2255,192.8,194.1,-0.296,True,True,-0.00298,True
Blk2.1,B21-M-086,CCPI,EM13,2025-01-01,2025-06-01,6,192.1717,194.5,195.6,-1.1903,False,False,-0.01197,True
Blk2.1,B21-M-086,CCPI,EM13,2025-01-01,2025-07-01,7,192.3207,194.1,194.7,-0.9139,True,True,-0.00917,True
Blk2.1,B21-M-086,CCPI,EM13,2025-01-01,2025-08-01,8,192.3624,193.3,191.1,-0.4906,True,True,-0.00485,True
Blk2.1,B21-M-086,CCPI,EM13,2025-01-01,2025-09-01,9,192.7113,193.7,190.9,-0.5179,True,True,-0.0051,True
Blk2.1,B21-M-086,CCPI,EM13,2025-01-01,2025-10-01,10,192.4756,193.8,189.9,-0.6974,True,True,-0.00683,True
Blk2.1,B21-M-086,CCPI,EM13,2025-01-01,2025-11-01,11,192.4777,193.4,189.4,-0.487,True,True,-0.00477,True
Blk2.1,B21-M-086,CCPI,EM13,2025-01-01,2025-12-01,12,192.5162,195.8,191.7,-1.713,False,False,-0.01677,True
Blk2.1,B21-M-087,CCPI,EM13,2025-02-01,2025-02-01,1,193.1844,192.2,200.6,0.4907,True,True,0.00512,True
Blk2.1,B21-M-087,CCPI,EM13,2025-02-01,2025-03-01,2,193.6092,191.6,196.7,1.0214,False,False,0.01049,True
Blk2.1,B21-M-087,CCPI,EM13,2025-02-01,2025-04-01,3,193.6771,191.2,195.2,1.269,False,False,0.01296,True
Blk2.1,B21-M-087,CCPI,EM13,2025-02-01,2025-05-01,4,193.6432,192.8,194.1,0.4344,True,True,0.00437,True
Blk2.1,B21-M-087,CCPI,EM13,2025-02-01,2025-06-01,5,193.847,194.5,195.6,-0.3338,True,True,-0.00336,True
Blk2.1,B21-M-087,CCPI,EM13,2025-02-01,2025-07-01,6,194.1868,194.1,194.7,0.0446,True,True,0.00045,True
Blk2.1,B21-M-087,CCPI,EM13,2025-02-01,2025-08-01,7,194.4247,193.3,191.1,0.5886,True,True,0.00582,True
Blk2.1,B21-M-087,CCPI,EM13,2025-02-01,2025-09-01,8,194.7645,193.7,190.9,0.5576,True,True,0.0055,True
Blk2.1,B21-M-087,CCPI,EM13,2025-02-01,2025-10-01,9,194.7815,193.8,189.9,0.5169,True,True,0.00506,True
Blk2.1,B21-M-087,CCPI,EM13,2025-02-01,2025-11-01,10,194.8835,193.4,189.4,0.7832,True,True,0.00767,True
Blk2.1,B21-M-087,CCPI,EM13,2025-02-01,2025-12-01,11,194.7306,195.8,191.7,-0.5579,True,True,-0.00546,True
Blk2.1,B21-M-087,CCPI,EM13,2025-02-01,2026-01-01,12,194.6796,197.0,192.6,-1.2048,False,False,-0.01178,True
Blk2.1,B21-M-088,CCPI,EM13,2025-03-01,2025-03-01,1,189.9433,191.6,196.7,-0.8422,True,True,-0.00865,True
Blk2.1,B21-M-088,CCPI,EM13,2025-03-01,2025-04-01,2,190.2389,191.2,195.2,-0.4924,True,True,-0.00503,True
Blk2.1,B21-M-088,CCPI,EM13,2025-03-01,2025-05-01,3,190.3629,192.8,194.1,-1.2556,False,False,-0.01264,True
Blk2.1,B21-M-088,CCPI,EM13,2025-03-01,2025-06-01,4,190.5899,194.5,195.6,-1.999,False,False,-0.0201,False
Blk2.1,B21-M-088,CCPI,EM13,2025-03-01,2025-07-01,5,190.8359,194.1,194.7,-1.6765,False,False,-0.01682,True
Blk2.1,B21-M-088,CCPI,EM13,2025-03-01,2025-08-01,6,191.0157,193.3,191.1,-1.1953,False,False,-0.01182,True
Blk2.1,B21-M-088,CCPI,EM13,2025-03-01,2025-09-01,7,191.3489,193.7,190.9,-1.2316,False,False,-0.01214,True
Blk2.1,B21-M-088,CCPI,EM13,2025-03-01,2025-10-01,8,191.5403,193.8,189.9,-1.19,False,False,-0.01166,True
Blk2.1,B21-M-088,CCPI,EM13,2025-03-01,2025-11-01,9,191.5397,193.4,189.4,-0.9822,True,True,-0.00962,True
Blk2.1,B21-M-088,CCPI,EM13,2025-03-01,2025-12-01,10,191.4373,195.8,191.7,-2.2758,False,False,-0.02228,False
Blk2.1,B21-M-088,CCPI,EM13,2025-03-01,2026-01-01,11,191.6944,197.0,192.6,-2.7547,False,False,-0.02693,False
Blk2.1,B21-M-088,CCPI,EM13,2025-03-01,2026-02-01,12,192.0381,195.3,192.2,-1.6971,False,False,-0.0167,True
Blk2.1,B21-M-089,CCPI,EM14,2024-05-01,2024-05-01,1,194.2561,194.1,192.3,0.0812,True,True,0.0008,True
Blk2.1,B21-M-089,CCPI,EM14,2024-05-01,2024-06-01,2,194.0936,195.6,192.3,-0.7834,True,True,-0.0077,True
Blk2.1,B21-M-089,CCPI,EM14,2024-05-01,2024-07-01,3,194.5968,194.7,190.2,-0.0542,True,True,-0.00053,True
Blk2.1,B21-M-089,CCPI,EM14,2024-05-01,2024-08-01,4,194.8897,191.1,190.1,1.9935,False,False,0.01983,True
Blk2.1,B21-M-089,CCPI,EM14,2024-05-01,2024-09-01,5,194.8897,190.9,191.8,2.0801,False,False,0.0209,False
Blk2.1,B21-M-089,CCPI,EM14,2024-05-01,2024-10-01,6,194.5727,189.9,191.4,2.4413,False,False,0.02461,False
Blk2.1,B21-M-089,CCPI,EM14,2024-05-01,2024-11-01,7,195.4019,189.4,193.4,3.1034,False,False,0.03169,False
Blk2.1,B21-M-089,CCPI,EM14,2024-05-01,2024-12-01,8,196.2348,191.7,195.1,2.3243,False,False,0.02366,False
Blk2.1,B21-M-089,CCPI,EM14,2024-05-01,2025-01-01,9,196.9174,192.6,200.7,2.1512,False,False,0.02242,False
Blk2.1,B21-M-089,CCPI,EM14,2024-05-01,2025-02-01,10,196.9122,192.2,200.6,2.349,False,False,0.02452,False
Blk2.1,B21-M-089,CCPI,EM14,2024-05-01,2025-03-01,11,196.8982,191.6,196.7,2.6935,False,False,0.02765,False
Blk2.1,B21-M-089,CCPI,EM14,2024-05-01,2025-04-01,12,197.4635,191.2,195.2,3.2087,False,False,0.03276,False
Blk2.1,B21-M-090,CCPI,EM14,2024-06-01,2024-06-01,1,195.1044,195.6,192.3,-0.2577,True,True,-0.00253,True
Blk2.1,B21-M-090,CCPI,EM14,2024-06-01,2024-07-01,2,195.0339,194.7,190.2,0.1756,True,True,0.00171,True
Blk2.1,B21-M-090,CCPI,EM14,2024-06-01,2024-08-01,3,195.1175,191.1,190.1,2.1133,False,False,0.02102,False
Blk2.1,B21-M-090,CCPI,EM14,2024-06-01,2024-09-01,4,195.2478,190.9,191.8,2.2668,False,False,0.02278,False
Blk2.1,B21-M-090,CCPI,EM14,2024-06-01,2024-10-01,5,195.1119,189.9,191.4,2.723,False,False,0.02745,False
Blk2.1,B21-M-090,CCPI,EM14,2024-06-01,2024-11-01,6,195.2358,189.4,193.4,3.0175,False,False,0.03081,False
Blk2.1,B21-M-090,CCPI,EM14,2024-06-01,2024-12-01,7,195.8204,191.7,195.1,2.1119,False,False,0.02149,False
Blk2.1,B21-M-090,CCPI,EM14,2024-06-01,2025-01-01,8,196.4136,192.6,200.7,1.9002,False,False,0.0198,True
Blk2.1,B21-M-090,CCPI,EM14,2024-06-01,2025-02-01,9,196.6615,192.2,200.6,2.2241,False,False,0.02321,False
Blk2.1,B21-M-090,CCPI,EM14,2024-06-01,2025-03-01,10,196.7499,191.6,196.7,2.6181,False,False,0.02688,False
Blk2.1,B21-M-090,CCPI,EM14,2024-06-01,2025-04-01,11,197.0317,191.2,195.2,2.9875,False,False,0.0305,False
Blk2.1,B21-M-090,CCPI,EM14,2024-06-01,2025-05-01,12,197.2923,192.8,194.1,2.3144,False,False,0.0233,False
Blk2.1,B21-M-091,CCPI,EM14,2024-07-01,2024-07-01,1,196.284,194.7,190.2,0.8328,True,True,0.00814,True
Blk2.1,B21-M-091,CCPI,EM14,2024-07-01,2024-08-01,2,196.4877,191.1,190.1,2.8341,False,False,0.02819,False
Blk2.1,B21-M-091,CCPI,EM14,2024-07-01,2024-09-01,3,196.8035,190.9,191.8,3.0779,False,False,0.03092,False
Blk2.1,B21-M-091,CCPI,EM14,2024-07-01,2024-10-01,4,197.1435,189.9,191.4,3.7845,False,False,0.03814,False
Blk2.1,B21-M-091,CCPI,EM14,2024-07-01,2024-11-01,5,197.3617,189.4,193.4,4.1167,False,False,0.04204,False
Blk2.1,B21-M-091,CCPI,EM14,2024-07-01,2024-12-01,6,197.6499,191.7,195.1,3.0497,False,False,0.03104,False
Blk2.1,B21-M-091,CCPI,EM14,2024-07-01,2025-01-01,7,198.099,192.6,200.7,2.7399,False,False,0.02855,False
Blk2.1,B21-M-091,CCPI,EM14,2024-07-01,2025-02-01,8,198.5177,192.2,200.6,3.1494,False,False,0.03287,False
Blk2.1,B21-M-091,CCPI,EM14,2024-07-01,2025-03-01,9,198.847,191.6,196.7,3.6843,False,False,0.03782,False
Blk2.1,B21-M-091,CCPI,EM14,2024-07-01,2025-04-01,10,199.1442,191.2,195.2,4.0698,False,False,0.04155,False
Blk2.1,B21-M-091,CCPI,EM14,2024-07-01,2025-05-01,11,199.531,192.8,194.1,3.4678,False,False,0.03491,False
Blk2.1,B21-M-091,CCPI,EM14,2024-07-01,2025-06-01,12,199.8558,194.5,195.6,2.7381,False,False,0.02754,False
Blk2.1,B21-M-092,CCPI,EM14,2024-08-01,2024-08-01,1,195.2554,191.1,190.1,2.1859,False,False,0.02174,False
Blk2.1,B21-M-092,CCPI,EM14,2024-08-01,2024-09-01,2,195.7442,190.9,191.8,2.5257,False,False,0.02538,False
Blk2.1,B21-M-092,CCPI,EM14,2024-08-01,2024-10-01,3,196.2654,189.9,191.4,3.3257,False,False,0.03352,False
Blk2.1,B21-M-092,CCPI,EM14,2024-08-01,2024-11-01,4,196.8622,189.4,193.4,3.8584,False,False,0.0394,False
Blk2.1,B21-M-092,CCPI,EM14,2024-08-01,2024-12-01,5,197.4459,191.7,195.1,2.9451,False,False,0.02997,False
Blk2.1,B21-M-092,CCPI,EM14,2024-08-01,2025-01-01,6,198.1654,192.6,200.7,2.773,False,False,0.0289,False
Blk2.1,B21-M-092,CCPI,EM14,2024-08-01,2025-02-01,7,198.7528,192.2,200.6,3.2666,False,False,0.03409,False
Blk2.1,B21-M-092,CCPI,EM14,2024-08-01,2025-03-01,8,199.436,191.6,196.7,3.9837,False,False,0.0409,False
Blk2.1,B21-M-092,CCPI,EM14,2024-08-01,2025-04-01,9,200.1274,191.2,195.2,4.5735,False,False,0.04669,False
Blk2.1,B21-M-092,CCPI,EM14,2024-08-01,2025-05-01,10,200.8877,192.8,194.1,4.1668,False,False,0.04195,False
Blk2.1,B21-M-092,CCPI,EM14,2024-08-01,2025-06-01,11,201.7139,194.5,195.6,3.6881,False,False,0.03709,False
Blk2.1,B21-M-092,CCPI,EM14,2024-08-01,2025-07-01,12,202.2486,194.1,194.7,4.1852,False,False,0.04198,False
Blk2.1,B21-M-093,CCPI,EM14,2024-09-01,2024-09-01,1,191.3999,190.9,191.8,0.2607,True,True,0.00262,True
Blk2.1,B21-M-093,CCPI,EM14,2024-09-01,2024-10-01,2,191.4757,189.9,191.4,0.8233,True,True,0.0083,True
Blk2.1,B21-M-093,CCPI,EM14,2024-09-01,2024-11-01,3,192.0683,189.4,193.4,1.3797,False,False,0.01409,True
Blk2.1,B21-M-093,CCPI,EM14,2024-09-01,2024-12-01,4,192.5936,191.7,195.1,0.458,True,True,0.00466,True
Blk2.1,B21-M-093,CCPI,EM14,2024-09-01,2025-01-01,5,193.5357,192.6,200.7,0.4662,True,True,0.00486,True
Blk2.1,B21-M-093,CCPI,EM14,2024-09-01,2025-02-01,6,193.3455,192.2,200.6,0.5711,True,True,0.00596,True
Blk2.1,B21-M-093,CCPI,EM14,2024-09-01,2025-03-01,7,193.1761,191.6,196.7,0.8013,True,True,0.00823,True
Blk2.1,B21-M-093,CCPI,EM14,2024-09-01,2025-04-01,8,193.9152,191.2,195.2,1.391,False,False,0.0142,True
Blk2.1,B21-M-093,CCPI,EM14,2024-09-01,2025-05-01,9,195.1028,192.8,194.1,1.1864,False,False,0.01194,True
Blk2.1,B21-M-093,CCPI,EM14,2024-09-01,2025-06-01,10,196.8764,194.5,195.6,1.2149,False,False,0.01222,True
Blk2.1,B21-M-093,CCPI,EM14,2024-09-01,2025-07-01,11,196.9633,194.1,194.7,1.4706,False,False,0.01475,True
Blk2.1,B21-M-093,CCPI,EM14,2024-09-01,2025-08-01,12,196.7846,193.3,191.1,1.8235,False,False,0.01803,True
Blk2.1,B21-M-094,CCPI,EM14,2024-10-01,2024-10-01,1,191.6176,189.9,191.4,0.8974,True,True,0.00904,True
Blk2.1,B21-M-094,CCPI,EM14,2024-10-01,2024-11-01,2,192.4372,189.4,193.4,1.5704,False,False,0.01604,True
Blk2.1,B21-M-094,CCPI,EM14,2024-10-01,2024-12-01,3,192.7508,191.7,195.1,0.5386,True,True,0.00548,True
Blk2.1,B21-M-094,CCPI,EM14,2024-10-01,2025-01-01,4,193.7329,192.6,200.7,0.5645,True,True,0.00588,True
Blk2.1,B21-M-094,CCPI,EM14,2024-10-01,2025-02-01,5,193.1464,192.2,200.6,0.4718,True,True,0.00492,True
Blk2.1,B21-M-094,CCPI,EM14,2024-10-01,2025-03-01,6,192.713,191.6,196.7,0.5659,True,True,0.00581,True
Blk2.1,B21-M-094,CCPI,EM14,2024-10-01,2025-04-01,7,192.9538,191.2,195.2,0.8985,True,True,0.00917,True
Blk2.1,B21-M-094,CCPI,EM14,2024-10-01,2025-05-01,8,194.0419,192.8,194.1,0.6398,True,True,0.00644,True
Blk2.1,B21-M-094,CCPI,EM14,2024-10-01,2025-06-01,9,195.5974,194.5,195.6,0.561,True,True,0.00564,True
Blk2.1,B21-M-094,CCPI,EM14,2024-10-01,2025-07-01,10,195.7253,194.1,194.7,0.8348,True,True,0.00837,True
Blk2.1,B21-M-094,CCPI,EM14,2024-10-01,2025-08-01,11,195.3357,193.3,191.1,1.0653,False,False,0.01053,True
Blk2.1,B21-M-094,CCPI,EM14,2024-10-01,2025-09-01,12,195.7759,193.7,190.9,1.0874,False,False,0.01072,True
Blk2.1,B21-M-095,CCPI,EM14,2024-11-01,2024-11-01,1,193.8587,189.4,193.4,2.3054,False,False,0.02354,False
Blk2.1,B21-M-095,CCPI,EM14,2024-11-01,2024-12-01,2,193.8811,191.7,195.1,1.1179,False,False,0.01138,True
Blk2.1,B21-M-095,CCPI,EM14,2024-11-01,2025-01-01,3,194.5179,192.6,200.7,0.9556,True,True,0.00996,True
Blk2.1,B21-M-095,CCPI,EM14,2024-11-01,2025-02-01,4,194.18,192.2,200.6,0.987,True,False,0.0103,True
Blk2.1,B21-M-095,CCPI,EM14,2024-11-01,2025-03-01,5,193.977,191.6,196.7,1.2085,False,False,0.01241,True
Blk2.1,B21-M-095,CCPI,EM14,2024-11-01,2025-04-01,6,193.902,191.2,195.2,1.3842,False,False,0.01413,True
Blk2.1,B21-M-095,CCPI,EM14,2024-11-01,2025-05-01,7,194.3106,192.8,194.1,0.7783,True,True,0.00784,True
Blk2.1,B21-M-095,CCPI,EM14,2024-11-01,2025-06-01,8,194.8916,194.5,195.6,0.2002,True,True,0.00201,True
Blk2.1,B21-M-095,CCPI,EM14,2024-11-01,2025-07-01,9,194.8343,194.1,194.7,0.3771,True,True,0.00378,True
Blk2.1,B21-M-095,CCPI,EM14,2024-11-01,2025-08-01,10,194.415,193.3,191.1,0.5835,True,True,0.00577,True
Blk2.1,B21-M-095,CCPI,EM14,2024-11-01,2025-09-01,11,194.3083,193.7,190.9,0.3187,True,True,0.00314,True
Blk2.1,B21-M-095,CCPI,EM14,2024-11-01,2025-10-01,12,194.1537,193.8,189.9,0.1863,True,True,0.00183,True
Blk2.1,B21-M-096,CCPI,EM14,2024-12-01,2024-12-01,1,189.8503,191.7,195.1,-0.9481,True,True,-0.00965,True
Blk2.1,B21-M-096,CCPI,EM14,2024-12-01,2025-01-01,2,189.7201,192.6,200.7,-1.4349,False,False,-0.01495,True
Blk2.1,B21-M-096,CCPI,EM14,2024-12-01,2025-02-01,3,189.6756,192.2,200.6,-1.2584,False,False,-0.01313,True
Blk2.1,B21-M-096,CCPI,EM14,2024-12-01,2025-03-01,4,189.64,191.6,196.7,-0.9964,True,False,-0.01023,True
Blk2.1,B21-M-096,CCPI,EM14,2024-12-01,2025-04-01,5,189.4914,191.2,195.2,-0.8753,True,True,-0.00894,True
Blk2.1,B21-M-096,CCPI,EM14,2024-12-01,2025-05-01,6,189.4824,192.8,194.1,-1.7092,False,False,-0.01721,True
Blk2.1,B21-M-096,CCPI,EM14,2024-12-01,2025-06-01,7,189.6735,194.5,195.6,-2.4675,False,False,-0.02481,False
Blk2.1,B21-M-096,CCPI,EM14,2024-12-01,2025-07-01,8,189.7041,194.1,194.7,-2.2578,False,False,-0.02265,False
Blk2.1,B21-M-096,CCPI,EM14,2024-12-01,2025-08-01,9,189.6229,193.3,191.1,-1.9242,False,False,-0.01902,True
Blk2.1,B21-M-096,CCPI,EM14,2024-12-01,2025-09-01,10,189.5853,193.7,190.9,-2.1554,False,False,-0.02124,False
Blk2.1,B21-M-096,CCPI,EM14,2024-12-01,2025-10-01,11,189.6176,193.8,189.9,-2.2024,False,False,-0.02158,False
Blk2.1,B21-M-096,CCPI,EM14,2024-12-01,2025-11-01,12,189.613,193.4,189.4,-1.9995,False,False,-0.01958,True
Blk2.1,B21-M-097,CCPI,EM14,2025-01-01,2025-01-01,1,192.546,192.6,200.7,-0.0269,True,True,-0.00028,True
Blk2.1,B21-M-097,CCPI,EM14,2025-01-01,2025-02-01,2,192.4448,192.2,200.6,0.122,True,True,0.00127,True
Blk2.1,B21-M-097,CCPI,EM14,2025-01-01,2025-03-01,3,192.3508,191.6,196.7,0.3817,True,True,0.00392,True
Blk2.1,B21-M-097,CCPI,EM14,2025-01-01,2025-04-01,4,192.21,191.2,195.2,0.5174,True,True,0.00528,True
Blk2.1,B21-M-097,CCPI,EM14,2025-01-01,2025-05-01,5,192.1394,192.8,194.1,-0.3404,True,True,-0.00343,True
Blk2.1,B21-M-097,CCPI,EM14,2025-01-01,2025-06-01,6,192.0514,194.5,195.6,-1.2518,False,False,-0.01259,True
Blk2.1,B21-M-097,CCPI,EM14,2025-01-01,2025-07-01,7,192.2127,194.1,194.7,-0.9694,True,True,-0.00972,True
Blk2.1,B21-M-097,CCPI,EM14,2025-01-01,2025-08-01,8,192.2531,193.3,191.1,-0.5478,True,True,-0.00542,True
Blk2.1,B21-M-097,CCPI,EM14,2025-01-01,2025-09-01,9,192.666,193.7,190.9,-0.5416,True,True,-0.00534,True
Blk2.1,B21-M-097,CCPI,EM14,2025-01-01,2025-10-01,10,192.3757,193.8,189.9,-0.75,True,True,-0.00735,True
Blk2.1,B21-M-097,CCPI,EM14,2025-01-01,2025-11-01,11,192.3437,193.4,189.4,-0.5577,True,True,-0.00546,True
Blk2.1,B21-M-097,CCPI,EM14,2025-01-01,2025-12-01,12,192.3737,195.8,191.7,-1.7873,False,False,-0.0175,True
Blk2.1,B21-M-098,CCPI,EM14,2025-02-01,2025-02-01,1,191.9585,192.2,200.6,-0.1204,True,True,-0.00126,True
Blk2.1,B21-M-098,CCPI,EM14,2025-02-01,2025-03-01,2,192.0703,191.6,196.7,0.2391,True,True,0.00245,True
Blk2.1,B21-M-098,CCPI,EM14,2025-02-01,2025-04-01,3,192.0695,191.2,195.2,0.4455,True,True,0.00455,True
Blk2.1,B21-M-098,CCPI,EM14,2025-02-01,2025-05-01,4,192.0751,192.8,194.1,-0.3735,True,True,-0.00376,True
Blk2.1,B21-M-098,CCPI,EM14,2025-02-01,2025-06-01,5,192.1467,194.5,195.6,-1.2031,False,False,-0.0121,True
Blk2.1,B21-M-098,CCPI,EM14,2025-02-01,2025-07-01,6,192.1935,194.1,194.7,-0.9792,True,True,-0.00982,True
Blk2.1,B21-M-098,CCPI,EM14,2025-02-01,2025-08-01,7,192.2547,193.3,191.1,-0.547,True,True,-0.00541,True
Blk2.1,B21-M-098,CCPI,EM14,2025-02-01,2025-09-01,8,192.3039,193.7,190.9,-0.7313,True,True,-0.00721,True
Blk2.1,B21-M-098,CCPI,EM14,2025-02-01,2025-10-01,9,192.2429,193.8,189.9,-0.82,True,True,-0.00803,True
Blk2.1,B21-M-098,CCPI,EM14,2025-02-01,2025-11-01,10,192.1633,193.4,189.4,-0.653,True,True,-0.00639,True
Blk2.1,B21-M-098,CCPI,EM14,2025-02-01,2025-12-01,11,192.1638,195.8,191.7,-1.8968,False,False,-0.01857,True
Blk2.1,B21-M-098,CCPI,EM14,2025-02-01,2026-01-01,12,192.22,197.0,192.6,-2.4818,False,False,-0.02426,False
Blk2.1,B21-M-099,CCPI,EM14,2025-03-01,2025-03-01,1,188.7528,191.6,196.7,-1.4475,False,False,-0.01486,True
Blk2.1,B21-M-099,CCPI,EM14,2025-03-01,2025-04-01,2,189.1723,191.2,195.2,-1.0388,False,False,-0.01061,True
Blk2.1,B21-M-099,CCPI,EM14,2025-03-01,2025-05-01,3,189.3141,192.8,194.1,-1.7959,False,False,-0.01808,True
Blk2.1,B21-M-099,CCPI,EM14,2025-03-01,2025-06-01,4,189.6027,194.5,195.6,-2.5037,False,False,-0.02518,False
Blk2.1,B21-M-099,CCPI,EM14,2025-03-01,2025-07-01,5,189.9137,194.1,194.7,-2.1501,False,False,-0.02157,False
Blk2.1,B21-M-099,CCPI,EM14,2025-03-01,2025-08-01,6,190.1197,193.3,191.1,-1.6642,False,False,-0.01645,True
Blk2.1,B21-M-099,CCPI,EM14,2025-03-01,2025-09-01,7,190.5569,193.7,190.9,-1.6465,False,False,-0.01623,True
Blk2.1,B21-M-099,CCPI,EM14,2025-03-01,2025-10-01,8,190.776,193.8,189.9,-1.5924,False,False,-0.0156,True
Blk2.1,B21-M-099,CCPI,EM14,2025-03-01,2025-11-01,9,190.7014,193.4,189.4,-1.4248,False,False,-0.01395,True
Blk2.1,B21-M-099,CCPI,EM14,2025-03-01,2025-12-01,10,190.4708,195.8,191.7,-2.78,False,False,-0.02722,False
Blk2.1,B21-M-099,CCPI,EM14,2025-03-01,2026-01-01,11,190.7881,197.0,192.6,-3.2253,False,False,-0.03153,False
Blk2.1,B21-M-099,CCPI,EM14,2025-03-01,2026-02-01,12,191.2371,195.3,192.2,-2.1139,False,False,-0.0208,False
