exp_id,block,tab_name,index,index_name,eval_metric,metric_name,metric_family,frequency,origin_no,horizon_start,horizon_end,n_periods,train_data_start,train_data_end,train_periods,validation_periods,total_window,pretrained_models,refit_full,regime_of_horizon_start,records,script,tab_config,result_workbook,result_tab,status,runtime_sec,hardware,run_date,notes
B00-M-001,0.0,Blk0_RefitFullCheck,HCPI,Headline Consumer Price Index,EM2,MAE,Point,Monthly,1,Jan 2020,Dec 2020,12,Jan 2014,Dec 2019,48,24,72,No,False,R1 COVID-19 shock,Point + quantile + weights,Code/Blk0_RefitFullCheck/Blk0_RefitFullCheck.py,Code/common/config_Blk0_RefitFullCheck.yaml,Results/Results_Blk0_RefitFullCheck.xlsx,B00-M-001,Not started,,,,
B00-M-002,0.0,Blk0_RefitFullCheck,HCPI,Headline Consumer Price Index,EM2,MAE,Point,Monthly,2,Feb 2020,Jan 2021,12,Feb 2014,Jan 2020,48,24,72,No,False,R1 COVID-19 shock,Point + quantile + weights,Code/Blk0_RefitFullCheck/Blk0_RefitFullCheck.py,Code/common/config_Blk0_RefitFullCheck.yaml,Results/Results_Blk0_RefitFullCheck.xlsx,B00-M-002,Not started,,,,
B00-M-003,0.0,Blk0_RefitFullCheck,HCPI,Headline Consumer Price Index,EM2,MAE,Point,Monthly,3,Mar 2020,Feb 2021,12,Mar 2014,Feb 2020,48,24,72,No,False,R1 COVID-19 shock,Point + quantile + weights,Code/Blk0_RefitFullCheck/Blk0_RefitFullCheck.py,Code/common/config_Blk0_RefitFullCheck.yaml,Results/Results_Blk0_RefitFullCheck.xlsx,B00-M-003,Not started,,,,
B00-M-004,0.0,Blk0_RefitFullCheck,HCPI,Headline Consumer Price Index,EM2,MAE,Point,Monthly,4,Apr 2020,Mar 2021,12,Apr 2014,Mar 2020,48,24,72,No,False,R1 COVID-19 shock,Point + quantile + weights,Code/Blk0_RefitFullCheck/Blk0_RefitFullCheck.py,Code/common/config_Blk0_RefitFullCheck.yaml,Results/Results_Blk0_RefitFullCheck.xlsx,B00-M-004,Not started,,,,
B00-M-005,0.0,Blk0_RefitFullCheck,HCPI,Headline Consumer Price Index,EM2,MAE,Point,Monthly,5,May 2020,Apr 2021,12,May 2014,Apr 2020,48,24,72,No,False,R1 COVID-19 shock,Point + quantile + weights,Code/Blk0_RefitFullCheck/Blk0_RefitFullCheck.py,Code/common/config_Blk0_RefitFullCheck.yaml,Results/Results_Blk0_RefitFullCheck.xlsx,B00-M-005,Not started,,,,
B00-M-006,0.0,Blk0_RefitFullCheck,HCPI,Headline Consumer Price Index,EM2,MAE,Point,Monthly,6,Jun 2020,May 2021,12,Jun 2014,May 2020,48,24,72,No,False,R1 COVID-19 shock,Point + quantile + weights,Code/Blk0_RefitFullCheck/Blk0_RefitFullCheck.py,Code/common/config_Blk0_RefitFullCheck.yaml,Results/Results_Blk0_RefitFullCheck.xlsx,B00-M-006,Not started,,,,
B00-M-007,0.0,Blk0_RefitFullCheck,HCPI,Headline Consumer Price Index,EM2,MAE,Point,Monthly,7,Jul 2020,Jun 2021,12,Jul 2014,Jun 2020,48,24,72,No,False,R1 COVID-19 shock,Point + quantile + weights,Code/Blk0_RefitFullCheck/Blk0_RefitFullCheck.py,Code/common/config_Blk0_RefitFullCheck.yaml,Results/Results_Blk0_RefitFullCheck.xlsx,B00-M-007,Not started,,,,
B00-M-008,0.0,Blk0_RefitFullCheck,HCPI,Headline Consumer Price Index,EM2,MAE,Point,Monthly,8,Aug 2020,Jul 2021,12,Aug 2014,Jul 2020,48,24,72,No,False,R1 COVID-19 shock,Point + quantile + weights,Code/Blk0_RefitFullCheck/Blk0_RefitFullCheck.py,Code/common/config_Blk0_RefitFullCheck.yaml,Results/Results_Blk0_RefitFullCheck.xlsx,B00-M-008,Not started,,,,
B00-M-009,0.0,Blk0_RefitFullCheck,HCPI,Headline Consumer Price Index,EM2,MAE,Point,Monthly,9,Sep 2020,Aug 2021,12,Sep 2014,Aug 2020,48,24,72,No,False,R1 COVID-19 shock,Point + quantile + weights,Code/Blk0_RefitFullCheck/Blk0_RefitFullCheck.py,Code/common/config_Blk0_RefitFullCheck.yaml,Results/Results_Blk0_RefitFullCheck.xlsx,B00-M-009,Not started,,,,
B00-M-010,0.0,Blk0_RefitFullCheck,HCPI,Headline Consumer Price Index,EM2,MAE,Point,Monthly,10,Oct 2020,Sep 2021,12,Oct 2014,Sep 2020,48,24,72,No,False,R1 COVID-19 shock,Point + quantile + weights,Code/Blk0_RefitFullCheck/Blk0_RefitFullCheck.py,Code/common/config_Blk0_RefitFullCheck.yaml,Results/Results_Blk0_RefitFullCheck.xlsx,B00-M-010,Not started,,,,
B00-M-011,0.0,Blk0_RefitFullCheck,HCPI,Headline Consumer Price Index,EM2,MAE,Point,Monthly,11,Nov 2020,Oct 2021,12,Nov 2014,Oct 2020,48,24,72,No,False,R1 COVID-19 shock,Point + quantile + weights,Code/Blk0_RefitFullCheck/Blk0_RefitFullCheck.py,Code/common/config_Blk0_RefitFullCheck.yaml,Results/Results_Blk0_RefitFullCheck.xlsx,B00-M-011,Not started,,,,
B00-M-012,0.0,Blk0_RefitFullCheck,HCPI,Headline Consumer Price Index,EM2,MAE,Point,Monthly,12,Dec 2020,Nov 2021,12,Dec 2014,Nov 2020,48,24,72,No,False,R1 COVID-19 shock,Point + quantile + weights,Code/Blk0_RefitFullCheck/Blk0_RefitFullCheck.py,Code/common/config_Blk0_RefitFullCheck.yaml,Results/Results_Blk0_RefitFullCheck.xlsx,B00-M-012,Not started,,,,
B00-M-013,0.0,Blk0_RefitFullCheck,HCPI,Headline Consumer Price Index,EM2,MAE,Point,Monthly,13,Jan 2021,Dec 2021,12,Jan 2015,Dec 2020,48,24,72,No,False,R2 Pre-crisis build-up,Point + quantile + weights,Code/Blk0_RefitFullCheck/Blk0_RefitFullCheck.py,Code/common/config_Blk0_RefitFullCheck.yaml,Results/Results_Blk0_RefitFullCheck.xlsx,B00-M-013,Not started,,,,
B00-M-014,0.0,Blk0_RefitFullCheck,HCPI,Headline Consumer Price Index,EM2,MAE,Point,Monthly,14,Feb 2021,Jan 2022,12,Feb 2015,Jan 2021,48,24,72,No,False,R2 Pre-crisis build-up,Point + quantile + weights,Code/Blk0_RefitFullCheck/Blk0_RefitFullCheck.py,Code/common/config_Blk0_RefitFullCheck.yaml,Results/Results_Blk0_RefitFullCheck.xlsx,B00-M-014,Not started,,,,
B00-M-015,0.0,Blk0_RefitFullCheck,HCPI,Headline Consumer Price Index,EM2,MAE,Point,Monthly,15,Mar 2021,Feb 2022,12,Mar 2015,Feb 2021,48,24,72,No,False,R2 Pre-crisis build-up,Point + quantile + weights,Code/Blk0_RefitFullCheck/Blk0_RefitFullCheck.py,Code/common/config_Blk0_RefitFullCheck.yaml,Results/Results_Blk0_RefitFullCheck.xlsx,B00-M-015,Not started,,,,
B00-M-016,0.0,Blk0_RefitFullCheck,HCPI,Headline Consumer Price Index,EM2,MAE,Point,Monthly,16,Apr 2021,Mar 2022,12,Apr 2015,Mar 2021,48,24,72,No,False,R2 Pre-crisis build-up,Point + quantile + weights,Code/Blk0_RefitFullCheck/Blk0_RefitFullCheck.py,Code/common/config_Blk0_RefitFullCheck.yaml,Results/Results_Blk0_RefitFullCheck.xlsx,B00-M-016,Not started,,,,
B00-M-017,0.0,Blk0_RefitFullCheck,HCPI,Headline Consumer Price Index,EM2,MAE,Point,Monthly,17,May 2021,Apr 2022,12,May 2015,Apr 2021,48,24,72,No,False,R2 Pre-crisis build-up,Point + quantile + weights,Code/Blk0_RefitFullCheck/Blk0_RefitFullCheck.py,Code/common/config_Blk0_RefitFullCheck.yaml,Results/Results_Blk0_RefitFullCheck.xlsx,B00-M-017,Not started,,,,
B00-M-018,0.0,Blk0_RefitFullCheck,HCPI,Headline Consumer Price Index,EM2,MAE,Point,Monthly,18,Jun 2021,May 2022,12,Jun 2015,May 2021,48,24,72,No,False,R2 Pre-crisis build-up,Point + quantile + weights,Code/Blk0_RefitFullCheck/Blk0_RefitFullCheck.py,Code/common/config_Blk0_RefitFullCheck.yaml,Results/Results_Blk0_RefitFullCheck.xlsx,B00-M-018,Not started,,,,
B00-M-019,0.0,Blk0_RefitFullCheck,HCPI,Headline Consumer Price Index,EM2,MAE,Point,Monthly,19,Jul 2021,Jun 2022,12,Jul 2015,Jun 2021,48,24,72,No,False,R2 Pre-crisis build-up,Point + quantile + weights,Code/Blk0_RefitFullCheck/Blk0_RefitFullCheck.py,Code/common/config_Blk0_RefitFullCheck.yaml,Results/Results_Blk0_RefitFullCheck.xlsx,B00-M-019,Not started,,,,
B00-M-020,0.0,Blk0_RefitFullCheck,HCPI,Headline Consumer Price Index,EM2,MAE,Point,Monthly,20,Aug 2021,Jul 2022,12,Aug 2015,Jul 2021,48,24,72,No,False,R2 Pre-crisis build-up,Point + quantile + weights,Code/Blk0_RefitFullCheck/Blk0_RefitFullCheck.py,Code/common/config_Blk0_RefitFullCheck.yaml,Results/Results_Blk0_RefitFullCheck.xlsx,B00-M-020,Not started,,,,
B00-M-021,0.0,Blk0_RefitFullCheck,HCPI,Headline Consumer Price Index,EM2,MAE,Point,Monthly,21,Sep 2021,Aug 2022,12,Sep 2015,Aug 2021,48,24,72,No,False,R2 Pre-crisis build-up,Point + quantile + weights,Code/Blk0_RefitFullCheck/Blk0_RefitFullCheck.py,Code/common/config_Blk0_RefitFullCheck.yaml,Results/Results_Blk0_RefitFullCheck.xlsx,B00-M-021,Not started,,,,
B00-M-022,0.0,Blk0_RefitFullCheck,HCPI,Headline Consumer Price Index,EM2,MAE,Point,Monthly,22,Oct 2021,Sep 2022,12,Oct 2015,Sep 2021,48,24,72,No,False,R2 Pre-crisis build-up,Point + quantile + weights,Code/Blk0_RefitFullCheck/Blk0_RefitFullCheck.py,Code/common/config_Blk0_RefitFullCheck.yaml,Results/Results_Blk0_RefitFullCheck.xlsx,B00-M-022,Not started,,,,
B00-M-023,0.0,Blk0_RefitFullCheck,HCPI,Headline Consumer Price Index,EM2,MAE,Point,Monthly,23,Nov 2021,Oct 2022,12,Nov 2015,Oct 2021,48,24,72,No,False,R2 Pre-crisis build-up,Point + quantile + weights,Code/Blk0_RefitFullCheck/Blk0_RefitFullCheck.py,Code/common/config_Blk0_RefitFullCheck.yaml,Results/Results_Blk0_RefitFullCheck.xlsx,B00-M-023,Not started,,,,
B00-M-024,0.0,Blk0_RefitFullCheck,HCPI,Headline Consumer Price Index,EM2,MAE,Point,Monthly,24,Dec 2021,Nov 2022,12,Dec 2015,Nov 2021,48,24,72,No,False,R2 Pre-crisis build-up,Point + quantile + weights,Code/Blk0_RefitFullCheck/Blk0_RefitFullCheck.py,Code/common/config_Blk0_RefitFullCheck.yaml,Results/Results_Blk0_RefitFullCheck.xlsx,B00-M-024,Not started,,,,
B11-M-001,1.1,Blk11_MetricSearch,HCPI,Headline Consumer Price Index,EM2,MAE,Point,Monthly,64,Apr 2025,Mar 2026,12,Dec 2014,Mar 2025,100,24,124,Yes,False,R6 Post-stabilisation,Point + quantile + weights,Code/Blk11_MetricSearch/Blk11_MetricSearch.py,Code/common/config_Blk11_MetricSearch.yaml,Results/Results_Blk11_MetricSearch.xlsx,B11-M-001,Not started,,,,
B11-M-002,1.1,Blk11_MetricSearch,HCPI,Headline Consumer Price Index,EM2,MAE,Point,Monthly,65,May 2025,Apr 2026,12,Jan 2015,Apr 2025,100,24,124,Yes,False,R6 Post-stabilisation,Point + quantile + weights,Code/Blk11_MetricSearch/Blk11_MetricSearch.py,Code/common/config_Blk11_MetricSearch.yaml,Results/Results_Blk11_MetricSearch.xlsx,B11-M-002,Not started,,,,
B11-M-003,1.1,Blk11_MetricSearch,HCPI,Headline Consumer Price Index,EM2,MAE,Point,Monthly,66,Jun 2025,May 2026,12,Feb 2015,May 2025,100,24,124,Yes,False,R6 Post-stabilisation,Point + quantile + weights,Code/Blk11_MetricSearch/Blk11_MetricSearch.py,Code/common/config_Blk11_MetricSearch.yaml,Results/Results_Blk11_MetricSearch.xlsx,B11-M-003,Not started,,,,
B11-M-004,1.1,Blk11_MetricSearch,HCPI,Headline Consumer Price Index,EM2,MAE,Point,Monthly,67,Jul 2025,Jun 2026,12,Mar 2015,Jun 2025,100,24,124,Yes,False,R6 Post-stabilisation,Point + quantile + weights,Code/Blk11_MetricSearch/Blk11_MetricSearch.py,Code/common/config_Blk11_MetricSearch.yaml,Results/Results_Blk11_MetricSearch.xlsx,B11-M-004,Not started,,,,
B11-M-005,1.1,Blk11_MetricSearch,HCPI,Headline Consumer Price Index,EM2,MAE,Point,Monthly,68,Aug 2025,Jul 2026,12,Apr 2015,Jul 2025,100,24,124,Yes,False,R6 Post-stabilisation,Point + quantile + weights,Code/Blk11_MetricSearch/Blk11_MetricSearch.py,Code/common/config_Blk11_MetricSearch.yaml,Results/Results_Blk11_MetricSearch.xlsx,B11-M-005,Not started,,,,
B11-M-006,1.1,Blk11_MetricSearch,HCPI,Headline Consumer Price Index,EM2,MAE,Point,Monthly,69,Sep 2025,Aug 2026,12,May 2015,Aug 2025,100,24,124,Yes,False,R6 Post-stabilisation,Point + quantile + weights,Code/Blk11_MetricSearch/Blk11_MetricSearch.py,Code/common/config_Blk11_MetricSearch.yaml,Results/Results_Blk11_MetricSearch.xlsx,B11-M-006,Not started,,,,
B11-M-007,1.1,Blk11_MetricSearch,HCPI,Headline Consumer Price Index,EM3,RMSE,Point,Monthly,64,Apr 2025,Mar 2026,12,Dec 2014,Mar 2025,100,24,124,Yes,False,R6 Post-stabilisation,Point + quantile + weights,Code/Blk11_MetricSearch/Blk11_MetricSearch.py,Code/common/config_Blk11_MetricSearch.yaml,Results/Results_Blk11_MetricSearch.xlsx,B11-M-007,Not started,,,,
B11-M-008,1.1,Blk11_MetricSearch,HCPI,Headline Consumer Price Index,EM3,RMSE,Point,Monthly,65,May 2025,Apr 2026,12,Jan 2015,Apr 2025,100,24,124,Yes,False,R6 Post-stabilisation,Point + quantile + weights,Code/Blk11_MetricSearch/Blk11_MetricSearch.py,Code/common/config_Blk11_MetricSearch.yaml,Results/Results_Blk11_MetricSearch.xlsx,B11-M-008,Not started,,,,
B11-M-009,1.1,Blk11_MetricSearch,HCPI,Headline Consumer Price Index,EM3,RMSE,Point,Monthly,66,Jun 2025,May 2026,12,Feb 2015,May 2025,100,24,124,Yes,False,R6 Post-stabilisation,Point + quantile + weights,Code/Blk11_MetricSearch/Blk11_MetricSearch.py,Code/common/config_Blk11_MetricSearch.yaml,Results/Results_Blk11_MetricSearch.xlsx,B11-M-009,Not started,,,,
B11-M-010,1.1,Blk11_MetricSearch,HCPI,Headline Consumer Price Index,EM3,RMSE,Point,Monthly,67,Jul 2025,Jun 2026,12,Mar 2015,Jun 2025,100,24,124,Yes,False,R6 Post-stabilisation,Point + quantile + weights,Code/Blk11_MetricSearch/Blk11_MetricSearch.py,Code/common/config_Blk11_MetricSearch.yaml,Results/Results_Blk11_MetricSearch.xlsx,B11-M-010,Not started,,,,
B11-M-011,1.1,Blk11_MetricSearch,HCPI,Headline Consumer Price Index,EM3,RMSE,Point,Monthly,68,Aug 2025,Jul 2026,12,Apr 2015,Jul 2025,100,24,124,Yes,False,R6 Post-stabilisation,Point + quantile + weights,Code/Blk11_MetricSearch/Blk11_MetricSearch.py,Code/common/config_Blk11_MetricSearch.yaml,Results/Results_Blk11_MetricSearch.xlsx,B11-M-011,Not started,,,,
B11-M-012,1.1,Blk11_MetricSearch,HCPI,Headline Consumer Price Index,EM3,RMSE,Point,Monthly,69,Sep 2025,Aug 2026,12,May 2015,Aug 2025,100,24,124,Yes,False,R6 Post-stabilisation,Point + quantile + weights,Code/Blk11_MetricSearch/Blk11_MetricSearch.py,Code/common/config_Blk11_MetricSearch.yaml,Results/Results_Blk11_MetricSearch.xlsx,B11-M-012,Not started,,,,
B11-M-013,1.1,Blk11_MetricSearch,HCPI,Headline Consumer Price Index,EM4,MAPE,Point,Monthly,64,Apr 2025,Mar 2026,12,Dec 2014,Mar 2025,100,24,124,Yes,False,R6 Post-stabilisation,Point + quantile + weights,Code/Blk11_MetricSearch/Blk11_MetricSearch.py,Code/common/config_Blk11_MetricSearch.yaml,Results/Results_Blk11_MetricSearch.xlsx,B11-M-013,Not started,,,,
B11-M-014,1.1,Blk11_MetricSearch,HCPI,Headline Consumer Price Index,EM4,MAPE,Point,Monthly,65,May 2025,Apr 2026,12,Jan 2015,Apr 2025,100,24,124,Yes,False,R6 Post-stabilisation,Point + quantile + weights,Code/Blk11_MetricSearch/Blk11_MetricSearch.py,Code/common/config_Blk11_MetricSearch.yaml,Results/Results_Blk11_MetricSearch.xlsx,B11-M-014,Not started,,,,
B11-M-015,1.1,Blk11_MetricSearch,HCPI,Headline Consumer Price Index,EM4,MAPE,Point,Monthly,66,Jun 2025,May 2026,12,Feb 2015,May 2025,100,24,124,Yes,False,R6 Post-stabilisation,Point + quantile + weights,Code/Blk11_MetricSearch/Blk11_MetricSearch.py,Code/common/config_Blk11_MetricSearch.yaml,Results/Results_Blk11_MetricSearch.xlsx,B11-M-015,Not started,,,,
B11-M-016,1.1,Blk11_MetricSearch,HCPI,Headline Consumer Price Index,EM4,MAPE,Point,Monthly,67,Jul 2025,Jun 2026,12,Mar 2015,Jun 2025,100,24,124,Yes,False,R6 Post-stabilisation,Point + quantile + weights,Code/Blk11_MetricSearch/Blk11_MetricSearch.py,Code/common/config_Blk11_MetricSearch.yaml,Results/Results_Blk11_MetricSearch.xlsx,B11-M-016,Not started,,,,
B11-M-017,1.1,Blk11_MetricSearch,HCPI,Headline Consumer Price Index,EM4,MAPE,Point,Monthly,68,Aug 2025,Jul 2026,12,Apr 2015,Jul 2025,100,24,124,Yes,False,R6 Post-stabilisation,Point + quantile + weights,Code/Blk11_MetricSearch/Blk11_MetricSearch.py,Code/common/config_Blk11_MetricSearch.yaml,Results/Results_Blk11_MetricSearch.xlsx,B11-M-017,Not started,,,,
B11-M-018,1.1,Blk11_MetricSearch,HCPI,Headline Consumer Price Index,EM4,MAPE,Point,Monthly,69,Sep 2025,Aug 2026,12,May 2015,Aug 2025,100,24,124,Yes,False,R6 Post-stabilisation,Point + quantile + weights,Code/Blk11_MetricSearch/Blk11_MetricSearch.py,Code/common/config_Blk11_MetricSearch.yaml,Results/Results_Blk11_MetricSearch.xlsx,B11-M-018,Not started,,,,
B11-M-019,1.1,Blk11_MetricSearch,HCPI,Headline Consumer Price Index,EM5,sMAPE,Point,Monthly,64,Apr 2025,Mar 2026,12,Dec 2014,Mar 2025,100,24,124,Yes,False,R6 Post-stabilisation,Point + quantile + weights,Code/Blk11_MetricSearch/Blk11_MetricSearch.py,Code/common/config_Blk11_MetricSearch.yaml,Results/Results_Blk11_MetricSearch.xlsx,B11-M-019,Not started,,,,
B11-M-020,1.1,Blk11_MetricSearch,HCPI,Headline Consumer Price Index,EM5,sMAPE,Point,Monthly,65,May 2025,Apr 2026,12,Jan 2015,Apr 2025,100,24,124,Yes,False,R6 Post-stabilisation,Point + quantile + weights,Code/Blk11_MetricSearch/Blk11_MetricSearch.py,Code/common/config_Blk11_MetricSearch.yaml,Results/Results_Blk11_MetricSearch.xlsx,B11-M-020,Not started,,,,
B11-M-021,1.1,Blk11_MetricSearch,HCPI,Headline Consumer Price Index,EM5,sMAPE,Point,Monthly,66,Jun 2025,May 2026,12,Feb 2015,May 2025,100,24,124,Yes,False,R6 Post-stabilisation,Point + quantile + weights,Code/Blk11_MetricSearch/Blk11_MetricSearch.py,Code/common/config_Blk11_MetricSearch.yaml,Results/Results_Blk11_MetricSearch.xlsx,B11-M-021,Not started,,,,
B11-M-022,1.1,Blk11_MetricSearch,HCPI,Headline Consumer Price Index,EM5,sMAPE,Point,Monthly,67,Jul 2025,Jun 2026,12,Mar 2015,Jun 2025,100,24,124,Yes,False,R6 Post-stabilisation,Point + quantile + weights,Code/Blk11_MetricSearch/Blk11_MetricSearch.py,Code/common/config_Blk11_MetricSearch.yaml,Results/Results_Blk11_MetricSearch.xlsx,B11-M-022,Not started,,,,
B11-M-023,1.1,Blk11_MetricSearch,HCPI,Headline Consumer Price Index,EM5,sMAPE,Point,Monthly,68,Aug 2025,Jul 2026,12,Apr 2015,Jul 2025,100,24,124,Yes,False,R6 Post-stabilisation,Point + quantile + weights,Code/Blk11_MetricSearch/Blk11_MetricSearch.py,Code/common/config_Blk11_MetricSearch.yaml,Results/Results_Blk11_MetricSearch.xlsx,B11-M-023,Not started,,,,
B11-M-024,1.1,Blk11_MetricSearch,HCPI,Headline Consumer Price Index,EM5,sMAPE,Point,Monthly,69,Sep 2025,Aug 2026,12,May 2015,Aug 2025,100,24,124,Yes,False,R6 Post-stabilisation,Point + quantile + weights,Code/Blk11_MetricSearch/Blk11_MetricSearch.py,Code/common/config_Blk11_MetricSearch.yaml,Results/Results_Blk11_MetricSearch.xlsx,B11-M-024,Not started,,,,
B11-M-025,1.1,Blk11_MetricSearch,HCPI,Headline Consumer Price Index,EM6,MASE,Point,Monthly,64,Apr 2025,Mar 2026,12,Dec 2014,Mar 2025,100,24,124,Yes,False,R6 Post-stabilisation,Point + quantile + weights,Code/Blk11_MetricSearch/Blk11_MetricSearch.py,Code/common/config_Blk11_MetricSearch.yaml,Results/Results_Blk11_MetricSearch.xlsx,B11-M-025,Not started,,,,
B11-M-026,1.1,Blk11_MetricSearch,HCPI,Headline Consumer Price Index,EM6,MASE,Point,Monthly,65,May 2025,Apr 2026,12,Jan 2015,Apr 2025,100,24,124,Yes,False,R6 Post-stabilisation,Point + quantile + weights,Code/Blk11_MetricSearch/Blk11_MetricSearch.py,Code/common/config_Blk11_MetricSearch.yaml,Results/Results_Blk11_MetricSearch.xlsx,B11-M-026,Not started,,,,
B11-M-027,1.1,Blk11_MetricSearch,HCPI,Headline Consumer Price Index,EM6,MASE,Point,Monthly,66,Jun 2025,May 2026,12,Feb 2015,May 2025,100,24,124,Yes,False,R6 Post-stabilisation,Point + quantile + weights,Code/Blk11_MetricSearch/Blk11_MetricSearch.py,Code/common/config_Blk11_MetricSearch.yaml,Results/Results_Blk11_MetricSearch.xlsx,B11-M-027,Not started,,,,
B11-M-028,1.1,Blk11_MetricSearch,HCPI,Headline Consumer Price Index,EM6,MASE,Point,Monthly,67,Jul 2025,Jun 2026,12,Mar 2015,Jun 2025,100,24,124,Yes,False,R6 Post-stabilisation,Point + quantile + weights,Code/Blk11_MetricSearch/Blk11_MetricSearch.py,Code/common/config_Blk11_MetricSearch.yaml,Results/Results_Blk11_MetricSearch.xlsx,B11-M-028,Not started,,,,
B11-M-029,1.1,Blk11_MetricSearch,HCPI,Headline Consumer Price Index,EM6,MASE,Point,Monthly,68,Aug 2025,Jul 2026,12,Apr 2015,Jul 2025,100,24,124,Yes,False,R6 Post-stabilisation,Point + quantile + weights,Code/Blk11_MetricSearch/Blk11_MetricSearch.py,Code/common/config_Blk11_MetricSearch.yaml,Results/Results_Blk11_MetricSearch.xlsx,B11-M-029,Not started,,,,
B11-M-030,1.1,Blk11_MetricSearch,HCPI,Headline Consumer Price Index,EM6,MASE,Point,Monthly,69,Sep 2025,Aug 2026,12,May 2015,Aug 2025,100,24,124,Yes,False,R6 Post-stabilisation,Point + quantile + weights,Code/Blk11_MetricSearch/Blk11_MetricSearch.py,Code/common/config_Blk11_MetricSearch.yaml,Results/Results_Blk11_MetricSearch.xlsx,B11-M-030,Not started,,,,
B11-M-031,1.1,Blk11_MetricSearch,HCPI,Headline Consumer Price Index,EM7,RMSSE,Point,Monthly,64,Apr 2025,Mar 2026,12,Dec 2014,Mar 2025,100,24,124,Yes,False,R6 Post-stabilisation,Point + quantile + weights,Code/Blk11_MetricSearch/Blk11_MetricSearch.py,Code/common/config_Blk11_MetricSearch.yaml,Results/Results_Blk11_MetricSearch.xlsx,B11-M-031,Not started,,,,
B11-M-032,1.1,Blk11_MetricSearch,HCPI,Headline Consumer Price Index,EM7,RMSSE,Point,Monthly,65,May 2025,Apr 2026,12,Jan 2015,Apr 2025,100,24,124,Yes,False,R6 Post-stabilisation,Point + quantile + weights,Code/Blk11_MetricSearch/Blk11_MetricSearch.py,Code/common/config_Blk11_MetricSearch.yaml,Results/Results_Blk11_MetricSearch.xlsx,B11-M-032,Not started,,,,
B11-M-033,1.1,Blk11_MetricSearch,HCPI,Headline Consumer Price Index,EM7,RMSSE,Point,Monthly,66,Jun 2025,May 2026,12,Feb 2015,May 2025,100,24,124,Yes,False,R6 Post-stabilisation,Point + quantile + weights,Code/Blk11_MetricSearch/Blk11_MetricSearch.py,Code/common/config_Blk11_MetricSearch.yaml,Results/Results_Blk11_MetricSearch.xlsx,B11-M-033,Not started,,,,
B11-M-034,1.1,Blk11_MetricSearch,HCPI,Headline Consumer Price Index,EM7,RMSSE,Point,Monthly,67,Jul 2025,Jun 2026,12,Mar 2015,Jun 2025,100,24,124,Yes,False,R6 Post-stabilisation,Point + quantile + weights,Code/Blk11_MetricSearch/Blk11_MetricSearch.py,Code/common/config_Blk11_MetricSearch.yaml,Results/Results_Blk11_MetricSearch.xlsx,B11-M-034,Not started,,,,
B11-M-035,1.1,Blk11_MetricSearch,HCPI,Headline Consumer Price Index,EM7,RMSSE,Point,Monthly,68,Aug 2025,Jul 2026,12,Apr 2015,Jul 2025,100,24,124,Yes,False,R6 Post-stabilisation,Point + quantile + weights,Code/Blk11_MetricSearch/Blk11_MetricSearch.py,Code/common/config_Blk11_MetricSearch.yaml,Results/Results_Blk11_MetricSearch.xlsx,B11-M-035,Not started,,,,
B11-M-036,1.1,Blk11_MetricSearch,HCPI,Headline Consumer Price Index,EM7,RMSSE,Point,Monthly,69,Sep 2025,Aug 2026,12,May 2015,Aug 2025,100,24,124,Yes,False,R6 Post-stabilisation,Point + quantile + weights,Code/Blk11_MetricSearch/Blk11_MetricSearch.py,Code/common/config_Blk11_MetricSearch.yaml,Results/Results_Blk11_MetricSearch.xlsx,B11-M-036,Not started,,,,
B11-M-037,1.1,Blk11_MetricSearch,HCPI,Headline Consumer Price Index,EM8,WAPE,Point,Monthly,64,Apr 2025,Mar 2026,12,Dec 2014,Mar 2025,100,24,124,Yes,False,R6 Post-stabilisation,Point + quantile + weights,Code/Blk11_MetricSearch/Blk11_MetricSearch.py,Code/common/config_Blk11_MetricSearch.yaml,Results/Results_Blk11_MetricSearch.xlsx,B11-M-037,Not started,,,,
B11-M-038,1.1,Blk11_MetricSearch,HCPI,Headline Consumer Price Index,EM8,WAPE,Point,Monthly,65,May 2025,Apr 2026,12,Jan 2015,Apr 2025,100,24,124,Yes,False,R6 Post-stabilisation,Point + quantile + weights,Code/Blk11_MetricSearch/Blk11_MetricSearch.py,Code/common/config_Blk11_MetricSearch.yaml,Results/Results_Blk11_MetricSearch.xlsx,B11-M-038,Not started,,,,
B11-M-039,1.1,Blk11_MetricSearch,HCPI,Headline Consumer Price Index,EM8,WAPE,Point,Monthly,66,Jun 2025,May 2026,12,Feb 2015,May 2025,100,24,124,Yes,False,R6 Post-stabilisation,Point + quantile + weights,Code/Blk11_MetricSearch/Blk11_MetricSearch.py,Code/common/config_Blk11_MetricSearch.yaml,Results/Results_Blk11_MetricSearch.xlsx,B11-M-039,Not started,,,,
B11-M-040,1.1,Blk11_MetricSearch,HCPI,Headline Consumer Price Index,EM8,WAPE,Point,Monthly,67,Jul 2025,Jun 2026,12,Mar 2015,Jun 2025,100,24,124,Yes,False,R6 Post-stabilisation,Point + quantile + weights,Code/Blk11_MetricSearch/Blk11_MetricSearch.py,Code/common/config_Blk11_MetricSearch.yaml,Results/Results_Blk11_MetricSearch.xlsx,B11-M-040,Not started,,,,
B11-M-041,1.1,Blk11_MetricSearch,HCPI,Headline Consumer Price Index,EM8,WAPE,Point,Monthly,68,Aug 2025,Jul 2026,12,Apr 2015,Jul 2025,100,24,124,Yes,False,R6 Post-stabilisation,Point + quantile + weights,Code/Blk11_MetricSearch/Blk11_MetricSearch.py,Code/common/config_Blk11_MetricSearch.yaml,Results/Results_Blk11_MetricSearch.xlsx,B11-M-041,Not started,,,,
B11-M-042,1.1,Blk11_MetricSearch,HCPI,Headline Consumer Price Index,EM8,WAPE,Point,Monthly,69,Sep 2025,Aug 2026,12,May 2015,Aug 2025,100,24,124,Yes,False,R6 Post-stabilisation,Point + quantile + weights,Code/Blk11_MetricSearch/Blk11_MetricSearch.py,Code/common/config_Blk11_MetricSearch.yaml,Results/Results_Blk11_MetricSearch.xlsx,B11-M-042,Not started,,,,
B11-M-043,1.1,Blk11_MetricSearch,HCPI,Headline Consumer Price Index,EM9,WQL,Probabilistic,Monthly,64,Apr 2025,Mar 2026,12,Dec 2014,Mar 2025,100,24,124,Yes,False,R6 Post-stabilisation,Point + quantile + weights,Code/Blk11_MetricSearch/Blk11_MetricSearch.py,Code/common/config_Blk11_MetricSearch.yaml,Results/Results_Blk11_MetricSearch.xlsx,B11-M-043,Not started,,,,
B11-M-044,1.1,Blk11_MetricSearch,HCPI,Headline Consumer Price Index,EM9,WQL,Probabilistic,Monthly,65,May 2025,Apr 2026,12,Jan 2015,Apr 2025,100,24,124,Yes,False,R6 Post-stabilisation,Point + quantile + weights,Code/Blk11_MetricSearch/Blk11_MetricSearch.py,Code/common/config_Blk11_MetricSearch.yaml,Results/Results_Blk11_MetricSearch.xlsx,B11-M-044,Not started,,,,
B11-M-045,1.1,Blk11_MetricSearch,HCPI,Headline Consumer Price Index,EM9,WQL,Probabilistic,Monthly,66,Jun 2025,May 2026,12,Feb 2015,May 2025,100,24,124,Yes,False,R6 Post-stabilisation,Point + quantile + weights,Code/Blk11_MetricSearch/Blk11_MetricSearch.py,Code/common/config_Blk11_MetricSearch.yaml,Results/Results_Blk11_MetricSearch.xlsx,B11-M-045,Not started,,,,
B11-M-046,1.1,Blk11_MetricSearch,HCPI,Headline Consumer Price Index,EM9,WQL,Probabilistic,Monthly,67,Jul 2025,Jun 2026,12,Mar 2015,Jun 2025,100,24,124,Yes,False,R6 Post-stabilisation,Point + quantile + weights,Code/Blk11_MetricSearch/Blk11_MetricSearch.py,Code/common/config_Blk11_MetricSearch.yaml,Results/Results_Blk11_MetricSearch.xlsx,B11-M-046,Not started,,,,
B11-M-047,1.1,Blk11_MetricSearch,HCPI,Headline Consumer Price Index,EM9,WQL,Probabilistic,Monthly,68,Aug 2025,Jul 2026,12,Apr 2015,Jul 2025,100,24,124,Yes,False,R6 Post-stabilisation,Point + quantile + weights,Code/Blk11_MetricSearch/Blk11_MetricSearch.py,Code/common/config_Blk11_MetricSearch.yaml,Results/Results_Blk11_MetricSearch.xlsx,B11-M-047,Not started,,,,
B11-M-048,1.1,Blk11_MetricSearch,HCPI,Headline Consumer Price Index,EM9,WQL,Probabilistic,Monthly,69,Sep 2025,Aug 2026,12,May 2015,Aug 2025,100,24,124,Yes,False,R6 Post-stabilisation,Point + quantile + weights,Code/Blk11_MetricSearch/Blk11_MetricSearch.py,Code/common/config_Blk11_MetricSearch.yaml,Results/Results_Blk11_MetricSearch.xlsx,B11-M-048,Not started,,,,
B11-M-049,1.1,Blk11_MetricSearch,HCPI,Headline Consumer Price Index,EM10,SQL,Probabilistic,Monthly,64,Apr 2025,Mar 2026,12,Dec 2014,Mar 2025,100,24,124,Yes,False,R6 Post-stabilisation,Point + quantile + weights,Code/Blk11_MetricSearch/Blk11_MetricSearch.py,Code/common/config_Blk11_MetricSearch.yaml,Results/Results_Blk11_MetricSearch.xlsx,B11-M-049,Not started,,,,
B11-M-050,1.1,Blk11_MetricSearch,HCPI,Headline Consumer Price Index,EM10,SQL,Probabilistic,Monthly,65,May 2025,Apr 2026,12,Jan 2015,Apr 2025,100,24,124,Yes,False,R6 Post-stabilisation,Point + quantile + weights,Code/Blk11_MetricSearch/Blk11_MetricSearch.py,Code/common/config_Blk11_MetricSearch.yaml,Results/Results_Blk11_MetricSearch.xlsx,B11-M-050,Not started,,,,
B11-M-051,1.1,Blk11_MetricSearch,HCPI,Headline Consumer Price Index,EM10,SQL,Probabilistic,Monthly,66,Jun 2025,May 2026,12,Feb 2015,May 2025,100,24,124,Yes,False,R6 Post-stabilisation,Point + quantile + weights,Code/Blk11_MetricSearch/Blk11_MetricSearch.py,Code/common/config_Blk11_MetricSearch.yaml,Results/Results_Blk11_MetricSearch.xlsx,B11-M-051,Not started,,,,
B11-M-052,1.1,Blk11_MetricSearch,HCPI,Headline Consumer Price Index,EM10,SQL,Probabilistic,Monthly,67,Jul 2025,Jun 2026,12,Mar 2015,Jun 2025,100,24,124,Yes,False,R6 Post-stabilisation,Point + quantile + weights,Code/Blk11_MetricSearch/Blk11_MetricSearch.py,Code/common/config_Blk11_MetricSearch.yaml,Results/Results_Blk11_MetricSearch.xlsx,B11-M-052,Not started,,,,
B11-M-053,1.1,Blk11_MetricSearch,HCPI,Headline Consumer Price Index,EM10,SQL,Probabilistic,Monthly,68,Aug 2025,Jul 2026,12,Apr 2015,Jul 2025,100,24,124,Yes,False,R6 Post-stabilisation,Point + quantile + weights,Code/Blk11_MetricSearch/Blk11_MetricSearch.py,Code/common/config_Blk11_MetricSearch.yaml,Results/Results_Blk11_MetricSearch.xlsx,B11-M-053,Not started,,,,
B11-M-054,1.1,Blk11_MetricSearch,HCPI,Headline Consumer Price Index,EM10,SQL,Probabilistic,Monthly,69,Sep 2025,Aug 2026,12,May 2015,Aug 2025,100,24,124,Yes,False,R6 Post-stabilisation,Point + quantile + weights,Code/Blk11_MetricSearch/Blk11_MetricSearch.py,Code/common/config_Blk11_MetricSearch.yaml,Results/Results_Blk11_MetricSearch.xlsx,B11-M-054,Not started,,,,
B11-M-055,1.1,Blk11_MetricSearch,HCPI,Headline Consumer Price Index,EM11,MQL,Probabilistic,Monthly,64,Apr 2025,Mar 2026,12,Dec 2014,Mar 2025,100,24,124,Yes,False,R6 Post-stabilisation,Point + quantile + weights,Code/Blk11_MetricSearch/Blk11_MetricSearch.py,Code/common/config_Blk11_MetricSearch.yaml,Results/Results_Blk11_MetricSearch.xlsx,B11-M-055,Not started,,,,
B11-M-056,1.1,Blk11_MetricSearch,HCPI,Headline Consumer Price Index,EM11,MQL,Probabilistic,Monthly,65,May 2025,Apr 2026,12,Jan 2015,Apr 2025,100,24,124,Yes,False,R6 Post-stabilisation,Point + quantile + weights,Code/Blk11_MetricSearch/Blk11_MetricSearch.py,Code/common/config_Blk11_MetricSearch.yaml,Results/Results_Blk11_MetricSearch.xlsx,B11-M-056,Not started,,,,
B11-M-057,1.1,Blk11_MetricSearch,HCPI,Headline Consumer Price Index,EM11,MQL,Probabilistic,Monthly,66,Jun 2025,May 2026,12,Feb 2015,May 2025,100,24,124,Yes,False,R6 Post-stabilisation,Point + quantile + weights,Code/Blk11_MetricSearch/Blk11_MetricSearch.py,Code/common/config_Blk11_MetricSearch.yaml,Results/Results_Blk11_MetricSearch.xlsx,B11-M-057,Not started,,,,
B11-M-058,1.1,Blk11_MetricSearch,HCPI,Headline Consumer Price Index,EM11,MQL,Probabilistic,Monthly,67,Jul 2025,Jun 2026,12,Mar 2015,Jun 2025,100,24,124,Yes,False,R6 Post-stabilisation,Point + quantile + weights,Code/Blk11_MetricSearch/Blk11_MetricSearch.py,Code/common/config_Blk11_MetricSearch.yaml,Results/Results_Blk11_MetricSearch.xlsx,B11-M-058,Not started,,,,
B11-M-059,1.1,Blk11_MetricSearch,HCPI,Headline Consumer Price Index,EM11,MQL,Probabilistic,Monthly,68,Aug 2025,Jul 2026,12,Apr 2015,Jul 2025,100,24,124,Yes,False,R6 Post-stabilisation,Point + quantile + weights,Code/Blk11_MetricSearch/Blk11_MetricSearch.py,Code/common/config_Blk11_MetricSearch.yaml,Results/Results_Blk11_MetricSearch.xlsx,B11-M-059,Not started,,,,
B11-M-060,1.1,Blk11_MetricSearch,HCPI,Headline Consumer Price Index,EM11,MQL,Probabilistic,Monthly,69,Sep 2025,Aug 2026,12,May 2015,Aug 2025,100,24,124,Yes,False,R6 Post-stabilisation,Point + quantile + weights,Code/Blk11_MetricSearch/Blk11_MetricSearch.py,Code/common/config_Blk11_MetricSearch.yaml,Results/Results_Blk11_MetricSearch.xlsx,B11-M-060,Not started,,,,
B11-M-061,1.1,Blk11_MetricSearch,HCPI,Headline Consumer Price Index,EM12,DTW,Temporal,Monthly,64,Apr 2025,Mar 2026,12,Dec 2014,Mar 2025,100,24,124,Yes,False,R6 Post-stabilisation,Point + quantile + weights,Code/Blk11_MetricSearch/Blk11_MetricSearch.py,Code/common/config_Blk11_MetricSearch.yaml,Results/Results_Blk11_MetricSearch.xlsx,B11-M-061,Not started,,,,
B11-M-062,1.1,Blk11_MetricSearch,HCPI,Headline Consumer Price Index,EM12,DTW,Temporal,Monthly,65,May 2025,Apr 2026,12,Jan 2015,Apr 2025,100,24,124,Yes,False,R6 Post-stabilisation,Point + quantile + weights,Code/Blk11_MetricSearch/Blk11_MetricSearch.py,Code/common/config_Blk11_MetricSearch.yaml,Results/Results_Blk11_MetricSearch.xlsx,B11-M-062,Not started,,,,
B11-M-063,1.1,Blk11_MetricSearch,HCPI,Headline Consumer Price Index,EM12,DTW,Temporal,Monthly,66,Jun 2025,May 2026,12,Feb 2015,May 2025,100,24,124,Yes,False,R6 Post-stabilisation,Point + quantile + weights,Code/Blk11_MetricSearch/Blk11_MetricSearch.py,Code/common/config_Blk11_MetricSearch.yaml,Results/Results_Blk11_MetricSearch.xlsx,B11-M-063,Not started,,,,
B11-M-064,1.1,Blk11_MetricSearch,HCPI,Headline Consumer Price Index,EM12,DTW,Temporal,Monthly,67,Jul 2025,Jun 2026,12,Mar 2015,Jun 2025,100,24,124,Yes,False,R6 Post-stabilisation,Point + quantile + weights,Code/Blk11_MetricSearch/Blk11_MetricSearch.py,Code/common/config_Blk11_MetricSearch.yaml,Results/Results_Blk11_MetricSearch.xlsx,B11-M-064,Not started,,,,
B11-M-065,1.1,Blk11_MetricSearch,HCPI,Headline Consumer Price Index,EM12,DTW,Temporal,Monthly,68,Aug 2025,Jul 2026,12,Apr 2015,Jul 2025,100,24,124,Yes,False,R6 Post-stabilisation,Point + quantile + weights,Code/Blk11_MetricSearch/Blk11_MetricSearch.py,Code/common/config_Blk11_MetricSearch.yaml,Results/Results_Blk11_MetricSearch.xlsx,B11-M-065,Not started,,,,
B11-M-066,1.1,Blk11_MetricSearch,HCPI,Headline Consumer Price Index,EM12,DTW,Temporal,Monthly,69,Sep 2025,Aug 2026,12,May 2015,Aug 2025,100,24,124,Yes,False,R6 Post-stabilisation,Point + quantile + weights,Code/Blk11_MetricSearch/Blk11_MetricSearch.py,Code/common/config_Blk11_MetricSearch.yaml,Results/Results_Blk11_MetricSearch.xlsx,B11-M-066,Not started,,,,
B11-M-067,1.1,Blk11_MetricSearch,HCPI,Headline Consumer Price Index,EM13,Soft-DTW,Temporal,Monthly,64,Apr 2025,Mar 2026,12,Dec 2014,Mar 2025,100,24,124,Yes,False,R6 Post-stabilisation,Point + quantile + weights,Code/Blk11_MetricSearch/Blk11_MetricSearch.py,Code/common/config_Blk11_MetricSearch.yaml,Results/Results_Blk11_MetricSearch.xlsx,B11-M-067,Not started,,,,
B11-M-068,1.1,Blk11_MetricSearch,HCPI,Headline Consumer Price Index,EM13,Soft-DTW,Temporal,Monthly,65,May 2025,Apr 2026,12,Jan 2015,Apr 2025,100,24,124,Yes,False,R6 Post-stabilisation,Point + quantile + weights,Code/Blk11_MetricSearch/Blk11_MetricSearch.py,Code/common/config_Blk11_MetricSearch.yaml,Results/Results_Blk11_MetricSearch.xlsx,B11-M-068,Not started,,,,
B11-M-069,1.1,Blk11_MetricSearch,HCPI,Headline Consumer Price Index,EM13,Soft-DTW,Temporal,Monthly,66,Jun 2025,May 2026,12,Feb 2015,May 2025,100,24,124,Yes,False,R6 Post-stabilisation,Point + quantile + weights,Code/Blk11_MetricSearch/Blk11_MetricSearch.py,Code/common/config_Blk11_MetricSearch.yaml,Results/Results_Blk11_MetricSearch.xlsx,B11-M-069,Not started,,,,
B11-M-070,1.1,Blk11_MetricSearch,HCPI,Headline Consumer Price Index,EM13,Soft-DTW,Temporal,Monthly,67,Jul 2025,Jun 2026,12,Mar 2015,Jun 2025,100,24,124,Yes,False,R6 Post-stabilisation,Point + quantile + weights,Code/Blk11_MetricSearch/Blk11_MetricSearch.py,Code/common/config_Blk11_MetricSearch.yaml,Results/Results_Blk11_MetricSearch.xlsx,B11-M-070,Not started,,,,
B11-M-071,1.1,Blk11_MetricSearch,HCPI,Headline Consumer Price Index,EM13,Soft-DTW,Temporal,Monthly,68,Aug 2025,Jul 2026,12,Apr 2015,Jul 2025,100,24,124,Yes,False,R6 Post-stabilisation,Point + quantile + weights,Code/Blk11_MetricSearch/Blk11_MetricSearch.py,Code/common/config_Blk11_MetricSearch.yaml,Results/Results_Blk11_MetricSearch.xlsx,B11-M-071,Not started,,,,
B11-M-072,1.1,Blk11_MetricSearch,HCPI,Headline Consumer Price Index,EM13,Soft-DTW,Temporal,Monthly,69,Sep 2025,Aug 2026,12,May 2015,Aug 2025,100,24,124,Yes,False,R6 Post-stabilisation,Point + quantile + weights,Code/Blk11_MetricSearch/Blk11_MetricSearch.py,Code/common/config_Blk11_MetricSearch.yaml,Results/Results_Blk11_MetricSearch.xlsx,B11-M-072,Not started,,,,
B11-M-073,1.1,Blk11_MetricSearch,HCPI,Headline Consumer Price Index,EM14,Wasserstein,Temporal,Monthly,64,Apr 2025,Mar 2026,12,Dec 2014,Mar 2025,100,24,124,Yes,False,R6 Post-stabilisation,Point + quantile + weights,Code/Blk11_MetricSearch/Blk11_MetricSearch.py,Code/common/config_Blk11_MetricSearch.yaml,Results/Results_Blk11_MetricSearch.xlsx,B11-M-073,Not started,,,,
B11-M-074,1.1,Blk11_MetricSearch,HCPI,Headline Consumer Price Index,EM14,Wasserstein,Temporal,Monthly,65,May 2025,Apr 2026,12,Jan 2015,Apr 2025,100,24,124,Yes,False,R6 Post-stabilisation,Point + quantile + weights,Code/Blk11_MetricSearch/Blk11_MetricSearch.py,Code/common/config_Blk11_MetricSearch.yaml,Results/Results_Blk11_MetricSearch.xlsx,B11-M-074,Not started,,,,
B11-M-075,1.1,Blk11_MetricSearch,HCPI,Headline Consumer Price Index,EM14,Wasserstein,Temporal,Monthly,66,Jun 2025,May 2026,12,Feb 2015,May 2025,100,24,124,Yes,False,R6 Post-stabilisation,Point + quantile + weights,Code/Blk11_MetricSearch/Blk11_MetricSearch.py,Code/common/config_Blk11_MetricSearch.yaml,Results/Results_Blk11_MetricSearch.xlsx,B11-M-075,Not started,,,,
B11-M-076,1.1,Blk11_MetricSearch,HCPI,Headline Consumer Price Index,EM14,Wasserstein,Temporal,Monthly,67,Jul 2025,Jun 2026,12,Mar 2015,Jun 2025,100,24,124,Yes,False,R6 Post-stabilisation,Point + quantile + weights,Code/Blk11_MetricSearch/Blk11_MetricSearch.py,Code/common/config_Blk11_MetricSearch.yaml,Results/Results_Blk11_MetricSearch.xlsx,B11-M-076,Not started,,,,
B11-M-077,1.1,Blk11_MetricSearch,HCPI,Headline Consumer Price Index,EM14,Wasserstein,Temporal,Monthly,68,Aug 2025,Jul 2026,12,Apr 2015,Jul 2025,100,24,124,Yes,False,R6 Post-stabilisation,Point + quantile + weights,Code/Blk11_MetricSearch/Blk11_MetricSearch.py,Code/common/config_Blk11_MetricSearch.yaml,Results/Results_Blk11_MetricSearch.xlsx,B11-M-077,Not started,,,,
B11-M-078,1.1,Blk11_MetricSearch,HCPI,Headline Consumer Price Index,EM14,Wasserstein,Temporal,Monthly,69,Sep 2025,Aug 2026,12,May 2015,Aug 2025,100,24,124,Yes,False,R6 Post-stabilisation,Point + quantile + weights,Code/Blk11_MetricSearch/Blk11_MetricSearch.py,Code/common/config_Blk11_MetricSearch.yaml,Results/Results_Blk11_MetricSearch.xlsx,B11-M-078,Not started,,,,
B11-M-079,1.1,Blk11_MetricSearch,HCPI,Headline Consumer Price Index,EM15,TDI,Temporal,Monthly,64,Apr 2025,Mar 2026,12,Dec 2014,Mar 2025,100,24,124,Yes,False,R6 Post-stabilisation,Point + quantile + weights,Code/Blk11_MetricSearch/Blk11_MetricSearch.py,Code/common/config_Blk11_MetricSearch.yaml,Results/Results_Blk11_MetricSearch.xlsx,B11-M-079,Not started,,,,
B11-M-080,1.1,Blk11_MetricSearch,HCPI,Headline Consumer Price Index,EM15,TDI,Temporal,Monthly,65,May 2025,Apr 2026,12,Jan 2015,Apr 2025,100,24,124,Yes,False,R6 Post-stabilisation,Point + quantile + weights,Code/Blk11_MetricSearch/Blk11_MetricSearch.py,Code/common/config_Blk11_MetricSearch.yaml,Results/Results_Blk11_MetricSearch.xlsx,B11-M-080,Not started,,,,
B11-M-081,1.1,Blk11_MetricSearch,HCPI,Headline Consumer Price Index,EM15,TDI,Temporal,Monthly,66,Jun 2025,May 2026,12,Feb 2015,May 2025,100,24,124,Yes,False,R6 Post-stabilisation,Point + quantile + weights,Code/Blk11_MetricSearch/Blk11_MetricSearch.py,Code/common/config_Blk11_MetricSearch.yaml,Results/Results_Blk11_MetricSearch.xlsx,B11-M-081,Not started,,,,
B11-M-082,1.1,Blk11_MetricSearch,HCPI,Headline Consumer Price Index,EM15,TDI,Temporal,Monthly,67,Jul 2025,Jun 2026,12,Mar 2015,Jun 2025,100,24,124,Yes,False,R6 Post-stabilisation,Point + quantile + weights,Code/Blk11_MetricSearch/Blk11_MetricSearch.py,Code/common/config_Blk11_MetricSearch.yaml,Results/Results_Blk11_MetricSearch.xlsx,B11-M-082,Not started,,,,
B11-M-083,1.1,Blk11_MetricSearch,HCPI,Headline Consumer Price Index,EM15,TDI,Temporal,Monthly,68,Aug 2025,Jul 2026,12,Apr 2015,Jul 2025,100,24,124,Yes,False,R6 Post-stabilisation,Point + quantile + weights,Code/Blk11_MetricSearch/Blk11_MetricSearch.py,Code/common/config_Blk11_MetricSearch.yaml,Results/Results_Blk11_MetricSearch.xlsx,B11-M-083,Not started,,,,
B11-M-084,1.1,Blk11_MetricSearch,HCPI,Headline Consumer Price Index,EM15,TDI,Temporal,Monthly,69,Sep 2025,Aug 2026,12,May 2015,Aug 2025,100,24,124,Yes,False,R6 Post-stabilisation,Point + quantile + weights,Code/Blk11_MetricSearch/Blk11_MetricSearch.py,Code/common/config_Blk11_MetricSearch.yaml,Results/Results_Blk11_MetricSearch.xlsx,B11-M-084,Not started,,,,
B11-M-085,1.1,Blk11_MetricSearch,HCPI,Headline Consumer Price Index,EM16,TDA,Directional,Monthly,64,Apr 2025,Mar 2026,12,Dec 2014,Mar 2025,100,24,124,Yes,False,R6 Post-stabilisation,Point + quantile + weights,Code/Blk11_MetricSearch/Blk11_MetricSearch.py,Code/common/config_Blk11_MetricSearch.yaml,Results/Results_Blk11_MetricSearch.xlsx,B11-M-085,Not started,,,,
B11-M-086,1.1,Blk11_MetricSearch,HCPI,Headline Consumer Price Index,EM16,TDA,Directional,Monthly,65,May 2025,Apr 2026,12,Jan 2015,Apr 2025,100,24,124,Yes,False,R6 Post-stabilisation,Point + quantile + weights,Code/Blk11_MetricSearch/Blk11_MetricSearch.py,Code/common/config_Blk11_MetricSearch.yaml,Results/Results_Blk11_MetricSearch.xlsx,B11-M-086,Not started,,,,
B11-M-087,1.1,Blk11_MetricSearch,HCPI,Headline Consumer Price Index,EM16,TDA,Directional,Monthly,66,Jun 2025,May 2026,12,Feb 2015,May 2025,100,24,124,Yes,False,R6 Post-stabilisation,Point + quantile + weights,Code/Blk11_MetricSearch/Blk11_MetricSearch.py,Code/common/config_Blk11_MetricSearch.yaml,Results/Results_Blk11_MetricSearch.xlsx,B11-M-087,Not started,,,,
B11-M-088,1.1,Blk11_MetricSearch,HCPI,Headline Consumer Price Index,EM16,TDA,Directional,Monthly,67,Jul 2025,Jun 2026,12,Mar 2015,Jun 2025,100,24,124,Yes,False,R6 Post-stabilisation,Point + quantile + weights,Code/Blk11_MetricSearch/Blk11_MetricSearch.py,Code/common/config_Blk11_MetricSearch.yaml,Results/Results_Blk11_MetricSearch.xlsx,B11-M-088,Not started,,,,
B11-M-089,1.1,Blk11_MetricSearch,HCPI,Headline Consumer Price Index,EM16,TDA,Directional,Monthly,68,Aug 2025,Jul 2026,12,Apr 2015,Jul 2025,100,24,124,Yes,False,R6 Post-stabilisation,Point + quantile + weights,Code/Blk11_MetricSearch/Blk11_MetricSearch.py,Code/common/config_Blk11_MetricSearch.yaml,Results/Results_Blk11_MetricSearch.xlsx,B11-M-089,Not started,,,,
B11-M-090,1.1,Blk11_MetricSearch,HCPI,Headline Consumer Price Index,EM16,TDA,Directional,Monthly,69,Sep 2025,Aug 2026,12,May 2015,Aug 2025,100,24,124,Yes,False,R6 Post-stabilisation,Point + quantile + weights,Code/Blk11_MetricSearch/Blk11_MetricSearch.py,Code/common/config_Blk11_MetricSearch.yaml,Results/Results_Blk11_MetricSearch.xlsx,B11-M-090,Not started,,,,
B11-M-091,1.1,Blk11_MetricSearch,HCPI,Headline Consumer Price Index,EM17,DA,Directional,Monthly,64,Apr 2025,Mar 2026,12,Dec 2014,Mar 2025,100,24,124,Yes,False,R6 Post-stabilisation,Point + quantile + weights,Code/Blk11_MetricSearch/Blk11_MetricSearch.py,Code/common/config_Blk11_MetricSearch.yaml,Results/Results_Blk11_MetricSearch.xlsx,B11-M-091,Not started,,,,
B11-M-092,1.1,Blk11_MetricSearch,HCPI,Headline Consumer Price Index,EM17,DA,Directional,Monthly,65,May 2025,Apr 2026,12,Jan 2015,Apr 2025,100,24,124,Yes,False,R6 Post-stabilisation,Point + quantile + weights,Code/Blk11_MetricSearch/Blk11_MetricSearch.py,Code/common/config_Blk11_MetricSearch.yaml,Results/Results_Blk11_MetricSearch.xlsx,B11-M-092,Not started,,,,
B11-M-093,1.1,Blk11_MetricSearch,HCPI,Headline Consumer Price Index,EM17,DA,Directional,Monthly,66,Jun 2025,May 2026,12,Feb 2015,May 2025,100,24,124,Yes,False,R6 Post-stabilisation,Point + quantile + weights,Code/Blk11_MetricSearch/Blk11_MetricSearch.py,Code/common/config_Blk11_MetricSearch.yaml,Results/Results_Blk11_MetricSearch.xlsx,B11-M-093,Not started,,,,
B11-M-094,1.1,Blk11_MetricSearch,HCPI,Headline Consumer Price Index,EM17,DA,Directional,Monthly,67,Jul 2025,Jun 2026,12,Mar 2015,Jun 2025,100,24,124,Yes,False,R6 Post-stabilisation,Point + quantile + weights,Code/Blk11_MetricSearch/Blk11_MetricSearch.py,Code/common/config_Blk11_MetricSearch.yaml,Results/Results_Blk11_MetricSearch.xlsx,B11-M-094,Not started,,,,
B11-M-095,1.1,Blk11_MetricSearch,HCPI,Headline Consumer Price Index,EM17,DA,Directional,Monthly,68,Aug 2025,Jul 2026,12,Apr 2015,Jul 2025,100,24,124,Yes,False,R6 Post-stabilisation,Point + quantile + weights,Code/Blk11_MetricSearch/Blk11_MetricSearch.py,Code/common/config_Blk11_MetricSearch.yaml,Results/Results_Blk11_MetricSearch.xlsx,B11-M-095,Not started,,,,
B11-M-096,1.1,Blk11_MetricSearch,HCPI,Headline Consumer Price Index,EM17,DA,Directional,Monthly,69,Sep 2025,Aug 2026,12,May 2015,Aug 2025,100,24,124,Yes,False,R6 Post-stabilisation,Point + quantile + weights,Code/Blk11_MetricSearch/Blk11_MetricSearch.py,Code/common/config_Blk11_MetricSearch.yaml,Results/Results_Blk11_MetricSearch.xlsx,B11-M-096,Not started,,,,
B11-M-097,1.1,Blk11_MetricSearch,HCPI,Headline Consumer Price Index,EM18,TPA,Directional,Monthly,64,Apr 2025,Mar 2026,12,Dec 2014,Mar 2025,100,24,124,Yes,False,R6 Post-stabilisation,Point + quantile + weights,Code/Blk11_MetricSearch/Blk11_MetricSearch.py,Code/common/config_Blk11_MetricSearch.yaml,Results/Results_Blk11_MetricSearch.xlsx,B11-M-097,Not started,,,,
B11-M-098,1.1,Blk11_MetricSearch,HCPI,Headline Consumer Price Index,EM18,TPA,Directional,Monthly,65,May 2025,Apr 2026,12,Jan 2015,Apr 2025,100,24,124,Yes,False,R6 Post-stabilisation,Point + quantile + weights,Code/Blk11_MetricSearch/Blk11_MetricSearch.py,Code/common/config_Blk11_MetricSearch.yaml,Results/Results_Blk11_MetricSearch.xlsx,B11-M-098,Not started,,,,
B11-M-099,1.1,Blk11_MetricSearch,HCPI,Headline Consumer Price Index,EM18,TPA,Directional,Monthly,66,Jun 2025,May 2026,12,Feb 2015,May 2025,100,24,124,Yes,False,R6 Post-stabilisation,Point + quantile + weights,Code/Blk11_MetricSearch/Blk11_MetricSearch.py,Code/common/config_Blk11_MetricSearch.yaml,Results/Results_Blk11_MetricSearch.xlsx,B11-M-099,Not started,,,,
B11-M-100,1.1,Blk11_MetricSearch,HCPI,Headline Consumer Price Index,EM18,TPA,Directional,Monthly,67,Jul 2025,Jun 2026,12,Mar 2015,Jun 2025,100,24,124,Yes,False,R6 Post-stabilisation,Point + quantile + weights,Code/Blk11_MetricSearch/Blk11_MetricSearch.py,Code/common/config_Blk11_MetricSearch.yaml,Results/Results_Blk11_MetricSearch.xlsx,B11-M-100,Not started,,,,
B11-M-101,1.1,Blk11_MetricSearch,HCPI,Headline Consumer Price Index,EM18,TPA,Directional,Monthly,68,Aug 2025,Jul 2026,12,Apr 2015,Jul 2025,100,24,124,Yes,False,R6 Post-stabilisation,Point + quantile + weights,Code/Blk11_MetricSearch/Blk11_MetricSearch.py,Code/common/config_Blk11_MetricSearch.yaml,Results/Results_Blk11_MetricSearch.xlsx,B11-M-101,Not started,,,,
B11-M-102,1.1,Blk11_MetricSearch,HCPI,Headline Consumer Price Index,EM18,TPA,Directional,Monthly,69,Sep 2025,Aug 2026,12,May 2015,Aug 2025,100,24,124,Yes,False,R6 Post-stabilisation,Point + quantile + weights,Code/Blk11_MetricSearch/Blk11_MetricSearch.py,Code/common/config_Blk11_MetricSearch.yaml,Results/Results_Blk11_MetricSearch.xlsx,B11-M-102,Not started,,,,
B11-M-103,1.1,Blk11_MetricSearch,FCPI,Food Consumer Price Index,EM2,MAE,Point,Monthly,64,Apr 2025,Mar 2026,12,Dec 2014,Mar 2025,100,24,124,Yes,False,R6 Post-stabilisation,Point + quantile + weights,Code/Blk11_MetricSearch/Blk11_MetricSearch.py,Code/common/config_Blk11_MetricSearch.yaml,Results/Results_Blk11_MetricSearch.xlsx,B11-M-103,Not started,,,,
B11-M-104,1.1,Blk11_MetricSearch,FCPI,Food Consumer Price Index,EM2,MAE,Point,Monthly,65,May 2025,Apr 2026,12,Jan 2015,Apr 2025,100,24,124,Yes,False,R6 Post-stabilisation,Point + quantile + weights,Code/Blk11_MetricSearch/Blk11_MetricSearch.py,Code/common/config_Blk11_MetricSearch.yaml,Results/Results_Blk11_MetricSearch.xlsx,B11-M-104,Not started,,,,
B11-M-105,1.1,Blk11_MetricSearch,FCPI,Food Consumer Price Index,EM2,MAE,Point,Monthly,66,Jun 2025,May 2026,12,Feb 2015,May 2025,100,24,124,Yes,False,R6 Post-stabilisation,Point + quantile + weights,Code/Blk11_MetricSearch/Blk11_MetricSearch.py,Code/common/config_Blk11_MetricSearch.yaml,Results/Results_Blk11_MetricSearch.xlsx,B11-M-105,Not started,,,,
B11-M-106,1.1,Blk11_MetricSearch,FCPI,Food Consumer Price Index,EM2,MAE,Point,Monthly,67,Jul 2025,Jun 2026,12,Mar 2015,Jun 2025,100,24,124,Yes,False,R6 Post-stabilisation,Point + quantile + weights,Code/Blk11_MetricSearch/Blk11_MetricSearch.py,Code/common/config_Blk11_MetricSearch.yaml,Results/Results_Blk11_MetricSearch.xlsx,B11-M-106,Not started,,,,
B11-M-107,1.1,Blk11_MetricSearch,FCPI,Food Consumer Price Index,EM2,MAE,Point,Monthly,68,Aug 2025,Jul 2026,12,Apr 2015,Jul 2025,100,24,124,Yes,False,R6 Post-stabilisation,Point + quantile + weights,Code/Blk11_MetricSearch/Blk11_MetricSearch.py,Code/common/config_Blk11_MetricSearch.yaml,Results/Results_Blk11_MetricSearch.xlsx,B11-M-107,Not started,,,,
B11-M-108,1.1,Blk11_MetricSearch,FCPI,Food Consumer Price Index,EM2,MAE,Point,Monthly,69,Sep 2025,Aug 2026,12,May 2015,Aug 2025,100,24,124,Yes,False,R6 Post-stabilisation,Point + quantile + weights,Code/Blk11_MetricSearch/Blk11_MetricSearch.py,Code/common/config_Blk11_MetricSearch.yaml,Results/Results_Blk11_MetricSearch.xlsx,B11-M-108,Not started,,,,
B11-M-109,1.1,Blk11_MetricSearch,FCPI,Food Consumer Price Index,EM3,RMSE,Point,Monthly,64,Apr 2025,Mar 2026,12,Dec 2014,Mar 2025,100,24,124,Yes,False,R6 Post-stabilisation,Point + quantile + weights,Code/Blk11_MetricSearch/Blk11_MetricSearch.py,Code/common/config_Blk11_MetricSearch.yaml,Results/Results_Blk11_MetricSearch.xlsx,B11-M-109,Not started,,,,
B11-M-110,1.1,Blk11_MetricSearch,FCPI,Food Consumer Price Index,EM3,RMSE,Point,Monthly,65,May 2025,Apr 2026,12,Jan 2015,Apr 2025,100,24,124,Yes,False,R6 Post-stabilisation,Point + quantile + weights,Code/Blk11_MetricSearch/Blk11_MetricSearch.py,Code/common/config_Blk11_MetricSearch.yaml,Results/Results_Blk11_MetricSearch.xlsx,B11-M-110,Not started,,,,
B11-M-111,1.1,Blk11_MetricSearch,FCPI,Food Consumer Price Index,EM3,RMSE,Point,Monthly,66,Jun 2025,May 2026,12,Feb 2015,May 2025,100,24,124,Yes,False,R6 Post-stabilisation,Point + quantile + weights,Code/Blk11_MetricSearch/Blk11_MetricSearch.py,Code/common/config_Blk11_MetricSearch.yaml,Results/Results_Blk11_MetricSearch.xlsx,B11-M-111,Not started,,,,
B11-M-112,1.1,Blk11_MetricSearch,FCPI,Food Consumer Price Index,EM3,RMSE,Point,Monthly,67,Jul 2025,Jun 2026,12,Mar 2015,Jun 2025,100,24,124,Yes,False,R6 Post-stabilisation,Point + quantile + weights,Code/Blk11_MetricSearch/Blk11_MetricSearch.py,Code/common/config_Blk11_MetricSearch.yaml,Results/Results_Blk11_MetricSearch.xlsx,B11-M-112,Not started,,,,
B11-M-113,1.1,Blk11_MetricSearch,FCPI,Food Consumer Price Index,EM3,RMSE,Point,Monthly,68,Aug 2025,Jul 2026,12,Apr 2015,Jul 2025,100,24,124,Yes,False,R6 Post-stabilisation,Point + quantile + weights,Code/Blk11_MetricSearch/Blk11_MetricSearch.py,Code/common/config_Blk11_MetricSearch.yaml,Results/Results_Blk11_MetricSearch.xlsx,B11-M-113,Not started,,,,
B11-M-114,1.1,Blk11_MetricSearch,FCPI,Food Consumer Price Index,EM3,RMSE,Point,Monthly,69,Sep 2025,Aug 2026,12,May 2015,Aug 2025,100,24,124,Yes,False,R6 Post-stabilisation,Point + quantile + weights,Code/Blk11_MetricSearch/Blk11_MetricSearch.py,Code/common/config_Blk11_MetricSearch.yaml,Results/Results_Blk11_MetricSearch.xlsx,B11-M-114,Not started,,,,
B11-M-115,1.1,Blk11_MetricSearch,FCPI,Food Consumer Price Index,EM4,MAPE,Point,Monthly,64,Apr 2025,Mar 2026,12,Dec 2014,Mar 2025,100,24,124,Yes,False,R6 Post-stabilisation,Point + quantile + weights,Code/Blk11_MetricSearch/Blk11_MetricSearch.py,Code/common/config_Blk11_MetricSearch.yaml,Results/Results_Blk11_MetricSearch.xlsx,B11-M-115,Not started,,,,
B11-M-116,1.1,Blk11_MetricSearch,FCPI,Food Consumer Price Index,EM4,MAPE,Point,Monthly,65,May 2025,Apr 2026,12,Jan 2015,Apr 2025,100,24,124,Yes,False,R6 Post-stabilisation,Point + quantile + weights,Code/Blk11_MetricSearch/Blk11_MetricSearch.py,Code/common/config_Blk11_MetricSearch.yaml,Results/Results_Blk11_MetricSearch.xlsx,B11-M-116,Not started,,,,
B11-M-117,1.1,Blk11_MetricSearch,FCPI,Food Consumer Price Index,EM4,MAPE,Point,Monthly,66,Jun 2025,May 2026,12,Feb 2015,May 2025,100,24,124,Yes,False,R6 Post-stabilisation,Point + quantile + weights,Code/Blk11_MetricSearch/Blk11_MetricSearch.py,Code/common/config_Blk11_MetricSearch.yaml,Results/Results_Blk11_MetricSearch.xlsx,B11-M-117,Not started,,,,
B11-M-118,1.1,Blk11_MetricSearch,FCPI,Food Consumer Price Index,EM4,MAPE,Point,Monthly,67,Jul 2025,Jun 2026,12,Mar 2015,Jun 2025,100,24,124,Yes,False,R6 Post-stabilisation,Point + quantile + weights,Code/Blk11_MetricSearch/Blk11_MetricSearch.py,Code/common/config_Blk11_MetricSearch.yaml,Results/Results_Blk11_MetricSearch.xlsx,B11-M-118,Not started,,,,
B11-M-119,1.1,Blk11_MetricSearch,FCPI,Food Consumer Price Index,EM4,MAPE,Point,Monthly,68,Aug 2025,Jul 2026,12,Apr 2015,Jul 2025,100,24,124,Yes,False,R6 Post-stabilisation,Point + quantile + weights,Code/Blk11_MetricSearch/Blk11_MetricSearch.py,Code/common/config_Blk11_MetricSearch.yaml,Results/Results_Blk11_MetricSearch.xlsx,B11-M-119,Not started,,,,
B11-M-120,1.1,Blk11_MetricSearch,FCPI,Food Consumer Price Index,EM4,MAPE,Point,Monthly,69,Sep 2025,Aug 2026,12,May 2015,Aug 2025,100,24,124,Yes,False,R6 Post-stabilisation,Point + quantile + weights,Code/Blk11_MetricSearch/Blk11_MetricSearch.py,Code/common/config_Blk11_MetricSearch.yaml,Results/Results_Blk11_MetricSearch.xlsx,B11-M-120,Not started,,,,
B11-M-121,1.1,Blk11_MetricSearch,FCPI,Food Consumer Price Index,EM5,sMAPE,Point,Monthly,64,Apr 2025,Mar 2026,12,Dec 2014,Mar 2025,100,24,124,Yes,False,R6 Post-stabilisation,Point + quantile + weights,Code/Blk11_MetricSearch/Blk11_MetricSearch.py,Code/common/config_Blk11_MetricSearch.yaml,Results/Results_Blk11_MetricSearch.xlsx,B11-M-121,Not started,,,,
B11-M-122,1.1,Blk11_MetricSearch,FCPI,Food Consumer Price Index,EM5,sMAPE,Point,Monthly,65,May 2025,Apr 2026,12,Jan 2015,Apr 2025,100,24,124,Yes,False,R6 Post-stabilisation,Point + quantile + weights,Code/Blk11_MetricSearch/Blk11_MetricSearch.py,Code/common/config_Blk11_MetricSearch.yaml,Results/Results_Blk11_MetricSearch.xlsx,B11-M-122,Not started,,,,
B11-M-123,1.1,Blk11_MetricSearch,FCPI,Food Consumer Price Index,EM5,sMAPE,Point,Monthly,66,Jun 2025,May 2026,12,Feb 2015,May 2025,100,24,124,Yes,False,R6 Post-stabilisation,Point + quantile + weights,Code/Blk11_MetricSearch/Blk11_MetricSearch.py,Code/common/config_Blk11_MetricSearch.yaml,Results/Results_Blk11_MetricSearch.xlsx,B11-M-123,Not started,,,,
B11-M-124,1.1,Blk11_MetricSearch,FCPI,Food Consumer Price Index,EM5,sMAPE,Point,Monthly,67,Jul 2025,Jun 2026,12,Mar 2015,Jun 2025,100,24,124,Yes,False,R6 Post-stabilisation,Point + quantile + weights,Code/Blk11_MetricSearch/Blk11_MetricSearch.py,Code/common/config_Blk11_MetricSearch.yaml,Results/Results_Blk11_MetricSearch.xlsx,B11-M-124,Not started,,,,
B11-M-125,1.1,Blk11_MetricSearch,FCPI,Food Consumer Price Index,EM5,sMAPE,Point,Monthly,68,Aug 2025,Jul 2026,12,Apr 2015,Jul 2025,100,24,124,Yes,False,R6 Post-stabilisation,Point + quantile + weights,Code/Blk11_MetricSearch/Blk11_MetricSearch.py,Code/common/config_Blk11_MetricSearch.yaml,Results/Results_Blk11_MetricSearch.xlsx,B11-M-125,Not started,,,,
B11-M-126,1.1,Blk11_MetricSearch,FCPI,Food Consumer Price Index,EM5,sMAPE,Point,Monthly,69,Sep 2025,Aug 2026,12,May 2015,Aug 2025,100,24,124,Yes,False,R6 Post-stabilisation,Point + quantile + weights,Code/Blk11_MetricSearch/Blk11_MetricSearch.py,Code/common/config_Blk11_MetricSearch.yaml,Results/Results_Blk11_MetricSearch.xlsx,B11-M-126,Not started,,,,
B11-M-127,1.1,Blk11_MetricSearch,FCPI,Food Consumer Price Index,EM6,MASE,Point,Monthly,64,Apr 2025,Mar 2026,12,Dec 2014,Mar 2025,100,24,124,Yes,False,R6 Post-stabilisation,Point + quantile + weights,Code/Blk11_MetricSearch/Blk11_MetricSearch.py,Code/common/config_Blk11_MetricSearch.yaml,Results/Results_Blk11_MetricSearch.xlsx,B11-M-127,Not started,,,,
B11-M-128,1.1,Blk11_MetricSearch,FCPI,Food Consumer Price Index,EM6,MASE,Point,Monthly,65,May 2025,Apr 2026,12,Jan 2015,Apr 2025,100,24,124,Yes,False,R6 Post-stabilisation,Point + quantile + weights,Code/Blk11_MetricSearch/Blk11_MetricSearch.py,Code/common/config_Blk11_MetricSearch.yaml,Results/Results_Blk11_MetricSearch.xlsx,B11-M-128,Not started,,,,
B11-M-129,1.1,Blk11_MetricSearch,FCPI,Food Consumer Price Index,EM6,MASE,Point,Monthly,66,Jun 2025,May 2026,12,Feb 2015,May 2025,100,24,124,Yes,False,R6 Post-stabilisation,Point + quantile + weights,Code/Blk11_MetricSearch/Blk11_MetricSearch.py,Code/common/config_Blk11_MetricSearch.yaml,Results/Results_Blk11_MetricSearch.xlsx,B11-M-129,Not started,,,,
B11-M-130,1.1,Blk11_MetricSearch,FCPI,Food Consumer Price Index,EM6,MASE,Point,Monthly,67,Jul 2025,Jun 2026,12,Mar 2015,Jun 2025,100,24,124,Yes,False,R6 Post-stabilisation,Point + quantile + weights,Code/Blk11_MetricSearch/Blk11_MetricSearch.py,Code/common/config_Blk11_MetricSearch.yaml,Results/Results_Blk11_MetricSearch.xlsx,B11-M-130,Not started,,,,
B11-M-131,1.1,Blk11_MetricSearch,FCPI,Food Consumer Price Index,EM6,MASE,Point,Monthly,68,Aug 2025,Jul 2026,12,Apr 2015,Jul 2025,100,24,124,Yes,False,R6 Post-stabilisation,Point + quantile + weights,Code/Blk11_MetricSearch/Blk11_MetricSearch.py,Code/common/config_Blk11_MetricSearch.yaml,Results/Results_Blk11_MetricSearch.xlsx,B11-M-131,Not started,,,,
B11-M-132,1.1,Blk11_MetricSearch,FCPI,Food Consumer Price Index,EM6,MASE,Point,Monthly,69,Sep 2025,Aug 2026,12,May 2015,Aug 2025,100,24,124,Yes,False,R6 Post-stabilisation,Point + quantile + weights,Code/Blk11_MetricSearch/Blk11_MetricSearch.py,Code/common/config_Blk11_MetricSearch.yaml,Results/Results_Blk11_MetricSearch.xlsx,B11-M-132,Not started,,,,
B11-M-133,1.1,Blk11_MetricSearch,FCPI,Food Consumer Price Index,EM7,RMSSE,Point,Monthly,64,Apr 2025,Mar 2026,12,Dec 2014,Mar 2025,100,24,124,Yes,False,R6 Post-stabilisation,Point + quantile + weights,Code/Blk11_MetricSearch/Blk11_MetricSearch.py,Code/common/config_Blk11_MetricSearch.yaml,Results/Results_Blk11_MetricSearch.xlsx,B11-M-133,Not started,,,,
B11-M-134,1.1,Blk11_MetricSearch,FCPI,Food Consumer Price Index,EM7,RMSSE,Point,Monthly,65,May 2025,Apr 2026,12,Jan 2015,Apr 2025,100,24,124,Yes,False,R6 Post-stabilisation,Point + quantile + weights,Code/Blk11_MetricSearch/Blk11_MetricSearch.py,Code/common/config_Blk11_MetricSearch.yaml,Results/Results_Blk11_MetricSearch.xlsx,B11-M-134,Not started,,,,
B11-M-135,1.1,Blk11_MetricSearch,FCPI,Food Consumer Price Index,EM7,RMSSE,Point,Monthly,66,Jun 2025,May 2026,12,Feb 2015,May 2025,100,24,124,Yes,False,R6 Post-stabilisation,Point + quantile + weights,Code/Blk11_MetricSearch/Blk11_MetricSearch.py,Code/common/config_Blk11_MetricSearch.yaml,Results/Results_Blk11_MetricSearch.xlsx,B11-M-135,Not started,,,,
B11-M-136,1.1,Blk11_MetricSearch,FCPI,Food Consumer Price Index,EM7,RMSSE,Point,Monthly,67,Jul 2025,Jun 2026,12,Mar 2015,Jun 2025,100,24,124,Yes,False,R6 Post-stabilisation,Point + quantile + weights,Code/Blk11_MetricSearch/Blk11_MetricSearch.py,Code/common/config_Blk11_MetricSearch.yaml,Results/Results_Blk11_MetricSearch.xlsx,B11-M-136,Not started,,,,
B11-M-137,1.1,Blk11_MetricSearch,FCPI,Food Consumer Price Index,EM7,RMSSE,Point,Monthly,68,Aug 2025,Jul 2026,12,Apr 2015,Jul 2025,100,24,124,Yes,False,R6 Post-stabilisation,Point + quantile + weights,Code/Blk11_MetricSearch/Blk11_MetricSearch.py,Code/common/config_Blk11_MetricSearch.yaml,Results/Results_Blk11_MetricSearch.xlsx,B11-M-137,Not started,,,,
B11-M-138,1.1,Blk11_MetricSearch,FCPI,Food Consumer Price Index,EM7,RMSSE,Point,Monthly,69,Sep 2025,Aug 2026,12,May 2015,Aug 2025,100,24,124,Yes,False,R6 Post-stabilisation,Point + quantile + weights,Code/Blk11_MetricSearch/Blk11_MetricSearch.py,Code/common/config_Blk11_MetricSearch.yaml,Results/Results_Blk11_MetricSearch.xlsx,B11-M-138,Not started,,,,
B11-M-139,1.1,Blk11_MetricSearch,FCPI,Food Consumer Price Index,EM8,WAPE,Point,Monthly,64,Apr 2025,Mar 2026,12,Dec 2014,Mar 2025,100,24,124,Yes,False,R6 Post-stabilisation,Point + quantile + weights,Code/Blk11_MetricSearch/Blk11_MetricSearch.py,Code/common/config_Blk11_MetricSearch.yaml,Results/Results_Blk11_MetricSearch.xlsx,B11-M-139,Not started,,,,
B11-M-140,1.1,Blk11_MetricSearch,FCPI,Food Consumer Price Index,EM8,WAPE,Point,Monthly,65,May 2025,Apr 2026,12,Jan 2015,Apr 2025,100,24,124,Yes,False,R6 Post-stabilisation,Point + quantile + weights,Code/Blk11_MetricSearch/Blk11_MetricSearch.py,Code/common/config_Blk11_MetricSearch.yaml,Results/Results_Blk11_MetricSearch.xlsx,B11-M-140,Not started,,,,
B11-M-141,1.1,Blk11_MetricSearch,FCPI,Food Consumer Price Index,EM8,WAPE,Point,Monthly,66,Jun 2025,May 2026,12,Feb 2015,May 2025,100,24,124,Yes,False,R6 Post-stabilisation,Point + quantile + weights,Code/Blk11_MetricSearch/Blk11_MetricSearch.py,Code/common/config_Blk11_MetricSearch.yaml,Results/Results_Blk11_MetricSearch.xlsx,B11-M-141,Not started,,,,
B11-M-142,1.1,Blk11_MetricSearch,FCPI,Food Consumer Price Index,EM8,WAPE,Point,Monthly,67,Jul 2025,Jun 2026,12,Mar 2015,Jun 2025,100,24,124,Yes,False,R6 Post-stabilisation,Point + quantile + weights,Code/Blk11_MetricSearch/Blk11_MetricSearch.py,Code/common/config_Blk11_MetricSearch.yaml,Results/Results_Blk11_MetricSearch.xlsx,B11-M-142,Not started,,,,
B11-M-143,1.1,Blk11_MetricSearch,FCPI,Food Consumer Price Index,EM8,WAPE,Point,Monthly,68,Aug 2025,Jul 2026,12,Apr 2015,Jul 2025,100,24,124,Yes,False,R6 Post-stabilisation,Point + quantile + weights,Code/Blk11_MetricSearch/Blk11_MetricSearch.py,Code/common/config_Blk11_MetricSearch.yaml,Results/Results_Blk11_MetricSearch.xlsx,B11-M-143,Not started,,,,
B11-M-144,1.1,Blk11_MetricSearch,FCPI,Food Consumer Price Index,EM8,WAPE,Point,Monthly,69,Sep 2025,Aug 2026,12,May 2015,Aug 2025,100,24,124,Yes,False,R6 Post-stabilisation,Point + quantile + weights,Code/Blk11_MetricSearch/Blk11_MetricSearch.py,Code/common/config_Blk11_MetricSearch.yaml,Results/Results_Blk11_MetricSearch.xlsx,B11-M-144,Not started,,,,
B11-M-145,1.1,Blk11_MetricSearch,FCPI,Food Consumer Price Index,EM9,WQL,Probabilistic,Monthly,64,Apr 2025,Mar 2026,12,Dec 2014,Mar 2025,100,24,124,Yes,False,R6 Post-stabilisation,Point + quantile + weights,Code/Blk11_MetricSearch/Blk11_MetricSearch.py,Code/common/config_Blk11_MetricSearch.yaml,Results/Results_Blk11_MetricSearch.xlsx,B11-M-145,Not started,,,,
B11-M-146,1.1,Blk11_MetricSearch,FCPI,Food Consumer Price Index,EM9,WQL,Probabilistic,Monthly,65,May 2025,Apr 2026,12,Jan 2015,Apr 2025,100,24,124,Yes,False,R6 Post-stabilisation,Point + quantile + weights,Code/Blk11_MetricSearch/Blk11_MetricSearch.py,Code/common/config_Blk11_MetricSearch.yaml,Results/Results_Blk11_MetricSearch.xlsx,B11-M-146,Not started,,,,
B11-M-147,1.1,Blk11_MetricSearch,FCPI,Food Consumer Price Index,EM9,WQL,Probabilistic,Monthly,66,Jun 2025,May 2026,12,Feb 2015,May 2025,100,24,124,Yes,False,R6 Post-stabilisation,Point + quantile + weights,Code/Blk11_MetricSearch/Blk11_MetricSearch.py,Code/common/config_Blk11_MetricSearch.yaml,Results/Results_Blk11_MetricSearch.xlsx,B11-M-147,Not started,,,,
B11-M-148,1.1,Blk11_MetricSearch,FCPI,Food Consumer Price Index,EM9,WQL,Probabilistic,Monthly,67,Jul 2025,Jun 2026,12,Mar 2015,Jun 2025,100,24,124,Yes,False,R6 Post-stabilisation,Point + quantile + weights,Code/Blk11_MetricSearch/Blk11_MetricSearch.py,Code/common/config_Blk11_MetricSearch.yaml,Results/Results_Blk11_MetricSearch.xlsx,B11-M-148,Not started,,,,
B11-M-149,1.1,Blk11_MetricSearch,FCPI,Food Consumer Price Index,EM9,WQL,Probabilistic,Monthly,68,Aug 2025,Jul 2026,12,Apr 2015,Jul 2025,100,24,124,Yes,False,R6 Post-stabilisation,Point + quantile + weights,Code/Blk11_MetricSearch/Blk11_MetricSearch.py,Code/common/config_Blk11_MetricSearch.yaml,Results/Results_Blk11_MetricSearch.xlsx,B11-M-149,Not started,,,,
B11-M-150,1.1,Blk11_MetricSearch,FCPI,Food Consumer Price Index,EM9,WQL,Probabilistic,Monthly,69,Sep 2025,Aug 2026,12,May 2015,Aug 2025,100,24,124,Yes,False,R6 Post-stabilisation,Point + quantile + weights,Code/Blk11_MetricSearch/Blk11_MetricSearch.py,Code/common/config_Blk11_MetricSearch.yaml,Results/Results_Blk11_MetricSearch.xlsx,B11-M-150,Not started,,,,
B11-M-151,1.1,Blk11_MetricSearch,FCPI,Food Consumer Price Index,EM10,SQL,Probabilistic,Monthly,64,Apr 2025,Mar 2026,12,Dec 2014,Mar 2025,100,24,124,Yes,False,R6 Post-stabilisation,Point + quantile + weights,Code/Blk11_MetricSearch/Blk11_MetricSearch.py,Code/common/config_Blk11_MetricSearch.yaml,Results/Results_Blk11_MetricSearch.xlsx,B11-M-151,Not started,,,,
B11-M-152,1.1,Blk11_MetricSearch,FCPI,Food Consumer Price Index,EM10,SQL,Probabilistic,Monthly,65,May 2025,Apr 2026,12,Jan 2015,Apr 2025,100,24,124,Yes,False,R6 Post-stabilisation,Point + quantile + weights,Code/Blk11_MetricSearch/Blk11_MetricSearch.py,Code/common/config_Blk11_MetricSearch.yaml,Results/Results_Blk11_MetricSearch.xlsx,B11-M-152,Not started,,,,
B11-M-153,1.1,Blk11_MetricSearch,FCPI,Food Consumer Price Index,EM10,SQL,Probabilistic,Monthly,66,Jun 2025,May 2026,12,Feb 2015,May 2025,100,24,124,Yes,False,R6 Post-stabilisation,Point + quantile + weights,Code/Blk11_MetricSearch/Blk11_MetricSearch.py,Code/common/config_Blk11_MetricSearch.yaml,Results/Results_Blk11_MetricSearch.xlsx,B11-M-153,Not started,,,,
B11-M-154,1.1,Blk11_MetricSearch,FCPI,Food Consumer Price Index,EM10,SQL,Probabilistic,Monthly,67,Jul 2025,Jun 2026,12,Mar 2015,Jun 2025,100,24,124,Yes,False,R6 Post-stabilisation,Point + quantile + weights,Code/Blk11_MetricSearch/Blk11_MetricSearch.py,Code/common/config_Blk11_MetricSearch.yaml,Results/Results_Blk11_MetricSearch.xlsx,B11-M-154,Not started,,,,
B11-M-155,1.1,Blk11_MetricSearch,FCPI,Food Consumer Price Index,EM10,SQL,Probabilistic,Monthly,68,Aug 2025,Jul 2026,12,Apr 2015,Jul 2025,100,24,124,Yes,False,R6 Post-stabilisation,Point + quantile + weights,Code/Blk11_MetricSearch/Blk11_MetricSearch.py,Code/common/config_Blk11_MetricSearch.yaml,Results/Results_Blk11_MetricSearch.xlsx,B11-M-155,Not started,,,,
B11-M-156,1.1,Blk11_MetricSearch,FCPI,Food Consumer Price Index,EM10,SQL,Probabilistic,Monthly,69,Sep 2025,Aug 2026,12,May 2015,Aug 2025,100,24,124,Yes,False,R6 Post-stabilisation,Point + quantile + weights,Code/Blk11_MetricSearch/Blk11_MetricSearch.py,Code/common/config_Blk11_MetricSearch.yaml,Results/Results_Blk11_MetricSearch.xlsx,B11-M-156,Not started,,,,
B11-M-157,1.1,Blk11_MetricSearch,FCPI,Food Consumer Price Index,EM11,MQL,Probabilistic,Monthly,64,Apr 2025,Mar 2026,12,Dec 2014,Mar 2025,100,24,124,Yes,False,R6 Post-stabilisation,Point + quantile + weights,Code/Blk11_MetricSearch/Blk11_MetricSearch.py,Code/common/config_Blk11_MetricSearch.yaml,Results/Results_Blk11_MetricSearch.xlsx,B11-M-157,Not started,,,,
B11-M-158,1.1,Blk11_MetricSearch,FCPI,Food Consumer Price Index,EM11,MQL,Probabilistic,Monthly,65,May 2025,Apr 2026,12,Jan 2015,Apr 2025,100,24,124,Yes,False,R6 Post-stabilisation,Point + quantile + weights,Code/Blk11_MetricSearch/Blk11_MetricSearch.py,Code/common/config_Blk11_MetricSearch.yaml,Results/Results_Blk11_MetricSearch.xlsx,B11-M-158,Not started,,,,
B11-M-159,1.1,Blk11_MetricSearch,FCPI,Food Consumer Price Index,EM11,MQL,Probabilistic,Monthly,66,Jun 2025,May 2026,12,Feb 2015,May 2025,100,24,124,Yes,False,R6 Post-stabilisation,Point + quantile + weights,Code/Blk11_MetricSearch/Blk11_MetricSearch.py,Code/common/config_Blk11_MetricSearch.yaml,Results/Results_Blk11_MetricSearch.xlsx,B11-M-159,Not started,,,,
B11-M-160,1.1,Blk11_MetricSearch,FCPI,Food Consumer Price Index,EM11,MQL,Probabilistic,Monthly,67,Jul 2025,Jun 2026,12,Mar 2015,Jun 2025,100,24,124,Yes,False,R6 Post-stabilisation,Point + quantile + weights,Code/Blk11_MetricSearch/Blk11_MetricSearch.py,Code/common/config_Blk11_MetricSearch.yaml,Results/Results_Blk11_MetricSearch.xlsx,B11-M-160,Not started,,,,
B11-M-161,1.1,Blk11_MetricSearch,FCPI,Food Consumer Price Index,EM11,MQL,Probabilistic,Monthly,68,Aug 2025,Jul 2026,12,Apr 2015,Jul 2025,100,24,124,Yes,False,R6 Post-stabilisation,Point + quantile + weights,Code/Blk11_MetricSearch/Blk11_MetricSearch.py,Code/common/config_Blk11_MetricSearch.yaml,Results/Results_Blk11_MetricSearch.xlsx,B11-M-161,Not started,,,,
B11-M-162,1.1,Blk11_MetricSearch,FCPI,Food Consumer Price Index,EM11,MQL,Probabilistic,Monthly,69,Sep 2025,Aug 2026,12,May 2015,Aug 2025,100,24,124,Yes,False,R6 Post-stabilisation,Point + quantile + weights,Code/Blk11_MetricSearch/Blk11_MetricSearch.py,Code/common/config_Blk11_MetricSearch.yaml,Results/Results_Blk11_MetricSearch.xlsx,B11-M-162,Not started,,,,
B11-M-163,1.1,Blk11_MetricSearch,FCPI,Food Consumer Price Index,EM12,DTW,Temporal,Monthly,64,Apr 2025,Mar 2026,12,Dec 2014,Mar 2025,100,24,124,Yes,False,R6 Post-stabilisation,Point + quantile + weights,Code/Blk11_MetricSearch/Blk11_MetricSearch.py,Code/common/config_Blk11_MetricSearch.yaml,Results/Results_Blk11_MetricSearch.xlsx,B11-M-163,Not started,,,,
B11-M-164,1.1,Blk11_MetricSearch,FCPI,Food Consumer Price Index,EM12,DTW,Temporal,Monthly,65,May 2025,Apr 2026,12,Jan 2015,Apr 2025,100,24,124,Yes,False,R6 Post-stabilisation,Point + quantile + weights,Code/Blk11_MetricSearch/Blk11_MetricSearch.py,Code/common/config_Blk11_MetricSearch.yaml,Results/Results_Blk11_MetricSearch.xlsx,B11-M-164,Not started,,,,
B11-M-165,1.1,Blk11_MetricSearch,FCPI,Food Consumer Price Index,EM12,DTW,Temporal,Monthly,66,Jun 2025,May 2026,12,Feb 2015,May 2025,100,24,124,Yes,False,R6 Post-stabilisation,Point + quantile + weights,Code/Blk11_MetricSearch/Blk11_MetricSearch.py,Code/common/config_Blk11_MetricSearch.yaml,Results/Results_Blk11_MetricSearch.xlsx,B11-M-165,Not started,,,,
B11-M-166,1.1,Blk11_MetricSearch,FCPI,Food Consumer Price Index,EM12,DTW,Temporal,Monthly,67,Jul 2025,Jun 2026,12,Mar 2015,Jun 2025,100,24,124,Yes,False,R6 Post-stabilisation,Point + quantile + weights,Code/Blk11_MetricSearch/Blk11_MetricSearch.py,Code/common/config_Blk11_MetricSearch.yaml,Results/Results_Blk11_MetricSearch.xlsx,B11-M-166,Not started,,,,
B11-M-167,1.1,Blk11_MetricSearch,FCPI,Food Consumer Price Index,EM12,DTW,Temporal,Monthly,68,Aug 2025,Jul 2026,12,Apr 2015,Jul 2025,100,24,124,Yes,False,R6 Post-stabilisation,Point + quantile + weights,Code/Blk11_MetricSearch/Blk11_MetricSearch.py,Code/common/config_Blk11_MetricSearch.yaml,Results/Results_Blk11_MetricSearch.xlsx,B11-M-167,Not started,,,,
B11-M-168,1.1,Blk11_MetricSearch,FCPI,Food Consumer Price Index,EM12,DTW,Temporal,Monthly,69,Sep 2025,Aug 2026,12,May 2015,Aug 2025,100,24,124,Yes,False,R6 Post-stabilisation,Point + quantile + weights,Code/Blk11_MetricSearch/Blk11_MetricSearch.py,Code/common/config_Blk11_MetricSearch.yaml,Results/Results_Blk11_MetricSearch.xlsx,B11-M-168,Not started,,,,
B11-M-169,1.1,Blk11_MetricSearch,FCPI,Food Consumer Price Index,EM13,Soft-DTW,Temporal,Monthly,64,Apr 2025,Mar 2026,12,Dec 2014,Mar 2025,100,24,124,Yes,False,R6 Post-stabilisation,Point + quantile + weights,Code/Blk11_MetricSearch/Blk11_MetricSearch.py,Code/common/config_Blk11_MetricSearch.yaml,Results/Results_Blk11_MetricSearch.xlsx,B11-M-169,Not started,,,,
B11-M-170,1.1,Blk11_MetricSearch,FCPI,Food Consumer Price Index,EM13,Soft-DTW,Temporal,Monthly,65,May 2025,Apr 2026,12,Jan 2015,Apr 2025,100,24,124,Yes,False,R6 Post-stabilisation,Point + quantile + weights,Code/Blk11_MetricSearch/Blk11_MetricSearch.py,Code/common/config_Blk11_MetricSearch.yaml,Results/Results_Blk11_MetricSearch.xlsx,B11-M-170,Not started,,,,
B11-M-171,1.1,Blk11_MetricSearch,FCPI,Food Consumer Price Index,EM13,Soft-DTW,Temporal,Monthly,66,Jun 2025,May 2026,12,Feb 2015,May 2025,100,24,124,Yes,False,R6 Post-stabilisation,Point + quantile + weights,Code/Blk11_MetricSearch/Blk11_MetricSearch.py,Code/common/config_Blk11_MetricSearch.yaml,Results/Results_Blk11_MetricSearch.xlsx,B11-M-171,Not started,,,,
B11-M-172,1.1,Blk11_MetricSearch,FCPI,Food Consumer Price Index,EM13,Soft-DTW,Temporal,Monthly,67,Jul 2025,Jun 2026,12,Mar 2015,Jun 2025,100,24,124,Yes,False,R6 Post-stabilisation,Point + quantile + weights,Code/Blk11_MetricSearch/Blk11_MetricSearch.py,Code/common/config_Blk11_MetricSearch.yaml,Results/Results_Blk11_MetricSearch.xlsx,B11-M-172,Not started,,,,
B11-M-173,1.1,Blk11_MetricSearch,FCPI,Food Consumer Price Index,EM13,Soft-DTW,Temporal,Monthly,68,Aug 2025,Jul 2026,12,Apr 2015,Jul 2025,100,24,124,Yes,False,R6 Post-stabilisation,Point + quantile + weights,Code/Blk11_MetricSearch/Blk11_MetricSearch.py,Code/common/config_Blk11_MetricSearch.yaml,Results/Results_Blk11_MetricSearch.xlsx,B11-M-173,Not started,,,,
B11-M-174,1.1,Blk11_MetricSearch,FCPI,Food Consumer Price Index,EM13,Soft-DTW,Temporal,Monthly,69,Sep 2025,Aug 2026,12,May 2015,Aug 2025,100,24,124,Yes,False,R6 Post-stabilisation,Point + quantile + weights,Code/Blk11_MetricSearch/Blk11_MetricSearch.py,Code/common/config_Blk11_MetricSearch.yaml,Results/Results_Blk11_MetricSearch.xlsx,B11-M-174,Not started,,,,
B11-M-175,1.1,Blk11_MetricSearch,FCPI,Food Consumer Price Index,EM14,Wasserstein,Temporal,Monthly,64,Apr 2025,Mar 2026,12,Dec 2014,Mar 2025,100,24,124,Yes,False,R6 Post-stabilisation,Point + quantile + weights,Code/Blk11_MetricSearch/Blk11_MetricSearch.py,Code/common/config_Blk11_MetricSearch.yaml,Results/Results_Blk11_MetricSearch.xlsx,B11-M-175,Not started,,,,
B11-M-176,1.1,Blk11_MetricSearch,FCPI,Food Consumer Price Index,EM14,Wasserstein,Temporal,Monthly,65,May 2025,Apr 2026,12,Jan 2015,Apr 2025,100,24,124,Yes,False,R6 Post-stabilisation,Point + quantile + weights,Code/Blk11_MetricSearch/Blk11_MetricSearch.py,Code/common/config_Blk11_MetricSearch.yaml,Results/Results_Blk11_MetricSearch.xlsx,B11-M-176,Not started,,,,
B11-M-177,1.1,Blk11_MetricSearch,FCPI,Food Consumer Price Index,EM14,Wasserstein,Temporal,Monthly,66,Jun 2025,May 2026,12,Feb 2015,May 2025,100,24,124,Yes,False,R6 Post-stabilisation,Point + quantile + weights,Code/Blk11_MetricSearch/Blk11_MetricSearch.py,Code/common/config_Blk11_MetricSearch.yaml,Results/Results_Blk11_MetricSearch.xlsx,B11-M-177,Not started,,,,
B11-M-178,1.1,Blk11_MetricSearch,FCPI,Food Consumer Price Index,EM14,Wasserstein,Temporal,Monthly,67,Jul 2025,Jun 2026,12,Mar 2015,Jun 2025,100,24,124,Yes,False,R6 Post-stabilisation,Point + quantile + weights,Code/Blk11_MetricSearch/Blk11_MetricSearch.py,Code/common/config_Blk11_MetricSearch.yaml,Results/Results_Blk11_MetricSearch.xlsx,B11-M-178,Not started,,,,
B11-M-179,1.1,Blk11_MetricSearch,FCPI,Food Consumer Price Index,EM14,Wasserstein,Temporal,Monthly,68,Aug 2025,Jul 2026,12,Apr 2015,Jul 2025,100,24,124,Yes,False,R6 Post-stabilisation,Point + quantile + weights,Code/Blk11_MetricSearch/Blk11_MetricSearch.py,Code/common/config_Blk11_MetricSearch.yaml,Results/Results_Blk11_MetricSearch.xlsx,B11-M-179,Not started,,,,
B11-M-180,1.1,Blk11_MetricSearch,FCPI,Food Consumer Price Index,EM14,Wasserstein,Temporal,Monthly,69,Sep 2025,Aug 2026,12,May 2015,Aug 2025,100,24,124,Yes,False,R6 Post-stabilisation,Point + quantile + weights,Code/Blk11_MetricSearch/Blk11_MetricSearch.py,Code/common/config_Blk11_MetricSearch.yaml,Results/Results_Blk11_MetricSearch.xlsx,B11-M-180,Not started,,,,
B11-M-181,1.1,Blk11_MetricSearch,FCPI,Food Consumer Price Index,EM15,TDI,Temporal,Monthly,64,Apr 2025,Mar 2026,12,Dec 2014,Mar 2025,100,24,124,Yes,False,R6 Post-stabilisation,Point + quantile + weights,Code/Blk11_MetricSearch/Blk11_MetricSearch.py,Code/common/config_Blk11_MetricSearch.yaml,Results/Results_Blk11_MetricSearch.xlsx,B11-M-181,Not started,,,,
B11-M-182,1.1,Blk11_MetricSearch,FCPI,Food Consumer Price Index,EM15,TDI,Temporal,Monthly,65,May 2025,Apr 2026,12,Jan 2015,Apr 2025,100,24,124,Yes,False,R6 Post-stabilisation,Point + quantile + weights,Code/Blk11_MetricSearch/Blk11_MetricSearch.py,Code/common/config_Blk11_MetricSearch.yaml,Results/Results_Blk11_MetricSearch.xlsx,B11-M-182,Not started,,,,
B11-M-183,1.1,Blk11_MetricSearch,FCPI,Food Consumer Price Index,EM15,TDI,Temporal,Monthly,66,Jun 2025,May 2026,12,Feb 2015,May 2025,100,24,124,Yes,False,R6 Post-stabilisation,Point + quantile + weights,Code/Blk11_MetricSearch/Blk11_MetricSearch.py,Code/common/config_Blk11_MetricSearch.yaml,Results/Results_Blk11_MetricSearch.xlsx,B11-M-183,Not started,,,,
B11-M-184,1.1,Blk11_MetricSearch,FCPI,Food Consumer Price Index,EM15,TDI,Temporal,Monthly,67,Jul 2025,Jun 2026,12,Mar 2015,Jun 2025,100,24,124,Yes,False,R6 Post-stabilisation,Point + quantile + weights,Code/Blk11_MetricSearch/Blk11_MetricSearch.py,Code/common/config_Blk11_MetricSearch.yaml,Results/Results_Blk11_MetricSearch.xlsx,B11-M-184,Not started,,,,
B11-M-185,1.1,Blk11_MetricSearch,FCPI,Food Consumer Price Index,EM15,TDI,Temporal,Monthly,68,Aug 2025,Jul 2026,12,Apr 2015,Jul 2025,100,24,124,Yes,False,R6 Post-stabilisation,Point + quantile + weights,Code/Blk11_MetricSearch/Blk11_MetricSearch.py,Code/common/config_Blk11_MetricSearch.yaml,Results/Results_Blk11_MetricSearch.xlsx,B11-M-185,Not started,,,,
B11-M-186,1.1,Blk11_MetricSearch,FCPI,Food Consumer Price Index,EM15,TDI,Temporal,Monthly,69,Sep 2025,Aug 2026,12,May 2015,Aug 2025,100,24,124,Yes,False,R6 Post-stabilisation,Point + quantile + weights,Code/Blk11_MetricSearch/Blk11_MetricSearch.py,Code/common/config_Blk11_MetricSearch.yaml,Results/Results_Blk11_MetricSearch.xlsx,B11-M-186,Not started,,,,
B11-M-187,1.1,Blk11_MetricSearch,FCPI,Food Consumer Price Index,EM16,TDA,Directional,Monthly,64,Apr 2025,Mar 2026,12,Dec 2014,Mar 2025,100,24,124,Yes,False,R6 Post-stabilisation,Point + quantile + weights,Code/Blk11_MetricSearch/Blk11_MetricSearch.py,Code/common/config_Blk11_MetricSearch.yaml,Results/Results_Blk11_MetricSearch.xlsx,B11-M-187,Not started,,,,
B11-M-188,1.1,Blk11_MetricSearch,FCPI,Food Consumer Price Index,EM16,TDA,Directional,Monthly,65,May 2025,Apr 2026,12,Jan 2015,Apr 2025,100,24,124,Yes,False,R6 Post-stabilisation,Point + quantile + weights,Code/Blk11_MetricSearch/Blk11_MetricSearch.py,Code/common/config_Blk11_MetricSearch.yaml,Results/Results_Blk11_MetricSearch.xlsx,B11-M-188,Not started,,,,
B11-M-189,1.1,Blk11_MetricSearch,FCPI,Food Consumer Price Index,EM16,TDA,Directional,Monthly,66,Jun 2025,May 2026,12,Feb 2015,May 2025,100,24,124,Yes,False,R6 Post-stabilisation,Point + quantile + weights,Code/Blk11_MetricSearch/Blk11_MetricSearch.py,Code/common/config_Blk11_MetricSearch.yaml,Results/Results_Blk11_MetricSearch.xlsx,B11-M-189,Not started,,,,
B11-M-190,1.1,Blk11_MetricSearch,FCPI,Food Consumer Price Index,EM16,TDA,Directional,Monthly,67,Jul 2025,Jun 2026,12,Mar 2015,Jun 2025,100,24,124,Yes,False,R6 Post-stabilisation,Point + quantile + weights,Code/Blk11_MetricSearch/Blk11_MetricSearch.py,Code/common/config_Blk11_MetricSearch.yaml,Results/Results_Blk11_MetricSearch.xlsx,B11-M-190,Not started,,,,
B11-M-191,1.1,Blk11_MetricSearch,FCPI,Food Consumer Price Index,EM16,TDA,Directional,Monthly,68,Aug 2025,Jul 2026,12,Apr 2015,Jul 2025,100,24,124,Yes,False,R6 Post-stabilisation,Point + quantile + weights,Code/Blk11_MetricSearch/Blk11_MetricSearch.py,Code/common/config_Blk11_MetricSearch.yaml,Results/Results_Blk11_MetricSearch.xlsx,B11-M-191,Not started,,,,
B11-M-192,1.1,Blk11_MetricSearch,FCPI,Food Consumer Price Index,EM16,TDA,Directional,Monthly,69,Sep 2025,Aug 2026,12,May 2015,Aug 2025,100,24,124,Yes,False,R6 Post-stabilisation,Point + quantile + weights,Code/Blk11_MetricSearch/Blk11_MetricSearch.py,Code/common/config_Blk11_MetricSearch.yaml,Results/Results_Blk11_MetricSearch.xlsx,B11-M-192,Not started,,,,
B11-M-193,1.1,Blk11_MetricSearch,FCPI,Food Consumer Price Index,EM17,DA,Directional,Monthly,64,Apr 2025,Mar 2026,12,Dec 2014,Mar 2025,100,24,124,Yes,False,R6 Post-stabilisation,Point + quantile + weights,Code/Blk11_MetricSearch/Blk11_MetricSearch.py,Code/common/config_Blk11_MetricSearch.yaml,Results/Results_Blk11_MetricSearch.xlsx,B11-M-193,Not started,,,,
B11-M-194,1.1,Blk11_MetricSearch,FCPI,Food Consumer Price Index,EM17,DA,Directional,Monthly,65,May 2025,Apr 2026,12,Jan 2015,Apr 2025,100,24,124,Yes,False,R6 Post-stabilisation,Point + quantile + weights,Code/Blk11_MetricSearch/Blk11_MetricSearch.py,Code/common/config_Blk11_MetricSearch.yaml,Results/Results_Blk11_MetricSearch.xlsx,B11-M-194,Not started,,,,
B11-M-195,1.1,Blk11_MetricSearch,FCPI,Food Consumer Price Index,EM17,DA,Directional,Monthly,66,Jun 2025,May 2026,12,Feb 2015,May 2025,100,24,124,Yes,False,R6 Post-stabilisation,Point + quantile + weights,Code/Blk11_MetricSearch/Blk11_MetricSearch.py,Code/common/config_Blk11_MetricSearch.yaml,Results/Results_Blk11_MetricSearch.xlsx,B11-M-195,Not started,,,,
B11-M-196,1.1,Blk11_MetricSearch,FCPI,Food Consumer Price Index,EM17,DA,Directional,Monthly,67,Jul 2025,Jun 2026,12,Mar 2015,Jun 2025,100,24,124,Yes,False,R6 Post-stabilisation,Point + quantile + weights,Code/Blk11_MetricSearch/Blk11_MetricSearch.py,Code/common/config_Blk11_MetricSearch.yaml,Results/Results_Blk11_MetricSearch.xlsx,B11-M-196,Not started,,,,
B11-M-197,1.1,Blk11_MetricSearch,FCPI,Food Consumer Price Index,EM17,DA,Directional,Monthly,68,Aug 2025,Jul 2026,12,Apr 2015,Jul 2025,100,24,124,Yes,False,R6 Post-stabilisation,Point + quantile + weights,Code/Blk11_MetricSearch/Blk11_MetricSearch.py,Code/common/config_Blk11_MetricSearch.yaml,Results/Results_Blk11_MetricSearch.xlsx,B11-M-197,Not started,,,,
B11-M-198,1.1,Blk11_MetricSearch,FCPI,Food Consumer Price Index,EM17,DA,Directional,Monthly,69,Sep 2025,Aug 2026,12,May 2015,Aug 2025,100,24,124,Yes,False,R6 Post-stabilisation,Point + quantile + weights,Code/Blk11_MetricSearch/Blk11_MetricSearch.py,Code/common/config_Blk11_MetricSearch.yaml,Results/Results_Blk11_MetricSearch.xlsx,B11-M-198,Not started,,,,
B11-M-199,1.1,Blk11_MetricSearch,FCPI,Food Consumer Price Index,EM18,TPA,Directional,Monthly,64,Apr 2025,Mar 2026,12,Dec 2014,Mar 2025,100,24,124,Yes,False,R6 Post-stabilisation,Point + quantile + weights,Code/Blk11_MetricSearch/Blk11_MetricSearch.py,Code/common/config_Blk11_MetricSearch.yaml,Results/Results_Blk11_MetricSearch.xlsx,B11-M-199,Not started,,,,
B11-M-200,1.1,Blk11_MetricSearch,FCPI,Food Consumer Price Index,EM18,TPA,Directional,Monthly,65,May 2025,Apr 2026,12,Jan 2015,Apr 2025,100,24,124,Yes,False,R6 Post-stabilisation,Point + quantile + weights,Code/Blk11_MetricSearch/Blk11_MetricSearch.py,Code/common/config_Blk11_MetricSearch.yaml,Results/Results_Blk11_MetricSearch.xlsx,B11-M-200,Not started,,,,
B11-M-201,1.1,Blk11_MetricSearch,FCPI,Food Consumer Price Index,EM18,TPA,Directional,Monthly,66,Jun 2025,May 2026,12,Feb 2015,May 2025,100,24,124,Yes,False,R6 Post-stabilisation,Point + quantile + weights,Code/Blk11_MetricSearch/Blk11_MetricSearch.py,Code/common/config_Blk11_MetricSearch.yaml,Results/Results_Blk11_MetricSearch.xlsx,B11-M-201,Not started,,,,
B11-M-202,1.1,Blk11_MetricSearch,FCPI,Food Consumer Price Index,EM18,TPA,Directional,Monthly,67,Jul 2025,Jun 2026,12,Mar 2015,Jun 2025,100,24,124,Yes,False,R6 Post-stabilisation,Point + quantile + weights,Code/Blk11_MetricSearch/Blk11_MetricSearch.py,Code/common/config_Blk11_MetricSearch.yaml,Results/Results_Blk11_MetricSearch.xlsx,B11-M-202,Not started,,,,
B11-M-203,1.1,Blk11_MetricSearch,FCPI,Food Consumer Price Index,EM18,TPA,Directional,Monthly,68,Aug 2025,Jul 2026,12,Apr 2015,Jul 2025,100,24,124,Yes,False,R6 Post-stabilisation,Point + quantile + weights,Code/Blk11_MetricSearch/Blk11_MetricSearch.py,Code/common/config_Blk11_MetricSearch.yaml,Results/Results_Blk11_MetricSearch.xlsx,B11-M-203,Not started,,,,
B11-M-204,1.1,Blk11_MetricSearch,FCPI,Food Consumer Price Index,EM18,TPA,Directional,Monthly,69,Sep 2025,Aug 2026,12,May 2015,Aug 2025,100,24,124,Yes,False,R6 Post-stabilisation,Point + quantile + weights,Code/Blk11_MetricSearch/Blk11_MetricSearch.py,Code/common/config_Blk11_MetricSearch.yaml,Results/Results_Blk11_MetricSearch.xlsx,B11-M-204,Not started,,,,
B11-M-205,1.1,Blk11_MetricSearch,CCPI,Colombo Consumer Price Index,EM2,MAE,Point,Monthly,64,Apr 2025,Mar 2026,12,Dec 2014,Mar 2025,100,24,124,Yes,False,R6 Post-stabilisation,Point + quantile + weights,Code/Blk11_MetricSearch/Blk11_MetricSearch.py,Code/common/config_Blk11_MetricSearch.yaml,Results/Results_Blk11_MetricSearch.xlsx,B11-M-205,Not started,,,,
B11-M-206,1.1,Blk11_MetricSearch,CCPI,Colombo Consumer Price Index,EM2,MAE,Point,Monthly,65,May 2025,Apr 2026,12,Jan 2015,Apr 2025,100,24,124,Yes,False,R6 Post-stabilisation,Point + quantile + weights,Code/Blk11_MetricSearch/Blk11_MetricSearch.py,Code/common/config_Blk11_MetricSearch.yaml,Results/Results_Blk11_MetricSearch.xlsx,B11-M-206,Not started,,,,
B11-M-207,1.1,Blk11_MetricSearch,CCPI,Colombo Consumer Price Index,EM2,MAE,Point,Monthly,66,Jun 2025,May 2026,12,Feb 2015,May 2025,100,24,124,Yes,False,R6 Post-stabilisation,Point + quantile + weights,Code/Blk11_MetricSearch/Blk11_MetricSearch.py,Code/common/config_Blk11_MetricSearch.yaml,Results/Results_Blk11_MetricSearch.xlsx,B11-M-207,Not started,,,,
B11-M-208,1.1,Blk11_MetricSearch,CCPI,Colombo Consumer Price Index,EM2,MAE,Point,Monthly,67,Jul 2025,Jun 2026,12,Mar 2015,Jun 2025,100,24,124,Yes,False,R6 Post-stabilisation,Point + quantile + weights,Code/Blk11_MetricSearch/Blk11_MetricSearch.py,Code/common/config_Blk11_MetricSearch.yaml,Results/Results_Blk11_MetricSearch.xlsx,B11-M-208,Not started,,,,
B11-M-209,1.1,Blk11_MetricSearch,CCPI,Colombo Consumer Price Index,EM2,MAE,Point,Monthly,68,Aug 2025,Jul 2026,12,Apr 2015,Jul 2025,100,24,124,Yes,False,R6 Post-stabilisation,Point + quantile + weights,Code/Blk11_MetricSearch/Blk11_MetricSearch.py,Code/common/config_Blk11_MetricSearch.yaml,Results/Results_Blk11_MetricSearch.xlsx,B11-M-209,Not started,,,,
B11-M-210,1.1,Blk11_MetricSearch,CCPI,Colombo Consumer Price Index,EM2,MAE,Point,Monthly,69,Sep 2025,Aug 2026,12,May 2015,Aug 2025,100,24,124,Yes,False,R6 Post-stabilisation,Point + quantile + weights,Code/Blk11_MetricSearch/Blk11_MetricSearch.py,Code/common/config_Blk11_MetricSearch.yaml,Results/Results_Blk11_MetricSearch.xlsx,B11-M-210,Not started,,,,
B11-M-211,1.1,Blk11_MetricSearch,CCPI,Colombo Consumer Price Index,EM3,RMSE,Point,Monthly,64,Apr 2025,Mar 2026,12,Dec 2014,Mar 2025,100,24,124,Yes,False,R6 Post-stabilisation,Point + quantile + weights,Code/Blk11_MetricSearch/Blk11_MetricSearch.py,Code/common/config_Blk11_MetricSearch.yaml,Results/Results_Blk11_MetricSearch.xlsx,B11-M-211,Not started,,,,
B11-M-212,1.1,Blk11_MetricSearch,CCPI,Colombo Consumer Price Index,EM3,RMSE,Point,Monthly,65,May 2025,Apr 2026,12,Jan 2015,Apr 2025,100,24,124,Yes,False,R6 Post-stabilisation,Point + quantile + weights,Code/Blk11_MetricSearch/Blk11_MetricSearch.py,Code/common/config_Blk11_MetricSearch.yaml,Results/Results_Blk11_MetricSearch.xlsx,B11-M-212,Not started,,,,
B11-M-213,1.1,Blk11_MetricSearch,CCPI,Colombo Consumer Price Index,EM3,RMSE,Point,Monthly,66,Jun 2025,May 2026,12,Feb 2015,May 2025,100,24,124,Yes,False,R6 Post-stabilisation,Point + quantile + weights,Code/Blk11_MetricSearch/Blk11_MetricSearch.py,Code/common/config_Blk11_MetricSearch.yaml,Results/Results_Blk11_MetricSearch.xlsx,B11-M-213,Not started,,,,
B11-M-214,1.1,Blk11_MetricSearch,CCPI,Colombo Consumer Price Index,EM3,RMSE,Point,Monthly,67,Jul 2025,Jun 2026,12,Mar 2015,Jun 2025,100,24,124,Yes,False,R6 Post-stabilisation,Point + quantile + weights,Code/Blk11_MetricSearch/Blk11_MetricSearch.py,Code/common/config_Blk11_MetricSearch.yaml,Results/Results_Blk11_MetricSearch.xlsx,B11-M-214,Not started,,,,
B11-M-215,1.1,Blk11_MetricSearch,CCPI,Colombo Consumer Price Index,EM3,RMSE,Point,Monthly,68,Aug 2025,Jul 2026,12,Apr 2015,Jul 2025,100,24,124,Yes,False,R6 Post-stabilisation,Point + quantile + weights,Code/Blk11_MetricSearch/Blk11_MetricSearch.py,Code/common/config_Blk11_MetricSearch.yaml,Results/Results_Blk11_MetricSearch.xlsx,B11-M-215,Not started,,,,
B11-M-216,1.1,Blk11_MetricSearch,CCPI,Colombo Consumer Price Index,EM3,RMSE,Point,Monthly,69,Sep 2025,Aug 2026,12,May 2015,Aug 2025,100,24,124,Yes,False,R6 Post-stabilisation,Point + quantile + weights,Code/Blk11_MetricSearch/Blk11_MetricSearch.py,Code/common/config_Blk11_MetricSearch.yaml,Results/Results_Blk11_MetricSearch.xlsx,B11-M-216,Not started,,,,
B11-M-217,1.1,Blk11_MetricSearch,CCPI,Colombo Consumer Price Index,EM4,MAPE,Point,Monthly,64,Apr 2025,Mar 2026,12,Dec 2014,Mar 2025,100,24,124,Yes,False,R6 Post-stabilisation,Point + quantile + weights,Code/Blk11_MetricSearch/Blk11_MetricSearch.py,Code/common/config_Blk11_MetricSearch.yaml,Results/Results_Blk11_MetricSearch.xlsx,B11-M-217,Not started,,,,
B11-M-218,1.1,Blk11_MetricSearch,CCPI,Colombo Consumer Price Index,EM4,MAPE,Point,Monthly,65,May 2025,Apr 2026,12,Jan 2015,Apr 2025,100,24,124,Yes,False,R6 Post-stabilisation,Point + quantile + weights,Code/Blk11_MetricSearch/Blk11_MetricSearch.py,Code/common/config_Blk11_MetricSearch.yaml,Results/Results_Blk11_MetricSearch.xlsx,B11-M-218,Not started,,,,
B11-M-219,1.1,Blk11_MetricSearch,CCPI,Colombo Consumer Price Index,EM4,MAPE,Point,Monthly,66,Jun 2025,May 2026,12,Feb 2015,May 2025,100,24,124,Yes,False,R6 Post-stabilisation,Point + quantile + weights,Code/Blk11_MetricSearch/Blk11_MetricSearch.py,Code/common/config_Blk11_MetricSearch.yaml,Results/Results_Blk11_MetricSearch.xlsx,B11-M-219,Not started,,,,
B11-M-220,1.1,Blk11_MetricSearch,CCPI,Colombo Consumer Price Index,EM4,MAPE,Point,Monthly,67,Jul 2025,Jun 2026,12,Mar 2015,Jun 2025,100,24,124,Yes,False,R6 Post-stabilisation,Point + quantile + weights,Code/Blk11_MetricSearch/Blk11_MetricSearch.py,Code/common/config_Blk11_MetricSearch.yaml,Results/Results_Blk11_MetricSearch.xlsx,B11-M-220,Not started,,,,
B11-M-221,1.1,Blk11_MetricSearch,CCPI,Colombo Consumer Price Index,EM4,MAPE,Point,Monthly,68,Aug 2025,Jul 2026,12,Apr 2015,Jul 2025,100,24,124,Yes,False,R6 Post-stabilisation,Point + quantile + weights,Code/Blk11_MetricSearch/Blk11_MetricSearch.py,Code/common/config_Blk11_MetricSearch.yaml,Results/Results_Blk11_MetricSearch.xlsx,B11-M-221,Not started,,,,
B11-M-222,1.1,Blk11_MetricSearch,CCPI,Colombo Consumer Price Index,EM4,MAPE,Point,Monthly,69,Sep 2025,Aug 2026,12,May 2015,Aug 2025,100,24,124,Yes,False,R6 Post-stabilisation,Point + quantile + weights,Code/Blk11_MetricSearch/Blk11_MetricSearch.py,Code/common/config_Blk11_MetricSearch.yaml,Results/Results_Blk11_MetricSearch.xlsx,B11-M-222,Not started,,,,
B11-M-223,1.1,Blk11_MetricSearch,CCPI,Colombo Consumer Price Index,EM5,sMAPE,Point,Monthly,64,Apr 2025,Mar 2026,12,Dec 2014,Mar 2025,100,24,124,Yes,False,R6 Post-stabilisation,Point + quantile + weights,Code/Blk11_MetricSearch/Blk11_MetricSearch.py,Code/common/config_Blk11_MetricSearch.yaml,Results/Results_Blk11_MetricSearch.xlsx,B11-M-223,Not started,,,,
B11-M-224,1.1,Blk11_MetricSearch,CCPI,Colombo Consumer Price Index,EM5,sMAPE,Point,Monthly,65,May 2025,Apr 2026,12,Jan 2015,Apr 2025,100,24,124,Yes,False,R6 Post-stabilisation,Point + quantile + weights,Code/Blk11_MetricSearch/Blk11_MetricSearch.py,Code/common/config_Blk11_MetricSearch.yaml,Results/Results_Blk11_MetricSearch.xlsx,B11-M-224,Not started,,,,
B11-M-225,1.1,Blk11_MetricSearch,CCPI,Colombo Consumer Price Index,EM5,sMAPE,Point,Monthly,66,Jun 2025,May 2026,12,Feb 2015,May 2025,100,24,124,Yes,False,R6 Post-stabilisation,Point + quantile + weights,Code/Blk11_MetricSearch/Blk11_MetricSearch.py,Code/common/config_Blk11_MetricSearch.yaml,Results/Results_Blk11_MetricSearch.xlsx,B11-M-225,Not started,,,,
B11-M-226,1.1,Blk11_MetricSearch,CCPI,Colombo Consumer Price Index,EM5,sMAPE,Point,Monthly,67,Jul 2025,Jun 2026,12,Mar 2015,Jun 2025,100,24,124,Yes,False,R6 Post-stabilisation,Point + quantile + weights,Code/Blk11_MetricSearch/Blk11_MetricSearch.py,Code/common/config_Blk11_MetricSearch.yaml,Results/Results_Blk11_MetricSearch.xlsx,B11-M-226,Not started,,,,
B11-M-227,1.1,Blk11_MetricSearch,CCPI,Colombo Consumer Price Index,EM5,sMAPE,Point,Monthly,68,Aug 2025,Jul 2026,12,Apr 2015,Jul 2025,100,24,124,Yes,False,R6 Post-stabilisation,Point + quantile + weights,Code/Blk11_MetricSearch/Blk11_MetricSearch.py,Code/common/config_Blk11_MetricSearch.yaml,Results/Results_Blk11_MetricSearch.xlsx,B11-M-227,Not started,,,,
B11-M-228,1.1,Blk11_MetricSearch,CCPI,Colombo Consumer Price Index,EM5,sMAPE,Point,Monthly,69,Sep 2025,Aug 2026,12,May 2015,Aug 2025,100,24,124,Yes,False,R6 Post-stabilisation,Point + quantile + weights,Code/Blk11_MetricSearch/Blk11_MetricSearch.py,Code/common/config_Blk11_MetricSearch.yaml,Results/Results_Blk11_MetricSearch.xlsx,B11-M-228,Not started,,,,
B11-M-229,1.1,Blk11_MetricSearch,CCPI,Colombo Consumer Price Index,EM6,MASE,Point,Monthly,64,Apr 2025,Mar 2026,12,Dec 2014,Mar 2025,100,24,124,Yes,False,R6 Post-stabilisation,Point + quantile + weights,Code/Blk11_MetricSearch/Blk11_MetricSearch.py,Code/common/config_Blk11_MetricSearch.yaml,Results/Results_Blk11_MetricSearch.xlsx,B11-M-229,Not started,,,,
B11-M-230,1.1,Blk11_MetricSearch,CCPI,Colombo Consumer Price Index,EM6,MASE,Point,Monthly,65,May 2025,Apr 2026,12,Jan 2015,Apr 2025,100,24,124,Yes,False,R6 Post-stabilisation,Point + quantile + weights,Code/Blk11_MetricSearch/Blk11_MetricSearch.py,Code/common/config_Blk11_MetricSearch.yaml,Results/Results_Blk11_MetricSearch.xlsx,B11-M-230,Not started,,,,
B11-M-231,1.1,Blk11_MetricSearch,CCPI,Colombo Consumer Price Index,EM6,MASE,Point,Monthly,66,Jun 2025,May 2026,12,Feb 2015,May 2025,100,24,124,Yes,False,R6 Post-stabilisation,Point + quantile + weights,Code/Blk11_MetricSearch/Blk11_MetricSearch.py,Code/common/config_Blk11_MetricSearch.yaml,Results/Results_Blk11_MetricSearch.xlsx,B11-M-231,Not started,,,,
B11-M-232,1.1,Blk11_MetricSearch,CCPI,Colombo Consumer Price Index,EM6,MASE,Point,Monthly,67,Jul 2025,Jun 2026,12,Mar 2015,Jun 2025,100,24,124,Yes,False,R6 Post-stabilisation,Point + quantile + weights,Code/Blk11_MetricSearch/Blk11_MetricSearch.py,Code/common/config_Blk11_MetricSearch.yaml,Results/Results_Blk11_MetricSearch.xlsx,B11-M-232,Not started,,,,
B11-M-233,1.1,Blk11_MetricSearch,CCPI,Colombo Consumer Price Index,EM6,MASE,Point,Monthly,68,Aug 2025,Jul 2026,12,Apr 2015,Jul 2025,100,24,124,Yes,False,R6 Post-stabilisation,Point + quantile + weights,Code/Blk11_MetricSearch/Blk11_MetricSearch.py,Code/common/config_Blk11_MetricSearch.yaml,Results/Results_Blk11_MetricSearch.xlsx,B11-M-233,Not started,,,,
B11-M-234,1.1,Blk11_MetricSearch,CCPI,Colombo Consumer Price Index,EM6,MASE,Point,Monthly,69,Sep 2025,Aug 2026,12,May 2015,Aug 2025,100,24,124,Yes,False,R6 Post-stabilisation,Point + quantile + weights,Code/Blk11_MetricSearch/Blk11_MetricSearch.py,Code/common/config_Blk11_MetricSearch.yaml,Results/Results_Blk11_MetricSearch.xlsx,B11-M-234,Not started,,,,
B11-M-235,1.1,Blk11_MetricSearch,CCPI,Colombo Consumer Price Index,EM7,RMSSE,Point,Monthly,64,Apr 2025,Mar 2026,12,Dec 2014,Mar 2025,100,24,124,Yes,False,R6 Post-stabilisation,Point + quantile + weights,Code/Blk11_MetricSearch/Blk11_MetricSearch.py,Code/common/config_Blk11_MetricSearch.yaml,Results/Results_Blk11_MetricSearch.xlsx,B11-M-235,Not started,,,,
B11-M-236,1.1,Blk11_MetricSearch,CCPI,Colombo Consumer Price Index,EM7,RMSSE,Point,Monthly,65,May 2025,Apr 2026,12,Jan 2015,Apr 2025,100,24,124,Yes,False,R6 Post-stabilisation,Point + quantile + weights,Code/Blk11_MetricSearch/Blk11_MetricSearch.py,Code/common/config_Blk11_MetricSearch.yaml,Results/Results_Blk11_MetricSearch.xlsx,B11-M-236,Not started,,,,
B11-M-237,1.1,Blk11_MetricSearch,CCPI,Colombo Consumer Price Index,EM7,RMSSE,Point,Monthly,66,Jun 2025,May 2026,12,Feb 2015,May 2025,100,24,124,Yes,False,R6 Post-stabilisation,Point + quantile + weights,Code/Blk11_MetricSearch/Blk11_MetricSearch.py,Code/common/config_Blk11_MetricSearch.yaml,Results/Results_Blk11_MetricSearch.xlsx,B11-M-237,Not started,,,,
B11-M-238,1.1,Blk11_MetricSearch,CCPI,Colombo Consumer Price Index,EM7,RMSSE,Point,Monthly,67,Jul 2025,Jun 2026,12,Mar 2015,Jun 2025,100,24,124,Yes,False,R6 Post-stabilisation,Point + quantile + weights,Code/Blk11_MetricSearch/Blk11_MetricSearch.py,Code/common/config_Blk11_MetricSearch.yaml,Results/Results_Blk11_MetricSearch.xlsx,B11-M-238,Not started,,,,
B11-M-239,1.1,Blk11_MetricSearch,CCPI,Colombo Consumer Price Index,EM7,RMSSE,Point,Monthly,68,Aug 2025,Jul 2026,12,Apr 2015,Jul 2025,100,24,124,Yes,False,R6 Post-stabilisation,Point + quantile + weights,Code/Blk11_MetricSearch/Blk11_MetricSearch.py,Code/common/config_Blk11_MetricSearch.yaml,Results/Results_Blk11_MetricSearch.xlsx,B11-M-239,Not started,,,,
B11-M-240,1.1,Blk11_MetricSearch,CCPI,Colombo Consumer Price Index,EM7,RMSSE,Point,Monthly,69,Sep 2025,Aug 2026,12,May 2015,Aug 2025,100,24,124,Yes,False,R6 Post-stabilisation,Point + quantile + weights,Code/Blk11_MetricSearch/Blk11_MetricSearch.py,Code/common/config_Blk11_MetricSearch.yaml,Results/Results_Blk11_MetricSearch.xlsx,B11-M-240,Not started,,,,
B11-M-241,1.1,Blk11_MetricSearch,CCPI,Colombo Consumer Price Index,EM8,WAPE,Point,Monthly,64,Apr 2025,Mar 2026,12,Dec 2014,Mar 2025,100,24,124,Yes,False,R6 Post-stabilisation,Point + quantile + weights,Code/Blk11_MetricSearch/Blk11_MetricSearch.py,Code/common/config_Blk11_MetricSearch.yaml,Results/Results_Blk11_MetricSearch.xlsx,B11-M-241,Not started,,,,
B11-M-242,1.1,Blk11_MetricSearch,CCPI,Colombo Consumer Price Index,EM8,WAPE,Point,Monthly,65,May 2025,Apr 2026,12,Jan 2015,Apr 2025,100,24,124,Yes,False,R6 Post-stabilisation,Point + quantile + weights,Code/Blk11_MetricSearch/Blk11_MetricSearch.py,Code/common/config_Blk11_MetricSearch.yaml,Results/Results_Blk11_MetricSearch.xlsx,B11-M-242,Not started,,,,
B11-M-243,1.1,Blk11_MetricSearch,CCPI,Colombo Consumer Price Index,EM8,WAPE,Point,Monthly,66,Jun 2025,May 2026,12,Feb 2015,May 2025,100,24,124,Yes,False,R6 Post-stabilisation,Point + quantile + weights,Code/Blk11_MetricSearch/Blk11_MetricSearch.py,Code/common/config_Blk11_MetricSearch.yaml,Results/Results_Blk11_MetricSearch.xlsx,B11-M-243,Not started,,,,
B11-M-244,1.1,Blk11_MetricSearch,CCPI,Colombo Consumer Price Index,EM8,WAPE,Point,Monthly,67,Jul 2025,Jun 2026,12,Mar 2015,Jun 2025,100,24,124,Yes,False,R6 Post-stabilisation,Point + quantile + weights,Code/Blk11_MetricSearch/Blk11_MetricSearch.py,Code/common/config_Blk11_MetricSearch.yaml,Results/Results_Blk11_MetricSearch.xlsx,B11-M-244,Not started,,,,
B11-M-245,1.1,Blk11_MetricSearch,CCPI,Colombo Consumer Price Index,EM8,WAPE,Point,Monthly,68,Aug 2025,Jul 2026,12,Apr 2015,Jul 2025,100,24,124,Yes,False,R6 Post-stabilisation,Point + quantile + weights,Code/Blk11_MetricSearch/Blk11_MetricSearch.py,Code/common/config_Blk11_MetricSearch.yaml,Results/Results_Blk11_MetricSearch.xlsx,B11-M-245,Not started,,,,
B11-M-246,1.1,Blk11_MetricSearch,CCPI,Colombo Consumer Price Index,EM8,WAPE,Point,Monthly,69,Sep 2025,Aug 2026,12,May 2015,Aug 2025,100,24,124,Yes,False,R6 Post-stabilisation,Point + quantile + weights,Code/Blk11_MetricSearch/Blk11_MetricSearch.py,Code/common/config_Blk11_MetricSearch.yaml,Results/Results_Blk11_MetricSearch.xlsx,B11-M-246,Not started,,,,
B11-M-247,1.1,Blk11_MetricSearch,CCPI,Colombo Consumer Price Index,EM9,WQL,Probabilistic,Monthly,64,Apr 2025,Mar 2026,12,Dec 2014,Mar 2025,100,24,124,Yes,False,R6 Post-stabilisation,Point + quantile + weights,Code/Blk11_MetricSearch/Blk11_MetricSearch.py,Code/common/config_Blk11_MetricSearch.yaml,Results/Results_Blk11_MetricSearch.xlsx,B11-M-247,Not started,,,,
B11-M-248,1.1,Blk11_MetricSearch,CCPI,Colombo Consumer Price Index,EM9,WQL,Probabilistic,Monthly,65,May 2025,Apr 2026,12,Jan 2015,Apr 2025,100,24,124,Yes,False,R6 Post-stabilisation,Point + quantile + weights,Code/Blk11_MetricSearch/Blk11_MetricSearch.py,Code/common/config_Blk11_MetricSearch.yaml,Results/Results_Blk11_MetricSearch.xlsx,B11-M-248,Not started,,,,
B11-M-249,1.1,Blk11_MetricSearch,CCPI,Colombo Consumer Price Index,EM9,WQL,Probabilistic,Monthly,66,Jun 2025,May 2026,12,Feb 2015,May 2025,100,24,124,Yes,False,R6 Post-stabilisation,Point + quantile + weights,Code/Blk11_MetricSearch/Blk11_MetricSearch.py,Code/common/config_Blk11_MetricSearch.yaml,Results/Results_Blk11_MetricSearch.xlsx,B11-M-249,Not started,,,,
B11-M-250,1.1,Blk11_MetricSearch,CCPI,Colombo Consumer Price Index,EM9,WQL,Probabilistic,Monthly,67,Jul 2025,Jun 2026,12,Mar 2015,Jun 2025,100,24,124,Yes,False,R6 Post-stabilisation,Point + quantile + weights,Code/Blk11_MetricSearch/Blk11_MetricSearch.py,Code/common/config_Blk11_MetricSearch.yaml,Results/Results_Blk11_MetricSearch.xlsx,B11-M-250,Not started,,,,
B11-M-251,1.1,Blk11_MetricSearch,CCPI,Colombo Consumer Price Index,EM9,WQL,Probabilistic,Monthly,68,Aug 2025,Jul 2026,12,Apr 2015,Jul 2025,100,24,124,Yes,False,R6 Post-stabilisation,Point + quantile + weights,Code/Blk11_MetricSearch/Blk11_MetricSearch.py,Code/common/config_Blk11_MetricSearch.yaml,Results/Results_Blk11_MetricSearch.xlsx,B11-M-251,Not started,,,,
B11-M-252,1.1,Blk11_MetricSearch,CCPI,Colombo Consumer Price Index,EM9,WQL,Probabilistic,Monthly,69,Sep 2025,Aug 2026,12,May 2015,Aug 2025,100,24,124,Yes,False,R6 Post-stabilisation,Point + quantile + weights,Code/Blk11_MetricSearch/Blk11_MetricSearch.py,Code/common/config_Blk11_MetricSearch.yaml,Results/Results_Blk11_MetricSearch.xlsx,B11-M-252,Not started,,,,
B11-M-253,1.1,Blk11_MetricSearch,CCPI,Colombo Consumer Price Index,EM10,SQL,Probabilistic,Monthly,64,Apr 2025,Mar 2026,12,Dec 2014,Mar 2025,100,24,124,Yes,False,R6 Post-stabilisation,Point + quantile + weights,Code/Blk11_MetricSearch/Blk11_MetricSearch.py,Code/common/config_Blk11_MetricSearch.yaml,Results/Results_Blk11_MetricSearch.xlsx,B11-M-253,Not started,,,,
B11-M-254,1.1,Blk11_MetricSearch,CCPI,Colombo Consumer Price Index,EM10,SQL,Probabilistic,Monthly,65,May 2025,Apr 2026,12,Jan 2015,Apr 2025,100,24,124,Yes,False,R6 Post-stabilisation,Point + quantile + weights,Code/Blk11_MetricSearch/Blk11_MetricSearch.py,Code/common/config_Blk11_MetricSearch.yaml,Results/Results_Blk11_MetricSearch.xlsx,B11-M-254,Not started,,,,
B11-M-255,1.1,Blk11_MetricSearch,CCPI,Colombo Consumer Price Index,EM10,SQL,Probabilistic,Monthly,66,Jun 2025,May 2026,12,Feb 2015,May 2025,100,24,124,Yes,False,R6 Post-stabilisation,Point + quantile + weights,Code/Blk11_MetricSearch/Blk11_MetricSearch.py,Code/common/config_Blk11_MetricSearch.yaml,Results/Results_Blk11_MetricSearch.xlsx,B11-M-255,Not started,,,,
B11-M-256,1.1,Blk11_MetricSearch,CCPI,Colombo Consumer Price Index,EM10,SQL,Probabilistic,Monthly,67,Jul 2025,Jun 2026,12,Mar 2015,Jun 2025,100,24,124,Yes,False,R6 Post-stabilisation,Point + quantile + weights,Code/Blk11_MetricSearch/Blk11_MetricSearch.py,Code/common/config_Blk11_MetricSearch.yaml,Results/Results_Blk11_MetricSearch.xlsx,B11-M-256,Not started,,,,
B11-M-257,1.1,Blk11_MetricSearch,CCPI,Colombo Consumer Price Index,EM10,SQL,Probabilistic,Monthly,68,Aug 2025,Jul 2026,12,Apr 2015,Jul 2025,100,24,124,Yes,False,R6 Post-stabilisation,Point + quantile + weights,Code/Blk11_MetricSearch/Blk11_MetricSearch.py,Code/common/config_Blk11_MetricSearch.yaml,Results/Results_Blk11_MetricSearch.xlsx,B11-M-257,Not started,,,,
B11-M-258,1.1,Blk11_MetricSearch,CCPI,Colombo Consumer Price Index,EM10,SQL,Probabilistic,Monthly,69,Sep 2025,Aug 2026,12,May 2015,Aug 2025,100,24,124,Yes,False,R6 Post-stabilisation,Point + quantile + weights,Code/Blk11_MetricSearch/Blk11_MetricSearch.py,Code/common/config_Blk11_MetricSearch.yaml,Results/Results_Blk11_MetricSearch.xlsx,B11-M-258,Not started,,,,
B11-M-259,1.1,Blk11_MetricSearch,CCPI,Colombo Consumer Price Index,EM11,MQL,Probabilistic,Monthly,64,Apr 2025,Mar 2026,12,Dec 2014,Mar 2025,100,24,124,Yes,False,R6 Post-stabilisation,Point + quantile + weights,Code/Blk11_MetricSearch/Blk11_MetricSearch.py,Code/common/config_Blk11_MetricSearch.yaml,Results/Results_Blk11_MetricSearch.xlsx,B11-M-259,Not started,,,,
B11-M-260,1.1,Blk11_MetricSearch,CCPI,Colombo Consumer Price Index,EM11,MQL,Probabilistic,Monthly,65,May 2025,Apr 2026,12,Jan 2015,Apr 2025,100,24,124,Yes,False,R6 Post-stabilisation,Point + quantile + weights,Code/Blk11_MetricSearch/Blk11_MetricSearch.py,Code/common/config_Blk11_MetricSearch.yaml,Results/Results_Blk11_MetricSearch.xlsx,B11-M-260,Not started,,,,
B11-M-261,1.1,Blk11_MetricSearch,CCPI,Colombo Consumer Price Index,EM11,MQL,Probabilistic,Monthly,66,Jun 2025,May 2026,12,Feb 2015,May 2025,100,24,124,Yes,False,R6 Post-stabilisation,Point + quantile + weights,Code/Blk11_MetricSearch/Blk11_MetricSearch.py,Code/common/config_Blk11_MetricSearch.yaml,Results/Results_Blk11_MetricSearch.xlsx,B11-M-261,Not started,,,,
B11-M-262,1.1,Blk11_MetricSearch,CCPI,Colombo Consumer Price Index,EM11,MQL,Probabilistic,Monthly,67,Jul 2025,Jun 2026,12,Mar 2015,Jun 2025,100,24,124,Yes,False,R6 Post-stabilisation,Point + quantile + weights,Code/Blk11_MetricSearch/Blk11_MetricSearch.py,Code/common/config_Blk11_MetricSearch.yaml,Results/Results_Blk11_MetricSearch.xlsx,B11-M-262,Not started,,,,
B11-M-263,1.1,Blk11_MetricSearch,CCPI,Colombo Consumer Price Index,EM11,MQL,Probabilistic,Monthly,68,Aug 2025,Jul 2026,12,Apr 2015,Jul 2025,100,24,124,Yes,False,R6 Post-stabilisation,Point + quantile + weights,Code/Blk11_MetricSearch/Blk11_MetricSearch.py,Code/common/config_Blk11_MetricSearch.yaml,Results/Results_Blk11_MetricSearch.xlsx,B11-M-263,Not started,,,,
B11-M-264,1.1,Blk11_MetricSearch,CCPI,Colombo Consumer Price Index,EM11,MQL,Probabilistic,Monthly,69,Sep 2025,Aug 2026,12,May 2015,Aug 2025,100,24,124,Yes,False,R6 Post-stabilisation,Point + quantile + weights,Code/Blk11_MetricSearch/Blk11_MetricSearch.py,Code/common/config_Blk11_MetricSearch.yaml,Results/Results_Blk11_MetricSearch.xlsx,B11-M-264,Not started,,,,
B11-M-265,1.1,Blk11_MetricSearch,CCPI,Colombo Consumer Price Index,EM12,DTW,Temporal,Monthly,64,Apr 2025,Mar 2026,12,Dec 2014,Mar 2025,100,24,124,Yes,False,R6 Post-stabilisation,Point + quantile + weights,Code/Blk11_MetricSearch/Blk11_MetricSearch.py,Code/common/config_Blk11_MetricSearch.yaml,Results/Results_Blk11_MetricSearch.xlsx,B11-M-265,Not started,,,,
B11-M-266,1.1,Blk11_MetricSearch,CCPI,Colombo Consumer Price Index,EM12,DTW,Temporal,Monthly,65,May 2025,Apr 2026,12,Jan 2015,Apr 2025,100,24,124,Yes,False,R6 Post-stabilisation,Point + quantile + weights,Code/Blk11_MetricSearch/Blk11_MetricSearch.py,Code/common/config_Blk11_MetricSearch.yaml,Results/Results_Blk11_MetricSearch.xlsx,B11-M-266,Not started,,,,
B11-M-267,1.1,Blk11_MetricSearch,CCPI,Colombo Consumer Price Index,EM12,DTW,Temporal,Monthly,66,Jun 2025,May 2026,12,Feb 2015,May 2025,100,24,124,Yes,False,R6 Post-stabilisation,Point + quantile + weights,Code/Blk11_MetricSearch/Blk11_MetricSearch.py,Code/common/config_Blk11_MetricSearch.yaml,Results/Results_Blk11_MetricSearch.xlsx,B11-M-267,Not started,,,,
B11-M-268,1.1,Blk11_MetricSearch,CCPI,Colombo Consumer Price Index,EM12,DTW,Temporal,Monthly,67,Jul 2025,Jun 2026,12,Mar 2015,Jun 2025,100,24,124,Yes,False,R6 Post-stabilisation,Point + quantile + weights,Code/Blk11_MetricSearch/Blk11_MetricSearch.py,Code/common/config_Blk11_MetricSearch.yaml,Results/Results_Blk11_MetricSearch.xlsx,B11-M-268,Not started,,,,
B11-M-269,1.1,Blk11_MetricSearch,CCPI,Colombo Consumer Price Index,EM12,DTW,Temporal,Monthly,68,Aug 2025,Jul 2026,12,Apr 2015,Jul 2025,100,24,124,Yes,False,R6 Post-stabilisation,Point + quantile + weights,Code/Blk11_MetricSearch/Blk11_MetricSearch.py,Code/common/config_Blk11_MetricSearch.yaml,Results/Results_Blk11_MetricSearch.xlsx,B11-M-269,Not started,,,,
B11-M-270,1.1,Blk11_MetricSearch,CCPI,Colombo Consumer Price Index,EM12,DTW,Temporal,Monthly,69,Sep 2025,Aug 2026,12,May 2015,Aug 2025,100,24,124,Yes,False,R6 Post-stabilisation,Point + quantile + weights,Code/Blk11_MetricSearch/Blk11_MetricSearch.py,Code/common/config_Blk11_MetricSearch.yaml,Results/Results_Blk11_MetricSearch.xlsx,B11-M-270,Not started,,,,
B11-M-271,1.1,Blk11_MetricSearch,CCPI,Colombo Consumer Price Index,EM13,Soft-DTW,Temporal,Monthly,64,Apr 2025,Mar 2026,12,Dec 2014,Mar 2025,100,24,124,Yes,False,R6 Post-stabilisation,Point + quantile + weights,Code/Blk11_MetricSearch/Blk11_MetricSearch.py,Code/common/config_Blk11_MetricSearch.yaml,Results/Results_Blk11_MetricSearch.xlsx,B11-M-271,Not started,,,,
B11-M-272,1.1,Blk11_MetricSearch,CCPI,Colombo Consumer Price Index,EM13,Soft-DTW,Temporal,Monthly,65,May 2025,Apr 2026,12,Jan 2015,Apr 2025,100,24,124,Yes,False,R6 Post-stabilisation,Point + quantile + weights,Code/Blk11_MetricSearch/Blk11_MetricSearch.py,Code/common/config_Blk11_MetricSearch.yaml,Results/Results_Blk11_MetricSearch.xlsx,B11-M-272,Not started,,,,
B11-M-273,1.1,Blk11_MetricSearch,CCPI,Colombo Consumer Price Index,EM13,Soft-DTW,Temporal,Monthly,66,Jun 2025,May 2026,12,Feb 2015,May 2025,100,24,124,Yes,False,R6 Post-stabilisation,Point + quantile + weights,Code/Blk11_MetricSearch/Blk11_MetricSearch.py,Code/common/config_Blk11_MetricSearch.yaml,Results/Results_Blk11_MetricSearch.xlsx,B11-M-273,Not started,,,,
B11-M-274,1.1,Blk11_MetricSearch,CCPI,Colombo Consumer Price Index,EM13,Soft-DTW,Temporal,Monthly,67,Jul 2025,Jun 2026,12,Mar 2015,Jun 2025,100,24,124,Yes,False,R6 Post-stabilisation,Point + quantile + weights,Code/Blk11_MetricSearch/Blk11_MetricSearch.py,Code/common/config_Blk11_MetricSearch.yaml,Results/Results_Blk11_MetricSearch.xlsx,B11-M-274,Not started,,,,
B11-M-275,1.1,Blk11_MetricSearch,CCPI,Colombo Consumer Price Index,EM13,Soft-DTW,Temporal,Monthly,68,Aug 2025,Jul 2026,12,Apr 2015,Jul 2025,100,24,124,Yes,False,R6 Post-stabilisation,Point + quantile + weights,Code/Blk11_MetricSearch/Blk11_MetricSearch.py,Code/common/config_Blk11_MetricSearch.yaml,Results/Results_Blk11_MetricSearch.xlsx,B11-M-275,Not started,,,,
B11-M-276,1.1,Blk11_MetricSearch,CCPI,Colombo Consumer Price Index,EM13,Soft-DTW,Temporal,Monthly,69,Sep 2025,Aug 2026,12,May 2015,Aug 2025,100,24,124,Yes,False,R6 Post-stabilisation,Point + quantile + weights,Code/Blk11_MetricSearch/Blk11_MetricSearch.py,Code/common/config_Blk11_MetricSearch.yaml,Results/Results_Blk11_MetricSearch.xlsx,B11-M-276,Not started,,,,
B11-M-277,1.1,Blk11_MetricSearch,CCPI,Colombo Consumer Price Index,EM14,Wasserstein,Temporal,Monthly,64,Apr 2025,Mar 2026,12,Dec 2014,Mar 2025,100,24,124,Yes,False,R6 Post-stabilisation,Point + quantile + weights,Code/Blk11_MetricSearch/Blk11_MetricSearch.py,Code/common/config_Blk11_MetricSearch.yaml,Results/Results_Blk11_MetricSearch.xlsx,B11-M-277,Not started,,,,
B11-M-278,1.1,Blk11_MetricSearch,CCPI,Colombo Consumer Price Index,EM14,Wasserstein,Temporal,Monthly,65,May 2025,Apr 2026,12,Jan 2015,Apr 2025,100,24,124,Yes,False,R6 Post-stabilisation,Point + quantile + weights,Code/Blk11_MetricSearch/Blk11_MetricSearch.py,Code/common/config_Blk11_MetricSearch.yaml,Results/Results_Blk11_MetricSearch.xlsx,B11-M-278,Not started,,,,
B11-M-279,1.1,Blk11_MetricSearch,CCPI,Colombo Consumer Price Index,EM14,Wasserstein,Temporal,Monthly,66,Jun 2025,May 2026,12,Feb 2015,May 2025,100,24,124,Yes,False,R6 Post-stabilisation,Point + quantile + weights,Code/Blk11_MetricSearch/Blk11_MetricSearch.py,Code/common/config_Blk11_MetricSearch.yaml,Results/Results_Blk11_MetricSearch.xlsx,B11-M-279,Not started,,,,
B11-M-280,1.1,Blk11_MetricSearch,CCPI,Colombo Consumer Price Index,EM14,Wasserstein,Temporal,Monthly,67,Jul 2025,Jun 2026,12,Mar 2015,Jun 2025,100,24,124,Yes,False,R6 Post-stabilisation,Point + quantile + weights,Code/Blk11_MetricSearch/Blk11_MetricSearch.py,Code/common/config_Blk11_MetricSearch.yaml,Results/Results_Blk11_MetricSearch.xlsx,B11-M-280,Not started,,,,
B11-M-281,1.1,Blk11_MetricSearch,CCPI,Colombo Consumer Price Index,EM14,Wasserstein,Temporal,Monthly,68,Aug 2025,Jul 2026,12,Apr 2015,Jul 2025,100,24,124,Yes,False,R6 Post-stabilisation,Point + quantile + weights,Code/Blk11_MetricSearch/Blk11_MetricSearch.py,Code/common/config_Blk11_MetricSearch.yaml,Results/Results_Blk11_MetricSearch.xlsx,B11-M-281,Not started,,,,
B11-M-282,1.1,Blk11_MetricSearch,CCPI,Colombo Consumer Price Index,EM14,Wasserstein,Temporal,Monthly,69,Sep 2025,Aug 2026,12,May 2015,Aug 2025,100,24,124,Yes,False,R6 Post-stabilisation,Point + quantile + weights,Code/Blk11_MetricSearch/Blk11_MetricSearch.py,Code/common/config_Blk11_MetricSearch.yaml,Results/Results_Blk11_MetricSearch.xlsx,B11-M-282,Not started,,,,
B11-M-283,1.1,Blk11_MetricSearch,CCPI,Colombo Consumer Price Index,EM15,TDI,Temporal,Monthly,64,Apr 2025,Mar 2026,12,Dec 2014,Mar 2025,100,24,124,Yes,False,R6 Post-stabilisation,Point + quantile + weights,Code/Blk11_MetricSearch/Blk11_MetricSearch.py,Code/common/config_Blk11_MetricSearch.yaml,Results/Results_Blk11_MetricSearch.xlsx,B11-M-283,Not started,,,,
B11-M-284,1.1,Blk11_MetricSearch,CCPI,Colombo Consumer Price Index,EM15,TDI,Temporal,Monthly,65,May 2025,Apr 2026,12,Jan 2015,Apr 2025,100,24,124,Yes,False,R6 Post-stabilisation,Point + quantile + weights,Code/Blk11_MetricSearch/Blk11_MetricSearch.py,Code/common/config_Blk11_MetricSearch.yaml,Results/Results_Blk11_MetricSearch.xlsx,B11-M-284,Not started,,,,
B11-M-285,1.1,Blk11_MetricSearch,CCPI,Colombo Consumer Price Index,EM15,TDI,Temporal,Monthly,66,Jun 2025,May 2026,12,Feb 2015,May 2025,100,24,124,Yes,False,R6 Post-stabilisation,Point + quantile + weights,Code/Blk11_MetricSearch/Blk11_MetricSearch.py,Code/common/config_Blk11_MetricSearch.yaml,Results/Results_Blk11_MetricSearch.xlsx,B11-M-285,Not started,,,,
B11-M-286,1.1,Blk11_MetricSearch,CCPI,Colombo Consumer Price Index,EM15,TDI,Temporal,Monthly,67,Jul 2025,Jun 2026,12,Mar 2015,Jun 2025,100,24,124,Yes,False,R6 Post-stabilisation,Point + quantile + weights,Code/Blk11_MetricSearch/Blk11_MetricSearch.py,Code/common/config_Blk11_MetricSearch.yaml,Results/Results_Blk11_MetricSearch.xlsx,B11-M-286,Not started,,,,
B11-M-287,1.1,Blk11_MetricSearch,CCPI,Colombo Consumer Price Index,EM15,TDI,Temporal,Monthly,68,Aug 2025,Jul 2026,12,Apr 2015,Jul 2025,100,24,124,Yes,False,R6 Post-stabilisation,Point + quantile + weights,Code/Blk11_MetricSearch/Blk11_MetricSearch.py,Code/common/config_Blk11_MetricSearch.yaml,Results/Results_Blk11_MetricSearch.xlsx,B11-M-287,Not started,,,,
B11-M-288,1.1,Blk11_MetricSearch,CCPI,Colombo Consumer Price Index,EM15,TDI,Temporal,Monthly,69,Sep 2025,Aug 2026,12,May 2015,Aug 2025,100,24,124,Yes,False,R6 Post-stabilisation,Point + quantile + weights,Code/Blk11_MetricSearch/Blk11_MetricSearch.py,Code/common/config_Blk11_MetricSearch.yaml,Results/Results_Blk11_MetricSearch.xlsx,B11-M-288,Not started,,,,
B11-M-289,1.1,Blk11_MetricSearch,CCPI,Colombo Consumer Price Index,EM16,TDA,Directional,Monthly,64,Apr 2025,Mar 2026,12,Dec 2014,Mar 2025,100,24,124,Yes,False,R6 Post-stabilisation,Point + quantile + weights,Code/Blk11_MetricSearch/Blk11_MetricSearch.py,Code/common/config_Blk11_MetricSearch.yaml,Results/Results_Blk11_MetricSearch.xlsx,B11-M-289,Not started,,,,
B11-M-290,1.1,Blk11_MetricSearch,CCPI,Colombo Consumer Price Index,EM16,TDA,Directional,Monthly,65,May 2025,Apr 2026,12,Jan 2015,Apr 2025,100,24,124,Yes,False,R6 Post-stabilisation,Point + quantile + weights,Code/Blk11_MetricSearch/Blk11_MetricSearch.py,Code/common/config_Blk11_MetricSearch.yaml,Results/Results_Blk11_MetricSearch.xlsx,B11-M-290,Not started,,,,
B11-M-291,1.1,Blk11_MetricSearch,CCPI,Colombo Consumer Price Index,EM16,TDA,Directional,Monthly,66,Jun 2025,May 2026,12,Feb 2015,May 2025,100,24,124,Yes,False,R6 Post-stabilisation,Point + quantile + weights,Code/Blk11_MetricSearch/Blk11_MetricSearch.py,Code/common/config_Blk11_MetricSearch.yaml,Results/Results_Blk11_MetricSearch.xlsx,B11-M-291,Not started,,,,
B11-M-292,1.1,Blk11_MetricSearch,CCPI,Colombo Consumer Price Index,EM16,TDA,Directional,Monthly,67,Jul 2025,Jun 2026,12,Mar 2015,Jun 2025,100,24,124,Yes,False,R6 Post-stabilisation,Point + quantile + weights,Code/Blk11_MetricSearch/Blk11_MetricSearch.py,Code/common/config_Blk11_MetricSearch.yaml,Results/Results_Blk11_MetricSearch.xlsx,B11-M-292,Not started,,,,
B11-M-293,1.1,Blk11_MetricSearch,CCPI,Colombo Consumer Price Index,EM16,TDA,Directional,Monthly,68,Aug 2025,Jul 2026,12,Apr 2015,Jul 2025,100,24,124,Yes,False,R6 Post-stabilisation,Point + quantile + weights,Code/Blk11_MetricSearch/Blk11_MetricSearch.py,Code/common/config_Blk11_MetricSearch.yaml,Results/Results_Blk11_MetricSearch.xlsx,B11-M-293,Not started,,,,
B11-M-294,1.1,Blk11_MetricSearch,CCPI,Colombo Consumer Price Index,EM16,TDA,Directional,Monthly,69,Sep 2025,Aug 2026,12,May 2015,Aug 2025,100,24,124,Yes,False,R6 Post-stabilisation,Point + quantile + weights,Code/Blk11_MetricSearch/Blk11_MetricSearch.py,Code/common/config_Blk11_MetricSearch.yaml,Results/Results_Blk11_MetricSearch.xlsx,B11-M-294,Not started,,,,
B11-M-295,1.1,Blk11_MetricSearch,CCPI,Colombo Consumer Price Index,EM17,DA,Directional,Monthly,64,Apr 2025,Mar 2026,12,Dec 2014,Mar 2025,100,24,124,Yes,False,R6 Post-stabilisation,Point + quantile + weights,Code/Blk11_MetricSearch/Blk11_MetricSearch.py,Code/common/config_Blk11_MetricSearch.yaml,Results/Results_Blk11_MetricSearch.xlsx,B11-M-295,Not started,,,,
B11-M-296,1.1,Blk11_MetricSearch,CCPI,Colombo Consumer Price Index,EM17,DA,Directional,Monthly,65,May 2025,Apr 2026,12,Jan 2015,Apr 2025,100,24,124,Yes,False,R6 Post-stabilisation,Point + quantile + weights,Code/Blk11_MetricSearch/Blk11_MetricSearch.py,Code/common/config_Blk11_MetricSearch.yaml,Results/Results_Blk11_MetricSearch.xlsx,B11-M-296,Not started,,,,
B11-M-297,1.1,Blk11_MetricSearch,CCPI,Colombo Consumer Price Index,EM17,DA,Directional,Monthly,66,Jun 2025,May 2026,12,Feb 2015,May 2025,100,24,124,Yes,False,R6 Post-stabilisation,Point + quantile + weights,Code/Blk11_MetricSearch/Blk11_MetricSearch.py,Code/common/config_Blk11_MetricSearch.yaml,Results/Results_Blk11_MetricSearch.xlsx,B11-M-297,Not started,,,,
B11-M-298,1.1,Blk11_MetricSearch,CCPI,Colombo Consumer Price Index,EM17,DA,Directional,Monthly,67,Jul 2025,Jun 2026,12,Mar 2015,Jun 2025,100,24,124,Yes,False,R6 Post-stabilisation,Point + quantile + weights,Code/Blk11_MetricSearch/Blk11_MetricSearch.py,Code/common/config_Blk11_MetricSearch.yaml,Results/Results_Blk11_MetricSearch.xlsx,B11-M-298,Not started,,,,
B11-M-299,1.1,Blk11_MetricSearch,CCPI,Colombo Consumer Price Index,EM17,DA,Directional,Monthly,68,Aug 2025,Jul 2026,12,Apr 2015,Jul 2025,100,24,124,Yes,False,R6 Post-stabilisation,Point + quantile + weights,Code/Blk11_MetricSearch/Blk11_MetricSearch.py,Code/common/config_Blk11_MetricSearch.yaml,Results/Results_Blk11_MetricSearch.xlsx,B11-M-299,Not started,,,,
B11-M-300,1.1,Blk11_MetricSearch,CCPI,Colombo Consumer Price Index,EM17,DA,Directional,Monthly,69,Sep 2025,Aug 2026,12,May 2015,Aug 2025,100,24,124,Yes,False,R6 Post-stabilisation,Point + quantile + weights,Code/Blk11_MetricSearch/Blk11_MetricSearch.py,Code/common/config_Blk11_MetricSearch.yaml,Results/Results_Blk11_MetricSearch.xlsx,B11-M-300,Not started,,,,
B11-M-301,1.1,Blk11_MetricSearch,CCPI,Colombo Consumer Price Index,EM18,TPA,Directional,Monthly,64,Apr 2025,Mar 2026,12,Dec 2014,Mar 2025,100,24,124,Yes,False,R6 Post-stabilisation,Point + quantile + weights,Code/Blk11_MetricSearch/Blk11_MetricSearch.py,Code/common/config_Blk11_MetricSearch.yaml,Results/Results_Blk11_MetricSearch.xlsx,B11-M-301,Not started,,,,
B11-M-302,1.1,Blk11_MetricSearch,CCPI,Colombo Consumer Price Index,EM18,TPA,Directional,Monthly,65,May 2025,Apr 2026,12,Jan 2015,Apr 2025,100,24,124,Yes,False,R6 Post-stabilisation,Point + quantile + weights,Code/Blk11_MetricSearch/Blk11_MetricSearch.py,Code/common/config_Blk11_MetricSearch.yaml,Results/Results_Blk11_MetricSearch.xlsx,B11-M-302,Not started,,,,
B11-M-303,1.1,Blk11_MetricSearch,CCPI,Colombo Consumer Price Index,EM18,TPA,Directional,Monthly,66,Jun 2025,May 2026,12,Feb 2015,May 2025,100,24,124,Yes,False,R6 Post-stabilisation,Point + quantile + weights,Code/Blk11_MetricSearch/Blk11_MetricSearch.py,Code/common/config_Blk11_MetricSearch.yaml,Results/Results_Blk11_MetricSearch.xlsx,B11-M-303,Not started,,,,
B11-M-304,1.1,Blk11_MetricSearch,CCPI,Colombo Consumer Price Index,EM18,TPA,Directional,Monthly,67,Jul 2025,Jun 2026,12,Mar 2015,Jun 2025,100,24,124,Yes,False,R6 Post-stabilisation,Point + quantile + weights,Code/Blk11_MetricSearch/Blk11_MetricSearch.py,Code/common/config_Blk11_MetricSearch.yaml,Results/Results_Blk11_MetricSearch.xlsx,B11-M-304,Not started,,,,
B11-M-305,1.1,Blk11_MetricSearch,CCPI,Colombo Consumer Price Index,EM18,TPA,Directional,Monthly,68,Aug 2025,Jul 2026,12,Apr 2015,Jul 2025,100,24,124,Yes,False,R6 Post-stabilisation,Point + quantile + weights,Code/Blk11_MetricSearch/Blk11_MetricSearch.py,Code/common/config_Blk11_MetricSearch.yaml,Results/Results_Blk11_MetricSearch.xlsx,B11-M-305,Not started,,,,
B11-M-306,1.1,Blk11_MetricSearch,CCPI,Colombo Consumer Price Index,EM18,TPA,Directional,Monthly,69,Sep 2025,Aug 2026,12,May 2015,Aug 2025,100,24,124,Yes,False,R6 Post-stabilisation,Point + quantile + weights,Code/Blk11_MetricSearch/Blk11_MetricSearch.py,Code/common/config_Blk11_MetricSearch.yaml,Results/Results_Blk11_MetricSearch.xlsx,B11-M-306,Not started,,,,
B21-M-001,2.1,Blk2_Selected_PreOn,HCPI,Headline Consumer Price Index,EM12,DTW,Temporal,Monthly,53,May 2024,Apr 2025,12,Jan 2014,Apr 2024,100,24,124,Yes,False,R5 Deflation & stabilisation,Point + quantile + weights,Code/Blk2_Selected_PreOn/Blk2_Selected_PreOn.py,Code/common/config_Blk2_Selected_PreOn.yaml,Results/Results_Blk2_Selected_PreOn.xlsx,B21-M-001,Not started,,,,
B21-M-002,2.1,Blk2_Selected_PreOn,HCPI,Headline Consumer Price Index,EM12,DTW,Temporal,Monthly,54,Jun 2024,May 2025,12,Feb 2014,May 2024,100,24,124,Yes,False,R5 Deflation & stabilisation,Point + quantile + weights,Code/Blk2_Selected_PreOn/Blk2_Selected_PreOn.py,Code/common/config_Blk2_Selected_PreOn.yaml,Results/Results_Blk2_Selected_PreOn.xlsx,B21-M-002,Not started,,,,
B21-M-003,2.1,Blk2_Selected_PreOn,HCPI,Headline Consumer Price Index,EM12,DTW,Temporal,Monthly,55,Jul 2024,Jun 2025,12,Mar 2014,Jun 2024,100,24,124,Yes,False,R5 Deflation & stabilisation,Point + quantile + weights,Code/Blk2_Selected_PreOn/Blk2_Selected_PreOn.py,Code/common/config_Blk2_Selected_PreOn.yaml,Results/Results_Blk2_Selected_PreOn.xlsx,B21-M-003,Not started,,,,
B21-M-004,2.1,Blk2_Selected_PreOn,HCPI,Headline Consumer Price Index,EM12,DTW,Temporal,Monthly,56,Aug 2024,Jul 2025,12,Apr 2014,Jul 2024,100,24,124,Yes,False,R5 Deflation & stabilisation,Point + quantile + weights,Code/Blk2_Selected_PreOn/Blk2_Selected_PreOn.py,Code/common/config_Blk2_Selected_PreOn.yaml,Results/Results_Blk2_Selected_PreOn.xlsx,B21-M-004,Not started,,,,
B21-M-005,2.1,Blk2_Selected_PreOn,HCPI,Headline Consumer Price Index,EM12,DTW,Temporal,Monthly,57,Sep 2024,Aug 2025,12,May 2014,Aug 2024,100,24,124,Yes,False,R5 Deflation & stabilisation,Point + quantile + weights,Code/Blk2_Selected_PreOn/Blk2_Selected_PreOn.py,Code/common/config_Blk2_Selected_PreOn.yaml,Results/Results_Blk2_Selected_PreOn.xlsx,B21-M-005,Not started,,,,
B21-M-006,2.1,Blk2_Selected_PreOn,HCPI,Headline Consumer Price Index,EM12,DTW,Temporal,Monthly,58,Oct 2024,Sep 2025,12,Jun 2014,Sep 2024,100,24,124,Yes,False,R5 Deflation & stabilisation,Point + quantile + weights,Code/Blk2_Selected_PreOn/Blk2_Selected_PreOn.py,Code/common/config_Blk2_Selected_PreOn.yaml,Results/Results_Blk2_Selected_PreOn.xlsx,B21-M-006,Not started,,,,
B21-M-007,2.1,Blk2_Selected_PreOn,HCPI,Headline Consumer Price Index,EM12,DTW,Temporal,Monthly,59,Nov 2024,Oct 2025,12,Jul 2014,Oct 2024,100,24,124,Yes,False,R5 Deflation & stabilisation,Point + quantile + weights,Code/Blk2_Selected_PreOn/Blk2_Selected_PreOn.py,Code/common/config_Blk2_Selected_PreOn.yaml,Results/Results_Blk2_Selected_PreOn.xlsx,B21-M-007,Not started,,,,
B21-M-008,2.1,Blk2_Selected_PreOn,HCPI,Headline Consumer Price Index,EM12,DTW,Temporal,Monthly,60,Dec 2024,Nov 2025,12,Aug 2014,Nov 2024,100,24,124,Yes,False,R5 Deflation & stabilisation,Point + quantile + weights,Code/Blk2_Selected_PreOn/Blk2_Selected_PreOn.py,Code/common/config_Blk2_Selected_PreOn.yaml,Results/Results_Blk2_Selected_PreOn.xlsx,B21-M-008,Not started,,,,
B21-M-009,2.1,Blk2_Selected_PreOn,HCPI,Headline Consumer Price Index,EM12,DTW,Temporal,Monthly,61,Jan 2025,Dec 2025,12,Sep 2014,Dec 2024,100,24,124,Yes,False,R6 Post-stabilisation,Point + quantile + weights,Code/Blk2_Selected_PreOn/Blk2_Selected_PreOn.py,Code/common/config_Blk2_Selected_PreOn.yaml,Results/Results_Blk2_Selected_PreOn.xlsx,B21-M-009,Not started,,,,
B21-M-010,2.1,Blk2_Selected_PreOn,HCPI,Headline Consumer Price Index,EM12,DTW,Temporal,Monthly,62,Feb 2025,Jan 2026,12,Oct 2014,Jan 2025,100,24,124,Yes,False,R6 Post-stabilisation,Point + quantile + weights,Code/Blk2_Selected_PreOn/Blk2_Selected_PreOn.py,Code/common/config_Blk2_Selected_PreOn.yaml,Results/Results_Blk2_Selected_PreOn.xlsx,B21-M-010,Not started,,,,
B21-M-011,2.1,Blk2_Selected_PreOn,HCPI,Headline Consumer Price Index,EM12,DTW,Temporal,Monthly,63,Mar 2025,Feb 2026,12,Nov 2014,Feb 2025,100,24,124,Yes,False,R6 Post-stabilisation,Point + quantile + weights,Code/Blk2_Selected_PreOn/Blk2_Selected_PreOn.py,Code/common/config_Blk2_Selected_PreOn.yaml,Results/Results_Blk2_Selected_PreOn.xlsx,B21-M-011,Not started,,,,
B21-M-012,2.1,Blk2_Selected_PreOn,HCPI,Headline Consumer Price Index,EM11,MQL,Probabilistic,Monthly,53,May 2024,Apr 2025,12,Jan 2014,Apr 2024,100,24,124,Yes,False,R5 Deflation & stabilisation,Point + quantile + weights,Code/Blk2_Selected_PreOn/Blk2_Selected_PreOn.py,Code/common/config_Blk2_Selected_PreOn.yaml,Results/Results_Blk2_Selected_PreOn.xlsx,B21-M-012,Not started,,,,
B21-M-013,2.1,Blk2_Selected_PreOn,HCPI,Headline Consumer Price Index,EM11,MQL,Probabilistic,Monthly,54,Jun 2024,May 2025,12,Feb 2014,May 2024,100,24,124,Yes,False,R5 Deflation & stabilisation,Point + quantile + weights,Code/Blk2_Selected_PreOn/Blk2_Selected_PreOn.py,Code/common/config_Blk2_Selected_PreOn.yaml,Results/Results_Blk2_Selected_PreOn.xlsx,B21-M-013,Not started,,,,
B21-M-014,2.1,Blk2_Selected_PreOn,HCPI,Headline Consumer Price Index,EM11,MQL,Probabilistic,Monthly,55,Jul 2024,Jun 2025,12,Mar 2014,Jun 2024,100,24,124,Yes,False,R5 Deflation & stabilisation,Point + quantile + weights,Code/Blk2_Selected_PreOn/Blk2_Selected_PreOn.py,Code/common/config_Blk2_Selected_PreOn.yaml,Results/Results_Blk2_Selected_PreOn.xlsx,B21-M-014,Not started,,,,
B21-M-015,2.1,Blk2_Selected_PreOn,HCPI,Headline Consumer Price Index,EM11,MQL,Probabilistic,Monthly,56,Aug 2024,Jul 2025,12,Apr 2014,Jul 2024,100,24,124,Yes,False,R5 Deflation & stabilisation,Point + quantile + weights,Code/Blk2_Selected_PreOn/Blk2_Selected_PreOn.py,Code/common/config_Blk2_Selected_PreOn.yaml,Results/Results_Blk2_Selected_PreOn.xlsx,B21-M-015,Not started,,,,
B21-M-016,2.1,Blk2_Selected_PreOn,HCPI,Headline Consumer Price Index,EM11,MQL,Probabilistic,Monthly,57,Sep 2024,Aug 2025,12,May 2014,Aug 2024,100,24,124,Yes,False,R5 Deflation & stabilisation,Point + quantile + weights,Code/Blk2_Selected_PreOn/Blk2_Selected_PreOn.py,Code/common/config_Blk2_Selected_PreOn.yaml,Results/Results_Blk2_Selected_PreOn.xlsx,B21-M-016,Not started,,,,
B21-M-017,2.1,Blk2_Selected_PreOn,HCPI,Headline Consumer Price Index,EM11,MQL,Probabilistic,Monthly,58,Oct 2024,Sep 2025,12,Jun 2014,Sep 2024,100,24,124,Yes,False,R5 Deflation & stabilisation,Point + quantile + weights,Code/Blk2_Selected_PreOn/Blk2_Selected_PreOn.py,Code/common/config_Blk2_Selected_PreOn.yaml,Results/Results_Blk2_Selected_PreOn.xlsx,B21-M-017,Not started,,,,
B21-M-018,2.1,Blk2_Selected_PreOn,HCPI,Headline Consumer Price Index,EM11,MQL,Probabilistic,Monthly,59,Nov 2024,Oct 2025,12,Jul 2014,Oct 2024,100,24,124,Yes,False,R5 Deflation & stabilisation,Point + quantile + weights,Code/Blk2_Selected_PreOn/Blk2_Selected_PreOn.py,Code/common/config_Blk2_Selected_PreOn.yaml,Results/Results_Blk2_Selected_PreOn.xlsx,B21-M-018,Not started,,,,
B21-M-019,2.1,Blk2_Selected_PreOn,HCPI,Headline Consumer Price Index,EM11,MQL,Probabilistic,Monthly,60,Dec 2024,Nov 2025,12,Aug 2014,Nov 2024,100,24,124,Yes,False,R5 Deflation & stabilisation,Point + quantile + weights,Code/Blk2_Selected_PreOn/Blk2_Selected_PreOn.py,Code/common/config_Blk2_Selected_PreOn.yaml,Results/Results_Blk2_Selected_PreOn.xlsx,B21-M-019,Not started,,,,
B21-M-020,2.1,Blk2_Selected_PreOn,HCPI,Headline Consumer Price Index,EM11,MQL,Probabilistic,Monthly,61,Jan 2025,Dec 2025,12,Sep 2014,Dec 2024,100,24,124,Yes,False,R6 Post-stabilisation,Point + quantile + weights,Code/Blk2_Selected_PreOn/Blk2_Selected_PreOn.py,Code/common/config_Blk2_Selected_PreOn.yaml,Results/Results_Blk2_Selected_PreOn.xlsx,B21-M-020,Not started,,,,
B21-M-021,2.1,Blk2_Selected_PreOn,HCPI,Headline Consumer Price Index,EM11,MQL,Probabilistic,Monthly,62,Feb 2025,Jan 2026,12,Oct 2014,Jan 2025,100,24,124,Yes,False,R6 Post-stabilisation,Point + quantile + weights,Code/Blk2_Selected_PreOn/Blk2_Selected_PreOn.py,Code/common/config_Blk2_Selected_PreOn.yaml,Results/Results_Blk2_Selected_PreOn.xlsx,B21-M-021,Not started,,,,
B21-M-022,2.1,Blk2_Selected_PreOn,HCPI,Headline Consumer Price Index,EM11,MQL,Probabilistic,Monthly,63,Mar 2025,Feb 2026,12,Nov 2014,Feb 2025,100,24,124,Yes,False,R6 Post-stabilisation,Point + quantile + weights,Code/Blk2_Selected_PreOn/Blk2_Selected_PreOn.py,Code/common/config_Blk2_Selected_PreOn.yaml,Results/Results_Blk2_Selected_PreOn.xlsx,B21-M-022,Not started,,,,
B21-M-023,2.1,Blk2_Selected_PreOn,HCPI,Headline Consumer Price Index,EM13,Soft-DTW,Temporal,Monthly,53,May 2024,Apr 2025,12,Jan 2014,Apr 2024,100,24,124,Yes,False,R5 Deflation & stabilisation,Point + quantile + weights,Code/Blk2_Selected_PreOn/Blk2_Selected_PreOn.py,Code/common/config_Blk2_Selected_PreOn.yaml,Results/Results_Blk2_Selected_PreOn.xlsx,B21-M-023,Not started,,,,
B21-M-024,2.1,Blk2_Selected_PreOn,HCPI,Headline Consumer Price Index,EM13,Soft-DTW,Temporal,Monthly,54,Jun 2024,May 2025,12,Feb 2014,May 2024,100,24,124,Yes,False,R5 Deflation & stabilisation,Point + quantile + weights,Code/Blk2_Selected_PreOn/Blk2_Selected_PreOn.py,Code/common/config_Blk2_Selected_PreOn.yaml,Results/Results_Blk2_Selected_PreOn.xlsx,B21-M-024,Not started,,,,
B21-M-025,2.1,Blk2_Selected_PreOn,HCPI,Headline Consumer Price Index,EM13,Soft-DTW,Temporal,Monthly,55,Jul 2024,Jun 2025,12,Mar 2014,Jun 2024,100,24,124,Yes,False,R5 Deflation & stabilisation,Point + quantile + weights,Code/Blk2_Selected_PreOn/Blk2_Selected_PreOn.py,Code/common/config_Blk2_Selected_PreOn.yaml,Results/Results_Blk2_Selected_PreOn.xlsx,B21-M-025,Not started,,,,
B21-M-026,2.1,Blk2_Selected_PreOn,HCPI,Headline Consumer Price Index,EM13,Soft-DTW,Temporal,Monthly,56,Aug 2024,Jul 2025,12,Apr 2014,Jul 2024,100,24,124,Yes,False,R5 Deflation & stabilisation,Point + quantile + weights,Code/Blk2_Selected_PreOn/Blk2_Selected_PreOn.py,Code/common/config_Blk2_Selected_PreOn.yaml,Results/Results_Blk2_Selected_PreOn.xlsx,B21-M-026,Not started,,,,
B21-M-027,2.1,Blk2_Selected_PreOn,HCPI,Headline Consumer Price Index,EM13,Soft-DTW,Temporal,Monthly,57,Sep 2024,Aug 2025,12,May 2014,Aug 2024,100,24,124,Yes,False,R5 Deflation & stabilisation,Point + quantile + weights,Code/Blk2_Selected_PreOn/Blk2_Selected_PreOn.py,Code/common/config_Blk2_Selected_PreOn.yaml,Results/Results_Blk2_Selected_PreOn.xlsx,B21-M-027,Not started,,,,
B21-M-028,2.1,Blk2_Selected_PreOn,HCPI,Headline Consumer Price Index,EM13,Soft-DTW,Temporal,Monthly,58,Oct 2024,Sep 2025,12,Jun 2014,Sep 2024,100,24,124,Yes,False,R5 Deflation & stabilisation,Point + quantile + weights,Code/Blk2_Selected_PreOn/Blk2_Selected_PreOn.py,Code/common/config_Blk2_Selected_PreOn.yaml,Results/Results_Blk2_Selected_PreOn.xlsx,B21-M-028,Not started,,,,
B21-M-029,2.1,Blk2_Selected_PreOn,HCPI,Headline Consumer Price Index,EM13,Soft-DTW,Temporal,Monthly,59,Nov 2024,Oct 2025,12,Jul 2014,Oct 2024,100,24,124,Yes,False,R5 Deflation & stabilisation,Point + quantile + weights,Code/Blk2_Selected_PreOn/Blk2_Selected_PreOn.py,Code/common/config_Blk2_Selected_PreOn.yaml,Results/Results_Blk2_Selected_PreOn.xlsx,B21-M-029,Not started,,,,
B21-M-030,2.1,Blk2_Selected_PreOn,HCPI,Headline Consumer Price Index,EM13,Soft-DTW,Temporal,Monthly,60,Dec 2024,Nov 2025,12,Aug 2014,Nov 2024,100,24,124,Yes,False,R5 Deflation & stabilisation,Point + quantile + weights,Code/Blk2_Selected_PreOn/Blk2_Selected_PreOn.py,Code/common/config_Blk2_Selected_PreOn.yaml,Results/Results_Blk2_Selected_PreOn.xlsx,B21-M-030,Not started,,,,
B21-M-031,2.1,Blk2_Selected_PreOn,HCPI,Headline Consumer Price Index,EM13,Soft-DTW,Temporal,Monthly,61,Jan 2025,Dec 2025,12,Sep 2014,Dec 2024,100,24,124,Yes,False,R6 Post-stabilisation,Point + quantile + weights,Code/Blk2_Selected_PreOn/Blk2_Selected_PreOn.py,Code/common/config_Blk2_Selected_PreOn.yaml,Results/Results_Blk2_Selected_PreOn.xlsx,B21-M-031,Not started,,,,
B21-M-032,2.1,Blk2_Selected_PreOn,HCPI,Headline Consumer Price Index,EM13,Soft-DTW,Temporal,Monthly,62,Feb 2025,Jan 2026,12,Oct 2014,Jan 2025,100,24,124,Yes,False,R6 Post-stabilisation,Point + quantile + weights,Code/Blk2_Selected_PreOn/Blk2_Selected_PreOn.py,Code/common/config_Blk2_Selected_PreOn.yaml,Results/Results_Blk2_Selected_PreOn.xlsx,B21-M-032,Not started,,,,
B21-M-033,2.1,Blk2_Selected_PreOn,HCPI,Headline Consumer Price Index,EM13,Soft-DTW,Temporal,Monthly,63,Mar 2025,Feb 2026,12,Nov 2014,Feb 2025,100,24,124,Yes,False,R6 Post-stabilisation,Point + quantile + weights,Code/Blk2_Selected_PreOn/Blk2_Selected_PreOn.py,Code/common/config_Blk2_Selected_PreOn.yaml,Results/Results_Blk2_Selected_PreOn.xlsx,B21-M-033,Not started,,,,
B21-M-034,2.1,Blk2_Selected_PreOn,FCPI,Food Consumer Price Index,EM11,MQL,Probabilistic,Monthly,53,May 2024,Apr 2025,12,Jan 2014,Apr 2024,100,24,124,Yes,False,R5 Deflation & stabilisation,Point + quantile + weights,Code/Blk2_Selected_PreOn/Blk2_Selected_PreOn.py,Code/common/config_Blk2_Selected_PreOn.yaml,Results/Results_Blk2_Selected_PreOn.xlsx,B21-M-034,Not started,,,,
B21-M-035,2.1,Blk2_Selected_PreOn,FCPI,Food Consumer Price Index,EM11,MQL,Probabilistic,Monthly,54,Jun 2024,May 2025,12,Feb 2014,May 2024,100,24,124,Yes,False,R5 Deflation & stabilisation,Point + quantile + weights,Code/Blk2_Selected_PreOn/Blk2_Selected_PreOn.py,Code/common/config_Blk2_Selected_PreOn.yaml,Results/Results_Blk2_Selected_PreOn.xlsx,B21-M-035,Not started,,,,
B21-M-036,2.1,Blk2_Selected_PreOn,FCPI,Food Consumer Price Index,EM11,MQL,Probabilistic,Monthly,55,Jul 2024,Jun 2025,12,Mar 2014,Jun 2024,100,24,124,Yes,False,R5 Deflation & stabilisation,Point + quantile + weights,Code/Blk2_Selected_PreOn/Blk2_Selected_PreOn.py,Code/common/config_Blk2_Selected_PreOn.yaml,Results/Results_Blk2_Selected_PreOn.xlsx,B21-M-036,Not started,,,,
B21-M-037,2.1,Blk2_Selected_PreOn,FCPI,Food Consumer Price Index,EM11,MQL,Probabilistic,Monthly,56,Aug 2024,Jul 2025,12,Apr 2014,Jul 2024,100,24,124,Yes,False,R5 Deflation & stabilisation,Point + quantile + weights,Code/Blk2_Selected_PreOn/Blk2_Selected_PreOn.py,Code/common/config_Blk2_Selected_PreOn.yaml,Results/Results_Blk2_Selected_PreOn.xlsx,B21-M-037,Not started,,,,
B21-M-038,2.1,Blk2_Selected_PreOn,FCPI,Food Consumer Price Index,EM11,MQL,Probabilistic,Monthly,57,Sep 2024,Aug 2025,12,May 2014,Aug 2024,100,24,124,Yes,False,R5 Deflation & stabilisation,Point + quantile + weights,Code/Blk2_Selected_PreOn/Blk2_Selected_PreOn.py,Code/common/config_Blk2_Selected_PreOn.yaml,Results/Results_Blk2_Selected_PreOn.xlsx,B21-M-038,Not started,,,,
B21-M-039,2.1,Blk2_Selected_PreOn,FCPI,Food Consumer Price Index,EM11,MQL,Probabilistic,Monthly,58,Oct 2024,Sep 2025,12,Jun 2014,Sep 2024,100,24,124,Yes,False,R5 Deflation & stabilisation,Point + quantile + weights,Code/Blk2_Selected_PreOn/Blk2_Selected_PreOn.py,Code/common/config_Blk2_Selected_PreOn.yaml,Results/Results_Blk2_Selected_PreOn.xlsx,B21-M-039,Not started,,,,
B21-M-040,2.1,Blk2_Selected_PreOn,FCPI,Food Consumer Price Index,EM11,MQL,Probabilistic,Monthly,59,Nov 2024,Oct 2025,12,Jul 2014,Oct 2024,100,24,124,Yes,False,R5 Deflation & stabilisation,Point + quantile + weights,Code/Blk2_Selected_PreOn/Blk2_Selected_PreOn.py,Code/common/config_Blk2_Selected_PreOn.yaml,Results/Results_Blk2_Selected_PreOn.xlsx,B21-M-040,Not started,,,,
B21-M-041,2.1,Blk2_Selected_PreOn,FCPI,Food Consumer Price Index,EM11,MQL,Probabilistic,Monthly,60,Dec 2024,Nov 2025,12,Aug 2014,Nov 2024,100,24,124,Yes,False,R5 Deflation & stabilisation,Point + quantile + weights,Code/Blk2_Selected_PreOn/Blk2_Selected_PreOn.py,Code/common/config_Blk2_Selected_PreOn.yaml,Results/Results_Blk2_Selected_PreOn.xlsx,B21-M-041,Not started,,,,
B21-M-042,2.1,Blk2_Selected_PreOn,FCPI,Food Consumer Price Index,EM11,MQL,Probabilistic,Monthly,61,Jan 2025,Dec 2025,12,Sep 2014,Dec 2024,100,24,124,Yes,False,R6 Post-stabilisation,Point + quantile + weights,Code/Blk2_Selected_PreOn/Blk2_Selected_PreOn.py,Code/common/config_Blk2_Selected_PreOn.yaml,Results/Results_Blk2_Selected_PreOn.xlsx,B21-M-042,Not started,,,,
B21-M-043,2.1,Blk2_Selected_PreOn,FCPI,Food Consumer Price Index,EM11,MQL,Probabilistic,Monthly,62,Feb 2025,Jan 2026,12,Oct 2014,Jan 2025,100,24,124,Yes,False,R6 Post-stabilisation,Point + quantile + weights,Code/Blk2_Selected_PreOn/Blk2_Selected_PreOn.py,Code/common/config_Blk2_Selected_PreOn.yaml,Results/Results_Blk2_Selected_PreOn.xlsx,B21-M-043,Not started,,,,
B21-M-044,2.1,Blk2_Selected_PreOn,FCPI,Food Consumer Price Index,EM11,MQL,Probabilistic,Monthly,63,Mar 2025,Feb 2026,12,Nov 2014,Feb 2025,100,24,124,Yes,False,R6 Post-stabilisation,Point + quantile + weights,Code/Blk2_Selected_PreOn/Blk2_Selected_PreOn.py,Code/common/config_Blk2_Selected_PreOn.yaml,Results/Results_Blk2_Selected_PreOn.xlsx,B21-M-044,Not started,,,,
B21-M-045,2.1,Blk2_Selected_PreOn,FCPI,Food Consumer Price Index,EM4,MAPE,Point,Monthly,53,May 2024,Apr 2025,12,Jan 2014,Apr 2024,100,24,124,Yes,False,R5 Deflation & stabilisation,Point + quantile + weights,Code/Blk2_Selected_PreOn/Blk2_Selected_PreOn.py,Code/common/config_Blk2_Selected_PreOn.yaml,Results/Results_Blk2_Selected_PreOn.xlsx,B21-M-045,Not started,,,,
B21-M-046,2.1,Blk2_Selected_PreOn,FCPI,Food Consumer Price Index,EM4,MAPE,Point,Monthly,54,Jun 2024,May 2025,12,Feb 2014,May 2024,100,24,124,Yes,False,R5 Deflation & stabilisation,Point + quantile + weights,Code/Blk2_Selected_PreOn/Blk2_Selected_PreOn.py,Code/common/config_Blk2_Selected_PreOn.yaml,Results/Results_Blk2_Selected_PreOn.xlsx,B21-M-046,Not started,,,,
B21-M-047,2.1,Blk2_Selected_PreOn,FCPI,Food Consumer Price Index,EM4,MAPE,Point,Monthly,55,Jul 2024,Jun 2025,12,Mar 2014,Jun 2024,100,24,124,Yes,False,R5 Deflation & stabilisation,Point + quantile + weights,Code/Blk2_Selected_PreOn/Blk2_Selected_PreOn.py,Code/common/config_Blk2_Selected_PreOn.yaml,Results/Results_Blk2_Selected_PreOn.xlsx,B21-M-047,Not started,,,,
B21-M-048,2.1,Blk2_Selected_PreOn,FCPI,Food Consumer Price Index,EM4,MAPE,Point,Monthly,56,Aug 2024,Jul 2025,12,Apr 2014,Jul 2024,100,24,124,Yes,False,R5 Deflation & stabilisation,Point + quantile + weights,Code/Blk2_Selected_PreOn/Blk2_Selected_PreOn.py,Code/common/config_Blk2_Selected_PreOn.yaml,Results/Results_Blk2_Selected_PreOn.xlsx,B21-M-048,Not started,,,,
B21-M-049,2.1,Blk2_Selected_PreOn,FCPI,Food Consumer Price Index,EM4,MAPE,Point,Monthly,57,Sep 2024,Aug 2025,12,May 2014,Aug 2024,100,24,124,Yes,False,R5 Deflation & stabilisation,Point + quantile + weights,Code/Blk2_Selected_PreOn/Blk2_Selected_PreOn.py,Code/common/config_Blk2_Selected_PreOn.yaml,Results/Results_Blk2_Selected_PreOn.xlsx,B21-M-049,Not started,,,,
B21-M-050,2.1,Blk2_Selected_PreOn,FCPI,Food Consumer Price Index,EM4,MAPE,Point,Monthly,58,Oct 2024,Sep 2025,12,Jun 2014,Sep 2024,100,24,124,Yes,False,R5 Deflation & stabilisation,Point + quantile + weights,Code/Blk2_Selected_PreOn/Blk2_Selected_PreOn.py,Code/common/config_Blk2_Selected_PreOn.yaml,Results/Results_Blk2_Selected_PreOn.xlsx,B21-M-050,Not started,,,,
B21-M-051,2.1,Blk2_Selected_PreOn,FCPI,Food Consumer Price Index,EM4,MAPE,Point,Monthly,59,Nov 2024,Oct 2025,12,Jul 2014,Oct 2024,100,24,124,Yes,False,R5 Deflation & stabilisation,Point + quantile + weights,Code/Blk2_Selected_PreOn/Blk2_Selected_PreOn.py,Code/common/config_Blk2_Selected_PreOn.yaml,Results/Results_Blk2_Selected_PreOn.xlsx,B21-M-051,Not started,,,,
B21-M-052,2.1,Blk2_Selected_PreOn,FCPI,Food Consumer Price Index,EM4,MAPE,Point,Monthly,60,Dec 2024,Nov 2025,12,Aug 2014,Nov 2024,100,24,124,Yes,False,R5 Deflation & stabilisation,Point + quantile + weights,Code/Blk2_Selected_PreOn/Blk2_Selected_PreOn.py,Code/common/config_Blk2_Selected_PreOn.yaml,Results/Results_Blk2_Selected_PreOn.xlsx,B21-M-052,Not started,,,,
B21-M-053,2.1,Blk2_Selected_PreOn,FCPI,Food Consumer Price Index,EM4,MAPE,Point,Monthly,61,Jan 2025,Dec 2025,12,Sep 2014,Dec 2024,100,24,124,Yes,False,R6 Post-stabilisation,Point + quantile + weights,Code/Blk2_Selected_PreOn/Blk2_Selected_PreOn.py,Code/common/config_Blk2_Selected_PreOn.yaml,Results/Results_Blk2_Selected_PreOn.xlsx,B21-M-053,Not started,,,,
B21-M-054,2.1,Blk2_Selected_PreOn,FCPI,Food Consumer Price Index,EM4,MAPE,Point,Monthly,62,Feb 2025,Jan 2026,12,Oct 2014,Jan 2025,100,24,124,Yes,False,R6 Post-stabilisation,Point + quantile + weights,Code/Blk2_Selected_PreOn/Blk2_Selected_PreOn.py,Code/common/config_Blk2_Selected_PreOn.yaml,Results/Results_Blk2_Selected_PreOn.xlsx,B21-M-054,Not started,,,,
B21-M-055,2.1,Blk2_Selected_PreOn,FCPI,Food Consumer Price Index,EM4,MAPE,Point,Monthly,63,Mar 2025,Feb 2026,12,Nov 2014,Feb 2025,100,24,124,Yes,False,R6 Post-stabilisation,Point + quantile + weights,Code/Blk2_Selected_PreOn/Blk2_Selected_PreOn.py,Code/common/config_Blk2_Selected_PreOn.yaml,Results/Results_Blk2_Selected_PreOn.xlsx,B21-M-055,Not started,,,,
B21-M-056,2.1,Blk2_Selected_PreOn,FCPI,Food Consumer Price Index,EM2,MAE,Point,Monthly,53,May 2024,Apr 2025,12,Jan 2014,Apr 2024,100,24,124,Yes,False,R5 Deflation & stabilisation,Point + quantile + weights,Code/Blk2_Selected_PreOn/Blk2_Selected_PreOn.py,Code/common/config_Blk2_Selected_PreOn.yaml,Results/Results_Blk2_Selected_PreOn.xlsx,B21-M-056,Not started,,,,
B21-M-057,2.1,Blk2_Selected_PreOn,FCPI,Food Consumer Price Index,EM2,MAE,Point,Monthly,54,Jun 2024,May 2025,12,Feb 2014,May 2024,100,24,124,Yes,False,R5 Deflation & stabilisation,Point + quantile + weights,Code/Blk2_Selected_PreOn/Blk2_Selected_PreOn.py,Code/common/config_Blk2_Selected_PreOn.yaml,Results/Results_Blk2_Selected_PreOn.xlsx,B21-M-057,Not started,,,,
B21-M-058,2.1,Blk2_Selected_PreOn,FCPI,Food Consumer Price Index,EM2,MAE,Point,Monthly,55,Jul 2024,Jun 2025,12,Mar 2014,Jun 2024,100,24,124,Yes,False,R5 Deflation & stabilisation,Point + quantile + weights,Code/Blk2_Selected_PreOn/Blk2_Selected_PreOn.py,Code/common/config_Blk2_Selected_PreOn.yaml,Results/Results_Blk2_Selected_PreOn.xlsx,B21-M-058,Not started,,,,
B21-M-059,2.1,Blk2_Selected_PreOn,FCPI,Food Consumer Price Index,EM2,MAE,Point,Monthly,56,Aug 2024,Jul 2025,12,Apr 2014,Jul 2024,100,24,124,Yes,False,R5 Deflation & stabilisation,Point + quantile + weights,Code/Blk2_Selected_PreOn/Blk2_Selected_PreOn.py,Code/common/config_Blk2_Selected_PreOn.yaml,Results/Results_Blk2_Selected_PreOn.xlsx,B21-M-059,Not started,,,,
B21-M-060,2.1,Blk2_Selected_PreOn,FCPI,Food Consumer Price Index,EM2,MAE,Point,Monthly,57,Sep 2024,Aug 2025,12,May 2014,Aug 2024,100,24,124,Yes,False,R5 Deflation & stabilisation,Point + quantile + weights,Code/Blk2_Selected_PreOn/Blk2_Selected_PreOn.py,Code/common/config_Blk2_Selected_PreOn.yaml,Results/Results_Blk2_Selected_PreOn.xlsx,B21-M-060,Not started,,,,
B21-M-061,2.1,Blk2_Selected_PreOn,FCPI,Food Consumer Price Index,EM2,MAE,Point,Monthly,58,Oct 2024,Sep 2025,12,Jun 2014,Sep 2024,100,24,124,Yes,False,R5 Deflation & stabilisation,Point + quantile + weights,Code/Blk2_Selected_PreOn/Blk2_Selected_PreOn.py,Code/common/config_Blk2_Selected_PreOn.yaml,Results/Results_Blk2_Selected_PreOn.xlsx,B21-M-061,Not started,,,,
B21-M-062,2.1,Blk2_Selected_PreOn,FCPI,Food Consumer Price Index,EM2,MAE,Point,Monthly,59,Nov 2024,Oct 2025,12,Jul 2014,Oct 2024,100,24,124,Yes,False,R5 Deflation & stabilisation,Point + quantile + weights,Code/Blk2_Selected_PreOn/Blk2_Selected_PreOn.py,Code/common/config_Blk2_Selected_PreOn.yaml,Results/Results_Blk2_Selected_PreOn.xlsx,B21-M-062,Not started,,,,
B21-M-063,2.1,Blk2_Selected_PreOn,FCPI,Food Consumer Price Index,EM2,MAE,Point,Monthly,60,Dec 2024,Nov 2025,12,Aug 2014,Nov 2024,100,24,124,Yes,False,R5 Deflation & stabilisation,Point + quantile + weights,Code/Blk2_Selected_PreOn/Blk2_Selected_PreOn.py,Code/common/config_Blk2_Selected_PreOn.yaml,Results/Results_Blk2_Selected_PreOn.xlsx,B21-M-063,Not started,,,,
B21-M-064,2.1,Blk2_Selected_PreOn,FCPI,Food Consumer Price Index,EM2,MAE,Point,Monthly,61,Jan 2025,Dec 2025,12,Sep 2014,Dec 2024,100,24,124,Yes,False,R6 Post-stabilisation,Point + quantile + weights,Code/Blk2_Selected_PreOn/Blk2_Selected_PreOn.py,Code/common/config_Blk2_Selected_PreOn.yaml,Results/Results_Blk2_Selected_PreOn.xlsx,B21-M-064,Not started,,,,
B21-M-065,2.1,Blk2_Selected_PreOn,FCPI,Food Consumer Price Index,EM2,MAE,Point,Monthly,62,Feb 2025,Jan 2026,12,Oct 2014,Jan 2025,100,24,124,Yes,False,R6 Post-stabilisation,Point + quantile + weights,Code/Blk2_Selected_PreOn/Blk2_Selected_PreOn.py,Code/common/config_Blk2_Selected_PreOn.yaml,Results/Results_Blk2_Selected_PreOn.xlsx,B21-M-065,Not started,,,,
B21-M-066,2.1,Blk2_Selected_PreOn,FCPI,Food Consumer Price Index,EM2,MAE,Point,Monthly,63,Mar 2025,Feb 2026,12,Nov 2014,Feb 2025,100,24,124,Yes,False,R6 Post-stabilisation,Point + quantile + weights,Code/Blk2_Selected_PreOn/Blk2_Selected_PreOn.py,Code/common/config_Blk2_Selected_PreOn.yaml,Results/Results_Blk2_Selected_PreOn.xlsx,B21-M-066,Not started,,,,
B21-M-067,2.1,Blk2_Selected_PreOn,CCPI,Colombo Consumer Price Index,EM12,DTW,Temporal,Monthly,53,May 2024,Apr 2025,12,Jan 2014,Apr 2024,100,24,124,Yes,False,R5 Deflation & stabilisation,Point + quantile + weights,Code/Blk2_Selected_PreOn/Blk2_Selected_PreOn.py,Code/common/config_Blk2_Selected_PreOn.yaml,Results/Results_Blk2_Selected_PreOn.xlsx,B21-M-067,Not started,,,,
B21-M-068,2.1,Blk2_Selected_PreOn,CCPI,Colombo Consumer Price Index,EM12,DTW,Temporal,Monthly,54,Jun 2024,May 2025,12,Feb 2014,May 2024,100,24,124,Yes,False,R5 Deflation & stabilisation,Point + quantile + weights,Code/Blk2_Selected_PreOn/Blk2_Selected_PreOn.py,Code/common/config_Blk2_Selected_PreOn.yaml,Results/Results_Blk2_Selected_PreOn.xlsx,B21-M-068,Not started,,,,
B21-M-069,2.1,Blk2_Selected_PreOn,CCPI,Colombo Consumer Price Index,EM12,DTW,Temporal,Monthly,55,Jul 2024,Jun 2025,12,Mar 2014,Jun 2024,100,24,124,Yes,False,R5 Deflation & stabilisation,Point + quantile + weights,Code/Blk2_Selected_PreOn/Blk2_Selected_PreOn.py,Code/common/config_Blk2_Selected_PreOn.yaml,Results/Results_Blk2_Selected_PreOn.xlsx,B21-M-069,Not started,,,,
B21-M-070,2.1,Blk2_Selected_PreOn,CCPI,Colombo Consumer Price Index,EM12,DTW,Temporal,Monthly,56,Aug 2024,Jul 2025,12,Apr 2014,Jul 2024,100,24,124,Yes,False,R5 Deflation & stabilisation,Point + quantile + weights,Code/Blk2_Selected_PreOn/Blk2_Selected_PreOn.py,Code/common/config_Blk2_Selected_PreOn.yaml,Results/Results_Blk2_Selected_PreOn.xlsx,B21-M-070,Not started,,,,
B21-M-071,2.1,Blk2_Selected_PreOn,CCPI,Colombo Consumer Price Index,EM12,DTW,Temporal,Monthly,57,Sep 2024,Aug 2025,12,May 2014,Aug 2024,100,24,124,Yes,False,R5 Deflation & stabilisation,Point + quantile + weights,Code/Blk2_Selected_PreOn/Blk2_Selected_PreOn.py,Code/common/config_Blk2_Selected_PreOn.yaml,Results/Results_Blk2_Selected_PreOn.xlsx,B21-M-071,Not started,,,,
B21-M-072,2.1,Blk2_Selected_PreOn,CCPI,Colombo Consumer Price Index,EM12,DTW,Temporal,Monthly,58,Oct 2024,Sep 2025,12,Jun 2014,Sep 2024,100,24,124,Yes,False,R5 Deflation & stabilisation,Point + quantile + weights,Code/Blk2_Selected_PreOn/Blk2_Selected_PreOn.py,Code/common/config_Blk2_Selected_PreOn.yaml,Results/Results_Blk2_Selected_PreOn.xlsx,B21-M-072,Not started,,,,
B21-M-073,2.1,Blk2_Selected_PreOn,CCPI,Colombo Consumer Price Index,EM12,DTW,Temporal,Monthly,59,Nov 2024,Oct 2025,12,Jul 2014,Oct 2024,100,24,124,Yes,False,R5 Deflation & stabilisation,Point + quantile + weights,Code/Blk2_Selected_PreOn/Blk2_Selected_PreOn.py,Code/common/config_Blk2_Selected_PreOn.yaml,Results/Results_Blk2_Selected_PreOn.xlsx,B21-M-073,Not started,,,,
B21-M-074,2.1,Blk2_Selected_PreOn,CCPI,Colombo Consumer Price Index,EM12,DTW,Temporal,Monthly,60,Dec 2024,Nov 2025,12,Aug 2014,Nov 2024,100,24,124,Yes,False,R5 Deflation & stabilisation,Point + quantile + weights,Code/Blk2_Selected_PreOn/Blk2_Selected_PreOn.py,Code/common/config_Blk2_Selected_PreOn.yaml,Results/Results_Blk2_Selected_PreOn.xlsx,B21-M-074,Not started,,,,
B21-M-075,2.1,Blk2_Selected_PreOn,CCPI,Colombo Consumer Price Index,EM12,DTW,Temporal,Monthly,61,Jan 2025,Dec 2025,12,Sep 2014,Dec 2024,100,24,124,Yes,False,R6 Post-stabilisation,Point + quantile + weights,Code/Blk2_Selected_PreOn/Blk2_Selected_PreOn.py,Code/common/config_Blk2_Selected_PreOn.yaml,Results/Results_Blk2_Selected_PreOn.xlsx,B21-M-075,Not started,,,,
B21-M-076,2.1,Blk2_Selected_PreOn,CCPI,Colombo Consumer Price Index,EM12,DTW,Temporal,Monthly,62,Feb 2025,Jan 2026,12,Oct 2014,Jan 2025,100,24,124,Yes,False,R6 Post-stabilisation,Point + quantile + weights,Code/Blk2_Selected_PreOn/Blk2_Selected_PreOn.py,Code/common/config_Blk2_Selected_PreOn.yaml,Results/Results_Blk2_Selected_PreOn.xlsx,B21-M-076,Not started,,,,
B21-M-077,2.1,Blk2_Selected_PreOn,CCPI,Colombo Consumer Price Index,EM12,DTW,Temporal,Monthly,63,Mar 2025,Feb 2026,12,Nov 2014,Feb 2025,100,24,124,Yes,False,R6 Post-stabilisation,Point + quantile + weights,Code/Blk2_Selected_PreOn/Blk2_Selected_PreOn.py,Code/common/config_Blk2_Selected_PreOn.yaml,Results/Results_Blk2_Selected_PreOn.xlsx,B21-M-077,Not started,,,,
B21-M-078,2.1,Blk2_Selected_PreOn,CCPI,Colombo Consumer Price Index,EM13,Soft-DTW,Temporal,Monthly,53,May 2024,Apr 2025,12,Jan 2014,Apr 2024,100,24,124,Yes,False,R5 Deflation & stabilisation,Point + quantile + weights,Code/Blk2_Selected_PreOn/Blk2_Selected_PreOn.py,Code/common/config_Blk2_Selected_PreOn.yaml,Results/Results_Blk2_Selected_PreOn.xlsx,B21-M-078,Not started,,,,
B21-M-079,2.1,Blk2_Selected_PreOn,CCPI,Colombo Consumer Price Index,EM13,Soft-DTW,Temporal,Monthly,54,Jun 2024,May 2025,12,Feb 2014,May 2024,100,24,124,Yes,False,R5 Deflation & stabilisation,Point + quantile + weights,Code/Blk2_Selected_PreOn/Blk2_Selected_PreOn.py,Code/common/config_Blk2_Selected_PreOn.yaml,Results/Results_Blk2_Selected_PreOn.xlsx,B21-M-079,Not started,,,,
B21-M-080,2.1,Blk2_Selected_PreOn,CCPI,Colombo Consumer Price Index,EM13,Soft-DTW,Temporal,Monthly,55,Jul 2024,Jun 2025,12,Mar 2014,Jun 2024,100,24,124,Yes,False,R5 Deflation & stabilisation,Point + quantile + weights,Code/Blk2_Selected_PreOn/Blk2_Selected_PreOn.py,Code/common/config_Blk2_Selected_PreOn.yaml,Results/Results_Blk2_Selected_PreOn.xlsx,B21-M-080,Not started,,,,
B21-M-081,2.1,Blk2_Selected_PreOn,CCPI,Colombo Consumer Price Index,EM13,Soft-DTW,Temporal,Monthly,56,Aug 2024,Jul 2025,12,Apr 2014,Jul 2024,100,24,124,Yes,False,R5 Deflation & stabilisation,Point + quantile + weights,Code/Blk2_Selected_PreOn/Blk2_Selected_PreOn.py,Code/common/config_Blk2_Selected_PreOn.yaml,Results/Results_Blk2_Selected_PreOn.xlsx,B21-M-081,Not started,,,,
B21-M-082,2.1,Blk2_Selected_PreOn,CCPI,Colombo Consumer Price Index,EM13,Soft-DTW,Temporal,Monthly,57,Sep 2024,Aug 2025,12,May 2014,Aug 2024,100,24,124,Yes,False,R5 Deflation & stabilisation,Point + quantile + weights,Code/Blk2_Selected_PreOn/Blk2_Selected_PreOn.py,Code/common/config_Blk2_Selected_PreOn.yaml,Results/Results_Blk2_Selected_PreOn.xlsx,B21-M-082,Not started,,,,
B21-M-083,2.1,Blk2_Selected_PreOn,CCPI,Colombo Consumer Price Index,EM13,Soft-DTW,Temporal,Monthly,58,Oct 2024,Sep 2025,12,Jun 2014,Sep 2024,100,24,124,Yes,False,R5 Deflation & stabilisation,Point + quantile + weights,Code/Blk2_Selected_PreOn/Blk2_Selected_PreOn.py,Code/common/config_Blk2_Selected_PreOn.yaml,Results/Results_Blk2_Selected_PreOn.xlsx,B21-M-083,Not started,,,,
B21-M-084,2.1,Blk2_Selected_PreOn,CCPI,Colombo Consumer Price Index,EM13,Soft-DTW,Temporal,Monthly,59,Nov 2024,Oct 2025,12,Jul 2014,Oct 2024,100,24,124,Yes,False,R5 Deflation & stabilisation,Point + quantile + weights,Code/Blk2_Selected_PreOn/Blk2_Selected_PreOn.py,Code/common/config_Blk2_Selected_PreOn.yaml,Results/Results_Blk2_Selected_PreOn.xlsx,B21-M-084,Not started,,,,
B21-M-085,2.1,Blk2_Selected_PreOn,CCPI,Colombo Consumer Price Index,EM13,Soft-DTW,Temporal,Monthly,60,Dec 2024,Nov 2025,12,Aug 2014,Nov 2024,100,24,124,Yes,False,R5 Deflation & stabilisation,Point + quantile + weights,Code/Blk2_Selected_PreOn/Blk2_Selected_PreOn.py,Code/common/config_Blk2_Selected_PreOn.yaml,Results/Results_Blk2_Selected_PreOn.xlsx,B21-M-085,Not started,,,,
B21-M-086,2.1,Blk2_Selected_PreOn,CCPI,Colombo Consumer Price Index,EM13,Soft-DTW,Temporal,Monthly,61,Jan 2025,Dec 2025,12,Sep 2014,Dec 2024,100,24,124,Yes,False,R6 Post-stabilisation,Point + quantile + weights,Code/Blk2_Selected_PreOn/Blk2_Selected_PreOn.py,Code/common/config_Blk2_Selected_PreOn.yaml,Results/Results_Blk2_Selected_PreOn.xlsx,B21-M-086,Not started,,,,
B21-M-087,2.1,Blk2_Selected_PreOn,CCPI,Colombo Consumer Price Index,EM13,Soft-DTW,Temporal,Monthly,62,Feb 2025,Jan 2026,12,Oct 2014,Jan 2025,100,24,124,Yes,False,R6 Post-stabilisation,Point + quantile + weights,Code/Blk2_Selected_PreOn/Blk2_Selected_PreOn.py,Code/common/config_Blk2_Selected_PreOn.yaml,Results/Results_Blk2_Selected_PreOn.xlsx,B21-M-087,Not started,,,,
B21-M-088,2.1,Blk2_Selected_PreOn,CCPI,Colombo Consumer Price Index,EM13,Soft-DTW,Temporal,Monthly,63,Mar 2025,Feb 2026,12,Nov 2014,Feb 2025,100,24,124,Yes,False,R6 Post-stabilisation,Point + quantile + weights,Code/Blk2_Selected_PreOn/Blk2_Selected_PreOn.py,Code/common/config_Blk2_Selected_PreOn.yaml,Results/Results_Blk2_Selected_PreOn.xlsx,B21-M-088,Not started,,,,
B21-M-089,2.1,Blk2_Selected_PreOn,CCPI,Colombo Consumer Price Index,EM14,Wasserstein,Temporal,Monthly,53,May 2024,Apr 2025,12,Jan 2014,Apr 2024,100,24,124,Yes,False,R5 Deflation & stabilisation,Point + quantile + weights,Code/Blk2_Selected_PreOn/Blk2_Selected_PreOn.py,Code/common/config_Blk2_Selected_PreOn.yaml,Results/Results_Blk2_Selected_PreOn.xlsx,B21-M-089,Not started,,,,
B21-M-090,2.1,Blk2_Selected_PreOn,CCPI,Colombo Consumer Price Index,EM14,Wasserstein,Temporal,Monthly,54,Jun 2024,May 2025,12,Feb 2014,May 2024,100,24,124,Yes,False,R5 Deflation & stabilisation,Point + quantile + weights,Code/Blk2_Selected_PreOn/Blk2_Selected_PreOn.py,Code/common/config_Blk2_Selected_PreOn.yaml,Results/Results_Blk2_Selected_PreOn.xlsx,B21-M-090,Not started,,,,
B21-M-091,2.1,Blk2_Selected_PreOn,CCPI,Colombo Consumer Price Index,EM14,Wasserstein,Temporal,Monthly,55,Jul 2024,Jun 2025,12,Mar 2014,Jun 2024,100,24,124,Yes,False,R5 Deflation & stabilisation,Point + quantile + weights,Code/Blk2_Selected_PreOn/Blk2_Selected_PreOn.py,Code/common/config_Blk2_Selected_PreOn.yaml,Results/Results_Blk2_Selected_PreOn.xlsx,B21-M-091,Not started,,,,
B21-M-092,2.1,Blk2_Selected_PreOn,CCPI,Colombo Consumer Price Index,EM14,Wasserstein,Temporal,Monthly,56,Aug 2024,Jul 2025,12,Apr 2014,Jul 2024,100,24,124,Yes,False,R5 Deflation & stabilisation,Point + quantile + weights,Code/Blk2_Selected_PreOn/Blk2_Selected_PreOn.py,Code/common/config_Blk2_Selected_PreOn.yaml,Results/Results_Blk2_Selected_PreOn.xlsx,B21-M-092,Not started,,,,
B21-M-093,2.1,Blk2_Selected_PreOn,CCPI,Colombo Consumer Price Index,EM14,Wasserstein,Temporal,Monthly,57,Sep 2024,Aug 2025,12,May 2014,Aug 2024,100,24,124,Yes,False,R5 Deflation & stabilisation,Point + quantile + weights,Code/Blk2_Selected_PreOn/Blk2_Selected_PreOn.py,Code/common/config_Blk2_Selected_PreOn.yaml,Results/Results_Blk2_Selected_PreOn.xlsx,B21-M-093,Not started,,,,
B21-M-094,2.1,Blk2_Selected_PreOn,CCPI,Colombo Consumer Price Index,EM14,Wasserstein,Temporal,Monthly,58,Oct 2024,Sep 2025,12,Jun 2014,Sep 2024,100,24,124,Yes,False,R5 Deflation & stabilisation,Point + quantile + weights,Code/Blk2_Selected_PreOn/Blk2_Selected_PreOn.py,Code/common/config_Blk2_Selected_PreOn.yaml,Results/Results_Blk2_Selected_PreOn.xlsx,B21-M-094,Not started,,,,
B21-M-095,2.1,Blk2_Selected_PreOn,CCPI,Colombo Consumer Price Index,EM14,Wasserstein,Temporal,Monthly,59,Nov 2024,Oct 2025,12,Jul 2014,Oct 2024,100,24,124,Yes,False,R5 Deflation & stabilisation,Point + quantile + weights,Code/Blk2_Selected_PreOn/Blk2_Selected_PreOn.py,Code/common/config_Blk2_Selected_PreOn.yaml,Results/Results_Blk2_Selected_PreOn.xlsx,B21-M-095,Not started,,,,
B21-M-096,2.1,Blk2_Selected_PreOn,CCPI,Colombo Consumer Price Index,EM14,Wasserstein,Temporal,Monthly,60,Dec 2024,Nov 2025,12,Aug 2014,Nov 2024,100,24,124,Yes,False,R5 Deflation & stabilisation,Point + quantile + weights,Code/Blk2_Selected_PreOn/Blk2_Selected_PreOn.py,Code/common/config_Blk2_Selected_PreOn.yaml,Results/Results_Blk2_Selected_PreOn.xlsx,B21-M-096,Not started,,,,
B21-M-097,2.1,Blk2_Selected_PreOn,CCPI,Colombo Consumer Price Index,EM14,Wasserstein,Temporal,Monthly,61,Jan 2025,Dec 2025,12,Sep 2014,Dec 2024,100,24,124,Yes,False,R6 Post-stabilisation,Point + quantile + weights,Code/Blk2_Selected_PreOn/Blk2_Selected_PreOn.py,Code/common/config_Blk2_Selected_PreOn.yaml,Results/Results_Blk2_Selected_PreOn.xlsx,B21-M-097,Not started,,,,
B21-M-098,2.1,Blk2_Selected_PreOn,CCPI,Colombo Consumer Price Index,EM14,Wasserstein,Temporal,Monthly,62,Feb 2025,Jan 2026,12,Oct 2014,Jan 2025,100,24,124,Yes,False,R6 Post-stabilisation,Point + quantile + weights,Code/Blk2_Selected_PreOn/Blk2_Selected_PreOn.py,Code/common/config_Blk2_Selected_PreOn.yaml,Results/Results_Blk2_Selected_PreOn.xlsx,B21-M-098,Not started,,,,
B21-M-099,2.1,Blk2_Selected_PreOn,CCPI,Colombo Consumer Price Index,EM14,Wasserstein,Temporal,Monthly,63,Mar 2025,Feb 2026,12,Nov 2014,Feb 2025,100,24,124,Yes,False,R6 Post-stabilisation,Point + quantile + weights,Code/Blk2_Selected_PreOn/Blk2_Selected_PreOn.py,Code/common/config_Blk2_Selected_PreOn.yaml,Results/Results_Blk2_Selected_PreOn.xlsx,B21-M-099,Not started,,,,
B22-Q-001,2.2,Blk2_Selected_PreOn,HCPI,Headline Consumer Price Index,EM1,SELECTED,Selected,Quarterly,17,Q1 2024,Q4 2024,4,Q1 2014,Q4 2023,32,8,40,Yes,False,R5 Deflation & stabilisation,Point + quantile + weights,Code/Blk2_Selected_PreOn/Blk2_Selected_PreOn.py,Code/common/config_Blk2_Selected_PreOn.yaml,Results/Results_Blk2_Selected_PreOn.xlsx,B22-Q-001,Not started,,,,
B22-Q-002,2.2,Blk2_Selected_PreOn,HCPI,Headline Consumer Price Index,EM1,SELECTED,Selected,Quarterly,18,Q2 2024,Q1 2025,4,Q2 2014,Q1 2024,32,8,40,Yes,False,R5 Deflation & stabilisation,Point + quantile + weights,Code/Blk2_Selected_PreOn/Blk2_Selected_PreOn.py,Code/common/config_Blk2_Selected_PreOn.yaml,Results/Results_Blk2_Selected_PreOn.xlsx,B22-Q-002,Not started,,,,
B22-Q-003,2.2,Blk2_Selected_PreOn,HCPI,Headline Consumer Price Index,EM1,SELECTED,Selected,Quarterly,19,Q3 2024,Q2 2025,4,Q3 2014,Q2 2024,32,8,40,Yes,False,R5 Deflation & stabilisation,Point + quantile + weights,Code/Blk2_Selected_PreOn/Blk2_Selected_PreOn.py,Code/common/config_Blk2_Selected_PreOn.yaml,Results/Results_Blk2_Selected_PreOn.xlsx,B22-Q-003,Not started,,,,
B22-Q-004,2.2,Blk2_Selected_PreOn,HCPI,Headline Consumer Price Index,EM1,SELECTED,Selected,Quarterly,20,Q4 2024,Q3 2025,4,Q4 2014,Q3 2024,32,8,40,Yes,False,R5 Deflation & stabilisation,Point + quantile + weights,Code/Blk2_Selected_PreOn/Blk2_Selected_PreOn.py,Code/common/config_Blk2_Selected_PreOn.yaml,Results/Results_Blk2_Selected_PreOn.xlsx,B22-Q-004,Not started,,,,
B22-Q-005,2.2,Blk2_Selected_PreOn,HCPI,Headline Consumer Price Index,EM1,SELECTED,Selected,Quarterly,21,Q1 2025,Q4 2025,4,Q1 2015,Q4 2024,32,8,40,Yes,False,R6 Post-stabilisation,Point + quantile + weights,Code/Blk2_Selected_PreOn/Blk2_Selected_PreOn.py,Code/common/config_Blk2_Selected_PreOn.yaml,Results/Results_Blk2_Selected_PreOn.xlsx,B22-Q-005,Not started,,,,
B22-Q-006,2.2,Blk2_Selected_PreOn,HCPI,Headline Consumer Price Index,EM1,SELECTED,Selected,Quarterly,22,Q2 2025,Q1 2026,4,Q2 2015,Q1 2025,32,8,40,Yes,False,R6 Post-stabilisation,Point + quantile + weights,Code/Blk2_Selected_PreOn/Blk2_Selected_PreOn.py,Code/common/config_Blk2_Selected_PreOn.yaml,Results/Results_Blk2_Selected_PreOn.xlsx,B22-Q-006,Not started,,,,
B22-Q-007,2.2,Blk2_Selected_PreOn,HCPI,Headline Consumer Price Index,EM1,SELECTED,Selected,Quarterly,23,Q3 2025,Q2 2026,4,Q3 2015,Q2 2025,32,8,40,Yes,False,R6 Post-stabilisation,Point + quantile + weights,Code/Blk2_Selected_PreOn/Blk2_Selected_PreOn.py,Code/common/config_Blk2_Selected_PreOn.yaml,Results/Results_Blk2_Selected_PreOn.xlsx,B22-Q-007,Not started,,,,
B22-Q-008,2.2,Blk2_Selected_PreOn,FCPI,Food Consumer Price Index,EM1,SELECTED,Selected,Quarterly,17,Q1 2024,Q4 2024,4,Q1 2014,Q4 2023,32,8,40,Yes,False,R5 Deflation & stabilisation,Point + quantile + weights,Code/Blk2_Selected_PreOn/Blk2_Selected_PreOn.py,Code/common/config_Blk2_Selected_PreOn.yaml,Results/Results_Blk2_Selected_PreOn.xlsx,B22-Q-008,Not started,,,,
B22-Q-009,2.2,Blk2_Selected_PreOn,FCPI,Food Consumer Price Index,EM1,SELECTED,Selected,Quarterly,18,Q2 2024,Q1 2025,4,Q2 2014,Q1 2024,32,8,40,Yes,False,R5 Deflation & stabilisation,Point + quantile + weights,Code/Blk2_Selected_PreOn/Blk2_Selected_PreOn.py,Code/common/config_Blk2_Selected_PreOn.yaml,Results/Results_Blk2_Selected_PreOn.xlsx,B22-Q-009,Not started,,,,
B22-Q-010,2.2,Blk2_Selected_PreOn,FCPI,Food Consumer Price Index,EM1,SELECTED,Selected,Quarterly,19,Q3 2024,Q2 2025,4,Q3 2014,Q2 2024,32,8,40,Yes,False,R5 Deflation & stabilisation,Point + quantile + weights,Code/Blk2_Selected_PreOn/Blk2_Selected_PreOn.py,Code/common/config_Blk2_Selected_PreOn.yaml,Results/Results_Blk2_Selected_PreOn.xlsx,B22-Q-010,Not started,,,,
B22-Q-011,2.2,Blk2_Selected_PreOn,FCPI,Food Consumer Price Index,EM1,SELECTED,Selected,Quarterly,20,Q4 2024,Q3 2025,4,Q4 2014,Q3 2024,32,8,40,Yes,False,R5 Deflation & stabilisation,Point + quantile + weights,Code/Blk2_Selected_PreOn/Blk2_Selected_PreOn.py,Code/common/config_Blk2_Selected_PreOn.yaml,Results/Results_Blk2_Selected_PreOn.xlsx,B22-Q-011,Not started,,,,
B22-Q-012,2.2,Blk2_Selected_PreOn,FCPI,Food Consumer Price Index,EM1,SELECTED,Selected,Quarterly,21,Q1 2025,Q4 2025,4,Q1 2015,Q4 2024,32,8,40,Yes,False,R6 Post-stabilisation,Point + quantile + weights,Code/Blk2_Selected_PreOn/Blk2_Selected_PreOn.py,Code/common/config_Blk2_Selected_PreOn.yaml,Results/Results_Blk2_Selected_PreOn.xlsx,B22-Q-012,Not started,,,,
B22-Q-013,2.2,Blk2_Selected_PreOn,FCPI,Food Consumer Price Index,EM1,SELECTED,Selected,Quarterly,22,Q2 2025,Q1 2026,4,Q2 2015,Q1 2025,32,8,40,Yes,False,R6 Post-stabilisation,Point + quantile + weights,Code/Blk2_Selected_PreOn/Blk2_Selected_PreOn.py,Code/common/config_Blk2_Selected_PreOn.yaml,Results/Results_Blk2_Selected_PreOn.xlsx,B22-Q-013,Not started,,,,
B22-Q-014,2.2,Blk2_Selected_PreOn,FCPI,Food Consumer Price Index,EM1,SELECTED,Selected,Quarterly,23,Q3 2025,Q2 2026,4,Q3 2015,Q2 2025,32,8,40,Yes,False,R6 Post-stabilisation,Point + quantile + weights,Code/Blk2_Selected_PreOn/Blk2_Selected_PreOn.py,Code/common/config_Blk2_Selected_PreOn.yaml,Results/Results_Blk2_Selected_PreOn.xlsx,B22-Q-014,Not started,,,,
B22-Q-015,2.2,Blk2_Selected_PreOn,CCPI,Colombo Consumer Price Index,EM1,SELECTED,Selected,Quarterly,16,Q4 2023,Q3 2024,4,Q4 2013,Q3 2023,32,8,40,Yes,False,R4 Sharp disinflation,Point + quantile + weights,Code/Blk2_Selected_PreOn/Blk2_Selected_PreOn.py,Code/common/config_Blk2_Selected_PreOn.yaml,Results/Results_Blk2_Selected_PreOn.xlsx,B22-Q-015,Not started,,,,
B22-Q-016,2.2,Blk2_Selected_PreOn,CCPI,Colombo Consumer Price Index,EM1,SELECTED,Selected,Quarterly,17,Q1 2024,Q4 2024,4,Q1 2014,Q4 2023,32,8,40,Yes,False,R5 Deflation & stabilisation,Point + quantile + weights,Code/Blk2_Selected_PreOn/Blk2_Selected_PreOn.py,Code/common/config_Blk2_Selected_PreOn.yaml,Results/Results_Blk2_Selected_PreOn.xlsx,B22-Q-016,Not started,,,,
B22-Q-017,2.2,Blk2_Selected_PreOn,CCPI,Colombo Consumer Price Index,EM1,SELECTED,Selected,Quarterly,18,Q2 2024,Q1 2025,4,Q2 2014,Q1 2024,32,8,40,Yes,False,R5 Deflation & stabilisation,Point + quantile + weights,Code/Blk2_Selected_PreOn/Blk2_Selected_PreOn.py,Code/common/config_Blk2_Selected_PreOn.yaml,Results/Results_Blk2_Selected_PreOn.xlsx,B22-Q-017,Not started,,,,
B22-Q-018,2.2,Blk2_Selected_PreOn,CCPI,Colombo Consumer Price Index,EM1,SELECTED,Selected,Quarterly,19,Q3 2024,Q2 2025,4,Q3 2014,Q2 2024,32,8,40,Yes,False,R5 Deflation & stabilisation,Point + quantile + weights,Code/Blk2_Selected_PreOn/Blk2_Selected_PreOn.py,Code/common/config_Blk2_Selected_PreOn.yaml,Results/Results_Blk2_Selected_PreOn.xlsx,B22-Q-018,Not started,,,,
B22-Q-019,2.2,Blk2_Selected_PreOn,CCPI,Colombo Consumer Price Index,EM1,SELECTED,Selected,Quarterly,20,Q4 2024,Q3 2025,4,Q4 2014,Q3 2024,32,8,40,Yes,False,R5 Deflation & stabilisation,Point + quantile + weights,Code/Blk2_Selected_PreOn/Blk2_Selected_PreOn.py,Code/common/config_Blk2_Selected_PreOn.yaml,Results/Results_Blk2_Selected_PreOn.xlsx,B22-Q-019,Not started,,,,
B22-Q-020,2.2,Blk2_Selected_PreOn,CCPI,Colombo Consumer Price Index,EM1,SELECTED,Selected,Quarterly,21,Q1 2025,Q4 2025,4,Q1 2015,Q4 2024,32,8,40,Yes,False,R6 Post-stabilisation,Point + quantile + weights,Code/Blk2_Selected_PreOn/Blk2_Selected_PreOn.py,Code/common/config_Blk2_Selected_PreOn.yaml,Results/Results_Blk2_Selected_PreOn.xlsx,B22-Q-020,Not started,,,,
B22-Q-021,2.2,Blk2_Selected_PreOn,CCPI,Colombo Consumer Price Index,EM1,SELECTED,Selected,Quarterly,22,Q2 2025,Q1 2026,4,Q2 2015,Q1 2025,32,8,40,Yes,False,R6 Post-stabilisation,Point + quantile + weights,Code/Blk2_Selected_PreOn/Blk2_Selected_PreOn.py,Code/common/config_Blk2_Selected_PreOn.yaml,Results/Results_Blk2_Selected_PreOn.xlsx,B22-Q-021,Not started,,,,
B22-Q-022,2.2,Blk2_Selected_PreOn,CCPI,Colombo Consumer Price Index,EM1,SELECTED,Selected,Quarterly,23,Q3 2025,Q2 2026,4,Q3 2015,Q2 2025,32,8,40,Yes,False,R6 Post-stabilisation,Point + quantile + weights,Code/Blk2_Selected_PreOn/Blk2_Selected_PreOn.py,Code/common/config_Blk2_Selected_PreOn.yaml,Results/Results_Blk2_Selected_PreOn.xlsx,B22-Q-022,Not started,,,,
B23-A-001,2.3,Blk2_Selected_PreOn,HCPI,Headline Consumer Price Index,EM1,SELECTED,Selected,Annual,5,2024,2024,1,2014,2023,8,2,10,Yes,False,R5 Deflation & stabilisation,Point + quantile + weights,Code/Blk2_Selected_PreOn/Blk2_Selected_PreOn.py,Code/common/config_Blk2_Selected_PreOn.yaml,Results/Results_Blk2_Selected_PreOn.xlsx,B23-A-001,Not started,,,,
B23-A-002,2.3,Blk2_Selected_PreOn,HCPI,Headline Consumer Price Index,EM1,SELECTED,Selected,Annual,6,2025,2025,1,2015,2024,8,2,10,Yes,False,R6 Post-stabilisation,Point + quantile + weights,Code/Blk2_Selected_PreOn/Blk2_Selected_PreOn.py,Code/common/config_Blk2_Selected_PreOn.yaml,Results/Results_Blk2_Selected_PreOn.xlsx,B23-A-002,Not started,,,,
B23-A-003,2.3,Blk2_Selected_PreOn,FCPI,Food Consumer Price Index,EM1,SELECTED,Selected,Annual,5,2024,2024,1,2014,2023,8,2,10,Yes,False,R5 Deflation & stabilisation,Point + quantile + weights,Code/Blk2_Selected_PreOn/Blk2_Selected_PreOn.py,Code/common/config_Blk2_Selected_PreOn.yaml,Results/Results_Blk2_Selected_PreOn.xlsx,B23-A-003,Not started,,,,
B23-A-004,2.3,Blk2_Selected_PreOn,FCPI,Food Consumer Price Index,EM1,SELECTED,Selected,Annual,6,2025,2025,1,2015,2024,8,2,10,Yes,False,R6 Post-stabilisation,Point + quantile + weights,Code/Blk2_Selected_PreOn/Blk2_Selected_PreOn.py,Code/common/config_Blk2_Selected_PreOn.yaml,Results/Results_Blk2_Selected_PreOn.xlsx,B23-A-004,Not started,,,,
B23-A-005,2.3,Blk2_Selected_PreOn,CCPI,Colombo Consumer Price Index,EM1,SELECTED,Selected,Annual,4,2023,2023,1,2013,2022,8,2,10,Yes,False,R4 Sharp disinflation,Point + quantile + weights,Code/Blk2_Selected_PreOn/Blk2_Selected_PreOn.py,Code/common/config_Blk2_Selected_PreOn.yaml,Results/Results_Blk2_Selected_PreOn.xlsx,B23-A-005,Not started,,,,
B23-A-006,2.3,Blk2_Selected_PreOn,CCPI,Colombo Consumer Price Index,EM1,SELECTED,Selected,Annual,5,2024,2024,1,2014,2023,8,2,10,Yes,False,R5 Deflation & stabilisation,Point + quantile + weights,Code/Blk2_Selected_PreOn/Blk2_Selected_PreOn.py,Code/common/config_Blk2_Selected_PreOn.yaml,Results/Results_Blk2_Selected_PreOn.xlsx,B23-A-006,Not started,,,,
B23-A-007,2.3,Blk2_Selected_PreOn,CCPI,Colombo Consumer Price Index,EM1,SELECTED,Selected,Annual,6,2025,2025,1,2015,2024,8,2,10,Yes,False,R6 Post-stabilisation,Point + quantile + weights,Code/Blk2_Selected_PreOn/Blk2_Selected_PreOn.py,Code/common/config_Blk2_Selected_PreOn.yaml,Results/Results_Blk2_Selected_PreOn.xlsx,B23-A-007,Not started,,,,
B31-M-001,3.1,Blk3_Selected_PreOff,HCPI,Headline Consumer Price Index,EM1,SELECTED,Selected,Monthly,53,May 2024,Apr 2025,12,Jan 2014,Apr 2024,100,24,124,No,False,R5 Deflation & stabilisation,Point + quantile + weights,Code/Blk3_Selected_PreOff/Blk3_Selected_PreOff.py,Code/common/config_Blk3_Selected_PreOff.yaml,Results/Results_Blk3_Selected_PreOff.xlsx,B31-M-001,Not started,,,,
B31-M-002,3.1,Blk3_Selected_PreOff,HCPI,Headline Consumer Price Index,EM1,SELECTED,Selected,Monthly,54,Jun 2024,May 2025,12,Feb 2014,May 2024,100,24,124,No,False,R5 Deflation & stabilisation,Point + quantile + weights,Code/Blk3_Selected_PreOff/Blk3_Selected_PreOff.py,Code/common/config_Blk3_Selected_PreOff.yaml,Results/Results_Blk3_Selected_PreOff.xlsx,B31-M-002,Not started,,,,
B31-M-003,3.1,Blk3_Selected_PreOff,HCPI,Headline Consumer Price Index,EM1,SELECTED,Selected,Monthly,55,Jul 2024,Jun 2025,12,Mar 2014,Jun 2024,100,24,124,No,False,R5 Deflation & stabilisation,Point + quantile + weights,Code/Blk3_Selected_PreOff/Blk3_Selected_PreOff.py,Code/common/config_Blk3_Selected_PreOff.yaml,Results/Results_Blk3_Selected_PreOff.xlsx,B31-M-003,Not started,,,,
B31-M-004,3.1,Blk3_Selected_PreOff,HCPI,Headline Consumer Price Index,EM1,SELECTED,Selected,Monthly,56,Aug 2024,Jul 2025,12,Apr 2014,Jul 2024,100,24,124,No,False,R5 Deflation & stabilisation,Point + quantile + weights,Code/Blk3_Selected_PreOff/Blk3_Selected_PreOff.py,Code/common/config_Blk3_Selected_PreOff.yaml,Results/Results_Blk3_Selected_PreOff.xlsx,B31-M-004,Not started,,,,
B31-M-005,3.1,Blk3_Selected_PreOff,HCPI,Headline Consumer Price Index,EM1,SELECTED,Selected,Monthly,57,Sep 2024,Aug 2025,12,May 2014,Aug 2024,100,24,124,No,False,R5 Deflation & stabilisation,Point + quantile + weights,Code/Blk3_Selected_PreOff/Blk3_Selected_PreOff.py,Code/common/config_Blk3_Selected_PreOff.yaml,Results/Results_Blk3_Selected_PreOff.xlsx,B31-M-005,Not started,,,,
B31-M-006,3.1,Blk3_Selected_PreOff,HCPI,Headline Consumer Price Index,EM1,SELECTED,Selected,Monthly,58,Oct 2024,Sep 2025,12,Jun 2014,Sep 2024,100,24,124,No,False,R5 Deflation & stabilisation,Point + quantile + weights,Code/Blk3_Selected_PreOff/Blk3_Selected_PreOff.py,Code/common/config_Blk3_Selected_PreOff.yaml,Results/Results_Blk3_Selected_PreOff.xlsx,B31-M-006,Not started,,,,
B31-M-007,3.1,Blk3_Selected_PreOff,HCPI,Headline Consumer Price Index,EM1,SELECTED,Selected,Monthly,59,Nov 2024,Oct 2025,12,Jul 2014,Oct 2024,100,24,124,No,False,R5 Deflation & stabilisation,Point + quantile + weights,Code/Blk3_Selected_PreOff/Blk3_Selected_PreOff.py,Code/common/config_Blk3_Selected_PreOff.yaml,Results/Results_Blk3_Selected_PreOff.xlsx,B31-M-007,Not started,,,,
B31-M-008,3.1,Blk3_Selected_PreOff,HCPI,Headline Consumer Price Index,EM1,SELECTED,Selected,Monthly,60,Dec 2024,Nov 2025,12,Aug 2014,Nov 2024,100,24,124,No,False,R5 Deflation & stabilisation,Point + quantile + weights,Code/Blk3_Selected_PreOff/Blk3_Selected_PreOff.py,Code/common/config_Blk3_Selected_PreOff.yaml,Results/Results_Blk3_Selected_PreOff.xlsx,B31-M-008,Not started,,,,
B31-M-009,3.1,Blk3_Selected_PreOff,HCPI,Headline Consumer Price Index,EM1,SELECTED,Selected,Monthly,61,Jan 2025,Dec 2025,12,Sep 2014,Dec 2024,100,24,124,No,False,R6 Post-stabilisation,Point + quantile + weights,Code/Blk3_Selected_PreOff/Blk3_Selected_PreOff.py,Code/common/config_Blk3_Selected_PreOff.yaml,Results/Results_Blk3_Selected_PreOff.xlsx,B31-M-009,Not started,,,,
B31-M-010,3.1,Blk3_Selected_PreOff,HCPI,Headline Consumer Price Index,EM1,SELECTED,Selected,Monthly,62,Feb 2025,Jan 2026,12,Oct 2014,Jan 2025,100,24,124,No,False,R6 Post-stabilisation,Point + quantile + weights,Code/Blk3_Selected_PreOff/Blk3_Selected_PreOff.py,Code/common/config_Blk3_Selected_PreOff.yaml,Results/Results_Blk3_Selected_PreOff.xlsx,B31-M-010,Not started,,,,
B31-M-011,3.1,Blk3_Selected_PreOff,HCPI,Headline Consumer Price Index,EM1,SELECTED,Selected,Monthly,63,Mar 2025,Feb 2026,12,Nov 2014,Feb 2025,100,24,124,No,False,R6 Post-stabilisation,Point + quantile + weights,Code/Blk3_Selected_PreOff/Blk3_Selected_PreOff.py,Code/common/config_Blk3_Selected_PreOff.yaml,Results/Results_Blk3_Selected_PreOff.xlsx,B31-M-011,Not started,,,,
B31-M-012,3.1,Blk3_Selected_PreOff,HCPI,Headline Consumer Price Index,EM1,SELECTED,Selected,Monthly,64,Apr 2025,Mar 2026,12,Dec 2014,Mar 2025,100,24,124,No,False,R6 Post-stabilisation,Point + quantile + weights,Code/Blk3_Selected_PreOff/Blk3_Selected_PreOff.py,Code/common/config_Blk3_Selected_PreOff.yaml,Results/Results_Blk3_Selected_PreOff.xlsx,B31-M-012,Not started,,,,
B31-M-013,3.1,Blk3_Selected_PreOff,HCPI,Headline Consumer Price Index,EM1,SELECTED,Selected,Monthly,65,May 2025,Apr 2026,12,Jan 2015,Apr 2025,100,24,124,No,False,R6 Post-stabilisation,Point + quantile + weights,Code/Blk3_Selected_PreOff/Blk3_Selected_PreOff.py,Code/common/config_Blk3_Selected_PreOff.yaml,Results/Results_Blk3_Selected_PreOff.xlsx,B31-M-013,Not started,,,,
B31-M-014,3.1,Blk3_Selected_PreOff,HCPI,Headline Consumer Price Index,EM1,SELECTED,Selected,Monthly,66,Jun 2025,May 2026,12,Feb 2015,May 2025,100,24,124,No,False,R6 Post-stabilisation,Point + quantile + weights,Code/Blk3_Selected_PreOff/Blk3_Selected_PreOff.py,Code/common/config_Blk3_Selected_PreOff.yaml,Results/Results_Blk3_Selected_PreOff.xlsx,B31-M-014,Not started,,,,
B31-M-015,3.1,Blk3_Selected_PreOff,HCPI,Headline Consumer Price Index,EM1,SELECTED,Selected,Monthly,67,Jul 2025,Jun 2026,12,Mar 2015,Jun 2025,100,24,124,No,False,R6 Post-stabilisation,Point + quantile + weights,Code/Blk3_Selected_PreOff/Blk3_Selected_PreOff.py,Code/common/config_Blk3_Selected_PreOff.yaml,Results/Results_Blk3_Selected_PreOff.xlsx,B31-M-015,Not started,,,,
B31-M-016,3.1,Blk3_Selected_PreOff,HCPI,Headline Consumer Price Index,EM1,SELECTED,Selected,Monthly,68,Aug 2025,Jul 2026,12,Apr 2015,Jul 2025,100,24,124,No,False,R6 Post-stabilisation,Point + quantile + weights,Code/Blk3_Selected_PreOff/Blk3_Selected_PreOff.py,Code/common/config_Blk3_Selected_PreOff.yaml,Results/Results_Blk3_Selected_PreOff.xlsx,B31-M-016,Not started,,,,
B31-M-017,3.1,Blk3_Selected_PreOff,HCPI,Headline Consumer Price Index,EM1,SELECTED,Selected,Monthly,69,Sep 2025,Aug 2026,12,May 2015,Aug 2025,100,24,124,No,False,R6 Post-stabilisation,Point + quantile + weights,Code/Blk3_Selected_PreOff/Blk3_Selected_PreOff.py,Code/common/config_Blk3_Selected_PreOff.yaml,Results/Results_Blk3_Selected_PreOff.xlsx,B31-M-017,Not started,,,,
B31-M-018,3.1,Blk3_Selected_PreOff,FCPI,Food Consumer Price Index,EM1,SELECTED,Selected,Monthly,53,May 2024,Apr 2025,12,Jan 2014,Apr 2024,100,24,124,No,False,R5 Deflation & stabilisation,Point + quantile + weights,Code/Blk3_Selected_PreOff/Blk3_Selected_PreOff.py,Code/common/config_Blk3_Selected_PreOff.yaml,Results/Results_Blk3_Selected_PreOff.xlsx,B31-M-018,Not started,,,,
B31-M-019,3.1,Blk3_Selected_PreOff,FCPI,Food Consumer Price Index,EM1,SELECTED,Selected,Monthly,54,Jun 2024,May 2025,12,Feb 2014,May 2024,100,24,124,No,False,R5 Deflation & stabilisation,Point + quantile + weights,Code/Blk3_Selected_PreOff/Blk3_Selected_PreOff.py,Code/common/config_Blk3_Selected_PreOff.yaml,Results/Results_Blk3_Selected_PreOff.xlsx,B31-M-019,Not started,,,,
B31-M-020,3.1,Blk3_Selected_PreOff,FCPI,Food Consumer Price Index,EM1,SELECTED,Selected,Monthly,55,Jul 2024,Jun 2025,12,Mar 2014,Jun 2024,100,24,124,No,False,R5 Deflation & stabilisation,Point + quantile + weights,Code/Blk3_Selected_PreOff/Blk3_Selected_PreOff.py,Code/common/config_Blk3_Selected_PreOff.yaml,Results/Results_Blk3_Selected_PreOff.xlsx,B31-M-020,Not started,,,,
B31-M-021,3.1,Blk3_Selected_PreOff,FCPI,Food Consumer Price Index,EM1,SELECTED,Selected,Monthly,56,Aug 2024,Jul 2025,12,Apr 2014,Jul 2024,100,24,124,No,False,R5 Deflation & stabilisation,Point + quantile + weights,Code/Blk3_Selected_PreOff/Blk3_Selected_PreOff.py,Code/common/config_Blk3_Selected_PreOff.yaml,Results/Results_Blk3_Selected_PreOff.xlsx,B31-M-021,Not started,,,,
B31-M-022,3.1,Blk3_Selected_PreOff,FCPI,Food Consumer Price Index,EM1,SELECTED,Selected,Monthly,57,Sep 2024,Aug 2025,12,May 2014,Aug 2024,100,24,124,No,False,R5 Deflation & stabilisation,Point + quantile + weights,Code/Blk3_Selected_PreOff/Blk3_Selected_PreOff.py,Code/common/config_Blk3_Selected_PreOff.yaml,Results/Results_Blk3_Selected_PreOff.xlsx,B31-M-022,Not started,,,,
B31-M-023,3.1,Blk3_Selected_PreOff,FCPI,Food Consumer Price Index,EM1,SELECTED,Selected,Monthly,58,Oct 2024,Sep 2025,12,Jun 2014,Sep 2024,100,24,124,No,False,R5 Deflation & stabilisation,Point + quantile + weights,Code/Blk3_Selected_PreOff/Blk3_Selected_PreOff.py,Code/common/config_Blk3_Selected_PreOff.yaml,Results/Results_Blk3_Selected_PreOff.xlsx,B31-M-023,Not started,,,,
B31-M-024,3.1,Blk3_Selected_PreOff,FCPI,Food Consumer Price Index,EM1,SELECTED,Selected,Monthly,59,Nov 2024,Oct 2025,12,Jul 2014,Oct 2024,100,24,124,No,False,R5 Deflation & stabilisation,Point + quantile + weights,Code/Blk3_Selected_PreOff/Blk3_Selected_PreOff.py,Code/common/config_Blk3_Selected_PreOff.yaml,Results/Results_Blk3_Selected_PreOff.xlsx,B31-M-024,Not started,,,,
B31-M-025,3.1,Blk3_Selected_PreOff,FCPI,Food Consumer Price Index,EM1,SELECTED,Selected,Monthly,60,Dec 2024,Nov 2025,12,Aug 2014,Nov 2024,100,24,124,No,False,R5 Deflation & stabilisation,Point + quantile + weights,Code/Blk3_Selected_PreOff/Blk3_Selected_PreOff.py,Code/common/config_Blk3_Selected_PreOff.yaml,Results/Results_Blk3_Selected_PreOff.xlsx,B31-M-025,Not started,,,,
B31-M-026,3.1,Blk3_Selected_PreOff,FCPI,Food Consumer Price Index,EM1,SELECTED,Selected,Monthly,61,Jan 2025,Dec 2025,12,Sep 2014,Dec 2024,100,24,124,No,False,R6 Post-stabilisation,Point + quantile + weights,Code/Blk3_Selected_PreOff/Blk3_Selected_PreOff.py,Code/common/config_Blk3_Selected_PreOff.yaml,Results/Results_Blk3_Selected_PreOff.xlsx,B31-M-026,Not started,,,,
B31-M-027,3.1,Blk3_Selected_PreOff,FCPI,Food Consumer Price Index,EM1,SELECTED,Selected,Monthly,62,Feb 2025,Jan 2026,12,Oct 2014,Jan 2025,100,24,124,No,False,R6 Post-stabilisation,Point + quantile + weights,Code/Blk3_Selected_PreOff/Blk3_Selected_PreOff.py,Code/common/config_Blk3_Selected_PreOff.yaml,Results/Results_Blk3_Selected_PreOff.xlsx,B31-M-027,Not started,,,,
B31-M-028,3.1,Blk3_Selected_PreOff,FCPI,Food Consumer Price Index,EM1,SELECTED,Selected,Monthly,63,Mar 2025,Feb 2026,12,Nov 2014,Feb 2025,100,24,124,No,False,R6 Post-stabilisation,Point + quantile + weights,Code/Blk3_Selected_PreOff/Blk3_Selected_PreOff.py,Code/common/config_Blk3_Selected_PreOff.yaml,Results/Results_Blk3_Selected_PreOff.xlsx,B31-M-028,Not started,,,,
B31-M-029,3.1,Blk3_Selected_PreOff,FCPI,Food Consumer Price Index,EM1,SELECTED,Selected,Monthly,64,Apr 2025,Mar 2026,12,Dec 2014,Mar 2025,100,24,124,No,False,R6 Post-stabilisation,Point + quantile + weights,Code/Blk3_Selected_PreOff/Blk3_Selected_PreOff.py,Code/common/config_Blk3_Selected_PreOff.yaml,Results/Results_Blk3_Selected_PreOff.xlsx,B31-M-029,Not started,,,,
B31-M-030,3.1,Blk3_Selected_PreOff,FCPI,Food Consumer Price Index,EM1,SELECTED,Selected,Monthly,65,May 2025,Apr 2026,12,Jan 2015,Apr 2025,100,24,124,No,False,R6 Post-stabilisation,Point + quantile + weights,Code/Blk3_Selected_PreOff/Blk3_Selected_PreOff.py,Code/common/config_Blk3_Selected_PreOff.yaml,Results/Results_Blk3_Selected_PreOff.xlsx,B31-M-030,Not started,,,,
B31-M-031,3.1,Blk3_Selected_PreOff,FCPI,Food Consumer Price Index,EM1,SELECTED,Selected,Monthly,66,Jun 2025,May 2026,12,Feb 2015,May 2025,100,24,124,No,False,R6 Post-stabilisation,Point + quantile + weights,Code/Blk3_Selected_PreOff/Blk3_Selected_PreOff.py,Code/common/config_Blk3_Selected_PreOff.yaml,Results/Results_Blk3_Selected_PreOff.xlsx,B31-M-031,Not started,,,,
B31-M-032,3.1,Blk3_Selected_PreOff,FCPI,Food Consumer Price Index,EM1,SELECTED,Selected,Monthly,67,Jul 2025,Jun 2026,12,Mar 2015,Jun 2025,100,24,124,No,False,R6 Post-stabilisation,Point + quantile + weights,Code/Blk3_Selected_PreOff/Blk3_Selected_PreOff.py,Code/common/config_Blk3_Selected_PreOff.yaml,Results/Results_Blk3_Selected_PreOff.xlsx,B31-M-032,Not started,,,,
B31-M-033,3.1,Blk3_Selected_PreOff,FCPI,Food Consumer Price Index,EM1,SELECTED,Selected,Monthly,68,Aug 2025,Jul 2026,12,Apr 2015,Jul 2025,100,24,124,No,False,R6 Post-stabilisation,Point + quantile + weights,Code/Blk3_Selected_PreOff/Blk3_Selected_PreOff.py,Code/common/config_Blk3_Selected_PreOff.yaml,Results/Results_Blk3_Selected_PreOff.xlsx,B31-M-033,Not started,,,,
B31-M-034,3.1,Blk3_Selected_PreOff,FCPI,Food Consumer Price Index,EM1,SELECTED,Selected,Monthly,69,Sep 2025,Aug 2026,12,May 2015,Aug 2025,100,24,124,No,False,R6 Post-stabilisation,Point + quantile + weights,Code/Blk3_Selected_PreOff/Blk3_Selected_PreOff.py,Code/common/config_Blk3_Selected_PreOff.yaml,Results/Results_Blk3_Selected_PreOff.xlsx,B31-M-034,Not started,,,,
B31-M-035,3.1,Blk3_Selected_PreOff,CCPI,Colombo Consumer Price Index,EM1,SELECTED,Selected,Monthly,37,Jan 2023,Dec 2023,12,Sep 2012,Dec 2022,100,24,124,No,False,R4 Sharp disinflation,Point + quantile + weights,Code/Blk3_Selected_PreOff/Blk3_Selected_PreOff.py,Code/common/config_Blk3_Selected_PreOff.yaml,Results/Results_Blk3_Selected_PreOff.xlsx,B31-M-035,Not started,,,,
B31-M-036,3.1,Blk3_Selected_PreOff,CCPI,Colombo Consumer Price Index,EM1,SELECTED,Selected,Monthly,38,Feb 2023,Jan 2024,12,Oct 2012,Jan 2023,100,24,124,No,False,R4 Sharp disinflation,Point + quantile + weights,Code/Blk3_Selected_PreOff/Blk3_Selected_PreOff.py,Code/common/config_Blk3_Selected_PreOff.yaml,Results/Results_Blk3_Selected_PreOff.xlsx,B31-M-036,Not started,,,,
B31-M-037,3.1,Blk3_Selected_PreOff,CCPI,Colombo Consumer Price Index,EM1,SELECTED,Selected,Monthly,39,Mar 2023,Feb 2024,12,Nov 2012,Feb 2023,100,24,124,No,False,R4 Sharp disinflation,Point + quantile + weights,Code/Blk3_Selected_PreOff/Blk3_Selected_PreOff.py,Code/common/config_Blk3_Selected_PreOff.yaml,Results/Results_Blk3_Selected_PreOff.xlsx,B31-M-037,Not started,,,,
B31-M-038,3.1,Blk3_Selected_PreOff,CCPI,Colombo Consumer Price Index,EM1,SELECTED,Selected,Monthly,40,Apr 2023,Mar 2024,12,Dec 2012,Mar 2023,100,24,124,No,False,R4 Sharp disinflation,Point + quantile + weights,Code/Blk3_Selected_PreOff/Blk3_Selected_PreOff.py,Code/common/config_Blk3_Selected_PreOff.yaml,Results/Results_Blk3_Selected_PreOff.xlsx,B31-M-038,Not started,,,,
B31-M-039,3.1,Blk3_Selected_PreOff,CCPI,Colombo Consumer Price Index,EM1,SELECTED,Selected,Monthly,41,May 2023,Apr 2024,12,Jan 2013,Apr 2023,100,24,124,No,False,R4 Sharp disinflation,Point + quantile + weights,Code/Blk3_Selected_PreOff/Blk3_Selected_PreOff.py,Code/common/config_Blk3_Selected_PreOff.yaml,Results/Results_Blk3_Selected_PreOff.xlsx,B31-M-039,Not started,,,,
B31-M-040,3.1,Blk3_Selected_PreOff,CCPI,Colombo Consumer Price Index,EM1,SELECTED,Selected,Monthly,42,Jun 2023,May 2024,12,Feb 2013,May 2023,100,24,124,No,False,R4 Sharp disinflation,Point + quantile + weights,Code/Blk3_Selected_PreOff/Blk3_Selected_PreOff.py,Code/common/config_Blk3_Selected_PreOff.yaml,Results/Results_Blk3_Selected_PreOff.xlsx,B31-M-040,Not started,,,,
B31-M-041,3.1,Blk3_Selected_PreOff,CCPI,Colombo Consumer Price Index,EM1,SELECTED,Selected,Monthly,43,Jul 2023,Jun 2024,12,Mar 2013,Jun 2023,100,24,124,No,False,R4 Sharp disinflation,Point + quantile + weights,Code/Blk3_Selected_PreOff/Blk3_Selected_PreOff.py,Code/common/config_Blk3_Selected_PreOff.yaml,Results/Results_Blk3_Selected_PreOff.xlsx,B31-M-041,Not started,,,,
B31-M-042,3.1,Blk3_Selected_PreOff,CCPI,Colombo Consumer Price Index,EM1,SELECTED,Selected,Monthly,44,Aug 2023,Jul 2024,12,Apr 2013,Jul 2023,100,24,124,No,False,R4 Sharp disinflation,Point + quantile + weights,Code/Blk3_Selected_PreOff/Blk3_Selected_PreOff.py,Code/common/config_Blk3_Selected_PreOff.yaml,Results/Results_Blk3_Selected_PreOff.xlsx,B31-M-042,Not started,,,,
B31-M-043,3.1,Blk3_Selected_PreOff,CCPI,Colombo Consumer Price Index,EM1,SELECTED,Selected,Monthly,45,Sep 2023,Aug 2024,12,May 2013,Aug 2023,100,24,124,No,False,R4 Sharp disinflation,Point + quantile + weights,Code/Blk3_Selected_PreOff/Blk3_Selected_PreOff.py,Code/common/config_Blk3_Selected_PreOff.yaml,Results/Results_Blk3_Selected_PreOff.xlsx,B31-M-043,Not started,,,,
B31-M-044,3.1,Blk3_Selected_PreOff,CCPI,Colombo Consumer Price Index,EM1,SELECTED,Selected,Monthly,46,Oct 2023,Sep 2024,12,Jun 2013,Sep 2023,100,24,124,No,False,R4 Sharp disinflation,Point + quantile + weights,Code/Blk3_Selected_PreOff/Blk3_Selected_PreOff.py,Code/common/config_Blk3_Selected_PreOff.yaml,Results/Results_Blk3_Selected_PreOff.xlsx,B31-M-044,Not started,,,,
B31-M-045,3.1,Blk3_Selected_PreOff,CCPI,Colombo Consumer Price Index,EM1,SELECTED,Selected,Monthly,47,Nov 2023,Oct 2024,12,Jul 2013,Oct 2023,100,24,124,No,False,R4 Sharp disinflation,Point + quantile + weights,Code/Blk3_Selected_PreOff/Blk3_Selected_PreOff.py,Code/common/config_Blk3_Selected_PreOff.yaml,Results/Results_Blk3_Selected_PreOff.xlsx,B31-M-045,Not started,,,,
B31-M-046,3.1,Blk3_Selected_PreOff,CCPI,Colombo Consumer Price Index,EM1,SELECTED,Selected,Monthly,48,Dec 2023,Nov 2024,12,Aug 2013,Nov 2023,100,24,124,No,False,R4 Sharp disinflation,Point + quantile + weights,Code/Blk3_Selected_PreOff/Blk3_Selected_PreOff.py,Code/common/config_Blk3_Selected_PreOff.yaml,Results/Results_Blk3_Selected_PreOff.xlsx,B31-M-046,Not started,,,,
B31-M-047,3.1,Blk3_Selected_PreOff,CCPI,Colombo Consumer Price Index,EM1,SELECTED,Selected,Monthly,49,Jan 2024,Dec 2024,12,Sep 2013,Dec 2023,100,24,124,No,False,R5 Deflation & stabilisation,Point + quantile + weights,Code/Blk3_Selected_PreOff/Blk3_Selected_PreOff.py,Code/common/config_Blk3_Selected_PreOff.yaml,Results/Results_Blk3_Selected_PreOff.xlsx,B31-M-047,Not started,,,,
B31-M-048,3.1,Blk3_Selected_PreOff,CCPI,Colombo Consumer Price Index,EM1,SELECTED,Selected,Monthly,50,Feb 2024,Jan 2025,12,Oct 2013,Jan 2024,100,24,124,No,False,R5 Deflation & stabilisation,Point + quantile + weights,Code/Blk3_Selected_PreOff/Blk3_Selected_PreOff.py,Code/common/config_Blk3_Selected_PreOff.yaml,Results/Results_Blk3_Selected_PreOff.xlsx,B31-M-048,Not started,,,,
B31-M-049,3.1,Blk3_Selected_PreOff,CCPI,Colombo Consumer Price Index,EM1,SELECTED,Selected,Monthly,51,Mar 2024,Feb 2025,12,Nov 2013,Feb 2024,100,24,124,No,False,R5 Deflation & stabilisation,Point + quantile + weights,Code/Blk3_Selected_PreOff/Blk3_Selected_PreOff.py,Code/common/config_Blk3_Selected_PreOff.yaml,Results/Results_Blk3_Selected_PreOff.xlsx,B31-M-049,Not started,,,,
B31-M-050,3.1,Blk3_Selected_PreOff,CCPI,Colombo Consumer Price Index,EM1,SELECTED,Selected,Monthly,52,Apr 2024,Mar 2025,12,Dec 2013,Mar 2024,100,24,124,No,False,R5 Deflation & stabilisation,Point + quantile + weights,Code/Blk3_Selected_PreOff/Blk3_Selected_PreOff.py,Code/common/config_Blk3_Selected_PreOff.yaml,Results/Results_Blk3_Selected_PreOff.xlsx,B31-M-050,Not started,,,,
B31-M-051,3.1,Blk3_Selected_PreOff,CCPI,Colombo Consumer Price Index,EM1,SELECTED,Selected,Monthly,53,May 2024,Apr 2025,12,Jan 2014,Apr 2024,100,24,124,No,False,R5 Deflation & stabilisation,Point + quantile + weights,Code/Blk3_Selected_PreOff/Blk3_Selected_PreOff.py,Code/common/config_Blk3_Selected_PreOff.yaml,Results/Results_Blk3_Selected_PreOff.xlsx,B31-M-051,Not started,,,,
B31-M-052,3.1,Blk3_Selected_PreOff,CCPI,Colombo Consumer Price Index,EM1,SELECTED,Selected,Monthly,54,Jun 2024,May 2025,12,Feb 2014,May 2024,100,24,124,No,False,R5 Deflation & stabilisation,Point + quantile + weights,Code/Blk3_Selected_PreOff/Blk3_Selected_PreOff.py,Code/common/config_Blk3_Selected_PreOff.yaml,Results/Results_Blk3_Selected_PreOff.xlsx,B31-M-052,Not started,,,,
B31-M-053,3.1,Blk3_Selected_PreOff,CCPI,Colombo Consumer Price Index,EM1,SELECTED,Selected,Monthly,55,Jul 2024,Jun 2025,12,Mar 2014,Jun 2024,100,24,124,No,False,R5 Deflation & stabilisation,Point + quantile + weights,Code/Blk3_Selected_PreOff/Blk3_Selected_PreOff.py,Code/common/config_Blk3_Selected_PreOff.yaml,Results/Results_Blk3_Selected_PreOff.xlsx,B31-M-053,Not started,,,,
B31-M-054,3.1,Blk3_Selected_PreOff,CCPI,Colombo Consumer Price Index,EM1,SELECTED,Selected,Monthly,56,Aug 2024,Jul 2025,12,Apr 2014,Jul 2024,100,24,124,No,False,R5 Deflation & stabilisation,Point + quantile + weights,Code/Blk3_Selected_PreOff/Blk3_Selected_PreOff.py,Code/common/config_Blk3_Selected_PreOff.yaml,Results/Results_Blk3_Selected_PreOff.xlsx,B31-M-054,Not started,,,,
B31-M-055,3.1,Blk3_Selected_PreOff,CCPI,Colombo Consumer Price Index,EM1,SELECTED,Selected,Monthly,57,Sep 2024,Aug 2025,12,May 2014,Aug 2024,100,24,124,No,False,R5 Deflation & stabilisation,Point + quantile + weights,Code/Blk3_Selected_PreOff/Blk3_Selected_PreOff.py,Code/common/config_Blk3_Selected_PreOff.yaml,Results/Results_Blk3_Selected_PreOff.xlsx,B31-M-055,Not started,,,,
B31-M-056,3.1,Blk3_Selected_PreOff,CCPI,Colombo Consumer Price Index,EM1,SELECTED,Selected,Monthly,58,Oct 2024,Sep 2025,12,Jun 2014,Sep 2024,100,24,124,No,False,R5 Deflation & stabilisation,Point + quantile + weights,Code/Blk3_Selected_PreOff/Blk3_Selected_PreOff.py,Code/common/config_Blk3_Selected_PreOff.yaml,Results/Results_Blk3_Selected_PreOff.xlsx,B31-M-056,Not started,,,,
B31-M-057,3.1,Blk3_Selected_PreOff,CCPI,Colombo Consumer Price Index,EM1,SELECTED,Selected,Monthly,59,Nov 2024,Oct 2025,12,Jul 2014,Oct 2024,100,24,124,No,False,R5 Deflation & stabilisation,Point + quantile + weights,Code/Blk3_Selected_PreOff/Blk3_Selected_PreOff.py,Code/common/config_Blk3_Selected_PreOff.yaml,Results/Results_Blk3_Selected_PreOff.xlsx,B31-M-057,Not started,,,,
B31-M-058,3.1,Blk3_Selected_PreOff,CCPI,Colombo Consumer Price Index,EM1,SELECTED,Selected,Monthly,60,Dec 2024,Nov 2025,12,Aug 2014,Nov 2024,100,24,124,No,False,R5 Deflation & stabilisation,Point + quantile + weights,Code/Blk3_Selected_PreOff/Blk3_Selected_PreOff.py,Code/common/config_Blk3_Selected_PreOff.yaml,Results/Results_Blk3_Selected_PreOff.xlsx,B31-M-058,Not started,,,,
B31-M-059,3.1,Blk3_Selected_PreOff,CCPI,Colombo Consumer Price Index,EM1,SELECTED,Selected,Monthly,61,Jan 2025,Dec 2025,12,Sep 2014,Dec 2024,100,24,124,No,False,R6 Post-stabilisation,Point + quantile + weights,Code/Blk3_Selected_PreOff/Blk3_Selected_PreOff.py,Code/common/config_Blk3_Selected_PreOff.yaml,Results/Results_Blk3_Selected_PreOff.xlsx,B31-M-059,Not started,,,,
B31-M-060,3.1,Blk3_Selected_PreOff,CCPI,Colombo Consumer Price Index,EM1,SELECTED,Selected,Monthly,62,Feb 2025,Jan 2026,12,Oct 2014,Jan 2025,100,24,124,No,False,R6 Post-stabilisation,Point + quantile + weights,Code/Blk3_Selected_PreOff/Blk3_Selected_PreOff.py,Code/common/config_Blk3_Selected_PreOff.yaml,Results/Results_Blk3_Selected_PreOff.xlsx,B31-M-060,Not started,,,,
B31-M-061,3.1,Blk3_Selected_PreOff,CCPI,Colombo Consumer Price Index,EM1,SELECTED,Selected,Monthly,63,Mar 2025,Feb 2026,12,Nov 2014,Feb 2025,100,24,124,No,False,R6 Post-stabilisation,Point + quantile + weights,Code/Blk3_Selected_PreOff/Blk3_Selected_PreOff.py,Code/common/config_Blk3_Selected_PreOff.yaml,Results/Results_Blk3_Selected_PreOff.xlsx,B31-M-061,Not started,,,,
B31-M-062,3.1,Blk3_Selected_PreOff,CCPI,Colombo Consumer Price Index,EM1,SELECTED,Selected,Monthly,64,Apr 2025,Mar 2026,12,Dec 2014,Mar 2025,100,24,124,No,False,R6 Post-stabilisation,Point + quantile + weights,Code/Blk3_Selected_PreOff/Blk3_Selected_PreOff.py,Code/common/config_Blk3_Selected_PreOff.yaml,Results/Results_Blk3_Selected_PreOff.xlsx,B31-M-062,Not started,,,,
B31-M-063,3.1,Blk3_Selected_PreOff,CCPI,Colombo Consumer Price Index,EM1,SELECTED,Selected,Monthly,65,May 2025,Apr 2026,12,Jan 2015,Apr 2025,100,24,124,No,False,R6 Post-stabilisation,Point + quantile + weights,Code/Blk3_Selected_PreOff/Blk3_Selected_PreOff.py,Code/common/config_Blk3_Selected_PreOff.yaml,Results/Results_Blk3_Selected_PreOff.xlsx,B31-M-063,Not started,,,,
B31-M-064,3.1,Blk3_Selected_PreOff,CCPI,Colombo Consumer Price Index,EM1,SELECTED,Selected,Monthly,66,Jun 2025,May 2026,12,Feb 2015,May 2025,100,24,124,No,False,R6 Post-stabilisation,Point + quantile + weights,Code/Blk3_Selected_PreOff/Blk3_Selected_PreOff.py,Code/common/config_Blk3_Selected_PreOff.yaml,Results/Results_Blk3_Selected_PreOff.xlsx,B31-M-064,Not started,,,,
B31-M-065,3.1,Blk3_Selected_PreOff,CCPI,Colombo Consumer Price Index,EM1,SELECTED,Selected,Monthly,67,Jul 2025,Jun 2026,12,Mar 2015,Jun 2025,100,24,124,No,False,R6 Post-stabilisation,Point + quantile + weights,Code/Blk3_Selected_PreOff/Blk3_Selected_PreOff.py,Code/common/config_Blk3_Selected_PreOff.yaml,Results/Results_Blk3_Selected_PreOff.xlsx,B31-M-065,Not started,,,,
B31-M-066,3.1,Blk3_Selected_PreOff,CCPI,Colombo Consumer Price Index,EM1,SELECTED,Selected,Monthly,68,Aug 2025,Jul 2026,12,Apr 2015,Jul 2025,100,24,124,No,False,R6 Post-stabilisation,Point + quantile + weights,Code/Blk3_Selected_PreOff/Blk3_Selected_PreOff.py,Code/common/config_Blk3_Selected_PreOff.yaml,Results/Results_Blk3_Selected_PreOff.xlsx,B31-M-066,Not started,,,,
B31-M-067,3.1,Blk3_Selected_PreOff,CCPI,Colombo Consumer Price Index,EM1,SELECTED,Selected,Monthly,69,Sep 2025,Aug 2026,12,May 2015,Aug 2025,100,24,124,No,False,R6 Post-stabilisation,Point + quantile + weights,Code/Blk3_Selected_PreOff/Blk3_Selected_PreOff.py,Code/common/config_Blk3_Selected_PreOff.yaml,Results/Results_Blk3_Selected_PreOff.xlsx,B31-M-067,Not started,,,,
B32-Q-001,3.2,Blk3_Selected_PreOff,HCPI,Headline Consumer Price Index,EM1,SELECTED,Selected,Quarterly,17,Q1 2024,Q4 2024,4,Q1 2014,Q4 2023,32,8,40,No,False,R5 Deflation & stabilisation,Point + quantile + weights,Code/Blk3_Selected_PreOff/Blk3_Selected_PreOff.py,Code/common/config_Blk3_Selected_PreOff.yaml,Results/Results_Blk3_Selected_PreOff.xlsx,B32-Q-001,Not started,,,,
B32-Q-002,3.2,Blk3_Selected_PreOff,HCPI,Headline Consumer Price Index,EM1,SELECTED,Selected,Quarterly,18,Q2 2024,Q1 2025,4,Q2 2014,Q1 2024,32,8,40,No,False,R5 Deflation & stabilisation,Point + quantile + weights,Code/Blk3_Selected_PreOff/Blk3_Selected_PreOff.py,Code/common/config_Blk3_Selected_PreOff.yaml,Results/Results_Blk3_Selected_PreOff.xlsx,B32-Q-002,Not started,,,,
B32-Q-003,3.2,Blk3_Selected_PreOff,HCPI,Headline Consumer Price Index,EM1,SELECTED,Selected,Quarterly,19,Q3 2024,Q2 2025,4,Q3 2014,Q2 2024,32,8,40,No,False,R5 Deflation & stabilisation,Point + quantile + weights,Code/Blk3_Selected_PreOff/Blk3_Selected_PreOff.py,Code/common/config_Blk3_Selected_PreOff.yaml,Results/Results_Blk3_Selected_PreOff.xlsx,B32-Q-003,Not started,,,,
B32-Q-004,3.2,Blk3_Selected_PreOff,HCPI,Headline Consumer Price Index,EM1,SELECTED,Selected,Quarterly,20,Q4 2024,Q3 2025,4,Q4 2014,Q3 2024,32,8,40,No,False,R5 Deflation & stabilisation,Point + quantile + weights,Code/Blk3_Selected_PreOff/Blk3_Selected_PreOff.py,Code/common/config_Blk3_Selected_PreOff.yaml,Results/Results_Blk3_Selected_PreOff.xlsx,B32-Q-004,Not started,,,,
B32-Q-005,3.2,Blk3_Selected_PreOff,HCPI,Headline Consumer Price Index,EM1,SELECTED,Selected,Quarterly,21,Q1 2025,Q4 2025,4,Q1 2015,Q4 2024,32,8,40,No,False,R6 Post-stabilisation,Point + quantile + weights,Code/Blk3_Selected_PreOff/Blk3_Selected_PreOff.py,Code/common/config_Blk3_Selected_PreOff.yaml,Results/Results_Blk3_Selected_PreOff.xlsx,B32-Q-005,Not started,,,,
B32-Q-006,3.2,Blk3_Selected_PreOff,HCPI,Headline Consumer Price Index,EM1,SELECTED,Selected,Quarterly,22,Q2 2025,Q1 2026,4,Q2 2015,Q1 2025,32,8,40,No,False,R6 Post-stabilisation,Point + quantile + weights,Code/Blk3_Selected_PreOff/Blk3_Selected_PreOff.py,Code/common/config_Blk3_Selected_PreOff.yaml,Results/Results_Blk3_Selected_PreOff.xlsx,B32-Q-006,Not started,,,,
B32-Q-007,3.2,Blk3_Selected_PreOff,HCPI,Headline Consumer Price Index,EM1,SELECTED,Selected,Quarterly,23,Q3 2025,Q2 2026,4,Q3 2015,Q2 2025,32,8,40,No,False,R6 Post-stabilisation,Point + quantile + weights,Code/Blk3_Selected_PreOff/Blk3_Selected_PreOff.py,Code/common/config_Blk3_Selected_PreOff.yaml,Results/Results_Blk3_Selected_PreOff.xlsx,B32-Q-007,Not started,,,,
B32-Q-008,3.2,Blk3_Selected_PreOff,FCPI,Food Consumer Price Index,EM1,SELECTED,Selected,Quarterly,17,Q1 2024,Q4 2024,4,Q1 2014,Q4 2023,32,8,40,No,False,R5 Deflation & stabilisation,Point + quantile + weights,Code/Blk3_Selected_PreOff/Blk3_Selected_PreOff.py,Code/common/config_Blk3_Selected_PreOff.yaml,Results/Results_Blk3_Selected_PreOff.xlsx,B32-Q-008,Not started,,,,
B32-Q-009,3.2,Blk3_Selected_PreOff,FCPI,Food Consumer Price Index,EM1,SELECTED,Selected,Quarterly,18,Q2 2024,Q1 2025,4,Q2 2014,Q1 2024,32,8,40,No,False,R5 Deflation & stabilisation,Point + quantile + weights,Code/Blk3_Selected_PreOff/Blk3_Selected_PreOff.py,Code/common/config_Blk3_Selected_PreOff.yaml,Results/Results_Blk3_Selected_PreOff.xlsx,B32-Q-009,Not started,,,,
B32-Q-010,3.2,Blk3_Selected_PreOff,FCPI,Food Consumer Price Index,EM1,SELECTED,Selected,Quarterly,19,Q3 2024,Q2 2025,4,Q3 2014,Q2 2024,32,8,40,No,False,R5 Deflation & stabilisation,Point + quantile + weights,Code/Blk3_Selected_PreOff/Blk3_Selected_PreOff.py,Code/common/config_Blk3_Selected_PreOff.yaml,Results/Results_Blk3_Selected_PreOff.xlsx,B32-Q-010,Not started,,,,
B32-Q-011,3.2,Blk3_Selected_PreOff,FCPI,Food Consumer Price Index,EM1,SELECTED,Selected,Quarterly,20,Q4 2024,Q3 2025,4,Q4 2014,Q3 2024,32,8,40,No,False,R5 Deflation & stabilisation,Point + quantile + weights,Code/Blk3_Selected_PreOff/Blk3_Selected_PreOff.py,Code/common/config_Blk3_Selected_PreOff.yaml,Results/Results_Blk3_Selected_PreOff.xlsx,B32-Q-011,Not started,,,,
B32-Q-012,3.2,Blk3_Selected_PreOff,FCPI,Food Consumer Price Index,EM1,SELECTED,Selected,Quarterly,21,Q1 2025,Q4 2025,4,Q1 2015,Q4 2024,32,8,40,No,False,R6 Post-stabilisation,Point + quantile + weights,Code/Blk3_Selected_PreOff/Blk3_Selected_PreOff.py,Code/common/config_Blk3_Selected_PreOff.yaml,Results/Results_Blk3_Selected_PreOff.xlsx,B32-Q-012,Not started,,,,
B32-Q-013,3.2,Blk3_Selected_PreOff,FCPI,Food Consumer Price Index,EM1,SELECTED,Selected,Quarterly,22,Q2 2025,Q1 2026,4,Q2 2015,Q1 2025,32,8,40,No,False,R6 Post-stabilisation,Point + quantile + weights,Code/Blk3_Selected_PreOff/Blk3_Selected_PreOff.py,Code/common/config_Blk3_Selected_PreOff.yaml,Results/Results_Blk3_Selected_PreOff.xlsx,B32-Q-013,Not started,,,,
B32-Q-014,3.2,Blk3_Selected_PreOff,FCPI,Food Consumer Price Index,EM1,SELECTED,Selected,Quarterly,23,Q3 2025,Q2 2026,4,Q3 2015,Q2 2025,32,8,40,No,False,R6 Post-stabilisation,Point + quantile + weights,Code/Blk3_Selected_PreOff/Blk3_Selected_PreOff.py,Code/common/config_Blk3_Selected_PreOff.yaml,Results/Results_Blk3_Selected_PreOff.xlsx,B32-Q-014,Not started,,,,
B32-Q-015,3.2,Blk3_Selected_PreOff,CCPI,Colombo Consumer Price Index,EM1,SELECTED,Selected,Quarterly,12,Q4 2022,Q3 2023,4,Q4 2012,Q3 2022,32,8,40,No,False,R3 Crisis & hyperinflation,Point + quantile + weights,Code/Blk3_Selected_PreOff/Blk3_Selected_PreOff.py,Code/common/config_Blk3_Selected_PreOff.yaml,Results/Results_Blk3_Selected_PreOff.xlsx,B32-Q-015,Not started,,,,
B32-Q-016,3.2,Blk3_Selected_PreOff,CCPI,Colombo Consumer Price Index,EM1,SELECTED,Selected,Quarterly,13,Q1 2023,Q4 2023,4,Q1 2013,Q4 2022,32,8,40,No,False,R4 Sharp disinflation,Point + quantile + weights,Code/Blk3_Selected_PreOff/Blk3_Selected_PreOff.py,Code/common/config_Blk3_Selected_PreOff.yaml,Results/Results_Blk3_Selected_PreOff.xlsx,B32-Q-016,Not started,,,,
B32-Q-017,3.2,Blk3_Selected_PreOff,CCPI,Colombo Consumer Price Index,EM1,SELECTED,Selected,Quarterly,14,Q2 2023,Q1 2024,4,Q2 2013,Q1 2023,32,8,40,No,False,R4 Sharp disinflation,Point + quantile + weights,Code/Blk3_Selected_PreOff/Blk3_Selected_PreOff.py,Code/common/config_Blk3_Selected_PreOff.yaml,Results/Results_Blk3_Selected_PreOff.xlsx,B32-Q-017,Not started,,,,
B32-Q-018,3.2,Blk3_Selected_PreOff,CCPI,Colombo Consumer Price Index,EM1,SELECTED,Selected,Quarterly,15,Q3 2023,Q2 2024,4,Q3 2013,Q2 2023,32,8,40,No,False,R4 Sharp disinflation,Point + quantile + weights,Code/Blk3_Selected_PreOff/Blk3_Selected_PreOff.py,Code/common/config_Blk3_Selected_PreOff.yaml,Results/Results_Blk3_Selected_PreOff.xlsx,B32-Q-018,Not started,,,,
B32-Q-019,3.2,Blk3_Selected_PreOff,CCPI,Colombo Consumer Price Index,EM1,SELECTED,Selected,Quarterly,16,Q4 2023,Q3 2024,4,Q4 2013,Q3 2023,32,8,40,No,False,R4 Sharp disinflation,Point + quantile + weights,Code/Blk3_Selected_PreOff/Blk3_Selected_PreOff.py,Code/common/config_Blk3_Selected_PreOff.yaml,Results/Results_Blk3_Selected_PreOff.xlsx,B32-Q-019,Not started,,,,
B32-Q-020,3.2,Blk3_Selected_PreOff,CCPI,Colombo Consumer Price Index,EM1,SELECTED,Selected,Quarterly,17,Q1 2024,Q4 2024,4,Q1 2014,Q4 2023,32,8,40,No,False,R5 Deflation & stabilisation,Point + quantile + weights,Code/Blk3_Selected_PreOff/Blk3_Selected_PreOff.py,Code/common/config_Blk3_Selected_PreOff.yaml,Results/Results_Blk3_Selected_PreOff.xlsx,B32-Q-020,Not started,,,,
B32-Q-021,3.2,Blk3_Selected_PreOff,CCPI,Colombo Consumer Price Index,EM1,SELECTED,Selected,Quarterly,18,Q2 2024,Q1 2025,4,Q2 2014,Q1 2024,32,8,40,No,False,R5 Deflation & stabilisation,Point + quantile + weights,Code/Blk3_Selected_PreOff/Blk3_Selected_PreOff.py,Code/common/config_Blk3_Selected_PreOff.yaml,Results/Results_Blk3_Selected_PreOff.xlsx,B32-Q-021,Not started,,,,
B32-Q-022,3.2,Blk3_Selected_PreOff,CCPI,Colombo Consumer Price Index,EM1,SELECTED,Selected,Quarterly,19,Q3 2024,Q2 2025,4,Q3 2014,Q2 2024,32,8,40,No,False,R5 Deflation & stabilisation,Point + quantile + weights,Code/Blk3_Selected_PreOff/Blk3_Selected_PreOff.py,Code/common/config_Blk3_Selected_PreOff.yaml,Results/Results_Blk3_Selected_PreOff.xlsx,B32-Q-022,Not started,,,,
B32-Q-023,3.2,Blk3_Selected_PreOff,CCPI,Colombo Consumer Price Index,EM1,SELECTED,Selected,Quarterly,20,Q4 2024,Q3 2025,4,Q4 2014,Q3 2024,32,8,40,No,False,R5 Deflation & stabilisation,Point + quantile + weights,Code/Blk3_Selected_PreOff/Blk3_Selected_PreOff.py,Code/common/config_Blk3_Selected_PreOff.yaml,Results/Results_Blk3_Selected_PreOff.xlsx,B32-Q-023,Not started,,,,
B32-Q-024,3.2,Blk3_Selected_PreOff,CCPI,Colombo Consumer Price Index,EM1,SELECTED,Selected,Quarterly,21,Q1 2025,Q4 2025,4,Q1 2015,Q4 2024,32,8,40,No,False,R6 Post-stabilisation,Point + quantile + weights,Code/Blk3_Selected_PreOff/Blk3_Selected_PreOff.py,Code/common/config_Blk3_Selected_PreOff.yaml,Results/Results_Blk3_Selected_PreOff.xlsx,B32-Q-024,Not started,,,,
B32-Q-025,3.2,Blk3_Selected_PreOff,CCPI,Colombo Consumer Price Index,EM1,SELECTED,Selected,Quarterly,22,Q2 2025,Q1 2026,4,Q2 2015,Q1 2025,32,8,40,No,False,R6 Post-stabilisation,Point + quantile + weights,Code/Blk3_Selected_PreOff/Blk3_Selected_PreOff.py,Code/common/config_Blk3_Selected_PreOff.yaml,Results/Results_Blk3_Selected_PreOff.xlsx,B32-Q-025,Not started,,,,
B32-Q-026,3.2,Blk3_Selected_PreOff,CCPI,Colombo Consumer Price Index,EM1,SELECTED,Selected,Quarterly,23,Q3 2025,Q2 2026,4,Q3 2015,Q2 2025,32,8,40,No,False,R6 Post-stabilisation,Point + quantile + weights,Code/Blk3_Selected_PreOff/Blk3_Selected_PreOff.py,Code/common/config_Blk3_Selected_PreOff.yaml,Results/Results_Blk3_Selected_PreOff.xlsx,B32-Q-026,Not started,,,,
B33-A-001,3.3,Blk3_Selected_PreOff,HCPI,Headline Consumer Price Index,EM1,SELECTED,Selected,Annual,5,2024,2024,1,2014,2023,8,2,10,No,False,R5 Deflation & stabilisation,Point + quantile + weights,Code/Blk3_Selected_PreOff/Blk3_Selected_PreOff.py,Code/common/config_Blk3_Selected_PreOff.yaml,Results/Results_Blk3_Selected_PreOff.xlsx,B33-A-001,Not started,,,,
B33-A-002,3.3,Blk3_Selected_PreOff,HCPI,Headline Consumer Price Index,EM1,SELECTED,Selected,Annual,6,2025,2025,1,2015,2024,8,2,10,No,False,R6 Post-stabilisation,Point + quantile + weights,Code/Blk3_Selected_PreOff/Blk3_Selected_PreOff.py,Code/common/config_Blk3_Selected_PreOff.yaml,Results/Results_Blk3_Selected_PreOff.xlsx,B33-A-002,Not started,,,,
B33-A-003,3.3,Blk3_Selected_PreOff,FCPI,Food Consumer Price Index,EM1,SELECTED,Selected,Annual,5,2024,2024,1,2014,2023,8,2,10,No,False,R5 Deflation & stabilisation,Point + quantile + weights,Code/Blk3_Selected_PreOff/Blk3_Selected_PreOff.py,Code/common/config_Blk3_Selected_PreOff.yaml,Results/Results_Blk3_Selected_PreOff.xlsx,B33-A-003,Not started,,,,
B33-A-004,3.3,Blk3_Selected_PreOff,FCPI,Food Consumer Price Index,EM1,SELECTED,Selected,Annual,6,2025,2025,1,2015,2024,8,2,10,No,False,R6 Post-stabilisation,Point + quantile + weights,Code/Blk3_Selected_PreOff/Blk3_Selected_PreOff.py,Code/common/config_Blk3_Selected_PreOff.yaml,Results/Results_Blk3_Selected_PreOff.xlsx,B33-A-004,Not started,,,,
B33-A-005,3.3,Blk3_Selected_PreOff,CCPI,Colombo Consumer Price Index,EM1,SELECTED,Selected,Annual,4,2023,2023,1,2013,2022,8,2,10,No,False,R4 Sharp disinflation,Point + quantile + weights,Code/Blk3_Selected_PreOff/Blk3_Selected_PreOff.py,Code/common/config_Blk3_Selected_PreOff.yaml,Results/Results_Blk3_Selected_PreOff.xlsx,B33-A-005,Not started,,,,
B33-A-006,3.3,Blk3_Selected_PreOff,CCPI,Colombo Consumer Price Index,EM1,SELECTED,Selected,Annual,5,2024,2024,1,2014,2023,8,2,10,No,False,R5 Deflation & stabilisation,Point + quantile + weights,Code/Blk3_Selected_PreOff/Blk3_Selected_PreOff.py,Code/common/config_Blk3_Selected_PreOff.yaml,Results/Results_Blk3_Selected_PreOff.xlsx,B33-A-006,Not started,,,,
B33-A-007,3.3,Blk3_Selected_PreOff,CCPI,Colombo Consumer Price Index,EM1,SELECTED,Selected,Annual,6,2025,2025,1,2015,2024,8,2,10,No,False,R6 Post-stabilisation,Point + quantile + weights,Code/Blk3_Selected_PreOff/Blk3_Selected_PreOff.py,Code/common/config_Blk3_Selected_PreOff.yaml,Results/Results_Blk3_Selected_PreOff.xlsx,B33-A-007,Not started,,,,
B41-M-001,4.1,Blk4_ShortWindow,HCPI,Headline Consumer Price Index,EM12,DTW,Temporal,Monthly,1,Jan 2020,Dec 2020,12,Jan 2014,Dec 2019,48,24,72,No,False,R1 COVID-19 shock,Point + quantile + weights,Code/Blk4_ShortWindow/Blk4_ShortWindow.py,Code/common/config_Blk4_ShortWindow.yaml,Results/Results_Blk4_ShortWindow.xlsx,B41-M-001,Not started,,,,
B41-M-002,4.1,Blk4_ShortWindow,HCPI,Headline Consumer Price Index,EM12,DTW,Temporal,Monthly,2,Feb 2020,Jan 2021,12,Feb 2014,Jan 2020,48,24,72,No,False,R1 COVID-19 shock,Point + quantile + weights,Code/Blk4_ShortWindow/Blk4_ShortWindow.py,Code/common/config_Blk4_ShortWindow.yaml,Results/Results_Blk4_ShortWindow.xlsx,B41-M-002,Not started,,,,
B41-M-003,4.1,Blk4_ShortWindow,HCPI,Headline Consumer Price Index,EM12,DTW,Temporal,Monthly,3,Mar 2020,Feb 2021,12,Mar 2014,Feb 2020,48,24,72,No,False,R1 COVID-19 shock,Point + quantile + weights,Code/Blk4_ShortWindow/Blk4_ShortWindow.py,Code/common/config_Blk4_ShortWindow.yaml,Results/Results_Blk4_ShortWindow.xlsx,B41-M-003,Not started,,,,
B41-M-004,4.1,Blk4_ShortWindow,HCPI,Headline Consumer Price Index,EM12,DTW,Temporal,Monthly,4,Apr 2020,Mar 2021,12,Apr 2014,Mar 2020,48,24,72,No,False,R1 COVID-19 shock,Point + quantile + weights,Code/Blk4_ShortWindow/Blk4_ShortWindow.py,Code/common/config_Blk4_ShortWindow.yaml,Results/Results_Blk4_ShortWindow.xlsx,B41-M-004,Not started,,,,
B41-M-005,4.1,Blk4_ShortWindow,HCPI,Headline Consumer Price Index,EM12,DTW,Temporal,Monthly,5,May 2020,Apr 2021,12,May 2014,Apr 2020,48,24,72,No,False,R1 COVID-19 shock,Point + quantile + weights,Code/Blk4_ShortWindow/Blk4_ShortWindow.py,Code/common/config_Blk4_ShortWindow.yaml,Results/Results_Blk4_ShortWindow.xlsx,B41-M-005,Not started,,,,
B41-M-006,4.1,Blk4_ShortWindow,HCPI,Headline Consumer Price Index,EM12,DTW,Temporal,Monthly,6,Jun 2020,May 2021,12,Jun 2014,May 2020,48,24,72,No,False,R1 COVID-19 shock,Point + quantile + weights,Code/Blk4_ShortWindow/Blk4_ShortWindow.py,Code/common/config_Blk4_ShortWindow.yaml,Results/Results_Blk4_ShortWindow.xlsx,B41-M-006,Not started,,,,
B41-M-007,4.1,Blk4_ShortWindow,HCPI,Headline Consumer Price Index,EM12,DTW,Temporal,Monthly,7,Jul 2020,Jun 2021,12,Jul 2014,Jun 2020,48,24,72,No,False,R1 COVID-19 shock,Point + quantile + weights,Code/Blk4_ShortWindow/Blk4_ShortWindow.py,Code/common/config_Blk4_ShortWindow.yaml,Results/Results_Blk4_ShortWindow.xlsx,B41-M-007,Not started,,,,
B41-M-008,4.1,Blk4_ShortWindow,HCPI,Headline Consumer Price Index,EM12,DTW,Temporal,Monthly,8,Aug 2020,Jul 2021,12,Aug 2014,Jul 2020,48,24,72,No,False,R1 COVID-19 shock,Point + quantile + weights,Code/Blk4_ShortWindow/Blk4_ShortWindow.py,Code/common/config_Blk4_ShortWindow.yaml,Results/Results_Blk4_ShortWindow.xlsx,B41-M-008,Not started,,,,
B41-M-009,4.1,Blk4_ShortWindow,HCPI,Headline Consumer Price Index,EM12,DTW,Temporal,Monthly,9,Sep 2020,Aug 2021,12,Sep 2014,Aug 2020,48,24,72,No,False,R1 COVID-19 shock,Point + quantile + weights,Code/Blk4_ShortWindow/Blk4_ShortWindow.py,Code/common/config_Blk4_ShortWindow.yaml,Results/Results_Blk4_ShortWindow.xlsx,B41-M-009,Not started,,,,
B41-M-010,4.1,Blk4_ShortWindow,HCPI,Headline Consumer Price Index,EM12,DTW,Temporal,Monthly,10,Oct 2020,Sep 2021,12,Oct 2014,Sep 2020,48,24,72,No,False,R1 COVID-19 shock,Point + quantile + weights,Code/Blk4_ShortWindow/Blk4_ShortWindow.py,Code/common/config_Blk4_ShortWindow.yaml,Results/Results_Blk4_ShortWindow.xlsx,B41-M-010,Not started,,,,
B41-M-011,4.1,Blk4_ShortWindow,HCPI,Headline Consumer Price Index,EM12,DTW,Temporal,Monthly,11,Nov 2020,Oct 2021,12,Nov 2014,Oct 2020,48,24,72,No,False,R1 COVID-19 shock,Point + quantile + weights,Code/Blk4_ShortWindow/Blk4_ShortWindow.py,Code/common/config_Blk4_ShortWindow.yaml,Results/Results_Blk4_ShortWindow.xlsx,B41-M-011,Not started,,,,
B41-M-012,4.1,Blk4_ShortWindow,HCPI,Headline Consumer Price Index,EM12,DTW,Temporal,Monthly,12,Dec 2020,Nov 2021,12,Dec 2014,Nov 2020,48,24,72,No,False,R1 COVID-19 shock,Point + quantile + weights,Code/Blk4_ShortWindow/Blk4_ShortWindow.py,Code/common/config_Blk4_ShortWindow.yaml,Results/Results_Blk4_ShortWindow.xlsx,B41-M-012,Not started,,,,
B41-M-013,4.1,Blk4_ShortWindow,HCPI,Headline Consumer Price Index,EM12,DTW,Temporal,Monthly,13,Jan 2021,Dec 2021,12,Jan 2015,Dec 2020,48,24,72,No,False,R2 Pre-crisis build-up,Point + quantile + weights,Code/Blk4_ShortWindow/Blk4_ShortWindow.py,Code/common/config_Blk4_ShortWindow.yaml,Results/Results_Blk4_ShortWindow.xlsx,B41-M-013,Not started,,,,
B41-M-014,4.1,Blk4_ShortWindow,HCPI,Headline Consumer Price Index,EM12,DTW,Temporal,Monthly,14,Feb 2021,Jan 2022,12,Feb 2015,Jan 2021,48,24,72,No,False,R2 Pre-crisis build-up,Point + quantile + weights,Code/Blk4_ShortWindow/Blk4_ShortWindow.py,Code/common/config_Blk4_ShortWindow.yaml,Results/Results_Blk4_ShortWindow.xlsx,B41-M-014,Not started,,,,
B41-M-015,4.1,Blk4_ShortWindow,HCPI,Headline Consumer Price Index,EM12,DTW,Temporal,Monthly,15,Mar 2021,Feb 2022,12,Mar 2015,Feb 2021,48,24,72,No,False,R2 Pre-crisis build-up,Point + quantile + weights,Code/Blk4_ShortWindow/Blk4_ShortWindow.py,Code/common/config_Blk4_ShortWindow.yaml,Results/Results_Blk4_ShortWindow.xlsx,B41-M-015,Not started,,,,
B41-M-016,4.1,Blk4_ShortWindow,HCPI,Headline Consumer Price Index,EM12,DTW,Temporal,Monthly,16,Apr 2021,Mar 2022,12,Apr 2015,Mar 2021,48,24,72,No,False,R2 Pre-crisis build-up,Point + quantile + weights,Code/Blk4_ShortWindow/Blk4_ShortWindow.py,Code/common/config_Blk4_ShortWindow.yaml,Results/Results_Blk4_ShortWindow.xlsx,B41-M-016,Not started,,,,
B41-M-017,4.1,Blk4_ShortWindow,HCPI,Headline Consumer Price Index,EM12,DTW,Temporal,Monthly,17,May 2021,Apr 2022,12,May 2015,Apr 2021,48,24,72,No,False,R2 Pre-crisis build-up,Point + quantile + weights,Code/Blk4_ShortWindow/Blk4_ShortWindow.py,Code/common/config_Blk4_ShortWindow.yaml,Results/Results_Blk4_ShortWindow.xlsx,B41-M-017,Not started,,,,
B41-M-018,4.1,Blk4_ShortWindow,HCPI,Headline Consumer Price Index,EM12,DTW,Temporal,Monthly,18,Jun 2021,May 2022,12,Jun 2015,May 2021,48,24,72,No,False,R2 Pre-crisis build-up,Point + quantile + weights,Code/Blk4_ShortWindow/Blk4_ShortWindow.py,Code/common/config_Blk4_ShortWindow.yaml,Results/Results_Blk4_ShortWindow.xlsx,B41-M-018,Not started,,,,
B41-M-019,4.1,Blk4_ShortWindow,HCPI,Headline Consumer Price Index,EM12,DTW,Temporal,Monthly,19,Jul 2021,Jun 2022,12,Jul 2015,Jun 2021,48,24,72,No,False,R2 Pre-crisis build-up,Point + quantile + weights,Code/Blk4_ShortWindow/Blk4_ShortWindow.py,Code/common/config_Blk4_ShortWindow.yaml,Results/Results_Blk4_ShortWindow.xlsx,B41-M-019,Not started,,,,
B41-M-020,4.1,Blk4_ShortWindow,HCPI,Headline Consumer Price Index,EM12,DTW,Temporal,Monthly,20,Aug 2021,Jul 2022,12,Aug 2015,Jul 2021,48,24,72,No,False,R2 Pre-crisis build-up,Point + quantile + weights,Code/Blk4_ShortWindow/Blk4_ShortWindow.py,Code/common/config_Blk4_ShortWindow.yaml,Results/Results_Blk4_ShortWindow.xlsx,B41-M-020,Not started,,,,
B41-M-021,4.1,Blk4_ShortWindow,HCPI,Headline Consumer Price Index,EM12,DTW,Temporal,Monthly,21,Sep 2021,Aug 2022,12,Sep 2015,Aug 2021,48,24,72,No,False,R2 Pre-crisis build-up,Point + quantile + weights,Code/Blk4_ShortWindow/Blk4_ShortWindow.py,Code/common/config_Blk4_ShortWindow.yaml,Results/Results_Blk4_ShortWindow.xlsx,B41-M-021,Not started,,,,
B41-M-022,4.1,Blk4_ShortWindow,HCPI,Headline Consumer Price Index,EM12,DTW,Temporal,Monthly,22,Oct 2021,Sep 2022,12,Oct 2015,Sep 2021,48,24,72,No,False,R2 Pre-crisis build-up,Point + quantile + weights,Code/Blk4_ShortWindow/Blk4_ShortWindow.py,Code/common/config_Blk4_ShortWindow.yaml,Results/Results_Blk4_ShortWindow.xlsx,B41-M-022,Not started,,,,
B41-M-023,4.1,Blk4_ShortWindow,HCPI,Headline Consumer Price Index,EM12,DTW,Temporal,Monthly,23,Nov 2021,Oct 2022,12,Nov 2015,Oct 2021,48,24,72,No,False,R2 Pre-crisis build-up,Point + quantile + weights,Code/Blk4_ShortWindow/Blk4_ShortWindow.py,Code/common/config_Blk4_ShortWindow.yaml,Results/Results_Blk4_ShortWindow.xlsx,B41-M-023,Not started,,,,
B41-M-024,4.1,Blk4_ShortWindow,HCPI,Headline Consumer Price Index,EM12,DTW,Temporal,Monthly,24,Dec 2021,Nov 2022,12,Dec 2015,Nov 2021,48,24,72,No,False,R2 Pre-crisis build-up,Point + quantile + weights,Code/Blk4_ShortWindow/Blk4_ShortWindow.py,Code/common/config_Blk4_ShortWindow.yaml,Results/Results_Blk4_ShortWindow.xlsx,B41-M-024,Not started,,,,
B41-M-025,4.1,Blk4_ShortWindow,HCPI,Headline Consumer Price Index,EM12,DTW,Temporal,Monthly,25,Jan 2022,Dec 2022,12,Jan 2016,Dec 2021,48,24,72,No,False,R3 Crisis & hyperinflation,Point + quantile + weights,Code/Blk4_ShortWindow/Blk4_ShortWindow.py,Code/common/config_Blk4_ShortWindow.yaml,Results/Results_Blk4_ShortWindow.xlsx,B41-M-025,Not started,,,,
B41-M-026,4.1,Blk4_ShortWindow,HCPI,Headline Consumer Price Index,EM12,DTW,Temporal,Monthly,26,Feb 2022,Jan 2023,12,Feb 2016,Jan 2022,48,24,72,No,False,R3 Crisis & hyperinflation,Point + quantile + weights,Code/Blk4_ShortWindow/Blk4_ShortWindow.py,Code/common/config_Blk4_ShortWindow.yaml,Results/Results_Blk4_ShortWindow.xlsx,B41-M-026,Not started,,,,
B41-M-027,4.1,Blk4_ShortWindow,HCPI,Headline Consumer Price Index,EM12,DTW,Temporal,Monthly,27,Mar 2022,Feb 2023,12,Mar 2016,Feb 2022,48,24,72,No,False,R3 Crisis & hyperinflation,Point + quantile + weights,Code/Blk4_ShortWindow/Blk4_ShortWindow.py,Code/common/config_Blk4_ShortWindow.yaml,Results/Results_Blk4_ShortWindow.xlsx,B41-M-027,Not started,,,,
B41-M-028,4.1,Blk4_ShortWindow,HCPI,Headline Consumer Price Index,EM12,DTW,Temporal,Monthly,28,Apr 2022,Mar 2023,12,Apr 2016,Mar 2022,48,24,72,No,False,R3 Crisis & hyperinflation,Point + quantile + weights,Code/Blk4_ShortWindow/Blk4_ShortWindow.py,Code/common/config_Blk4_ShortWindow.yaml,Results/Results_Blk4_ShortWindow.xlsx,B41-M-028,Not started,,,,
B41-M-029,4.1,Blk4_ShortWindow,HCPI,Headline Consumer Price Index,EM12,DTW,Temporal,Monthly,29,May 2022,Apr 2023,12,May 2016,Apr 2022,48,24,72,No,False,R3 Crisis & hyperinflation,Point + quantile + weights,Code/Blk4_ShortWindow/Blk4_ShortWindow.py,Code/common/config_Blk4_ShortWindow.yaml,Results/Results_Blk4_ShortWindow.xlsx,B41-M-029,Not started,,,,
B41-M-030,4.1,Blk4_ShortWindow,HCPI,Headline Consumer Price Index,EM12,DTW,Temporal,Monthly,30,Jun 2022,May 2023,12,Jun 2016,May 2022,48,24,72,No,False,R3 Crisis & hyperinflation,Point + quantile + weights,Code/Blk4_ShortWindow/Blk4_ShortWindow.py,Code/common/config_Blk4_ShortWindow.yaml,Results/Results_Blk4_ShortWindow.xlsx,B41-M-030,Not started,,,,
B41-M-031,4.1,Blk4_ShortWindow,HCPI,Headline Consumer Price Index,EM12,DTW,Temporal,Monthly,31,Jul 2022,Jun 2023,12,Jul 2016,Jun 2022,48,24,72,No,False,R3 Crisis & hyperinflation,Point + quantile + weights,Code/Blk4_ShortWindow/Blk4_ShortWindow.py,Code/common/config_Blk4_ShortWindow.yaml,Results/Results_Blk4_ShortWindow.xlsx,B41-M-031,Not started,,,,
B41-M-032,4.1,Blk4_ShortWindow,HCPI,Headline Consumer Price Index,EM12,DTW,Temporal,Monthly,32,Aug 2022,Jul 2023,12,Aug 2016,Jul 2022,48,24,72,No,False,R3 Crisis & hyperinflation,Point + quantile + weights,Code/Blk4_ShortWindow/Blk4_ShortWindow.py,Code/common/config_Blk4_ShortWindow.yaml,Results/Results_Blk4_ShortWindow.xlsx,B41-M-032,Not started,,,,
B41-M-033,4.1,Blk4_ShortWindow,HCPI,Headline Consumer Price Index,EM12,DTW,Temporal,Monthly,33,Sep 2022,Aug 2023,12,Sep 2016,Aug 2022,48,24,72,No,False,R3 Crisis & hyperinflation,Point + quantile + weights,Code/Blk4_ShortWindow/Blk4_ShortWindow.py,Code/common/config_Blk4_ShortWindow.yaml,Results/Results_Blk4_ShortWindow.xlsx,B41-M-033,Not started,,,,
B41-M-034,4.1,Blk4_ShortWindow,HCPI,Headline Consumer Price Index,EM12,DTW,Temporal,Monthly,34,Oct 2022,Sep 2023,12,Oct 2016,Sep 2022,48,24,72,No,False,R3 Crisis & hyperinflation,Point + quantile + weights,Code/Blk4_ShortWindow/Blk4_ShortWindow.py,Code/common/config_Blk4_ShortWindow.yaml,Results/Results_Blk4_ShortWindow.xlsx,B41-M-034,Not started,,,,
B41-M-035,4.1,Blk4_ShortWindow,HCPI,Headline Consumer Price Index,EM12,DTW,Temporal,Monthly,35,Nov 2022,Oct 2023,12,Nov 2016,Oct 2022,48,24,72,No,False,R3 Crisis & hyperinflation,Point + quantile + weights,Code/Blk4_ShortWindow/Blk4_ShortWindow.py,Code/common/config_Blk4_ShortWindow.yaml,Results/Results_Blk4_ShortWindow.xlsx,B41-M-035,Not started,,,,
B41-M-036,4.1,Blk4_ShortWindow,HCPI,Headline Consumer Price Index,EM12,DTW,Temporal,Monthly,36,Dec 2022,Nov 2023,12,Dec 2016,Nov 2022,48,24,72,No,False,R3 Crisis & hyperinflation,Point + quantile + weights,Code/Blk4_ShortWindow/Blk4_ShortWindow.py,Code/common/config_Blk4_ShortWindow.yaml,Results/Results_Blk4_ShortWindow.xlsx,B41-M-036,Not started,,,,
B41-M-037,4.1,Blk4_ShortWindow,HCPI,Headline Consumer Price Index,EM12,DTW,Temporal,Monthly,37,Jan 2023,Dec 2023,12,Jan 2017,Dec 2022,48,24,72,No,False,R4 Sharp disinflation,Point + quantile + weights,Code/Blk4_ShortWindow/Blk4_ShortWindow.py,Code/common/config_Blk4_ShortWindow.yaml,Results/Results_Blk4_ShortWindow.xlsx,B41-M-037,Not started,,,,
B41-M-038,4.1,Blk4_ShortWindow,HCPI,Headline Consumer Price Index,EM12,DTW,Temporal,Monthly,38,Feb 2023,Jan 2024,12,Feb 2017,Jan 2023,48,24,72,No,False,R4 Sharp disinflation,Point + quantile + weights,Code/Blk4_ShortWindow/Blk4_ShortWindow.py,Code/common/config_Blk4_ShortWindow.yaml,Results/Results_Blk4_ShortWindow.xlsx,B41-M-038,Not started,,,,
B41-M-039,4.1,Blk4_ShortWindow,HCPI,Headline Consumer Price Index,EM12,DTW,Temporal,Monthly,39,Mar 2023,Feb 2024,12,Mar 2017,Feb 2023,48,24,72,No,False,R4 Sharp disinflation,Point + quantile + weights,Code/Blk4_ShortWindow/Blk4_ShortWindow.py,Code/common/config_Blk4_ShortWindow.yaml,Results/Results_Blk4_ShortWindow.xlsx,B41-M-039,Not started,,,,
B41-M-040,4.1,Blk4_ShortWindow,HCPI,Headline Consumer Price Index,EM12,DTW,Temporal,Monthly,40,Apr 2023,Mar 2024,12,Apr 2017,Mar 2023,48,24,72,No,False,R4 Sharp disinflation,Point + quantile + weights,Code/Blk4_ShortWindow/Blk4_ShortWindow.py,Code/common/config_Blk4_ShortWindow.yaml,Results/Results_Blk4_ShortWindow.xlsx,B41-M-040,Not started,,,,
B41-M-041,4.1,Blk4_ShortWindow,HCPI,Headline Consumer Price Index,EM12,DTW,Temporal,Monthly,41,May 2023,Apr 2024,12,May 2017,Apr 2023,48,24,72,No,False,R4 Sharp disinflation,Point + quantile + weights,Code/Blk4_ShortWindow/Blk4_ShortWindow.py,Code/common/config_Blk4_ShortWindow.yaml,Results/Results_Blk4_ShortWindow.xlsx,B41-M-041,Not started,,,,
B41-M-042,4.1,Blk4_ShortWindow,HCPI,Headline Consumer Price Index,EM12,DTW,Temporal,Monthly,42,Jun 2023,May 2024,12,Jun 2017,May 2023,48,24,72,No,False,R4 Sharp disinflation,Point + quantile + weights,Code/Blk4_ShortWindow/Blk4_ShortWindow.py,Code/common/config_Blk4_ShortWindow.yaml,Results/Results_Blk4_ShortWindow.xlsx,B41-M-042,Not started,,,,
B41-M-043,4.1,Blk4_ShortWindow,HCPI,Headline Consumer Price Index,EM12,DTW,Temporal,Monthly,43,Jul 2023,Jun 2024,12,Jul 2017,Jun 2023,48,24,72,No,False,R4 Sharp disinflation,Point + quantile + weights,Code/Blk4_ShortWindow/Blk4_ShortWindow.py,Code/common/config_Blk4_ShortWindow.yaml,Results/Results_Blk4_ShortWindow.xlsx,B41-M-043,Not started,,,,
B41-M-044,4.1,Blk4_ShortWindow,HCPI,Headline Consumer Price Index,EM12,DTW,Temporal,Monthly,44,Aug 2023,Jul 2024,12,Aug 2017,Jul 2023,48,24,72,No,False,R4 Sharp disinflation,Point + quantile + weights,Code/Blk4_ShortWindow/Blk4_ShortWindow.py,Code/common/config_Blk4_ShortWindow.yaml,Results/Results_Blk4_ShortWindow.xlsx,B41-M-044,Not started,,,,
B41-M-045,4.1,Blk4_ShortWindow,HCPI,Headline Consumer Price Index,EM12,DTW,Temporal,Monthly,45,Sep 2023,Aug 2024,12,Sep 2017,Aug 2023,48,24,72,No,False,R4 Sharp disinflation,Point + quantile + weights,Code/Blk4_ShortWindow/Blk4_ShortWindow.py,Code/common/config_Blk4_ShortWindow.yaml,Results/Results_Blk4_ShortWindow.xlsx,B41-M-045,Not started,,,,
B41-M-046,4.1,Blk4_ShortWindow,HCPI,Headline Consumer Price Index,EM12,DTW,Temporal,Monthly,46,Oct 2023,Sep 2024,12,Oct 2017,Sep 2023,48,24,72,No,False,R4 Sharp disinflation,Point + quantile + weights,Code/Blk4_ShortWindow/Blk4_ShortWindow.py,Code/common/config_Blk4_ShortWindow.yaml,Results/Results_Blk4_ShortWindow.xlsx,B41-M-046,Not started,,,,
B41-M-047,4.1,Blk4_ShortWindow,HCPI,Headline Consumer Price Index,EM12,DTW,Temporal,Monthly,47,Nov 2023,Oct 2024,12,Nov 2017,Oct 2023,48,24,72,No,False,R4 Sharp disinflation,Point + quantile + weights,Code/Blk4_ShortWindow/Blk4_ShortWindow.py,Code/common/config_Blk4_ShortWindow.yaml,Results/Results_Blk4_ShortWindow.xlsx,B41-M-047,Not started,,,,
B41-M-048,4.1,Blk4_ShortWindow,HCPI,Headline Consumer Price Index,EM12,DTW,Temporal,Monthly,48,Dec 2023,Nov 2024,12,Dec 2017,Nov 2023,48,24,72,No,False,R4 Sharp disinflation,Point + quantile + weights,Code/Blk4_ShortWindow/Blk4_ShortWindow.py,Code/common/config_Blk4_ShortWindow.yaml,Results/Results_Blk4_ShortWindow.xlsx,B41-M-048,Not started,,,,
B41-M-049,4.1,Blk4_ShortWindow,HCPI,Headline Consumer Price Index,EM12,DTW,Temporal,Monthly,49,Jan 2024,Dec 2024,12,Jan 2018,Dec 2023,48,24,72,No,False,R5 Deflation & stabilisation,Point + quantile + weights,Code/Blk4_ShortWindow/Blk4_ShortWindow.py,Code/common/config_Blk4_ShortWindow.yaml,Results/Results_Blk4_ShortWindow.xlsx,B41-M-049,Not started,,,,
B41-M-050,4.1,Blk4_ShortWindow,HCPI,Headline Consumer Price Index,EM12,DTW,Temporal,Monthly,50,Feb 2024,Jan 2025,12,Feb 2018,Jan 2024,48,24,72,No,False,R5 Deflation & stabilisation,Point + quantile + weights,Code/Blk4_ShortWindow/Blk4_ShortWindow.py,Code/common/config_Blk4_ShortWindow.yaml,Results/Results_Blk4_ShortWindow.xlsx,B41-M-050,Not started,,,,
B41-M-051,4.1,Blk4_ShortWindow,HCPI,Headline Consumer Price Index,EM12,DTW,Temporal,Monthly,51,Mar 2024,Feb 2025,12,Mar 2018,Feb 2024,48,24,72,No,False,R5 Deflation & stabilisation,Point + quantile + weights,Code/Blk4_ShortWindow/Blk4_ShortWindow.py,Code/common/config_Blk4_ShortWindow.yaml,Results/Results_Blk4_ShortWindow.xlsx,B41-M-051,Not started,,,,
B41-M-052,4.1,Blk4_ShortWindow,HCPI,Headline Consumer Price Index,EM12,DTW,Temporal,Monthly,52,Apr 2024,Mar 2025,12,Apr 2018,Mar 2024,48,24,72,No,False,R5 Deflation & stabilisation,Point + quantile + weights,Code/Blk4_ShortWindow/Blk4_ShortWindow.py,Code/common/config_Blk4_ShortWindow.yaml,Results/Results_Blk4_ShortWindow.xlsx,B41-M-052,Not started,,,,
B41-M-053,4.1,Blk4_ShortWindow,HCPI,Headline Consumer Price Index,EM12,DTW,Temporal,Monthly,53,May 2024,Apr 2025,12,May 2018,Apr 2024,48,24,72,No,False,R5 Deflation & stabilisation,Point + quantile + weights,Code/Blk4_ShortWindow/Blk4_ShortWindow.py,Code/common/config_Blk4_ShortWindow.yaml,Results/Results_Blk4_ShortWindow.xlsx,B41-M-053,Not started,,,,
B41-M-054,4.1,Blk4_ShortWindow,HCPI,Headline Consumer Price Index,EM12,DTW,Temporal,Monthly,54,Jun 2024,May 2025,12,Jun 2018,May 2024,48,24,72,No,False,R5 Deflation & stabilisation,Point + quantile + weights,Code/Blk4_ShortWindow/Blk4_ShortWindow.py,Code/common/config_Blk4_ShortWindow.yaml,Results/Results_Blk4_ShortWindow.xlsx,B41-M-054,Not started,,,,
B41-M-055,4.1,Blk4_ShortWindow,HCPI,Headline Consumer Price Index,EM12,DTW,Temporal,Monthly,55,Jul 2024,Jun 2025,12,Jul 2018,Jun 2024,48,24,72,No,False,R5 Deflation & stabilisation,Point + quantile + weights,Code/Blk4_ShortWindow/Blk4_ShortWindow.py,Code/common/config_Blk4_ShortWindow.yaml,Results/Results_Blk4_ShortWindow.xlsx,B41-M-055,Not started,,,,
B41-M-056,4.1,Blk4_ShortWindow,HCPI,Headline Consumer Price Index,EM12,DTW,Temporal,Monthly,56,Aug 2024,Jul 2025,12,Aug 2018,Jul 2024,48,24,72,No,False,R5 Deflation & stabilisation,Point + quantile + weights,Code/Blk4_ShortWindow/Blk4_ShortWindow.py,Code/common/config_Blk4_ShortWindow.yaml,Results/Results_Blk4_ShortWindow.xlsx,B41-M-056,Not started,,,,
B41-M-057,4.1,Blk4_ShortWindow,HCPI,Headline Consumer Price Index,EM12,DTW,Temporal,Monthly,57,Sep 2024,Aug 2025,12,Sep 2018,Aug 2024,48,24,72,No,False,R5 Deflation & stabilisation,Point + quantile + weights,Code/Blk4_ShortWindow/Blk4_ShortWindow.py,Code/common/config_Blk4_ShortWindow.yaml,Results/Results_Blk4_ShortWindow.xlsx,B41-M-057,Not started,,,,
B41-M-058,4.1,Blk4_ShortWindow,HCPI,Headline Consumer Price Index,EM12,DTW,Temporal,Monthly,58,Oct 2024,Sep 2025,12,Oct 2018,Sep 2024,48,24,72,No,False,R5 Deflation & stabilisation,Point + quantile + weights,Code/Blk4_ShortWindow/Blk4_ShortWindow.py,Code/common/config_Blk4_ShortWindow.yaml,Results/Results_Blk4_ShortWindow.xlsx,B41-M-058,Not started,,,,
B41-M-059,4.1,Blk4_ShortWindow,HCPI,Headline Consumer Price Index,EM12,DTW,Temporal,Monthly,59,Nov 2024,Oct 2025,12,Nov 2018,Oct 2024,48,24,72,No,False,R5 Deflation & stabilisation,Point + quantile + weights,Code/Blk4_ShortWindow/Blk4_ShortWindow.py,Code/common/config_Blk4_ShortWindow.yaml,Results/Results_Blk4_ShortWindow.xlsx,B41-M-059,Not started,,,,
B41-M-060,4.1,Blk4_ShortWindow,HCPI,Headline Consumer Price Index,EM12,DTW,Temporal,Monthly,60,Dec 2024,Nov 2025,12,Dec 2018,Nov 2024,48,24,72,No,False,R5 Deflation & stabilisation,Point + quantile + weights,Code/Blk4_ShortWindow/Blk4_ShortWindow.py,Code/common/config_Blk4_ShortWindow.yaml,Results/Results_Blk4_ShortWindow.xlsx,B41-M-060,Not started,,,,
B41-M-061,4.1,Blk4_ShortWindow,HCPI,Headline Consumer Price Index,EM12,DTW,Temporal,Monthly,61,Jan 2025,Dec 2025,12,Jan 2019,Dec 2024,48,24,72,No,False,R6 Post-stabilisation,Point + quantile + weights,Code/Blk4_ShortWindow/Blk4_ShortWindow.py,Code/common/config_Blk4_ShortWindow.yaml,Results/Results_Blk4_ShortWindow.xlsx,B41-M-061,Not started,,,,
B41-M-062,4.1,Blk4_ShortWindow,HCPI,Headline Consumer Price Index,EM12,DTW,Temporal,Monthly,62,Feb 2025,Jan 2026,12,Feb 2019,Jan 2025,48,24,72,No,False,R6 Post-stabilisation,Point + quantile + weights,Code/Blk4_ShortWindow/Blk4_ShortWindow.py,Code/common/config_Blk4_ShortWindow.yaml,Results/Results_Blk4_ShortWindow.xlsx,B41-M-062,Not started,,,,
B41-M-063,4.1,Blk4_ShortWindow,HCPI,Headline Consumer Price Index,EM12,DTW,Temporal,Monthly,63,Mar 2025,Feb 2026,12,Mar 2019,Feb 2025,48,24,72,No,False,R6 Post-stabilisation,Point + quantile + weights,Code/Blk4_ShortWindow/Blk4_ShortWindow.py,Code/common/config_Blk4_ShortWindow.yaml,Results/Results_Blk4_ShortWindow.xlsx,B41-M-063,Not started,,,,
B41-M-064,4.1,Blk4_ShortWindow,HCPI,Headline Consumer Price Index,EM12,DTW,Temporal,Monthly,64,Apr 2025,Mar 2026,12,Apr 2019,Mar 2025,48,24,72,No,False,R6 Post-stabilisation,Point + quantile + weights,Code/Blk4_ShortWindow/Blk4_ShortWindow.py,Code/common/config_Blk4_ShortWindow.yaml,Results/Results_Blk4_ShortWindow.xlsx,B41-M-064,Not started,,,,
B41-M-065,4.1,Blk4_ShortWindow,HCPI,Headline Consumer Price Index,EM12,DTW,Temporal,Monthly,65,May 2025,Apr 2026,12,May 2019,Apr 2025,48,24,72,No,False,R6 Post-stabilisation,Point + quantile + weights,Code/Blk4_ShortWindow/Blk4_ShortWindow.py,Code/common/config_Blk4_ShortWindow.yaml,Results/Results_Blk4_ShortWindow.xlsx,B41-M-065,Not started,,,,
B41-M-066,4.1,Blk4_ShortWindow,HCPI,Headline Consumer Price Index,EM12,DTW,Temporal,Monthly,66,Jun 2025,May 2026,12,Jun 2019,May 2025,48,24,72,No,False,R6 Post-stabilisation,Point + quantile + weights,Code/Blk4_ShortWindow/Blk4_ShortWindow.py,Code/common/config_Blk4_ShortWindow.yaml,Results/Results_Blk4_ShortWindow.xlsx,B41-M-066,Not started,,,,
B41-M-067,4.1,Blk4_ShortWindow,HCPI,Headline Consumer Price Index,EM12,DTW,Temporal,Monthly,67,Jul 2025,Jun 2026,12,Jul 2019,Jun 2025,48,24,72,No,False,R6 Post-stabilisation,Point + quantile + weights,Code/Blk4_ShortWindow/Blk4_ShortWindow.py,Code/common/config_Blk4_ShortWindow.yaml,Results/Results_Blk4_ShortWindow.xlsx,B41-M-067,Not started,,,,
B41-M-068,4.1,Blk4_ShortWindow,HCPI,Headline Consumer Price Index,EM12,DTW,Temporal,Monthly,68,Aug 2025,Jul 2026,12,Aug 2019,Jul 2025,48,24,72,No,False,R6 Post-stabilisation,Point + quantile + weights,Code/Blk4_ShortWindow/Blk4_ShortWindow.py,Code/common/config_Blk4_ShortWindow.yaml,Results/Results_Blk4_ShortWindow.xlsx,B41-M-068,Not started,,,,
B41-M-069,4.1,Blk4_ShortWindow,HCPI,Headline Consumer Price Index,EM12,DTW,Temporal,Monthly,69,Sep 2025,Aug 2026,12,Sep 2019,Aug 2025,48,24,72,No,False,R6 Post-stabilisation,Point + quantile + weights,Code/Blk4_ShortWindow/Blk4_ShortWindow.py,Code/common/config_Blk4_ShortWindow.yaml,Results/Results_Blk4_ShortWindow.xlsx,B41-M-069,Not started,,,,
B41-M-070,4.1,Blk4_ShortWindow,FCPI,Food Consumer Price Index,EM11,MQL,Probabilistic,Monthly,1,Jan 2020,Dec 2020,12,Jan 2014,Dec 2019,48,24,72,No,False,R1 COVID-19 shock,Point + quantile + weights,Code/Blk4_ShortWindow/Blk4_ShortWindow.py,Code/common/config_Blk4_ShortWindow.yaml,Results/Results_Blk4_ShortWindow.xlsx,B41-M-070,Not started,,,,
B41-M-071,4.1,Blk4_ShortWindow,FCPI,Food Consumer Price Index,EM11,MQL,Probabilistic,Monthly,2,Feb 2020,Jan 2021,12,Feb 2014,Jan 2020,48,24,72,No,False,R1 COVID-19 shock,Point + quantile + weights,Code/Blk4_ShortWindow/Blk4_ShortWindow.py,Code/common/config_Blk4_ShortWindow.yaml,Results/Results_Blk4_ShortWindow.xlsx,B41-M-071,Not started,,,,
B41-M-072,4.1,Blk4_ShortWindow,FCPI,Food Consumer Price Index,EM11,MQL,Probabilistic,Monthly,3,Mar 2020,Feb 2021,12,Mar 2014,Feb 2020,48,24,72,No,False,R1 COVID-19 shock,Point + quantile + weights,Code/Blk4_ShortWindow/Blk4_ShortWindow.py,Code/common/config_Blk4_ShortWindow.yaml,Results/Results_Blk4_ShortWindow.xlsx,B41-M-072,Not started,,,,
B41-M-073,4.1,Blk4_ShortWindow,FCPI,Food Consumer Price Index,EM11,MQL,Probabilistic,Monthly,4,Apr 2020,Mar 2021,12,Apr 2014,Mar 2020,48,24,72,No,False,R1 COVID-19 shock,Point + quantile + weights,Code/Blk4_ShortWindow/Blk4_ShortWindow.py,Code/common/config_Blk4_ShortWindow.yaml,Results/Results_Blk4_ShortWindow.xlsx,B41-M-073,Not started,,,,
B41-M-074,4.1,Blk4_ShortWindow,FCPI,Food Consumer Price Index,EM11,MQL,Probabilistic,Monthly,5,May 2020,Apr 2021,12,May 2014,Apr 2020,48,24,72,No,False,R1 COVID-19 shock,Point + quantile + weights,Code/Blk4_ShortWindow/Blk4_ShortWindow.py,Code/common/config_Blk4_ShortWindow.yaml,Results/Results_Blk4_ShortWindow.xlsx,B41-M-074,Not started,,,,
B41-M-075,4.1,Blk4_ShortWindow,FCPI,Food Consumer Price Index,EM11,MQL,Probabilistic,Monthly,6,Jun 2020,May 2021,12,Jun 2014,May 2020,48,24,72,No,False,R1 COVID-19 shock,Point + quantile + weights,Code/Blk4_ShortWindow/Blk4_ShortWindow.py,Code/common/config_Blk4_ShortWindow.yaml,Results/Results_Blk4_ShortWindow.xlsx,B41-M-075,Not started,,,,
B41-M-076,4.1,Blk4_ShortWindow,FCPI,Food Consumer Price Index,EM11,MQL,Probabilistic,Monthly,7,Jul 2020,Jun 2021,12,Jul 2014,Jun 2020,48,24,72,No,False,R1 COVID-19 shock,Point + quantile + weights,Code/Blk4_ShortWindow/Blk4_ShortWindow.py,Code/common/config_Blk4_ShortWindow.yaml,Results/Results_Blk4_ShortWindow.xlsx,B41-M-076,Not started,,,,
B41-M-077,4.1,Blk4_ShortWindow,FCPI,Food Consumer Price Index,EM11,MQL,Probabilistic,Monthly,8,Aug 2020,Jul 2021,12,Aug 2014,Jul 2020,48,24,72,No,False,R1 COVID-19 shock,Point + quantile + weights,Code/Blk4_ShortWindow/Blk4_ShortWindow.py,Code/common/config_Blk4_ShortWindow.yaml,Results/Results_Blk4_ShortWindow.xlsx,B41-M-077,Not started,,,,
B41-M-078,4.1,Blk4_ShortWindow,FCPI,Food Consumer Price Index,EM11,MQL,Probabilistic,Monthly,9,Sep 2020,Aug 2021,12,Sep 2014,Aug 2020,48,24,72,No,False,R1 COVID-19 shock,Point + quantile + weights,Code/Blk4_ShortWindow/Blk4_ShortWindow.py,Code/common/config_Blk4_ShortWindow.yaml,Results/Results_Blk4_ShortWindow.xlsx,B41-M-078,Not started,,,,
B41-M-079,4.1,Blk4_ShortWindow,FCPI,Food Consumer Price Index,EM11,MQL,Probabilistic,Monthly,10,Oct 2020,Sep 2021,12,Oct 2014,Sep 2020,48,24,72,No,False,R1 COVID-19 shock,Point + quantile + weights,Code/Blk4_ShortWindow/Blk4_ShortWindow.py,Code/common/config_Blk4_ShortWindow.yaml,Results/Results_Blk4_ShortWindow.xlsx,B41-M-079,Not started,,,,
B41-M-080,4.1,Blk4_ShortWindow,FCPI,Food Consumer Price Index,EM11,MQL,Probabilistic,Monthly,11,Nov 2020,Oct 2021,12,Nov 2014,Oct 2020,48,24,72,No,False,R1 COVID-19 shock,Point + quantile + weights,Code/Blk4_ShortWindow/Blk4_ShortWindow.py,Code/common/config_Blk4_ShortWindow.yaml,Results/Results_Blk4_ShortWindow.xlsx,B41-M-080,Not started,,,,
B41-M-081,4.1,Blk4_ShortWindow,FCPI,Food Consumer Price Index,EM11,MQL,Probabilistic,Monthly,12,Dec 2020,Nov 2021,12,Dec 2014,Nov 2020,48,24,72,No,False,R1 COVID-19 shock,Point + quantile + weights,Code/Blk4_ShortWindow/Blk4_ShortWindow.py,Code/common/config_Blk4_ShortWindow.yaml,Results/Results_Blk4_ShortWindow.xlsx,B41-M-081,Not started,,,,
B41-M-082,4.1,Blk4_ShortWindow,FCPI,Food Consumer Price Index,EM11,MQL,Probabilistic,Monthly,13,Jan 2021,Dec 2021,12,Jan 2015,Dec 2020,48,24,72,No,False,R2 Pre-crisis build-up,Point + quantile + weights,Code/Blk4_ShortWindow/Blk4_ShortWindow.py,Code/common/config_Blk4_ShortWindow.yaml,Results/Results_Blk4_ShortWindow.xlsx,B41-M-082,Not started,,,,
B41-M-083,4.1,Blk4_ShortWindow,FCPI,Food Consumer Price Index,EM11,MQL,Probabilistic,Monthly,14,Feb 2021,Jan 2022,12,Feb 2015,Jan 2021,48,24,72,No,False,R2 Pre-crisis build-up,Point + quantile + weights,Code/Blk4_ShortWindow/Blk4_ShortWindow.py,Code/common/config_Blk4_ShortWindow.yaml,Results/Results_Blk4_ShortWindow.xlsx,B41-M-083,Not started,,,,
B41-M-084,4.1,Blk4_ShortWindow,FCPI,Food Consumer Price Index,EM11,MQL,Probabilistic,Monthly,15,Mar 2021,Feb 2022,12,Mar 2015,Feb 2021,48,24,72,No,False,R2 Pre-crisis build-up,Point + quantile + weights,Code/Blk4_ShortWindow/Blk4_ShortWindow.py,Code/common/config_Blk4_ShortWindow.yaml,Results/Results_Blk4_ShortWindow.xlsx,B41-M-084,Not started,,,,
B41-M-085,4.1,Blk4_ShortWindow,FCPI,Food Consumer Price Index,EM11,MQL,Probabilistic,Monthly,16,Apr 2021,Mar 2022,12,Apr 2015,Mar 2021,48,24,72,No,False,R2 Pre-crisis build-up,Point + quantile + weights,Code/Blk4_ShortWindow/Blk4_ShortWindow.py,Code/common/config_Blk4_ShortWindow.yaml,Results/Results_Blk4_ShortWindow.xlsx,B41-M-085,Not started,,,,
B41-M-086,4.1,Blk4_ShortWindow,FCPI,Food Consumer Price Index,EM11,MQL,Probabilistic,Monthly,17,May 2021,Apr 2022,12,May 2015,Apr 2021,48,24,72,No,False,R2 Pre-crisis build-up,Point + quantile + weights,Code/Blk4_ShortWindow/Blk4_ShortWindow.py,Code/common/config_Blk4_ShortWindow.yaml,Results/Results_Blk4_ShortWindow.xlsx,B41-M-086,Not started,,,,
B41-M-087,4.1,Blk4_ShortWindow,FCPI,Food Consumer Price Index,EM11,MQL,Probabilistic,Monthly,18,Jun 2021,May 2022,12,Jun 2015,May 2021,48,24,72,No,False,R2 Pre-crisis build-up,Point + quantile + weights,Code/Blk4_ShortWindow/Blk4_ShortWindow.py,Code/common/config_Blk4_ShortWindow.yaml,Results/Results_Blk4_ShortWindow.xlsx,B41-M-087,Not started,,,,
B41-M-088,4.1,Blk4_ShortWindow,FCPI,Food Consumer Price Index,EM11,MQL,Probabilistic,Monthly,19,Jul 2021,Jun 2022,12,Jul 2015,Jun 2021,48,24,72,No,False,R2 Pre-crisis build-up,Point + quantile + weights,Code/Blk4_ShortWindow/Blk4_ShortWindow.py,Code/common/config_Blk4_ShortWindow.yaml,Results/Results_Blk4_ShortWindow.xlsx,B41-M-088,Not started,,,,
B41-M-089,4.1,Blk4_ShortWindow,FCPI,Food Consumer Price Index,EM11,MQL,Probabilistic,Monthly,20,Aug 2021,Jul 2022,12,Aug 2015,Jul 2021,48,24,72,No,False,R2 Pre-crisis build-up,Point + quantile + weights,Code/Blk4_ShortWindow/Blk4_ShortWindow.py,Code/common/config_Blk4_ShortWindow.yaml,Results/Results_Blk4_ShortWindow.xlsx,B41-M-089,Not started,,,,
B41-M-090,4.1,Blk4_ShortWindow,FCPI,Food Consumer Price Index,EM11,MQL,Probabilistic,Monthly,21,Sep 2021,Aug 2022,12,Sep 2015,Aug 2021,48,24,72,No,False,R2 Pre-crisis build-up,Point + quantile + weights,Code/Blk4_ShortWindow/Blk4_ShortWindow.py,Code/common/config_Blk4_ShortWindow.yaml,Results/Results_Blk4_ShortWindow.xlsx,B41-M-090,Not started,,,,
B41-M-091,4.1,Blk4_ShortWindow,FCPI,Food Consumer Price Index,EM11,MQL,Probabilistic,Monthly,22,Oct 2021,Sep 2022,12,Oct 2015,Sep 2021,48,24,72,No,False,R2 Pre-crisis build-up,Point + quantile + weights,Code/Blk4_ShortWindow/Blk4_ShortWindow.py,Code/common/config_Blk4_ShortWindow.yaml,Results/Results_Blk4_ShortWindow.xlsx,B41-M-091,Not started,,,,
B41-M-092,4.1,Blk4_ShortWindow,FCPI,Food Consumer Price Index,EM11,MQL,Probabilistic,Monthly,23,Nov 2021,Oct 2022,12,Nov 2015,Oct 2021,48,24,72,No,False,R2 Pre-crisis build-up,Point + quantile + weights,Code/Blk4_ShortWindow/Blk4_ShortWindow.py,Code/common/config_Blk4_ShortWindow.yaml,Results/Results_Blk4_ShortWindow.xlsx,B41-M-092,Not started,,,,
B41-M-093,4.1,Blk4_ShortWindow,FCPI,Food Consumer Price Index,EM11,MQL,Probabilistic,Monthly,24,Dec 2021,Nov 2022,12,Dec 2015,Nov 2021,48,24,72,No,False,R2 Pre-crisis build-up,Point + quantile + weights,Code/Blk4_ShortWindow/Blk4_ShortWindow.py,Code/common/config_Blk4_ShortWindow.yaml,Results/Results_Blk4_ShortWindow.xlsx,B41-M-093,Not started,,,,
B41-M-094,4.1,Blk4_ShortWindow,FCPI,Food Consumer Price Index,EM11,MQL,Probabilistic,Monthly,25,Jan 2022,Dec 2022,12,Jan 2016,Dec 2021,48,24,72,No,False,R3 Crisis & hyperinflation,Point + quantile + weights,Code/Blk4_ShortWindow/Blk4_ShortWindow.py,Code/common/config_Blk4_ShortWindow.yaml,Results/Results_Blk4_ShortWindow.xlsx,B41-M-094,Not started,,,,
B41-M-095,4.1,Blk4_ShortWindow,FCPI,Food Consumer Price Index,EM11,MQL,Probabilistic,Monthly,26,Feb 2022,Jan 2023,12,Feb 2016,Jan 2022,48,24,72,No,False,R3 Crisis & hyperinflation,Point + quantile + weights,Code/Blk4_ShortWindow/Blk4_ShortWindow.py,Code/common/config_Blk4_ShortWindow.yaml,Results/Results_Blk4_ShortWindow.xlsx,B41-M-095,Not started,,,,
B41-M-096,4.1,Blk4_ShortWindow,FCPI,Food Consumer Price Index,EM11,MQL,Probabilistic,Monthly,27,Mar 2022,Feb 2023,12,Mar 2016,Feb 2022,48,24,72,No,False,R3 Crisis & hyperinflation,Point + quantile + weights,Code/Blk4_ShortWindow/Blk4_ShortWindow.py,Code/common/config_Blk4_ShortWindow.yaml,Results/Results_Blk4_ShortWindow.xlsx,B41-M-096,Not started,,,,
B41-M-097,4.1,Blk4_ShortWindow,FCPI,Food Consumer Price Index,EM11,MQL,Probabilistic,Monthly,28,Apr 2022,Mar 2023,12,Apr 2016,Mar 2022,48,24,72,No,False,R3 Crisis & hyperinflation,Point + quantile + weights,Code/Blk4_ShortWindow/Blk4_ShortWindow.py,Code/common/config_Blk4_ShortWindow.yaml,Results/Results_Blk4_ShortWindow.xlsx,B41-M-097,Not started,,,,
B41-M-098,4.1,Blk4_ShortWindow,FCPI,Food Consumer Price Index,EM11,MQL,Probabilistic,Monthly,29,May 2022,Apr 2023,12,May 2016,Apr 2022,48,24,72,No,False,R3 Crisis & hyperinflation,Point + quantile + weights,Code/Blk4_ShortWindow/Blk4_ShortWindow.py,Code/common/config_Blk4_ShortWindow.yaml,Results/Results_Blk4_ShortWindow.xlsx,B41-M-098,Not started,,,,
B41-M-099,4.1,Blk4_ShortWindow,FCPI,Food Consumer Price Index,EM11,MQL,Probabilistic,Monthly,30,Jun 2022,May 2023,12,Jun 2016,May 2022,48,24,72,No,False,R3 Crisis & hyperinflation,Point + quantile + weights,Code/Blk4_ShortWindow/Blk4_ShortWindow.py,Code/common/config_Blk4_ShortWindow.yaml,Results/Results_Blk4_ShortWindow.xlsx,B41-M-099,Not started,,,,
B41-M-100,4.1,Blk4_ShortWindow,FCPI,Food Consumer Price Index,EM11,MQL,Probabilistic,Monthly,31,Jul 2022,Jun 2023,12,Jul 2016,Jun 2022,48,24,72,No,False,R3 Crisis & hyperinflation,Point + quantile + weights,Code/Blk4_ShortWindow/Blk4_ShortWindow.py,Code/common/config_Blk4_ShortWindow.yaml,Results/Results_Blk4_ShortWindow.xlsx,B41-M-100,Not started,,,,
B41-M-101,4.1,Blk4_ShortWindow,FCPI,Food Consumer Price Index,EM11,MQL,Probabilistic,Monthly,32,Aug 2022,Jul 2023,12,Aug 2016,Jul 2022,48,24,72,No,False,R3 Crisis & hyperinflation,Point + quantile + weights,Code/Blk4_ShortWindow/Blk4_ShortWindow.py,Code/common/config_Blk4_ShortWindow.yaml,Results/Results_Blk4_ShortWindow.xlsx,B41-M-101,Not started,,,,
B41-M-102,4.1,Blk4_ShortWindow,FCPI,Food Consumer Price Index,EM11,MQL,Probabilistic,Monthly,33,Sep 2022,Aug 2023,12,Sep 2016,Aug 2022,48,24,72,No,False,R3 Crisis & hyperinflation,Point + quantile + weights,Code/Blk4_ShortWindow/Blk4_ShortWindow.py,Code/common/config_Blk4_ShortWindow.yaml,Results/Results_Blk4_ShortWindow.xlsx,B41-M-102,Not started,,,,
B41-M-103,4.1,Blk4_ShortWindow,FCPI,Food Consumer Price Index,EM11,MQL,Probabilistic,Monthly,34,Oct 2022,Sep 2023,12,Oct 2016,Sep 2022,48,24,72,No,False,R3 Crisis & hyperinflation,Point + quantile + weights,Code/Blk4_ShortWindow/Blk4_ShortWindow.py,Code/common/config_Blk4_ShortWindow.yaml,Results/Results_Blk4_ShortWindow.xlsx,B41-M-103,Not started,,,,
B41-M-104,4.1,Blk4_ShortWindow,FCPI,Food Consumer Price Index,EM11,MQL,Probabilistic,Monthly,35,Nov 2022,Oct 2023,12,Nov 2016,Oct 2022,48,24,72,No,False,R3 Crisis & hyperinflation,Point + quantile + weights,Code/Blk4_ShortWindow/Blk4_ShortWindow.py,Code/common/config_Blk4_ShortWindow.yaml,Results/Results_Blk4_ShortWindow.xlsx,B41-M-104,Not started,,,,
B41-M-105,4.1,Blk4_ShortWindow,FCPI,Food Consumer Price Index,EM11,MQL,Probabilistic,Monthly,36,Dec 2022,Nov 2023,12,Dec 2016,Nov 2022,48,24,72,No,False,R3 Crisis & hyperinflation,Point + quantile + weights,Code/Blk4_ShortWindow/Blk4_ShortWindow.py,Code/common/config_Blk4_ShortWindow.yaml,Results/Results_Blk4_ShortWindow.xlsx,B41-M-105,Not started,,,,
B41-M-106,4.1,Blk4_ShortWindow,FCPI,Food Consumer Price Index,EM11,MQL,Probabilistic,Monthly,37,Jan 2023,Dec 2023,12,Jan 2017,Dec 2022,48,24,72,No,False,R4 Sharp disinflation,Point + quantile + weights,Code/Blk4_ShortWindow/Blk4_ShortWindow.py,Code/common/config_Blk4_ShortWindow.yaml,Results/Results_Blk4_ShortWindow.xlsx,B41-M-106,Not started,,,,
B41-M-107,4.1,Blk4_ShortWindow,FCPI,Food Consumer Price Index,EM11,MQL,Probabilistic,Monthly,38,Feb 2023,Jan 2024,12,Feb 2017,Jan 2023,48,24,72,No,False,R4 Sharp disinflation,Point + quantile + weights,Code/Blk4_ShortWindow/Blk4_ShortWindow.py,Code/common/config_Blk4_ShortWindow.yaml,Results/Results_Blk4_ShortWindow.xlsx,B41-M-107,Not started,,,,
B41-M-108,4.1,Blk4_ShortWindow,FCPI,Food Consumer Price Index,EM11,MQL,Probabilistic,Monthly,39,Mar 2023,Feb 2024,12,Mar 2017,Feb 2023,48,24,72,No,False,R4 Sharp disinflation,Point + quantile + weights,Code/Blk4_ShortWindow/Blk4_ShortWindow.py,Code/common/config_Blk4_ShortWindow.yaml,Results/Results_Blk4_ShortWindow.xlsx,B41-M-108,Not started,,,,
B41-M-109,4.1,Blk4_ShortWindow,FCPI,Food Consumer Price Index,EM11,MQL,Probabilistic,Monthly,40,Apr 2023,Mar 2024,12,Apr 2017,Mar 2023,48,24,72,No,False,R4 Sharp disinflation,Point + quantile + weights,Code/Blk4_ShortWindow/Blk4_ShortWindow.py,Code/common/config_Blk4_ShortWindow.yaml,Results/Results_Blk4_ShortWindow.xlsx,B41-M-109,Not started,,,,
B41-M-110,4.1,Blk4_ShortWindow,FCPI,Food Consumer Price Index,EM11,MQL,Probabilistic,Monthly,41,May 2023,Apr 2024,12,May 2017,Apr 2023,48,24,72,No,False,R4 Sharp disinflation,Point + quantile + weights,Code/Blk4_ShortWindow/Blk4_ShortWindow.py,Code/common/config_Blk4_ShortWindow.yaml,Results/Results_Blk4_ShortWindow.xlsx,B41-M-110,Not started,,,,
B41-M-111,4.1,Blk4_ShortWindow,FCPI,Food Consumer Price Index,EM11,MQL,Probabilistic,Monthly,42,Jun 2023,May 2024,12,Jun 2017,May 2023,48,24,72,No,False,R4 Sharp disinflation,Point + quantile + weights,Code/Blk4_ShortWindow/Blk4_ShortWindow.py,Code/common/config_Blk4_ShortWindow.yaml,Results/Results_Blk4_ShortWindow.xlsx,B41-M-111,Not started,,,,
B41-M-112,4.1,Blk4_ShortWindow,FCPI,Food Consumer Price Index,EM11,MQL,Probabilistic,Monthly,43,Jul 2023,Jun 2024,12,Jul 2017,Jun 2023,48,24,72,No,False,R4 Sharp disinflation,Point + quantile + weights,Code/Blk4_ShortWindow/Blk4_ShortWindow.py,Code/common/config_Blk4_ShortWindow.yaml,Results/Results_Blk4_ShortWindow.xlsx,B41-M-112,Not started,,,,
B41-M-113,4.1,Blk4_ShortWindow,FCPI,Food Consumer Price Index,EM11,MQL,Probabilistic,Monthly,44,Aug 2023,Jul 2024,12,Aug 2017,Jul 2023,48,24,72,No,False,R4 Sharp disinflation,Point + quantile + weights,Code/Blk4_ShortWindow/Blk4_ShortWindow.py,Code/common/config_Blk4_ShortWindow.yaml,Results/Results_Blk4_ShortWindow.xlsx,B41-M-113,Not started,,,,
B41-M-114,4.1,Blk4_ShortWindow,FCPI,Food Consumer Price Index,EM11,MQL,Probabilistic,Monthly,45,Sep 2023,Aug 2024,12,Sep 2017,Aug 2023,48,24,72,No,False,R4 Sharp disinflation,Point + quantile + weights,Code/Blk4_ShortWindow/Blk4_ShortWindow.py,Code/common/config_Blk4_ShortWindow.yaml,Results/Results_Blk4_ShortWindow.xlsx,B41-M-114,Not started,,,,
B41-M-115,4.1,Blk4_ShortWindow,FCPI,Food Consumer Price Index,EM11,MQL,Probabilistic,Monthly,46,Oct 2023,Sep 2024,12,Oct 2017,Sep 2023,48,24,72,No,False,R4 Sharp disinflation,Point + quantile + weights,Code/Blk4_ShortWindow/Blk4_ShortWindow.py,Code/common/config_Blk4_ShortWindow.yaml,Results/Results_Blk4_ShortWindow.xlsx,B41-M-115,Not started,,,,
B41-M-116,4.1,Blk4_ShortWindow,FCPI,Food Consumer Price Index,EM11,MQL,Probabilistic,Monthly,47,Nov 2023,Oct 2024,12,Nov 2017,Oct 2023,48,24,72,No,False,R4 Sharp disinflation,Point + quantile + weights,Code/Blk4_ShortWindow/Blk4_ShortWindow.py,Code/common/config_Blk4_ShortWindow.yaml,Results/Results_Blk4_ShortWindow.xlsx,B41-M-116,Not started,,,,
B41-M-117,4.1,Blk4_ShortWindow,FCPI,Food Consumer Price Index,EM11,MQL,Probabilistic,Monthly,48,Dec 2023,Nov 2024,12,Dec 2017,Nov 2023,48,24,72,No,False,R4 Sharp disinflation,Point + quantile + weights,Code/Blk4_ShortWindow/Blk4_ShortWindow.py,Code/common/config_Blk4_ShortWindow.yaml,Results/Results_Blk4_ShortWindow.xlsx,B41-M-117,Not started,,,,
B41-M-118,4.1,Blk4_ShortWindow,FCPI,Food Consumer Price Index,EM11,MQL,Probabilistic,Monthly,49,Jan 2024,Dec 2024,12,Jan 2018,Dec 2023,48,24,72,No,False,R5 Deflation & stabilisation,Point + quantile + weights,Code/Blk4_ShortWindow/Blk4_ShortWindow.py,Code/common/config_Blk4_ShortWindow.yaml,Results/Results_Blk4_ShortWindow.xlsx,B41-M-118,Not started,,,,
B41-M-119,4.1,Blk4_ShortWindow,FCPI,Food Consumer Price Index,EM11,MQL,Probabilistic,Monthly,50,Feb 2024,Jan 2025,12,Feb 2018,Jan 2024,48,24,72,No,False,R5 Deflation & stabilisation,Point + quantile + weights,Code/Blk4_ShortWindow/Blk4_ShortWindow.py,Code/common/config_Blk4_ShortWindow.yaml,Results/Results_Blk4_ShortWindow.xlsx,B41-M-119,Not started,,,,
B41-M-120,4.1,Blk4_ShortWindow,FCPI,Food Consumer Price Index,EM11,MQL,Probabilistic,Monthly,51,Mar 2024,Feb 2025,12,Mar 2018,Feb 2024,48,24,72,No,False,R5 Deflation & stabilisation,Point + quantile + weights,Code/Blk4_ShortWindow/Blk4_ShortWindow.py,Code/common/config_Blk4_ShortWindow.yaml,Results/Results_Blk4_ShortWindow.xlsx,B41-M-120,Not started,,,,
B41-M-121,4.1,Blk4_ShortWindow,FCPI,Food Consumer Price Index,EM11,MQL,Probabilistic,Monthly,52,Apr 2024,Mar 2025,12,Apr 2018,Mar 2024,48,24,72,No,False,R5 Deflation & stabilisation,Point + quantile + weights,Code/Blk4_ShortWindow/Blk4_ShortWindow.py,Code/common/config_Blk4_ShortWindow.yaml,Results/Results_Blk4_ShortWindow.xlsx,B41-M-121,Not started,,,,
B41-M-122,4.1,Blk4_ShortWindow,FCPI,Food Consumer Price Index,EM11,MQL,Probabilistic,Monthly,53,May 2024,Apr 2025,12,May 2018,Apr 2024,48,24,72,No,False,R5 Deflation & stabilisation,Point + quantile + weights,Code/Blk4_ShortWindow/Blk4_ShortWindow.py,Code/common/config_Blk4_ShortWindow.yaml,Results/Results_Blk4_ShortWindow.xlsx,B41-M-122,Not started,,,,
B41-M-123,4.1,Blk4_ShortWindow,FCPI,Food Consumer Price Index,EM11,MQL,Probabilistic,Monthly,54,Jun 2024,May 2025,12,Jun 2018,May 2024,48,24,72,No,False,R5 Deflation & stabilisation,Point + quantile + weights,Code/Blk4_ShortWindow/Blk4_ShortWindow.py,Code/common/config_Blk4_ShortWindow.yaml,Results/Results_Blk4_ShortWindow.xlsx,B41-M-123,Not started,,,,
B41-M-124,4.1,Blk4_ShortWindow,FCPI,Food Consumer Price Index,EM11,MQL,Probabilistic,Monthly,55,Jul 2024,Jun 2025,12,Jul 2018,Jun 2024,48,24,72,No,False,R5 Deflation & stabilisation,Point + quantile + weights,Code/Blk4_ShortWindow/Blk4_ShortWindow.py,Code/common/config_Blk4_ShortWindow.yaml,Results/Results_Blk4_ShortWindow.xlsx,B41-M-124,Not started,,,,
B41-M-125,4.1,Blk4_ShortWindow,FCPI,Food Consumer Price Index,EM11,MQL,Probabilistic,Monthly,56,Aug 2024,Jul 2025,12,Aug 2018,Jul 2024,48,24,72,No,False,R5 Deflation & stabilisation,Point + quantile + weights,Code/Blk4_ShortWindow/Blk4_ShortWindow.py,Code/common/config_Blk4_ShortWindow.yaml,Results/Results_Blk4_ShortWindow.xlsx,B41-M-125,Not started,,,,
B41-M-126,4.1,Blk4_ShortWindow,FCPI,Food Consumer Price Index,EM11,MQL,Probabilistic,Monthly,57,Sep 2024,Aug 2025,12,Sep 2018,Aug 2024,48,24,72,No,False,R5 Deflation & stabilisation,Point + quantile + weights,Code/Blk4_ShortWindow/Blk4_ShortWindow.py,Code/common/config_Blk4_ShortWindow.yaml,Results/Results_Blk4_ShortWindow.xlsx,B41-M-126,Not started,,,,
B41-M-127,4.1,Blk4_ShortWindow,FCPI,Food Consumer Price Index,EM11,MQL,Probabilistic,Monthly,58,Oct 2024,Sep 2025,12,Oct 2018,Sep 2024,48,24,72,No,False,R5 Deflation & stabilisation,Point + quantile + weights,Code/Blk4_ShortWindow/Blk4_ShortWindow.py,Code/common/config_Blk4_ShortWindow.yaml,Results/Results_Blk4_ShortWindow.xlsx,B41-M-127,Not started,,,,
B41-M-128,4.1,Blk4_ShortWindow,FCPI,Food Consumer Price Index,EM11,MQL,Probabilistic,Monthly,59,Nov 2024,Oct 2025,12,Nov 2018,Oct 2024,48,24,72,No,False,R5 Deflation & stabilisation,Point + quantile + weights,Code/Blk4_ShortWindow/Blk4_ShortWindow.py,Code/common/config_Blk4_ShortWindow.yaml,Results/Results_Blk4_ShortWindow.xlsx,B41-M-128,Not started,,,,
B41-M-129,4.1,Blk4_ShortWindow,FCPI,Food Consumer Price Index,EM11,MQL,Probabilistic,Monthly,60,Dec 2024,Nov 2025,12,Dec 2018,Nov 2024,48,24,72,No,False,R5 Deflation & stabilisation,Point + quantile + weights,Code/Blk4_ShortWindow/Blk4_ShortWindow.py,Code/common/config_Blk4_ShortWindow.yaml,Results/Results_Blk4_ShortWindow.xlsx,B41-M-129,Not started,,,,
B41-M-130,4.1,Blk4_ShortWindow,FCPI,Food Consumer Price Index,EM11,MQL,Probabilistic,Monthly,61,Jan 2025,Dec 2025,12,Jan 2019,Dec 2024,48,24,72,No,False,R6 Post-stabilisation,Point + quantile + weights,Code/Blk4_ShortWindow/Blk4_ShortWindow.py,Code/common/config_Blk4_ShortWindow.yaml,Results/Results_Blk4_ShortWindow.xlsx,B41-M-130,Not started,,,,
B41-M-131,4.1,Blk4_ShortWindow,FCPI,Food Consumer Price Index,EM11,MQL,Probabilistic,Monthly,62,Feb 2025,Jan 2026,12,Feb 2019,Jan 2025,48,24,72,No,False,R6 Post-stabilisation,Point + quantile + weights,Code/Blk4_ShortWindow/Blk4_ShortWindow.py,Code/common/config_Blk4_ShortWindow.yaml,Results/Results_Blk4_ShortWindow.xlsx,B41-M-131,Not started,,,,
B41-M-132,4.1,Blk4_ShortWindow,FCPI,Food Consumer Price Index,EM11,MQL,Probabilistic,Monthly,63,Mar 2025,Feb 2026,12,Mar 2019,Feb 2025,48,24,72,No,False,R6 Post-stabilisation,Point + quantile + weights,Code/Blk4_ShortWindow/Blk4_ShortWindow.py,Code/common/config_Blk4_ShortWindow.yaml,Results/Results_Blk4_ShortWindow.xlsx,B41-M-132,Not started,,,,
B41-M-133,4.1,Blk4_ShortWindow,FCPI,Food Consumer Price Index,EM11,MQL,Probabilistic,Monthly,64,Apr 2025,Mar 2026,12,Apr 2019,Mar 2025,48,24,72,No,False,R6 Post-stabilisation,Point + quantile + weights,Code/Blk4_ShortWindow/Blk4_ShortWindow.py,Code/common/config_Blk4_ShortWindow.yaml,Results/Results_Blk4_ShortWindow.xlsx,B41-M-133,Not started,,,,
B41-M-134,4.1,Blk4_ShortWindow,FCPI,Food Consumer Price Index,EM11,MQL,Probabilistic,Monthly,65,May 2025,Apr 2026,12,May 2019,Apr 2025,48,24,72,No,False,R6 Post-stabilisation,Point + quantile + weights,Code/Blk4_ShortWindow/Blk4_ShortWindow.py,Code/common/config_Blk4_ShortWindow.yaml,Results/Results_Blk4_ShortWindow.xlsx,B41-M-134,Not started,,,,
B41-M-135,4.1,Blk4_ShortWindow,FCPI,Food Consumer Price Index,EM11,MQL,Probabilistic,Monthly,66,Jun 2025,May 2026,12,Jun 2019,May 2025,48,24,72,No,False,R6 Post-stabilisation,Point + quantile + weights,Code/Blk4_ShortWindow/Blk4_ShortWindow.py,Code/common/config_Blk4_ShortWindow.yaml,Results/Results_Blk4_ShortWindow.xlsx,B41-M-135,Not started,,,,
B41-M-136,4.1,Blk4_ShortWindow,FCPI,Food Consumer Price Index,EM11,MQL,Probabilistic,Monthly,67,Jul 2025,Jun 2026,12,Jul 2019,Jun 2025,48,24,72,No,False,R6 Post-stabilisation,Point + quantile + weights,Code/Blk4_ShortWindow/Blk4_ShortWindow.py,Code/common/config_Blk4_ShortWindow.yaml,Results/Results_Blk4_ShortWindow.xlsx,B41-M-136,Not started,,,,
B41-M-137,4.1,Blk4_ShortWindow,FCPI,Food Consumer Price Index,EM11,MQL,Probabilistic,Monthly,68,Aug 2025,Jul 2026,12,Aug 2019,Jul 2025,48,24,72,No,False,R6 Post-stabilisation,Point + quantile + weights,Code/Blk4_ShortWindow/Blk4_ShortWindow.py,Code/common/config_Blk4_ShortWindow.yaml,Results/Results_Blk4_ShortWindow.xlsx,B41-M-137,Not started,,,,
B41-M-138,4.1,Blk4_ShortWindow,FCPI,Food Consumer Price Index,EM11,MQL,Probabilistic,Monthly,69,Sep 2025,Aug 2026,12,Sep 2019,Aug 2025,48,24,72,No,False,R6 Post-stabilisation,Point + quantile + weights,Code/Blk4_ShortWindow/Blk4_ShortWindow.py,Code/common/config_Blk4_ShortWindow.yaml,Results/Results_Blk4_ShortWindow.xlsx,B41-M-138,Not started,,,,
B41-M-139,4.1,Blk4_ShortWindow,CCPI,Colombo Consumer Price Index,EM13,Soft-DTW,Temporal,Monthly,1,Jan 2020,Dec 2020,12,Jan 2014,Dec 2019,48,24,72,No,False,R1 COVID-19 shock,Point + quantile + weights,Code/Blk4_ShortWindow/Blk4_ShortWindow.py,Code/common/config_Blk4_ShortWindow.yaml,Results/Results_Blk4_ShortWindow.xlsx,B41-M-139,Not started,,,,
B41-M-140,4.1,Blk4_ShortWindow,CCPI,Colombo Consumer Price Index,EM13,Soft-DTW,Temporal,Monthly,2,Feb 2020,Jan 2021,12,Feb 2014,Jan 2020,48,24,72,No,False,R1 COVID-19 shock,Point + quantile + weights,Code/Blk4_ShortWindow/Blk4_ShortWindow.py,Code/common/config_Blk4_ShortWindow.yaml,Results/Results_Blk4_ShortWindow.xlsx,B41-M-140,Not started,,,,
B41-M-141,4.1,Blk4_ShortWindow,CCPI,Colombo Consumer Price Index,EM13,Soft-DTW,Temporal,Monthly,3,Mar 2020,Feb 2021,12,Mar 2014,Feb 2020,48,24,72,No,False,R1 COVID-19 shock,Point + quantile + weights,Code/Blk4_ShortWindow/Blk4_ShortWindow.py,Code/common/config_Blk4_ShortWindow.yaml,Results/Results_Blk4_ShortWindow.xlsx,B41-M-141,Not started,,,,
B41-M-142,4.1,Blk4_ShortWindow,CCPI,Colombo Consumer Price Index,EM13,Soft-DTW,Temporal,Monthly,4,Apr 2020,Mar 2021,12,Apr 2014,Mar 2020,48,24,72,No,False,R1 COVID-19 shock,Point + quantile + weights,Code/Blk4_ShortWindow/Blk4_ShortWindow.py,Code/common/config_Blk4_ShortWindow.yaml,Results/Results_Blk4_ShortWindow.xlsx,B41-M-142,Not started,,,,
B41-M-143,4.1,Blk4_ShortWindow,CCPI,Colombo Consumer Price Index,EM13,Soft-DTW,Temporal,Monthly,5,May 2020,Apr 2021,12,May 2014,Apr 2020,48,24,72,No,False,R1 COVID-19 shock,Point + quantile + weights,Code/Blk4_ShortWindow/Blk4_ShortWindow.py,Code/common/config_Blk4_ShortWindow.yaml,Results/Results_Blk4_ShortWindow.xlsx,B41-M-143,Not started,,,,
B41-M-144,4.1,Blk4_ShortWindow,CCPI,Colombo Consumer Price Index,EM13,Soft-DTW,Temporal,Monthly,6,Jun 2020,May 2021,12,Jun 2014,May 2020,48,24,72,No,False,R1 COVID-19 shock,Point + quantile + weights,Code/Blk4_ShortWindow/Blk4_ShortWindow.py,Code/common/config_Blk4_ShortWindow.yaml,Results/Results_Blk4_ShortWindow.xlsx,B41-M-144,Not started,,,,
B41-M-145,4.1,Blk4_ShortWindow,CCPI,Colombo Consumer Price Index,EM13,Soft-DTW,Temporal,Monthly,7,Jul 2020,Jun 2021,12,Jul 2014,Jun 2020,48,24,72,No,False,R1 COVID-19 shock,Point + quantile + weights,Code/Blk4_ShortWindow/Blk4_ShortWindow.py,Code/common/config_Blk4_ShortWindow.yaml,Results/Results_Blk4_ShortWindow.xlsx,B41-M-145,Not started,,,,
B41-M-146,4.1,Blk4_ShortWindow,CCPI,Colombo Consumer Price Index,EM13,Soft-DTW,Temporal,Monthly,8,Aug 2020,Jul 2021,12,Aug 2014,Jul 2020,48,24,72,No,False,R1 COVID-19 shock,Point + quantile + weights,Code/Blk4_ShortWindow/Blk4_ShortWindow.py,Code/common/config_Blk4_ShortWindow.yaml,Results/Results_Blk4_ShortWindow.xlsx,B41-M-146,Not started,,,,
B41-M-147,4.1,Blk4_ShortWindow,CCPI,Colombo Consumer Price Index,EM13,Soft-DTW,Temporal,Monthly,9,Sep 2020,Aug 2021,12,Sep 2014,Aug 2020,48,24,72,No,False,R1 COVID-19 shock,Point + quantile + weights,Code/Blk4_ShortWindow/Blk4_ShortWindow.py,Code/common/config_Blk4_ShortWindow.yaml,Results/Results_Blk4_ShortWindow.xlsx,B41-M-147,Not started,,,,
B41-M-148,4.1,Blk4_ShortWindow,CCPI,Colombo Consumer Price Index,EM13,Soft-DTW,Temporal,Monthly,10,Oct 2020,Sep 2021,12,Oct 2014,Sep 2020,48,24,72,No,False,R1 COVID-19 shock,Point + quantile + weights,Code/Blk4_ShortWindow/Blk4_ShortWindow.py,Code/common/config_Blk4_ShortWindow.yaml,Results/Results_Blk4_ShortWindow.xlsx,B41-M-148,Not started,,,,
B41-M-149,4.1,Blk4_ShortWindow,CCPI,Colombo Consumer Price Index,EM13,Soft-DTW,Temporal,Monthly,11,Nov 2020,Oct 2021,12,Nov 2014,Oct 2020,48,24,72,No,False,R1 COVID-19 shock,Point + quantile + weights,Code/Blk4_ShortWindow/Blk4_ShortWindow.py,Code/common/config_Blk4_ShortWindow.yaml,Results/Results_Blk4_ShortWindow.xlsx,B41-M-149,Not started,,,,
B41-M-150,4.1,Blk4_ShortWindow,CCPI,Colombo Consumer Price Index,EM13,Soft-DTW,Temporal,Monthly,12,Dec 2020,Nov 2021,12,Dec 2014,Nov 2020,48,24,72,No,False,R1 COVID-19 shock,Point + quantile + weights,Code/Blk4_ShortWindow/Blk4_ShortWindow.py,Code/common/config_Blk4_ShortWindow.yaml,Results/Results_Blk4_ShortWindow.xlsx,B41-M-150,Not started,,,,
B41-M-151,4.1,Blk4_ShortWindow,CCPI,Colombo Consumer Price Index,EM13,Soft-DTW,Temporal,Monthly,13,Jan 2021,Dec 2021,12,Jan 2015,Dec 2020,48,24,72,No,False,R2 Pre-crisis build-up,Point + quantile + weights,Code/Blk4_ShortWindow/Blk4_ShortWindow.py,Code/common/config_Blk4_ShortWindow.yaml,Results/Results_Blk4_ShortWindow.xlsx,B41-M-151,Not started,,,,
B41-M-152,4.1,Blk4_ShortWindow,CCPI,Colombo Consumer Price Index,EM13,Soft-DTW,Temporal,Monthly,14,Feb 2021,Jan 2022,12,Feb 2015,Jan 2021,48,24,72,No,False,R2 Pre-crisis build-up,Point + quantile + weights,Code/Blk4_ShortWindow/Blk4_ShortWindow.py,Code/common/config_Blk4_ShortWindow.yaml,Results/Results_Blk4_ShortWindow.xlsx,B41-M-152,Not started,,,,
B41-M-153,4.1,Blk4_ShortWindow,CCPI,Colombo Consumer Price Index,EM13,Soft-DTW,Temporal,Monthly,15,Mar 2021,Feb 2022,12,Mar 2015,Feb 2021,48,24,72,No,False,R2 Pre-crisis build-up,Point + quantile + weights,Code/Blk4_ShortWindow/Blk4_ShortWindow.py,Code/common/config_Blk4_ShortWindow.yaml,Results/Results_Blk4_ShortWindow.xlsx,B41-M-153,Not started,,,,
B41-M-154,4.1,Blk4_ShortWindow,CCPI,Colombo Consumer Price Index,EM13,Soft-DTW,Temporal,Monthly,16,Apr 2021,Mar 2022,12,Apr 2015,Mar 2021,48,24,72,No,False,R2 Pre-crisis build-up,Point + quantile + weights,Code/Blk4_ShortWindow/Blk4_ShortWindow.py,Code/common/config_Blk4_ShortWindow.yaml,Results/Results_Blk4_ShortWindow.xlsx,B41-M-154,Not started,,,,
B41-M-155,4.1,Blk4_ShortWindow,CCPI,Colombo Consumer Price Index,EM13,Soft-DTW,Temporal,Monthly,17,May 2021,Apr 2022,12,May 2015,Apr 2021,48,24,72,No,False,R2 Pre-crisis build-up,Point + quantile + weights,Code/Blk4_ShortWindow/Blk4_ShortWindow.py,Code/common/config_Blk4_ShortWindow.yaml,Results/Results_Blk4_ShortWindow.xlsx,B41-M-155,Not started,,,,
B41-M-156,4.1,Blk4_ShortWindow,CCPI,Colombo Consumer Price Index,EM13,Soft-DTW,Temporal,Monthly,18,Jun 2021,May 2022,12,Jun 2015,May 2021,48,24,72,No,False,R2 Pre-crisis build-up,Point + quantile + weights,Code/Blk4_ShortWindow/Blk4_ShortWindow.py,Code/common/config_Blk4_ShortWindow.yaml,Results/Results_Blk4_ShortWindow.xlsx,B41-M-156,Not started,,,,
B41-M-157,4.1,Blk4_ShortWindow,CCPI,Colombo Consumer Price Index,EM13,Soft-DTW,Temporal,Monthly,19,Jul 2021,Jun 2022,12,Jul 2015,Jun 2021,48,24,72,No,False,R2 Pre-crisis build-up,Point + quantile + weights,Code/Blk4_ShortWindow/Blk4_ShortWindow.py,Code/common/config_Blk4_ShortWindow.yaml,Results/Results_Blk4_ShortWindow.xlsx,B41-M-157,Not started,,,,
B41-M-158,4.1,Blk4_ShortWindow,CCPI,Colombo Consumer Price Index,EM13,Soft-DTW,Temporal,Monthly,20,Aug 2021,Jul 2022,12,Aug 2015,Jul 2021,48,24,72,No,False,R2 Pre-crisis build-up,Point + quantile + weights,Code/Blk4_ShortWindow/Blk4_ShortWindow.py,Code/common/config_Blk4_ShortWindow.yaml,Results/Results_Blk4_ShortWindow.xlsx,B41-M-158,Not started,,,,
B41-M-159,4.1,Blk4_ShortWindow,CCPI,Colombo Consumer Price Index,EM13,Soft-DTW,Temporal,Monthly,21,Sep 2021,Aug 2022,12,Sep 2015,Aug 2021,48,24,72,No,False,R2 Pre-crisis build-up,Point + quantile + weights,Code/Blk4_ShortWindow/Blk4_ShortWindow.py,Code/common/config_Blk4_ShortWindow.yaml,Results/Results_Blk4_ShortWindow.xlsx,B41-M-159,Not started,,,,
B41-M-160,4.1,Blk4_ShortWindow,CCPI,Colombo Consumer Price Index,EM13,Soft-DTW,Temporal,Monthly,22,Oct 2021,Sep 2022,12,Oct 2015,Sep 2021,48,24,72,No,False,R2 Pre-crisis build-up,Point + quantile + weights,Code/Blk4_ShortWindow/Blk4_ShortWindow.py,Code/common/config_Blk4_ShortWindow.yaml,Results/Results_Blk4_ShortWindow.xlsx,B41-M-160,Not started,,,,
B41-M-161,4.1,Blk4_ShortWindow,CCPI,Colombo Consumer Price Index,EM13,Soft-DTW,Temporal,Monthly,23,Nov 2021,Oct 2022,12,Nov 2015,Oct 2021,48,24,72,No,False,R2 Pre-crisis build-up,Point + quantile + weights,Code/Blk4_ShortWindow/Blk4_ShortWindow.py,Code/common/config_Blk4_ShortWindow.yaml,Results/Results_Blk4_ShortWindow.xlsx,B41-M-161,Not started,,,,
B41-M-162,4.1,Blk4_ShortWindow,CCPI,Colombo Consumer Price Index,EM13,Soft-DTW,Temporal,Monthly,24,Dec 2021,Nov 2022,12,Dec 2015,Nov 2021,48,24,72,No,False,R2 Pre-crisis build-up,Point + quantile + weights,Code/Blk4_ShortWindow/Blk4_ShortWindow.py,Code/common/config_Blk4_ShortWindow.yaml,Results/Results_Blk4_ShortWindow.xlsx,B41-M-162,Not started,,,,
B41-M-163,4.1,Blk4_ShortWindow,CCPI,Colombo Consumer Price Index,EM13,Soft-DTW,Temporal,Monthly,25,Jan 2022,Dec 2022,12,Jan 2016,Dec 2021,48,24,72,No,False,R3 Crisis & hyperinflation,Point + quantile + weights,Code/Blk4_ShortWindow/Blk4_ShortWindow.py,Code/common/config_Blk4_ShortWindow.yaml,Results/Results_Blk4_ShortWindow.xlsx,B41-M-163,Not started,,,,
B41-M-164,4.1,Blk4_ShortWindow,CCPI,Colombo Consumer Price Index,EM13,Soft-DTW,Temporal,Monthly,26,Feb 2022,Jan 2023,12,Feb 2016,Jan 2022,48,24,72,No,False,R3 Crisis & hyperinflation,Point + quantile + weights,Code/Blk4_ShortWindow/Blk4_ShortWindow.py,Code/common/config_Blk4_ShortWindow.yaml,Results/Results_Blk4_ShortWindow.xlsx,B41-M-164,Not started,,,,
B41-M-165,4.1,Blk4_ShortWindow,CCPI,Colombo Consumer Price Index,EM13,Soft-DTW,Temporal,Monthly,27,Mar 2022,Feb 2023,12,Mar 2016,Feb 2022,48,24,72,No,False,R3 Crisis & hyperinflation,Point + quantile + weights,Code/Blk4_ShortWindow/Blk4_ShortWindow.py,Code/common/config_Blk4_ShortWindow.yaml,Results/Results_Blk4_ShortWindow.xlsx,B41-M-165,Not started,,,,
B41-M-166,4.1,Blk4_ShortWindow,CCPI,Colombo Consumer Price Index,EM13,Soft-DTW,Temporal,Monthly,28,Apr 2022,Mar 2023,12,Apr 2016,Mar 2022,48,24,72,No,False,R3 Crisis & hyperinflation,Point + quantile + weights,Code/Blk4_ShortWindow/Blk4_ShortWindow.py,Code/common/config_Blk4_ShortWindow.yaml,Results/Results_Blk4_ShortWindow.xlsx,B41-M-166,Not started,,,,
B41-M-167,4.1,Blk4_ShortWindow,CCPI,Colombo Consumer Price Index,EM13,Soft-DTW,Temporal,Monthly,29,May 2022,Apr 2023,12,May 2016,Apr 2022,48,24,72,No,False,R3 Crisis & hyperinflation,Point + quantile + weights,Code/Blk4_ShortWindow/Blk4_ShortWindow.py,Code/common/config_Blk4_ShortWindow.yaml,Results/Results_Blk4_ShortWindow.xlsx,B41-M-167,Not started,,,,
B41-M-168,4.1,Blk4_ShortWindow,CCPI,Colombo Consumer Price Index,EM13,Soft-DTW,Temporal,Monthly,30,Jun 2022,May 2023,12,Jun 2016,May 2022,48,24,72,No,False,R3 Crisis & hyperinflation,Point + quantile + weights,Code/Blk4_ShortWindow/Blk4_ShortWindow.py,Code/common/config_Blk4_ShortWindow.yaml,Results/Results_Blk4_ShortWindow.xlsx,B41-M-168,Not started,,,,
B41-M-169,4.1,Blk4_ShortWindow,CCPI,Colombo Consumer Price Index,EM13,Soft-DTW,Temporal,Monthly,31,Jul 2022,Jun 2023,12,Jul 2016,Jun 2022,48,24,72,No,False,R3 Crisis & hyperinflation,Point + quantile + weights,Code/Blk4_ShortWindow/Blk4_ShortWindow.py,Code/common/config_Blk4_ShortWindow.yaml,Results/Results_Blk4_ShortWindow.xlsx,B41-M-169,Not started,,,,
B41-M-170,4.1,Blk4_ShortWindow,CCPI,Colombo Consumer Price Index,EM13,Soft-DTW,Temporal,Monthly,32,Aug 2022,Jul 2023,12,Aug 2016,Jul 2022,48,24,72,No,False,R3 Crisis & hyperinflation,Point + quantile + weights,Code/Blk4_ShortWindow/Blk4_ShortWindow.py,Code/common/config_Blk4_ShortWindow.yaml,Results/Results_Blk4_ShortWindow.xlsx,B41-M-170,Not started,,,,
B41-M-171,4.1,Blk4_ShortWindow,CCPI,Colombo Consumer Price Index,EM13,Soft-DTW,Temporal,Monthly,33,Sep 2022,Aug 2023,12,Sep 2016,Aug 2022,48,24,72,No,False,R3 Crisis & hyperinflation,Point + quantile + weights,Code/Blk4_ShortWindow/Blk4_ShortWindow.py,Code/common/config_Blk4_ShortWindow.yaml,Results/Results_Blk4_ShortWindow.xlsx,B41-M-171,Not started,,,,
B41-M-172,4.1,Blk4_ShortWindow,CCPI,Colombo Consumer Price Index,EM13,Soft-DTW,Temporal,Monthly,34,Oct 2022,Sep 2023,12,Oct 2016,Sep 2022,48,24,72,No,False,R3 Crisis & hyperinflation,Point + quantile + weights,Code/Blk4_ShortWindow/Blk4_ShortWindow.py,Code/common/config_Blk4_ShortWindow.yaml,Results/Results_Blk4_ShortWindow.xlsx,B41-M-172,Not started,,,,
B41-M-173,4.1,Blk4_ShortWindow,CCPI,Colombo Consumer Price Index,EM13,Soft-DTW,Temporal,Monthly,35,Nov 2022,Oct 2023,12,Nov 2016,Oct 2022,48,24,72,No,False,R3 Crisis & hyperinflation,Point + quantile + weights,Code/Blk4_ShortWindow/Blk4_ShortWindow.py,Code/common/config_Blk4_ShortWindow.yaml,Results/Results_Blk4_ShortWindow.xlsx,B41-M-173,Not started,,,,
B41-M-174,4.1,Blk4_ShortWindow,CCPI,Colombo Consumer Price Index,EM13,Soft-DTW,Temporal,Monthly,36,Dec 2022,Nov 2023,12,Dec 2016,Nov 2022,48,24,72,No,False,R3 Crisis & hyperinflation,Point + quantile + weights,Code/Blk4_ShortWindow/Blk4_ShortWindow.py,Code/common/config_Blk4_ShortWindow.yaml,Results/Results_Blk4_ShortWindow.xlsx,B41-M-174,Not started,,,,
B41-M-175,4.1,Blk4_ShortWindow,CCPI,Colombo Consumer Price Index,EM13,Soft-DTW,Temporal,Monthly,37,Jan 2023,Dec 2023,12,Jan 2017,Dec 2022,48,24,72,No,False,R4 Sharp disinflation,Point + quantile + weights,Code/Blk4_ShortWindow/Blk4_ShortWindow.py,Code/common/config_Blk4_ShortWindow.yaml,Results/Results_Blk4_ShortWindow.xlsx,B41-M-175,Not started,,,,
B41-M-176,4.1,Blk4_ShortWindow,CCPI,Colombo Consumer Price Index,EM13,Soft-DTW,Temporal,Monthly,38,Feb 2023,Jan 2024,12,Feb 2017,Jan 2023,48,24,72,No,False,R4 Sharp disinflation,Point + quantile + weights,Code/Blk4_ShortWindow/Blk4_ShortWindow.py,Code/common/config_Blk4_ShortWindow.yaml,Results/Results_Blk4_ShortWindow.xlsx,B41-M-176,Not started,,,,
B41-M-177,4.1,Blk4_ShortWindow,CCPI,Colombo Consumer Price Index,EM13,Soft-DTW,Temporal,Monthly,39,Mar 2023,Feb 2024,12,Mar 2017,Feb 2023,48,24,72,No,False,R4 Sharp disinflation,Point + quantile + weights,Code/Blk4_ShortWindow/Blk4_ShortWindow.py,Code/common/config_Blk4_ShortWindow.yaml,Results/Results_Blk4_ShortWindow.xlsx,B41-M-177,Not started,,,,
B41-M-178,4.1,Blk4_ShortWindow,CCPI,Colombo Consumer Price Index,EM13,Soft-DTW,Temporal,Monthly,40,Apr 2023,Mar 2024,12,Apr 2017,Mar 2023,48,24,72,No,False,R4 Sharp disinflation,Point + quantile + weights,Code/Blk4_ShortWindow/Blk4_ShortWindow.py,Code/common/config_Blk4_ShortWindow.yaml,Results/Results_Blk4_ShortWindow.xlsx,B41-M-178,Not started,,,,
B41-M-179,4.1,Blk4_ShortWindow,CCPI,Colombo Consumer Price Index,EM13,Soft-DTW,Temporal,Monthly,41,May 2023,Apr 2024,12,May 2017,Apr 2023,48,24,72,No,False,R4 Sharp disinflation,Point + quantile + weights,Code/Blk4_ShortWindow/Blk4_ShortWindow.py,Code/common/config_Blk4_ShortWindow.yaml,Results/Results_Blk4_ShortWindow.xlsx,B41-M-179,Not started,,,,
B41-M-180,4.1,Blk4_ShortWindow,CCPI,Colombo Consumer Price Index,EM13,Soft-DTW,Temporal,Monthly,42,Jun 2023,May 2024,12,Jun 2017,May 2023,48,24,72,No,False,R4 Sharp disinflation,Point + quantile + weights,Code/Blk4_ShortWindow/Blk4_ShortWindow.py,Code/common/config_Blk4_ShortWindow.yaml,Results/Results_Blk4_ShortWindow.xlsx,B41-M-180,Not started,,,,
B41-M-181,4.1,Blk4_ShortWindow,CCPI,Colombo Consumer Price Index,EM13,Soft-DTW,Temporal,Monthly,43,Jul 2023,Jun 2024,12,Jul 2017,Jun 2023,48,24,72,No,False,R4 Sharp disinflation,Point + quantile + weights,Code/Blk4_ShortWindow/Blk4_ShortWindow.py,Code/common/config_Blk4_ShortWindow.yaml,Results/Results_Blk4_ShortWindow.xlsx,B41-M-181,Not started,,,,
B41-M-182,4.1,Blk4_ShortWindow,CCPI,Colombo Consumer Price Index,EM13,Soft-DTW,Temporal,Monthly,44,Aug 2023,Jul 2024,12,Aug 2017,Jul 2023,48,24,72,No,False,R4 Sharp disinflation,Point + quantile + weights,Code/Blk4_ShortWindow/Blk4_ShortWindow.py,Code/common/config_Blk4_ShortWindow.yaml,Results/Results_Blk4_ShortWindow.xlsx,B41-M-182,Not started,,,,
B41-M-183,4.1,Blk4_ShortWindow,CCPI,Colombo Consumer Price Index,EM13,Soft-DTW,Temporal,Monthly,45,Sep 2023,Aug 2024,12,Sep 2017,Aug 2023,48,24,72,No,False,R4 Sharp disinflation,Point + quantile + weights,Code/Blk4_ShortWindow/Blk4_ShortWindow.py,Code/common/config_Blk4_ShortWindow.yaml,Results/Results_Blk4_ShortWindow.xlsx,B41-M-183,Not started,,,,
B41-M-184,4.1,Blk4_ShortWindow,CCPI,Colombo Consumer Price Index,EM13,Soft-DTW,Temporal,Monthly,46,Oct 2023,Sep 2024,12,Oct 2017,Sep 2023,48,24,72,No,False,R4 Sharp disinflation,Point + quantile + weights,Code/Blk4_ShortWindow/Blk4_ShortWindow.py,Code/common/config_Blk4_ShortWindow.yaml,Results/Results_Blk4_ShortWindow.xlsx,B41-M-184,Not started,,,,
B41-M-185,4.1,Blk4_ShortWindow,CCPI,Colombo Consumer Price Index,EM13,Soft-DTW,Temporal,Monthly,47,Nov 2023,Oct 2024,12,Nov 2017,Oct 2023,48,24,72,No,False,R4 Sharp disinflation,Point + quantile + weights,Code/Blk4_ShortWindow/Blk4_ShortWindow.py,Code/common/config_Blk4_ShortWindow.yaml,Results/Results_Blk4_ShortWindow.xlsx,B41-M-185,Not started,,,,
B41-M-186,4.1,Blk4_ShortWindow,CCPI,Colombo Consumer Price Index,EM13,Soft-DTW,Temporal,Monthly,48,Dec 2023,Nov 2024,12,Dec 2017,Nov 2023,48,24,72,No,False,R4 Sharp disinflation,Point + quantile + weights,Code/Blk4_ShortWindow/Blk4_ShortWindow.py,Code/common/config_Blk4_ShortWindow.yaml,Results/Results_Blk4_ShortWindow.xlsx,B41-M-186,Not started,,,,
B41-M-187,4.1,Blk4_ShortWindow,CCPI,Colombo Consumer Price Index,EM13,Soft-DTW,Temporal,Monthly,49,Jan 2024,Dec 2024,12,Jan 2018,Dec 2023,48,24,72,No,False,R5 Deflation & stabilisation,Point + quantile + weights,Code/Blk4_ShortWindow/Blk4_ShortWindow.py,Code/common/config_Blk4_ShortWindow.yaml,Results/Results_Blk4_ShortWindow.xlsx,B41-M-187,Not started,,,,
B41-M-188,4.1,Blk4_ShortWindow,CCPI,Colombo Consumer Price Index,EM13,Soft-DTW,Temporal,Monthly,50,Feb 2024,Jan 2025,12,Feb 2018,Jan 2024,48,24,72,No,False,R5 Deflation & stabilisation,Point + quantile + weights,Code/Blk4_ShortWindow/Blk4_ShortWindow.py,Code/common/config_Blk4_ShortWindow.yaml,Results/Results_Blk4_ShortWindow.xlsx,B41-M-188,Not started,,,,
B41-M-189,4.1,Blk4_ShortWindow,CCPI,Colombo Consumer Price Index,EM13,Soft-DTW,Temporal,Monthly,51,Mar 2024,Feb 2025,12,Mar 2018,Feb 2024,48,24,72,No,False,R5 Deflation & stabilisation,Point + quantile + weights,Code/Blk4_ShortWindow/Blk4_ShortWindow.py,Code/common/config_Blk4_ShortWindow.yaml,Results/Results_Blk4_ShortWindow.xlsx,B41-M-189,Not started,,,,
B41-M-190,4.1,Blk4_ShortWindow,CCPI,Colombo Consumer Price Index,EM13,Soft-DTW,Temporal,Monthly,52,Apr 2024,Mar 2025,12,Apr 2018,Mar 2024,48,24,72,No,False,R5 Deflation & stabilisation,Point + quantile + weights,Code/Blk4_ShortWindow/Blk4_ShortWindow.py,Code/common/config_Blk4_ShortWindow.yaml,Results/Results_Blk4_ShortWindow.xlsx,B41-M-190,Not started,,,,
B41-M-191,4.1,Blk4_ShortWindow,CCPI,Colombo Consumer Price Index,EM13,Soft-DTW,Temporal,Monthly,53,May 2024,Apr 2025,12,May 2018,Apr 2024,48,24,72,No,False,R5 Deflation & stabilisation,Point + quantile + weights,Code/Blk4_ShortWindow/Blk4_ShortWindow.py,Code/common/config_Blk4_ShortWindow.yaml,Results/Results_Blk4_ShortWindow.xlsx,B41-M-191,Not started,,,,
B41-M-192,4.1,Blk4_ShortWindow,CCPI,Colombo Consumer Price Index,EM13,Soft-DTW,Temporal,Monthly,54,Jun 2024,May 2025,12,Jun 2018,May 2024,48,24,72,No,False,R5 Deflation & stabilisation,Point + quantile + weights,Code/Blk4_ShortWindow/Blk4_ShortWindow.py,Code/common/config_Blk4_ShortWindow.yaml,Results/Results_Blk4_ShortWindow.xlsx,B41-M-192,Not started,,,,
B41-M-193,4.1,Blk4_ShortWindow,CCPI,Colombo Consumer Price Index,EM13,Soft-DTW,Temporal,Monthly,55,Jul 2024,Jun 2025,12,Jul 2018,Jun 2024,48,24,72,No,False,R5 Deflation & stabilisation,Point + quantile + weights,Code/Blk4_ShortWindow/Blk4_ShortWindow.py,Code/common/config_Blk4_ShortWindow.yaml,Results/Results_Blk4_ShortWindow.xlsx,B41-M-193,Not started,,,,
B41-M-194,4.1,Blk4_ShortWindow,CCPI,Colombo Consumer Price Index,EM13,Soft-DTW,Temporal,Monthly,56,Aug 2024,Jul 2025,12,Aug 2018,Jul 2024,48,24,72,No,False,R5 Deflation & stabilisation,Point + quantile + weights,Code/Blk4_ShortWindow/Blk4_ShortWindow.py,Code/common/config_Blk4_ShortWindow.yaml,Results/Results_Blk4_ShortWindow.xlsx,B41-M-194,Not started,,,,
B41-M-195,4.1,Blk4_ShortWindow,CCPI,Colombo Consumer Price Index,EM13,Soft-DTW,Temporal,Monthly,57,Sep 2024,Aug 2025,12,Sep 2018,Aug 2024,48,24,72,No,False,R5 Deflation & stabilisation,Point + quantile + weights,Code/Blk4_ShortWindow/Blk4_ShortWindow.py,Code/common/config_Blk4_ShortWindow.yaml,Results/Results_Blk4_ShortWindow.xlsx,B41-M-195,Not started,,,,
B41-M-196,4.1,Blk4_ShortWindow,CCPI,Colombo Consumer Price Index,EM13,Soft-DTW,Temporal,Monthly,58,Oct 2024,Sep 2025,12,Oct 2018,Sep 2024,48,24,72,No,False,R5 Deflation & stabilisation,Point + quantile + weights,Code/Blk4_ShortWindow/Blk4_ShortWindow.py,Code/common/config_Blk4_ShortWindow.yaml,Results/Results_Blk4_ShortWindow.xlsx,B41-M-196,Not started,,,,
B41-M-197,4.1,Blk4_ShortWindow,CCPI,Colombo Consumer Price Index,EM13,Soft-DTW,Temporal,Monthly,59,Nov 2024,Oct 2025,12,Nov 2018,Oct 2024,48,24,72,No,False,R5 Deflation & stabilisation,Point + quantile + weights,Code/Blk4_ShortWindow/Blk4_ShortWindow.py,Code/common/config_Blk4_ShortWindow.yaml,Results/Results_Blk4_ShortWindow.xlsx,B41-M-197,Not started,,,,
B41-M-198,4.1,Blk4_ShortWindow,CCPI,Colombo Consumer Price Index,EM13,Soft-DTW,Temporal,Monthly,60,Dec 2024,Nov 2025,12,Dec 2018,Nov 2024,48,24,72,No,False,R5 Deflation & stabilisation,Point + quantile + weights,Code/Blk4_ShortWindow/Blk4_ShortWindow.py,Code/common/config_Blk4_ShortWindow.yaml,Results/Results_Blk4_ShortWindow.xlsx,B41-M-198,Not started,,,,
B41-M-199,4.1,Blk4_ShortWindow,CCPI,Colombo Consumer Price Index,EM13,Soft-DTW,Temporal,Monthly,61,Jan 2025,Dec 2025,12,Jan 2019,Dec 2024,48,24,72,No,False,R6 Post-stabilisation,Point + quantile + weights,Code/Blk4_ShortWindow/Blk4_ShortWindow.py,Code/common/config_Blk4_ShortWindow.yaml,Results/Results_Blk4_ShortWindow.xlsx,B41-M-199,Not started,,,,
B41-M-200,4.1,Blk4_ShortWindow,CCPI,Colombo Consumer Price Index,EM13,Soft-DTW,Temporal,Monthly,62,Feb 2025,Jan 2026,12,Feb 2019,Jan 2025,48,24,72,No,False,R6 Post-stabilisation,Point + quantile + weights,Code/Blk4_ShortWindow/Blk4_ShortWindow.py,Code/common/config_Blk4_ShortWindow.yaml,Results/Results_Blk4_ShortWindow.xlsx,B41-M-200,Not started,,,,
B41-M-201,4.1,Blk4_ShortWindow,CCPI,Colombo Consumer Price Index,EM13,Soft-DTW,Temporal,Monthly,63,Mar 2025,Feb 2026,12,Mar 2019,Feb 2025,48,24,72,No,False,R6 Post-stabilisation,Point + quantile + weights,Code/Blk4_ShortWindow/Blk4_ShortWindow.py,Code/common/config_Blk4_ShortWindow.yaml,Results/Results_Blk4_ShortWindow.xlsx,B41-M-201,Not started,,,,
B41-M-202,4.1,Blk4_ShortWindow,CCPI,Colombo Consumer Price Index,EM13,Soft-DTW,Temporal,Monthly,64,Apr 2025,Mar 2026,12,Apr 2019,Mar 2025,48,24,72,No,False,R6 Post-stabilisation,Point + quantile + weights,Code/Blk4_ShortWindow/Blk4_ShortWindow.py,Code/common/config_Blk4_ShortWindow.yaml,Results/Results_Blk4_ShortWindow.xlsx,B41-M-202,Not started,,,,
B41-M-203,4.1,Blk4_ShortWindow,CCPI,Colombo Consumer Price Index,EM13,Soft-DTW,Temporal,Monthly,65,May 2025,Apr 2026,12,May 2019,Apr 2025,48,24,72,No,False,R6 Post-stabilisation,Point + quantile + weights,Code/Blk4_ShortWindow/Blk4_ShortWindow.py,Code/common/config_Blk4_ShortWindow.yaml,Results/Results_Blk4_ShortWindow.xlsx,B41-M-203,Not started,,,,
B41-M-204,4.1,Blk4_ShortWindow,CCPI,Colombo Consumer Price Index,EM13,Soft-DTW,Temporal,Monthly,66,Jun 2025,May 2026,12,Jun 2019,May 2025,48,24,72,No,False,R6 Post-stabilisation,Point + quantile + weights,Code/Blk4_ShortWindow/Blk4_ShortWindow.py,Code/common/config_Blk4_ShortWindow.yaml,Results/Results_Blk4_ShortWindow.xlsx,B41-M-204,Not started,,,,
B41-M-205,4.1,Blk4_ShortWindow,CCPI,Colombo Consumer Price Index,EM13,Soft-DTW,Temporal,Monthly,67,Jul 2025,Jun 2026,12,Jul 2019,Jun 2025,48,24,72,No,False,R6 Post-stabilisation,Point + quantile + weights,Code/Blk4_ShortWindow/Blk4_ShortWindow.py,Code/common/config_Blk4_ShortWindow.yaml,Results/Results_Blk4_ShortWindow.xlsx,B41-M-205,Not started,,,,
B41-M-206,4.1,Blk4_ShortWindow,CCPI,Colombo Consumer Price Index,EM13,Soft-DTW,Temporal,Monthly,68,Aug 2025,Jul 2026,12,Aug 2019,Jul 2025,48,24,72,No,False,R6 Post-stabilisation,Point + quantile + weights,Code/Blk4_ShortWindow/Blk4_ShortWindow.py,Code/common/config_Blk4_ShortWindow.yaml,Results/Results_Blk4_ShortWindow.xlsx,B41-M-206,Not started,,,,
B41-M-207,4.1,Blk4_ShortWindow,CCPI,Colombo Consumer Price Index,EM13,Soft-DTW,Temporal,Monthly,69,Sep 2025,Aug 2026,12,Sep 2019,Aug 2025,48,24,72,No,False,R6 Post-stabilisation,Point + quantile + weights,Code/Blk4_ShortWindow/Blk4_ShortWindow.py,Code/common/config_Blk4_ShortWindow.yaml,Results/Results_Blk4_ShortWindow.xlsx,B41-M-207,Not started,,,,
B42-Q-001,4.2,Blk4_ShortWindow,HCPI,Headline Consumer Price Index,EM1,SELECTED,Selected,Quarterly,1,Q1 2020,Q4 2020,4,Q1 2014,Q4 2019,16,8,24,No,False,R1 COVID-19 shock,Point + quantile + weights,Code/Blk4_ShortWindow/Blk4_ShortWindow.py,Code/common/config_Blk4_ShortWindow.yaml,Results/Results_Blk4_ShortWindow.xlsx,B42-Q-001,Not started,,,,
B42-Q-002,4.2,Blk4_ShortWindow,HCPI,Headline Consumer Price Index,EM1,SELECTED,Selected,Quarterly,2,Q2 2020,Q1 2021,4,Q2 2014,Q1 2020,16,8,24,No,False,R1 COVID-19 shock,Point + quantile + weights,Code/Blk4_ShortWindow/Blk4_ShortWindow.py,Code/common/config_Blk4_ShortWindow.yaml,Results/Results_Blk4_ShortWindow.xlsx,B42-Q-002,Not started,,,,
B42-Q-003,4.2,Blk4_ShortWindow,HCPI,Headline Consumer Price Index,EM1,SELECTED,Selected,Quarterly,3,Q3 2020,Q2 2021,4,Q3 2014,Q2 2020,16,8,24,No,False,R1 COVID-19 shock,Point + quantile + weights,Code/Blk4_ShortWindow/Blk4_ShortWindow.py,Code/common/config_Blk4_ShortWindow.yaml,Results/Results_Blk4_ShortWindow.xlsx,B42-Q-003,Not started,,,,
B42-Q-004,4.2,Blk4_ShortWindow,HCPI,Headline Consumer Price Index,EM1,SELECTED,Selected,Quarterly,4,Q4 2020,Q3 2021,4,Q4 2014,Q3 2020,16,8,24,No,False,R1 COVID-19 shock,Point + quantile + weights,Code/Blk4_ShortWindow/Blk4_ShortWindow.py,Code/common/config_Blk4_ShortWindow.yaml,Results/Results_Blk4_ShortWindow.xlsx,B42-Q-004,Not started,,,,
B42-Q-005,4.2,Blk4_ShortWindow,HCPI,Headline Consumer Price Index,EM1,SELECTED,Selected,Quarterly,5,Q1 2021,Q4 2021,4,Q1 2015,Q4 2020,16,8,24,No,False,R2 Pre-crisis build-up,Point + quantile + weights,Code/Blk4_ShortWindow/Blk4_ShortWindow.py,Code/common/config_Blk4_ShortWindow.yaml,Results/Results_Blk4_ShortWindow.xlsx,B42-Q-005,Not started,,,,
B42-Q-006,4.2,Blk4_ShortWindow,HCPI,Headline Consumer Price Index,EM1,SELECTED,Selected,Quarterly,6,Q2 2021,Q1 2022,4,Q2 2015,Q1 2021,16,8,24,No,False,R2 Pre-crisis build-up,Point + quantile + weights,Code/Blk4_ShortWindow/Blk4_ShortWindow.py,Code/common/config_Blk4_ShortWindow.yaml,Results/Results_Blk4_ShortWindow.xlsx,B42-Q-006,Not started,,,,
B42-Q-007,4.2,Blk4_ShortWindow,HCPI,Headline Consumer Price Index,EM1,SELECTED,Selected,Quarterly,7,Q3 2021,Q2 2022,4,Q3 2015,Q2 2021,16,8,24,No,False,R2 Pre-crisis build-up,Point + quantile + weights,Code/Blk4_ShortWindow/Blk4_ShortWindow.py,Code/common/config_Blk4_ShortWindow.yaml,Results/Results_Blk4_ShortWindow.xlsx,B42-Q-007,Not started,,,,
B42-Q-008,4.2,Blk4_ShortWindow,HCPI,Headline Consumer Price Index,EM1,SELECTED,Selected,Quarterly,8,Q4 2021,Q3 2022,4,Q4 2015,Q3 2021,16,8,24,No,False,R2 Pre-crisis build-up,Point + quantile + weights,Code/Blk4_ShortWindow/Blk4_ShortWindow.py,Code/common/config_Blk4_ShortWindow.yaml,Results/Results_Blk4_ShortWindow.xlsx,B42-Q-008,Not started,,,,
B42-Q-009,4.2,Blk4_ShortWindow,HCPI,Headline Consumer Price Index,EM1,SELECTED,Selected,Quarterly,9,Q1 2022,Q4 2022,4,Q1 2016,Q4 2021,16,8,24,No,False,R3 Crisis & hyperinflation,Point + quantile + weights,Code/Blk4_ShortWindow/Blk4_ShortWindow.py,Code/common/config_Blk4_ShortWindow.yaml,Results/Results_Blk4_ShortWindow.xlsx,B42-Q-009,Not started,,,,
B42-Q-010,4.2,Blk4_ShortWindow,HCPI,Headline Consumer Price Index,EM1,SELECTED,Selected,Quarterly,10,Q2 2022,Q1 2023,4,Q2 2016,Q1 2022,16,8,24,No,False,R3 Crisis & hyperinflation,Point + quantile + weights,Code/Blk4_ShortWindow/Blk4_ShortWindow.py,Code/common/config_Blk4_ShortWindow.yaml,Results/Results_Blk4_ShortWindow.xlsx,B42-Q-010,Not started,,,,
B42-Q-011,4.2,Blk4_ShortWindow,HCPI,Headline Consumer Price Index,EM1,SELECTED,Selected,Quarterly,11,Q3 2022,Q2 2023,4,Q3 2016,Q2 2022,16,8,24,No,False,R3 Crisis & hyperinflation,Point + quantile + weights,Code/Blk4_ShortWindow/Blk4_ShortWindow.py,Code/common/config_Blk4_ShortWindow.yaml,Results/Results_Blk4_ShortWindow.xlsx,B42-Q-011,Not started,,,,
B42-Q-012,4.2,Blk4_ShortWindow,HCPI,Headline Consumer Price Index,EM1,SELECTED,Selected,Quarterly,12,Q4 2022,Q3 2023,4,Q4 2016,Q3 2022,16,8,24,No,False,R3 Crisis & hyperinflation,Point + quantile + weights,Code/Blk4_ShortWindow/Blk4_ShortWindow.py,Code/common/config_Blk4_ShortWindow.yaml,Results/Results_Blk4_ShortWindow.xlsx,B42-Q-012,Not started,,,,
B42-Q-013,4.2,Blk4_ShortWindow,HCPI,Headline Consumer Price Index,EM1,SELECTED,Selected,Quarterly,13,Q1 2023,Q4 2023,4,Q1 2017,Q4 2022,16,8,24,No,False,R4 Sharp disinflation,Point + quantile + weights,Code/Blk4_ShortWindow/Blk4_ShortWindow.py,Code/common/config_Blk4_ShortWindow.yaml,Results/Results_Blk4_ShortWindow.xlsx,B42-Q-013,Not started,,,,
B42-Q-014,4.2,Blk4_ShortWindow,HCPI,Headline Consumer Price Index,EM1,SELECTED,Selected,Quarterly,14,Q2 2023,Q1 2024,4,Q2 2017,Q1 2023,16,8,24,No,False,R4 Sharp disinflation,Point + quantile + weights,Code/Blk4_ShortWindow/Blk4_ShortWindow.py,Code/common/config_Blk4_ShortWindow.yaml,Results/Results_Blk4_ShortWindow.xlsx,B42-Q-014,Not started,,,,
B42-Q-015,4.2,Blk4_ShortWindow,HCPI,Headline Consumer Price Index,EM1,SELECTED,Selected,Quarterly,15,Q3 2023,Q2 2024,4,Q3 2017,Q2 2023,16,8,24,No,False,R4 Sharp disinflation,Point + quantile + weights,Code/Blk4_ShortWindow/Blk4_ShortWindow.py,Code/common/config_Blk4_ShortWindow.yaml,Results/Results_Blk4_ShortWindow.xlsx,B42-Q-015,Not started,,,,
B42-Q-016,4.2,Blk4_ShortWindow,HCPI,Headline Consumer Price Index,EM1,SELECTED,Selected,Quarterly,16,Q4 2023,Q3 2024,4,Q4 2017,Q3 2023,16,8,24,No,False,R4 Sharp disinflation,Point + quantile + weights,Code/Blk4_ShortWindow/Blk4_ShortWindow.py,Code/common/config_Blk4_ShortWindow.yaml,Results/Results_Blk4_ShortWindow.xlsx,B42-Q-016,Not started,,,,
B42-Q-017,4.2,Blk4_ShortWindow,HCPI,Headline Consumer Price Index,EM1,SELECTED,Selected,Quarterly,17,Q1 2024,Q4 2024,4,Q1 2018,Q4 2023,16,8,24,No,False,R5 Deflation & stabilisation,Point + quantile + weights,Code/Blk4_ShortWindow/Blk4_ShortWindow.py,Code/common/config_Blk4_ShortWindow.yaml,Results/Results_Blk4_ShortWindow.xlsx,B42-Q-017,Not started,,,,
B42-Q-018,4.2,Blk4_ShortWindow,HCPI,Headline Consumer Price Index,EM1,SELECTED,Selected,Quarterly,18,Q2 2024,Q1 2025,4,Q2 2018,Q1 2024,16,8,24,No,False,R5 Deflation & stabilisation,Point + quantile + weights,Code/Blk4_ShortWindow/Blk4_ShortWindow.py,Code/common/config_Blk4_ShortWindow.yaml,Results/Results_Blk4_ShortWindow.xlsx,B42-Q-018,Not started,,,,
B42-Q-019,4.2,Blk4_ShortWindow,HCPI,Headline Consumer Price Index,EM1,SELECTED,Selected,Quarterly,19,Q3 2024,Q2 2025,4,Q3 2018,Q2 2024,16,8,24,No,False,R5 Deflation & stabilisation,Point + quantile + weights,Code/Blk4_ShortWindow/Blk4_ShortWindow.py,Code/common/config_Blk4_ShortWindow.yaml,Results/Results_Blk4_ShortWindow.xlsx,B42-Q-019,Not started,,,,
B42-Q-020,4.2,Blk4_ShortWindow,HCPI,Headline Consumer Price Index,EM1,SELECTED,Selected,Quarterly,20,Q4 2024,Q3 2025,4,Q4 2018,Q3 2024,16,8,24,No,False,R5 Deflation & stabilisation,Point + quantile + weights,Code/Blk4_ShortWindow/Blk4_ShortWindow.py,Code/common/config_Blk4_ShortWindow.yaml,Results/Results_Blk4_ShortWindow.xlsx,B42-Q-020,Not started,,,,
B42-Q-021,4.2,Blk4_ShortWindow,HCPI,Headline Consumer Price Index,EM1,SELECTED,Selected,Quarterly,21,Q1 2025,Q4 2025,4,Q1 2019,Q4 2024,16,8,24,No,False,R6 Post-stabilisation,Point + quantile + weights,Code/Blk4_ShortWindow/Blk4_ShortWindow.py,Code/common/config_Blk4_ShortWindow.yaml,Results/Results_Blk4_ShortWindow.xlsx,B42-Q-021,Not started,,,,
B42-Q-022,4.2,Blk4_ShortWindow,HCPI,Headline Consumer Price Index,EM1,SELECTED,Selected,Quarterly,22,Q2 2025,Q1 2026,4,Q2 2019,Q1 2025,16,8,24,No,False,R6 Post-stabilisation,Point + quantile + weights,Code/Blk4_ShortWindow/Blk4_ShortWindow.py,Code/common/config_Blk4_ShortWindow.yaml,Results/Results_Blk4_ShortWindow.xlsx,B42-Q-022,Not started,,,,
B42-Q-023,4.2,Blk4_ShortWindow,HCPI,Headline Consumer Price Index,EM1,SELECTED,Selected,Quarterly,23,Q3 2025,Q2 2026,4,Q3 2019,Q2 2025,16,8,24,No,False,R6 Post-stabilisation,Point + quantile + weights,Code/Blk4_ShortWindow/Blk4_ShortWindow.py,Code/common/config_Blk4_ShortWindow.yaml,Results/Results_Blk4_ShortWindow.xlsx,B42-Q-023,Not started,,,,
B42-Q-024,4.2,Blk4_ShortWindow,FCPI,Food Consumer Price Index,EM1,SELECTED,Selected,Quarterly,1,Q1 2020,Q4 2020,4,Q1 2014,Q4 2019,16,8,24,No,False,R1 COVID-19 shock,Point + quantile + weights,Code/Blk4_ShortWindow/Blk4_ShortWindow.py,Code/common/config_Blk4_ShortWindow.yaml,Results/Results_Blk4_ShortWindow.xlsx,B42-Q-024,Not started,,,,
B42-Q-025,4.2,Blk4_ShortWindow,FCPI,Food Consumer Price Index,EM1,SELECTED,Selected,Quarterly,2,Q2 2020,Q1 2021,4,Q2 2014,Q1 2020,16,8,24,No,False,R1 COVID-19 shock,Point + quantile + weights,Code/Blk4_ShortWindow/Blk4_ShortWindow.py,Code/common/config_Blk4_ShortWindow.yaml,Results/Results_Blk4_ShortWindow.xlsx,B42-Q-025,Not started,,,,
B42-Q-026,4.2,Blk4_ShortWindow,FCPI,Food Consumer Price Index,EM1,SELECTED,Selected,Quarterly,3,Q3 2020,Q2 2021,4,Q3 2014,Q2 2020,16,8,24,No,False,R1 COVID-19 shock,Point + quantile + weights,Code/Blk4_ShortWindow/Blk4_ShortWindow.py,Code/common/config_Blk4_ShortWindow.yaml,Results/Results_Blk4_ShortWindow.xlsx,B42-Q-026,Not started,,,,
B42-Q-027,4.2,Blk4_ShortWindow,FCPI,Food Consumer Price Index,EM1,SELECTED,Selected,Quarterly,4,Q4 2020,Q3 2021,4,Q4 2014,Q3 2020,16,8,24,No,False,R1 COVID-19 shock,Point + quantile + weights,Code/Blk4_ShortWindow/Blk4_ShortWindow.py,Code/common/config_Blk4_ShortWindow.yaml,Results/Results_Blk4_ShortWindow.xlsx,B42-Q-027,Not started,,,,
B42-Q-028,4.2,Blk4_ShortWindow,FCPI,Food Consumer Price Index,EM1,SELECTED,Selected,Quarterly,5,Q1 2021,Q4 2021,4,Q1 2015,Q4 2020,16,8,24,No,False,R2 Pre-crisis build-up,Point + quantile + weights,Code/Blk4_ShortWindow/Blk4_ShortWindow.py,Code/common/config_Blk4_ShortWindow.yaml,Results/Results_Blk4_ShortWindow.xlsx,B42-Q-028,Not started,,,,
B42-Q-029,4.2,Blk4_ShortWindow,FCPI,Food Consumer Price Index,EM1,SELECTED,Selected,Quarterly,6,Q2 2021,Q1 2022,4,Q2 2015,Q1 2021,16,8,24,No,False,R2 Pre-crisis build-up,Point + quantile + weights,Code/Blk4_ShortWindow/Blk4_ShortWindow.py,Code/common/config_Blk4_ShortWindow.yaml,Results/Results_Blk4_ShortWindow.xlsx,B42-Q-029,Not started,,,,
B42-Q-030,4.2,Blk4_ShortWindow,FCPI,Food Consumer Price Index,EM1,SELECTED,Selected,Quarterly,7,Q3 2021,Q2 2022,4,Q3 2015,Q2 2021,16,8,24,No,False,R2 Pre-crisis build-up,Point + quantile + weights,Code/Blk4_ShortWindow/Blk4_ShortWindow.py,Code/common/config_Blk4_ShortWindow.yaml,Results/Results_Blk4_ShortWindow.xlsx,B42-Q-030,Not started,,,,
B42-Q-031,4.2,Blk4_ShortWindow,FCPI,Food Consumer Price Index,EM1,SELECTED,Selected,Quarterly,8,Q4 2021,Q3 2022,4,Q4 2015,Q3 2021,16,8,24,No,False,R2 Pre-crisis build-up,Point + quantile + weights,Code/Blk4_ShortWindow/Blk4_ShortWindow.py,Code/common/config_Blk4_ShortWindow.yaml,Results/Results_Blk4_ShortWindow.xlsx,B42-Q-031,Not started,,,,
B42-Q-032,4.2,Blk4_ShortWindow,FCPI,Food Consumer Price Index,EM1,SELECTED,Selected,Quarterly,9,Q1 2022,Q4 2022,4,Q1 2016,Q4 2021,16,8,24,No,False,R3 Crisis & hyperinflation,Point + quantile + weights,Code/Blk4_ShortWindow/Blk4_ShortWindow.py,Code/common/config_Blk4_ShortWindow.yaml,Results/Results_Blk4_ShortWindow.xlsx,B42-Q-032,Not started,,,,
B42-Q-033,4.2,Blk4_ShortWindow,FCPI,Food Consumer Price Index,EM1,SELECTED,Selected,Quarterly,10,Q2 2022,Q1 2023,4,Q2 2016,Q1 2022,16,8,24,No,False,R3 Crisis & hyperinflation,Point + quantile + weights,Code/Blk4_ShortWindow/Blk4_ShortWindow.py,Code/common/config_Blk4_ShortWindow.yaml,Results/Results_Blk4_ShortWindow.xlsx,B42-Q-033,Not started,,,,
B42-Q-034,4.2,Blk4_ShortWindow,FCPI,Food Consumer Price Index,EM1,SELECTED,Selected,Quarterly,11,Q3 2022,Q2 2023,4,Q3 2016,Q2 2022,16,8,24,No,False,R3 Crisis & hyperinflation,Point + quantile + weights,Code/Blk4_ShortWindow/Blk4_ShortWindow.py,Code/common/config_Blk4_ShortWindow.yaml,Results/Results_Blk4_ShortWindow.xlsx,B42-Q-034,Not started,,,,
B42-Q-035,4.2,Blk4_ShortWindow,FCPI,Food Consumer Price Index,EM1,SELECTED,Selected,Quarterly,12,Q4 2022,Q3 2023,4,Q4 2016,Q3 2022,16,8,24,No,False,R3 Crisis & hyperinflation,Point + quantile + weights,Code/Blk4_ShortWindow/Blk4_ShortWindow.py,Code/common/config_Blk4_ShortWindow.yaml,Results/Results_Blk4_ShortWindow.xlsx,B42-Q-035,Not started,,,,
B42-Q-036,4.2,Blk4_ShortWindow,FCPI,Food Consumer Price Index,EM1,SELECTED,Selected,Quarterly,13,Q1 2023,Q4 2023,4,Q1 2017,Q4 2022,16,8,24,No,False,R4 Sharp disinflation,Point + quantile + weights,Code/Blk4_ShortWindow/Blk4_ShortWindow.py,Code/common/config_Blk4_ShortWindow.yaml,Results/Results_Blk4_ShortWindow.xlsx,B42-Q-036,Not started,,,,
B42-Q-037,4.2,Blk4_ShortWindow,FCPI,Food Consumer Price Index,EM1,SELECTED,Selected,Quarterly,14,Q2 2023,Q1 2024,4,Q2 2017,Q1 2023,16,8,24,No,False,R4 Sharp disinflation,Point + quantile + weights,Code/Blk4_ShortWindow/Blk4_ShortWindow.py,Code/common/config_Blk4_ShortWindow.yaml,Results/Results_Blk4_ShortWindow.xlsx,B42-Q-037,Not started,,,,
B42-Q-038,4.2,Blk4_ShortWindow,FCPI,Food Consumer Price Index,EM1,SELECTED,Selected,Quarterly,15,Q3 2023,Q2 2024,4,Q3 2017,Q2 2023,16,8,24,No,False,R4 Sharp disinflation,Point + quantile + weights,Code/Blk4_ShortWindow/Blk4_ShortWindow.py,Code/common/config_Blk4_ShortWindow.yaml,Results/Results_Blk4_ShortWindow.xlsx,B42-Q-038,Not started,,,,
B42-Q-039,4.2,Blk4_ShortWindow,FCPI,Food Consumer Price Index,EM1,SELECTED,Selected,Quarterly,16,Q4 2023,Q3 2024,4,Q4 2017,Q3 2023,16,8,24,No,False,R4 Sharp disinflation,Point + quantile + weights,Code/Blk4_ShortWindow/Blk4_ShortWindow.py,Code/common/config_Blk4_ShortWindow.yaml,Results/Results_Blk4_ShortWindow.xlsx,B42-Q-039,Not started,,,,
B42-Q-040,4.2,Blk4_ShortWindow,FCPI,Food Consumer Price Index,EM1,SELECTED,Selected,Quarterly,17,Q1 2024,Q4 2024,4,Q1 2018,Q4 2023,16,8,24,No,False,R5 Deflation & stabilisation,Point + quantile + weights,Code/Blk4_ShortWindow/Blk4_ShortWindow.py,Code/common/config_Blk4_ShortWindow.yaml,Results/Results_Blk4_ShortWindow.xlsx,B42-Q-040,Not started,,,,
B42-Q-041,4.2,Blk4_ShortWindow,FCPI,Food Consumer Price Index,EM1,SELECTED,Selected,Quarterly,18,Q2 2024,Q1 2025,4,Q2 2018,Q1 2024,16,8,24,No,False,R5 Deflation & stabilisation,Point + quantile + weights,Code/Blk4_ShortWindow/Blk4_ShortWindow.py,Code/common/config_Blk4_ShortWindow.yaml,Results/Results_Blk4_ShortWindow.xlsx,B42-Q-041,Not started,,,,
B42-Q-042,4.2,Blk4_ShortWindow,FCPI,Food Consumer Price Index,EM1,SELECTED,Selected,Quarterly,19,Q3 2024,Q2 2025,4,Q3 2018,Q2 2024,16,8,24,No,False,R5 Deflation & stabilisation,Point + quantile + weights,Code/Blk4_ShortWindow/Blk4_ShortWindow.py,Code/common/config_Blk4_ShortWindow.yaml,Results/Results_Blk4_ShortWindow.xlsx,B42-Q-042,Not started,,,,
B42-Q-043,4.2,Blk4_ShortWindow,FCPI,Food Consumer Price Index,EM1,SELECTED,Selected,Quarterly,20,Q4 2024,Q3 2025,4,Q4 2018,Q3 2024,16,8,24,No,False,R5 Deflation & stabilisation,Point + quantile + weights,Code/Blk4_ShortWindow/Blk4_ShortWindow.py,Code/common/config_Blk4_ShortWindow.yaml,Results/Results_Blk4_ShortWindow.xlsx,B42-Q-043,Not started,,,,
B42-Q-044,4.2,Blk4_ShortWindow,FCPI,Food Consumer Price Index,EM1,SELECTED,Selected,Quarterly,21,Q1 2025,Q4 2025,4,Q1 2019,Q4 2024,16,8,24,No,False,R6 Post-stabilisation,Point + quantile + weights,Code/Blk4_ShortWindow/Blk4_ShortWindow.py,Code/common/config_Blk4_ShortWindow.yaml,Results/Results_Blk4_ShortWindow.xlsx,B42-Q-044,Not started,,,,
B42-Q-045,4.2,Blk4_ShortWindow,FCPI,Food Consumer Price Index,EM1,SELECTED,Selected,Quarterly,22,Q2 2025,Q1 2026,4,Q2 2019,Q1 2025,16,8,24,No,False,R6 Post-stabilisation,Point + quantile + weights,Code/Blk4_ShortWindow/Blk4_ShortWindow.py,Code/common/config_Blk4_ShortWindow.yaml,Results/Results_Blk4_ShortWindow.xlsx,B42-Q-045,Not started,,,,
B42-Q-046,4.2,Blk4_ShortWindow,FCPI,Food Consumer Price Index,EM1,SELECTED,Selected,Quarterly,23,Q3 2025,Q2 2026,4,Q3 2019,Q2 2025,16,8,24,No,False,R6 Post-stabilisation,Point + quantile + weights,Code/Blk4_ShortWindow/Blk4_ShortWindow.py,Code/common/config_Blk4_ShortWindow.yaml,Results/Results_Blk4_ShortWindow.xlsx,B42-Q-046,Not started,,,,
B42-Q-047,4.2,Blk4_ShortWindow,CCPI,Colombo Consumer Price Index,EM1,SELECTED,Selected,Quarterly,1,Q1 2020,Q4 2020,4,Q1 2014,Q4 2019,16,8,24,No,False,R1 COVID-19 shock,Point + quantile + weights,Code/Blk4_ShortWindow/Blk4_ShortWindow.py,Code/common/config_Blk4_ShortWindow.yaml,Results/Results_Blk4_ShortWindow.xlsx,B42-Q-047,Not started,,,,
B42-Q-048,4.2,Blk4_ShortWindow,CCPI,Colombo Consumer Price Index,EM1,SELECTED,Selected,Quarterly,2,Q2 2020,Q1 2021,4,Q2 2014,Q1 2020,16,8,24,No,False,R1 COVID-19 shock,Point + quantile + weights,Code/Blk4_ShortWindow/Blk4_ShortWindow.py,Code/common/config_Blk4_ShortWindow.yaml,Results/Results_Blk4_ShortWindow.xlsx,B42-Q-048,Not started,,,,
B42-Q-049,4.2,Blk4_ShortWindow,CCPI,Colombo Consumer Price Index,EM1,SELECTED,Selected,Quarterly,3,Q3 2020,Q2 2021,4,Q3 2014,Q2 2020,16,8,24,No,False,R1 COVID-19 shock,Point + quantile + weights,Code/Blk4_ShortWindow/Blk4_ShortWindow.py,Code/common/config_Blk4_ShortWindow.yaml,Results/Results_Blk4_ShortWindow.xlsx,B42-Q-049,Not started,,,,
B42-Q-050,4.2,Blk4_ShortWindow,CCPI,Colombo Consumer Price Index,EM1,SELECTED,Selected,Quarterly,4,Q4 2020,Q3 2021,4,Q4 2014,Q3 2020,16,8,24,No,False,R1 COVID-19 shock,Point + quantile + weights,Code/Blk4_ShortWindow/Blk4_ShortWindow.py,Code/common/config_Blk4_ShortWindow.yaml,Results/Results_Blk4_ShortWindow.xlsx,B42-Q-050,Not started,,,,
B42-Q-051,4.2,Blk4_ShortWindow,CCPI,Colombo Consumer Price Index,EM1,SELECTED,Selected,Quarterly,5,Q1 2021,Q4 2021,4,Q1 2015,Q4 2020,16,8,24,No,False,R2 Pre-crisis build-up,Point + quantile + weights,Code/Blk4_ShortWindow/Blk4_ShortWindow.py,Code/common/config_Blk4_ShortWindow.yaml,Results/Results_Blk4_ShortWindow.xlsx,B42-Q-051,Not started,,,,
B42-Q-052,4.2,Blk4_ShortWindow,CCPI,Colombo Consumer Price Index,EM1,SELECTED,Selected,Quarterly,6,Q2 2021,Q1 2022,4,Q2 2015,Q1 2021,16,8,24,No,False,R2 Pre-crisis build-up,Point + quantile + weights,Code/Blk4_ShortWindow/Blk4_ShortWindow.py,Code/common/config_Blk4_ShortWindow.yaml,Results/Results_Blk4_ShortWindow.xlsx,B42-Q-052,Not started,,,,
B42-Q-053,4.2,Blk4_ShortWindow,CCPI,Colombo Consumer Price Index,EM1,SELECTED,Selected,Quarterly,7,Q3 2021,Q2 2022,4,Q3 2015,Q2 2021,16,8,24,No,False,R2 Pre-crisis build-up,Point + quantile + weights,Code/Blk4_ShortWindow/Blk4_ShortWindow.py,Code/common/config_Blk4_ShortWindow.yaml,Results/Results_Blk4_ShortWindow.xlsx,B42-Q-053,Not started,,,,
B42-Q-054,4.2,Blk4_ShortWindow,CCPI,Colombo Consumer Price Index,EM1,SELECTED,Selected,Quarterly,8,Q4 2021,Q3 2022,4,Q4 2015,Q3 2021,16,8,24,No,False,R2 Pre-crisis build-up,Point + quantile + weights,Code/Blk4_ShortWindow/Blk4_ShortWindow.py,Code/common/config_Blk4_ShortWindow.yaml,Results/Results_Blk4_ShortWindow.xlsx,B42-Q-054,Not started,,,,
B42-Q-055,4.2,Blk4_ShortWindow,CCPI,Colombo Consumer Price Index,EM1,SELECTED,Selected,Quarterly,9,Q1 2022,Q4 2022,4,Q1 2016,Q4 2021,16,8,24,No,False,R3 Crisis & hyperinflation,Point + quantile + weights,Code/Blk4_ShortWindow/Blk4_ShortWindow.py,Code/common/config_Blk4_ShortWindow.yaml,Results/Results_Blk4_ShortWindow.xlsx,B42-Q-055,Not started,,,,
B42-Q-056,4.2,Blk4_ShortWindow,CCPI,Colombo Consumer Price Index,EM1,SELECTED,Selected,Quarterly,10,Q2 2022,Q1 2023,4,Q2 2016,Q1 2022,16,8,24,No,False,R3 Crisis & hyperinflation,Point + quantile + weights,Code/Blk4_ShortWindow/Blk4_ShortWindow.py,Code/common/config_Blk4_ShortWindow.yaml,Results/Results_Blk4_ShortWindow.xlsx,B42-Q-056,Not started,,,,
B42-Q-057,4.2,Blk4_ShortWindow,CCPI,Colombo Consumer Price Index,EM1,SELECTED,Selected,Quarterly,11,Q3 2022,Q2 2023,4,Q3 2016,Q2 2022,16,8,24,No,False,R3 Crisis & hyperinflation,Point + quantile + weights,Code/Blk4_ShortWindow/Blk4_ShortWindow.py,Code/common/config_Blk4_ShortWindow.yaml,Results/Results_Blk4_ShortWindow.xlsx,B42-Q-057,Not started,,,,
B42-Q-058,4.2,Blk4_ShortWindow,CCPI,Colombo Consumer Price Index,EM1,SELECTED,Selected,Quarterly,12,Q4 2022,Q3 2023,4,Q4 2016,Q3 2022,16,8,24,No,False,R3 Crisis & hyperinflation,Point + quantile + weights,Code/Blk4_ShortWindow/Blk4_ShortWindow.py,Code/common/config_Blk4_ShortWindow.yaml,Results/Results_Blk4_ShortWindow.xlsx,B42-Q-058,Not started,,,,
B42-Q-059,4.2,Blk4_ShortWindow,CCPI,Colombo Consumer Price Index,EM1,SELECTED,Selected,Quarterly,13,Q1 2023,Q4 2023,4,Q1 2017,Q4 2022,16,8,24,No,False,R4 Sharp disinflation,Point + quantile + weights,Code/Blk4_ShortWindow/Blk4_ShortWindow.py,Code/common/config_Blk4_ShortWindow.yaml,Results/Results_Blk4_ShortWindow.xlsx,B42-Q-059,Not started,,,,
B42-Q-060,4.2,Blk4_ShortWindow,CCPI,Colombo Consumer Price Index,EM1,SELECTED,Selected,Quarterly,14,Q2 2023,Q1 2024,4,Q2 2017,Q1 2023,16,8,24,No,False,R4 Sharp disinflation,Point + quantile + weights,Code/Blk4_ShortWindow/Blk4_ShortWindow.py,Code/common/config_Blk4_ShortWindow.yaml,Results/Results_Blk4_ShortWindow.xlsx,B42-Q-060,Not started,,,,
B42-Q-061,4.2,Blk4_ShortWindow,CCPI,Colombo Consumer Price Index,EM1,SELECTED,Selected,Quarterly,15,Q3 2023,Q2 2024,4,Q3 2017,Q2 2023,16,8,24,No,False,R4 Sharp disinflation,Point + quantile + weights,Code/Blk4_ShortWindow/Blk4_ShortWindow.py,Code/common/config_Blk4_ShortWindow.yaml,Results/Results_Blk4_ShortWindow.xlsx,B42-Q-061,Not started,,,,
B42-Q-062,4.2,Blk4_ShortWindow,CCPI,Colombo Consumer Price Index,EM1,SELECTED,Selected,Quarterly,16,Q4 2023,Q3 2024,4,Q4 2017,Q3 2023,16,8,24,No,False,R4 Sharp disinflation,Point + quantile + weights,Code/Blk4_ShortWindow/Blk4_ShortWindow.py,Code/common/config_Blk4_ShortWindow.yaml,Results/Results_Blk4_ShortWindow.xlsx,B42-Q-062,Not started,,,,
B42-Q-063,4.2,Blk4_ShortWindow,CCPI,Colombo Consumer Price Index,EM1,SELECTED,Selected,Quarterly,17,Q1 2024,Q4 2024,4,Q1 2018,Q4 2023,16,8,24,No,False,R5 Deflation & stabilisation,Point + quantile + weights,Code/Blk4_ShortWindow/Blk4_ShortWindow.py,Code/common/config_Blk4_ShortWindow.yaml,Results/Results_Blk4_ShortWindow.xlsx,B42-Q-063,Not started,,,,
B42-Q-064,4.2,Blk4_ShortWindow,CCPI,Colombo Consumer Price Index,EM1,SELECTED,Selected,Quarterly,18,Q2 2024,Q1 2025,4,Q2 2018,Q1 2024,16,8,24,No,False,R5 Deflation & stabilisation,Point + quantile + weights,Code/Blk4_ShortWindow/Blk4_ShortWindow.py,Code/common/config_Blk4_ShortWindow.yaml,Results/Results_Blk4_ShortWindow.xlsx,B42-Q-064,Not started,,,,
B42-Q-065,4.2,Blk4_ShortWindow,CCPI,Colombo Consumer Price Index,EM1,SELECTED,Selected,Quarterly,19,Q3 2024,Q2 2025,4,Q3 2018,Q2 2024,16,8,24,No,False,R5 Deflation & stabilisation,Point + quantile + weights,Code/Blk4_ShortWindow/Blk4_ShortWindow.py,Code/common/config_Blk4_ShortWindow.yaml,Results/Results_Blk4_ShortWindow.xlsx,B42-Q-065,Not started,,,,
B42-Q-066,4.2,Blk4_ShortWindow,CCPI,Colombo Consumer Price Index,EM1,SELECTED,Selected,Quarterly,20,Q4 2024,Q3 2025,4,Q4 2018,Q3 2024,16,8,24,No,False,R5 Deflation & stabilisation,Point + quantile + weights,Code/Blk4_ShortWindow/Blk4_ShortWindow.py,Code/common/config_Blk4_ShortWindow.yaml,Results/Results_Blk4_ShortWindow.xlsx,B42-Q-066,Not started,,,,
B42-Q-067,4.2,Blk4_ShortWindow,CCPI,Colombo Consumer Price Index,EM1,SELECTED,Selected,Quarterly,21,Q1 2025,Q4 2025,4,Q1 2019,Q4 2024,16,8,24,No,False,R6 Post-stabilisation,Point + quantile + weights,Code/Blk4_ShortWindow/Blk4_ShortWindow.py,Code/common/config_Blk4_ShortWindow.yaml,Results/Results_Blk4_ShortWindow.xlsx,B42-Q-067,Not started,,,,
B42-Q-068,4.2,Blk4_ShortWindow,CCPI,Colombo Consumer Price Index,EM1,SELECTED,Selected,Quarterly,22,Q2 2025,Q1 2026,4,Q2 2019,Q1 2025,16,8,24,No,False,R6 Post-stabilisation,Point + quantile + weights,Code/Blk4_ShortWindow/Blk4_ShortWindow.py,Code/common/config_Blk4_ShortWindow.yaml,Results/Results_Blk4_ShortWindow.xlsx,B42-Q-068,Not started,,,,
B42-Q-069,4.2,Blk4_ShortWindow,CCPI,Colombo Consumer Price Index,EM1,SELECTED,Selected,Quarterly,23,Q3 2025,Q2 2026,4,Q3 2019,Q2 2025,16,8,24,No,False,R6 Post-stabilisation,Point + quantile + weights,Code/Blk4_ShortWindow/Blk4_ShortWindow.py,Code/common/config_Blk4_ShortWindow.yaml,Results/Results_Blk4_ShortWindow.xlsx,B42-Q-069,Not started,,,,
BL-M-001,2.1,Blk5_Baselines,HCPI,Headline Consumer Price Index,,Baseline (no fitting objective),Baseline,Monthly,58,Oct 2024,Sep 2025,12,Jun 2014,Sep 2024,100,24,124,,False,R5 Deflation & stabilisation,Point + runtime,Code/Blk5_Baselines/Blk5_Baselines.py,Code/common/config_Blk5_Baselines.yaml,Results/Results_Blk5_Baselines.xlsx,BL-M-001,Not started,,,,
BL-M-002,2.1,Blk5_Baselines,HCPI,Headline Consumer Price Index,,Baseline (no fitting objective),Baseline,Monthly,59,Nov 2024,Oct 2025,12,Jul 2014,Oct 2024,100,24,124,,False,R5 Deflation & stabilisation,Point + runtime,Code/Blk5_Baselines/Blk5_Baselines.py,Code/common/config_Blk5_Baselines.yaml,Results/Results_Blk5_Baselines.xlsx,BL-M-002,Not started,,,,
BL-M-003,2.1,Blk5_Baselines,HCPI,Headline Consumer Price Index,,Baseline (no fitting objective),Baseline,Monthly,60,Dec 2024,Nov 2025,12,Aug 2014,Nov 2024,100,24,124,,False,R5 Deflation & stabilisation,Point + runtime,Code/Blk5_Baselines/Blk5_Baselines.py,Code/common/config_Blk5_Baselines.yaml,Results/Results_Blk5_Baselines.xlsx,BL-M-003,Not started,,,,
BL-M-004,2.1,Blk5_Baselines,HCPI,Headline Consumer Price Index,,Baseline (no fitting objective),Baseline,Monthly,61,Jan 2025,Dec 2025,12,Sep 2014,Dec 2024,100,24,124,,False,R6 Post-stabilisation,Point + runtime,Code/Blk5_Baselines/Blk5_Baselines.py,Code/common/config_Blk5_Baselines.yaml,Results/Results_Blk5_Baselines.xlsx,BL-M-004,Not started,,,,
BL-M-005,2.1,Blk5_Baselines,HCPI,Headline Consumer Price Index,,Baseline (no fitting objective),Baseline,Monthly,62,Feb 2025,Jan 2026,12,Oct 2014,Jan 2025,100,24,124,,False,R6 Post-stabilisation,Point + runtime,Code/Blk5_Baselines/Blk5_Baselines.py,Code/common/config_Blk5_Baselines.yaml,Results/Results_Blk5_Baselines.xlsx,BL-M-005,Not started,,,,
BL-M-006,2.1,Blk5_Baselines,HCPI,Headline Consumer Price Index,,Baseline (no fitting objective),Baseline,Monthly,63,Mar 2025,Feb 2026,12,Nov 2014,Feb 2025,100,24,124,,False,R6 Post-stabilisation,Point + runtime,Code/Blk5_Baselines/Blk5_Baselines.py,Code/common/config_Blk5_Baselines.yaml,Results/Results_Blk5_Baselines.xlsx,BL-M-006,Not started,,,,
BL-M-007,2.1,Blk5_Baselines,HCPI,Headline Consumer Price Index,,Baseline (no fitting objective),Baseline,Monthly,64,Apr 2025,Mar 2026,12,Dec 2014,Mar 2025,100,24,124,,False,R6 Post-stabilisation,Point + runtime,Code/Blk5_Baselines/Blk5_Baselines.py,Code/common/config_Blk5_Baselines.yaml,Results/Results_Blk5_Baselines.xlsx,BL-M-007,Not started,,,,
BL-M-008,2.1,Blk5_Baselines,HCPI,Headline Consumer Price Index,,Baseline (no fitting objective),Baseline,Monthly,65,May 2025,Apr 2026,12,Jan 2015,Apr 2025,100,24,124,,False,R6 Post-stabilisation,Point + runtime,Code/Blk5_Baselines/Blk5_Baselines.py,Code/common/config_Blk5_Baselines.yaml,Results/Results_Blk5_Baselines.xlsx,BL-M-008,Not started,,,,
BL-M-009,2.1,Blk5_Baselines,HCPI,Headline Consumer Price Index,,Baseline (no fitting objective),Baseline,Monthly,66,Jun 2025,May 2026,12,Feb 2015,May 2025,100,24,124,,False,R6 Post-stabilisation,Point + runtime,Code/Blk5_Baselines/Blk5_Baselines.py,Code/common/config_Blk5_Baselines.yaml,Results/Results_Blk5_Baselines.xlsx,BL-M-009,Not started,,,,
BL-M-010,2.1,Blk5_Baselines,HCPI,Headline Consumer Price Index,,Baseline (no fitting objective),Baseline,Monthly,67,Jul 2025,Jun 2026,12,Mar 2015,Jun 2025,100,24,124,,False,R6 Post-stabilisation,Point + runtime,Code/Blk5_Baselines/Blk5_Baselines.py,Code/common/config_Blk5_Baselines.yaml,Results/Results_Blk5_Baselines.xlsx,BL-M-010,Not started,,,,
BL-M-011,2.1,Blk5_Baselines,HCPI,Headline Consumer Price Index,,Baseline (no fitting objective),Baseline,Monthly,68,Aug 2025,Jul 2026,12,Apr 2015,Jul 2025,100,24,124,,False,R6 Post-stabilisation,Point + runtime,Code/Blk5_Baselines/Blk5_Baselines.py,Code/common/config_Blk5_Baselines.yaml,Results/Results_Blk5_Baselines.xlsx,BL-M-011,Not started,,,,
BL-M-012,2.1,Blk5_Baselines,HCPI,Headline Consumer Price Index,,Baseline (no fitting objective),Baseline,Monthly,69,Sep 2025,Aug 2026,12,May 2015,Aug 2025,100,24,124,,False,R6 Post-stabilisation,Point + runtime,Code/Blk5_Baselines/Blk5_Baselines.py,Code/common/config_Blk5_Baselines.yaml,Results/Results_Blk5_Baselines.xlsx,BL-M-012,Not started,,,,
BL-M-013,2.1,Blk5_Baselines,FCPI,Food Consumer Price Index,,Baseline (no fitting objective),Baseline,Monthly,58,Oct 2024,Sep 2025,12,Jun 2014,Sep 2024,100,24,124,,False,R5 Deflation & stabilisation,Point + runtime,Code/Blk5_Baselines/Blk5_Baselines.py,Code/common/config_Blk5_Baselines.yaml,Results/Results_Blk5_Baselines.xlsx,BL-M-013,Not started,,,,
BL-M-014,2.1,Blk5_Baselines,FCPI,Food Consumer Price Index,,Baseline (no fitting objective),Baseline,Monthly,59,Nov 2024,Oct 2025,12,Jul 2014,Oct 2024,100,24,124,,False,R5 Deflation & stabilisation,Point + runtime,Code/Blk5_Baselines/Blk5_Baselines.py,Code/common/config_Blk5_Baselines.yaml,Results/Results_Blk5_Baselines.xlsx,BL-M-014,Not started,,,,
BL-M-015,2.1,Blk5_Baselines,FCPI,Food Consumer Price Index,,Baseline (no fitting objective),Baseline,Monthly,60,Dec 2024,Nov 2025,12,Aug 2014,Nov 2024,100,24,124,,False,R5 Deflation & stabilisation,Point + runtime,Code/Blk5_Baselines/Blk5_Baselines.py,Code/common/config_Blk5_Baselines.yaml,Results/Results_Blk5_Baselines.xlsx,BL-M-015,Not started,,,,
BL-M-016,2.1,Blk5_Baselines,FCPI,Food Consumer Price Index,,Baseline (no fitting objective),Baseline,Monthly,61,Jan 2025,Dec 2025,12,Sep 2014,Dec 2024,100,24,124,,False,R6 Post-stabilisation,Point + runtime,Code/Blk5_Baselines/Blk5_Baselines.py,Code/common/config_Blk5_Baselines.yaml,Results/Results_Blk5_Baselines.xlsx,BL-M-016,Not started,,,,
BL-M-017,2.1,Blk5_Baselines,FCPI,Food Consumer Price Index,,Baseline (no fitting objective),Baseline,Monthly,62,Feb 2025,Jan 2026,12,Oct 2014,Jan 2025,100,24,124,,False,R6 Post-stabilisation,Point + runtime,Code/Blk5_Baselines/Blk5_Baselines.py,Code/common/config_Blk5_Baselines.yaml,Results/Results_Blk5_Baselines.xlsx,BL-M-017,Not started,,,,
BL-M-018,2.1,Blk5_Baselines,FCPI,Food Consumer Price Index,,Baseline (no fitting objective),Baseline,Monthly,63,Mar 2025,Feb 2026,12,Nov 2014,Feb 2025,100,24,124,,False,R6 Post-stabilisation,Point + runtime,Code/Blk5_Baselines/Blk5_Baselines.py,Code/common/config_Blk5_Baselines.yaml,Results/Results_Blk5_Baselines.xlsx,BL-M-018,Not started,,,,
BL-M-019,2.1,Blk5_Baselines,FCPI,Food Consumer Price Index,,Baseline (no fitting objective),Baseline,Monthly,64,Apr 2025,Mar 2026,12,Dec 2014,Mar 2025,100,24,124,,False,R6 Post-stabilisation,Point + runtime,Code/Blk5_Baselines/Blk5_Baselines.py,Code/common/config_Blk5_Baselines.yaml,Results/Results_Blk5_Baselines.xlsx,BL-M-019,Not started,,,,
BL-M-020,2.1,Blk5_Baselines,FCPI,Food Consumer Price Index,,Baseline (no fitting objective),Baseline,Monthly,65,May 2025,Apr 2026,12,Jan 2015,Apr 2025,100,24,124,,False,R6 Post-stabilisation,Point + runtime,Code/Blk5_Baselines/Blk5_Baselines.py,Code/common/config_Blk5_Baselines.yaml,Results/Results_Blk5_Baselines.xlsx,BL-M-020,Not started,,,,
BL-M-021,2.1,Blk5_Baselines,FCPI,Food Consumer Price Index,,Baseline (no fitting objective),Baseline,Monthly,66,Jun 2025,May 2026,12,Feb 2015,May 2025,100,24,124,,False,R6 Post-stabilisation,Point + runtime,Code/Blk5_Baselines/Blk5_Baselines.py,Code/common/config_Blk5_Baselines.yaml,Results/Results_Blk5_Baselines.xlsx,BL-M-021,Not started,,,,
BL-M-022,2.1,Blk5_Baselines,FCPI,Food Consumer Price Index,,Baseline (no fitting objective),Baseline,Monthly,67,Jul 2025,Jun 2026,12,Mar 2015,Jun 2025,100,24,124,,False,R6 Post-stabilisation,Point + runtime,Code/Blk5_Baselines/Blk5_Baselines.py,Code/common/config_Blk5_Baselines.yaml,Results/Results_Blk5_Baselines.xlsx,BL-M-022,Not started,,,,
BL-M-023,2.1,Blk5_Baselines,FCPI,Food Consumer Price Index,,Baseline (no fitting objective),Baseline,Monthly,68,Aug 2025,Jul 2026,12,Apr 2015,Jul 2025,100,24,124,,False,R6 Post-stabilisation,Point + runtime,Code/Blk5_Baselines/Blk5_Baselines.py,Code/common/config_Blk5_Baselines.yaml,Results/Results_Blk5_Baselines.xlsx,BL-M-023,Not started,,,,
BL-M-024,2.1,Blk5_Baselines,FCPI,Food Consumer Price Index,,Baseline (no fitting objective),Baseline,Monthly,69,Sep 2025,Aug 2026,12,May 2015,Aug 2025,100,24,124,,False,R6 Post-stabilisation,Point + runtime,Code/Blk5_Baselines/Blk5_Baselines.py,Code/common/config_Blk5_Baselines.yaml,Results/Results_Blk5_Baselines.xlsx,BL-M-024,Not started,,,,
BL-M-025,2.1,Blk5_Baselines,CCPI,Colombo Consumer Price Index,,Baseline (no fitting objective),Baseline,Monthly,58,Oct 2024,Sep 2025,12,Jun 2014,Sep 2024,100,24,124,,False,R5 Deflation & stabilisation,Point + runtime,Code/Blk5_Baselines/Blk5_Baselines.py,Code/common/config_Blk5_Baselines.yaml,Results/Results_Blk5_Baselines.xlsx,BL-M-025,Not started,,,,
BL-M-026,2.1,Blk5_Baselines,CCPI,Colombo Consumer Price Index,,Baseline (no fitting objective),Baseline,Monthly,59,Nov 2024,Oct 2025,12,Jul 2014,Oct 2024,100,24,124,,False,R5 Deflation & stabilisation,Point + runtime,Code/Blk5_Baselines/Blk5_Baselines.py,Code/common/config_Blk5_Baselines.yaml,Results/Results_Blk5_Baselines.xlsx,BL-M-026,Not started,,,,
BL-M-027,2.1,Blk5_Baselines,CCPI,Colombo Consumer Price Index,,Baseline (no fitting objective),Baseline,Monthly,60,Dec 2024,Nov 2025,12,Aug 2014,Nov 2024,100,24,124,,False,R5 Deflation & stabilisation,Point + runtime,Code/Blk5_Baselines/Blk5_Baselines.py,Code/common/config_Blk5_Baselines.yaml,Results/Results_Blk5_Baselines.xlsx,BL-M-027,Not started,,,,
BL-M-028,2.1,Blk5_Baselines,CCPI,Colombo Consumer Price Index,,Baseline (no fitting objective),Baseline,Monthly,61,Jan 2025,Dec 2025,12,Sep 2014,Dec 2024,100,24,124,,False,R6 Post-stabilisation,Point + runtime,Code/Blk5_Baselines/Blk5_Baselines.py,Code/common/config_Blk5_Baselines.yaml,Results/Results_Blk5_Baselines.xlsx,BL-M-028,Not started,,,,
BL-M-029,2.1,Blk5_Baselines,CCPI,Colombo Consumer Price Index,,Baseline (no fitting objective),Baseline,Monthly,62,Feb 2025,Jan 2026,12,Oct 2014,Jan 2025,100,24,124,,False,R6 Post-stabilisation,Point + runtime,Code/Blk5_Baselines/Blk5_Baselines.py,Code/common/config_Blk5_Baselines.yaml,Results/Results_Blk5_Baselines.xlsx,BL-M-029,Not started,,,,
BL-M-030,2.1,Blk5_Baselines,CCPI,Colombo Consumer Price Index,,Baseline (no fitting objective),Baseline,Monthly,63,Mar 2025,Feb 2026,12,Nov 2014,Feb 2025,100,24,124,,False,R6 Post-stabilisation,Point + runtime,Code/Blk5_Baselines/Blk5_Baselines.py,Code/common/config_Blk5_Baselines.yaml,Results/Results_Blk5_Baselines.xlsx,BL-M-030,Not started,,,,
BL-M-031,2.1,Blk5_Baselines,CCPI,Colombo Consumer Price Index,,Baseline (no fitting objective),Baseline,Monthly,64,Apr 2025,Mar 2026,12,Dec 2014,Mar 2025,100,24,124,,False,R6 Post-stabilisation,Point + runtime,Code/Blk5_Baselines/Blk5_Baselines.py,Code/common/config_Blk5_Baselines.yaml,Results/Results_Blk5_Baselines.xlsx,BL-M-031,Not started,,,,
BL-M-032,2.1,Blk5_Baselines,CCPI,Colombo Consumer Price Index,,Baseline (no fitting objective),Baseline,Monthly,65,May 2025,Apr 2026,12,Jan 2015,Apr 2025,100,24,124,,False,R6 Post-stabilisation,Point + runtime,Code/Blk5_Baselines/Blk5_Baselines.py,Code/common/config_Blk5_Baselines.yaml,Results/Results_Blk5_Baselines.xlsx,BL-M-032,Not started,,,,
BL-M-033,2.1,Blk5_Baselines,CCPI,Colombo Consumer Price Index,,Baseline (no fitting objective),Baseline,Monthly,66,Jun 2025,May 2026,12,Feb 2015,May 2025,100,24,124,,False,R6 Post-stabilisation,Point + runtime,Code/Blk5_Baselines/Blk5_Baselines.py,Code/common/config_Blk5_Baselines.yaml,Results/Results_Blk5_Baselines.xlsx,BL-M-033,Not started,,,,
BL-M-034,2.1,Blk5_Baselines,CCPI,Colombo Consumer Price Index,,Baseline (no fitting objective),Baseline,Monthly,67,Jul 2025,Jun 2026,12,Mar 2015,Jun 2025,100,24,124,,False,R6 Post-stabilisation,Point + runtime,Code/Blk5_Baselines/Blk5_Baselines.py,Code/common/config_Blk5_Baselines.yaml,Results/Results_Blk5_Baselines.xlsx,BL-M-034,Not started,,,,
BL-M-035,2.1,Blk5_Baselines,CCPI,Colombo Consumer Price Index,,Baseline (no fitting objective),Baseline,Monthly,68,Aug 2025,Jul 2026,12,Apr 2015,Jul 2025,100,24,124,,False,R6 Post-stabilisation,Point + runtime,Code/Blk5_Baselines/Blk5_Baselines.py,Code/common/config_Blk5_Baselines.yaml,Results/Results_Blk5_Baselines.xlsx,BL-M-035,Not started,,,,
BL-M-036,2.1,Blk5_Baselines,CCPI,Colombo Consumer Price Index,,Baseline (no fitting objective),Baseline,Monthly,69,Sep 2025,Aug 2026,12,May 2015,Aug 2025,100,24,124,,False,R6 Post-stabilisation,Point + runtime,Code/Blk5_Baselines/Blk5_Baselines.py,Code/common/config_Blk5_Baselines.yaml,Results/Results_Blk5_Baselines.xlsx,BL-M-036,Not started,,,,
BL-Q-001,2.2,Blk5_Baselines,HCPI,Headline Consumer Price Index,,Baseline (no fitting objective),Baseline,Quarterly,17,Q1 2024,Q4 2024,4,Q1 2014,Q4 2023,32,8,40,,False,R5 Deflation & stabilisation,Point + runtime,Code/Blk5_Baselines/Blk5_Baselines.py,Code/common/config_Blk5_Baselines.yaml,Results/Results_Blk5_Baselines.xlsx,BL-Q-001,Not started,,,,
BL-Q-002,2.2,Blk5_Baselines,HCPI,Headline Consumer Price Index,,Baseline (no fitting objective),Baseline,Quarterly,18,Q2 2024,Q1 2025,4,Q2 2014,Q1 2024,32,8,40,,False,R5 Deflation & stabilisation,Point + runtime,Code/Blk5_Baselines/Blk5_Baselines.py,Code/common/config_Blk5_Baselines.yaml,Results/Results_Blk5_Baselines.xlsx,BL-Q-002,Not started,,,,
BL-Q-003,2.2,Blk5_Baselines,HCPI,Headline Consumer Price Index,,Baseline (no fitting objective),Baseline,Quarterly,19,Q3 2024,Q2 2025,4,Q3 2014,Q2 2024,32,8,40,,False,R5 Deflation & stabilisation,Point + runtime,Code/Blk5_Baselines/Blk5_Baselines.py,Code/common/config_Blk5_Baselines.yaml,Results/Results_Blk5_Baselines.xlsx,BL-Q-003,Not started,,,,
BL-Q-004,2.2,Blk5_Baselines,HCPI,Headline Consumer Price Index,,Baseline (no fitting objective),Baseline,Quarterly,20,Q4 2024,Q3 2025,4,Q4 2014,Q3 2024,32,8,40,,False,R5 Deflation & stabilisation,Point + runtime,Code/Blk5_Baselines/Blk5_Baselines.py,Code/common/config_Blk5_Baselines.yaml,Results/Results_Blk5_Baselines.xlsx,BL-Q-004,Not started,,,,
BL-Q-005,2.2,Blk5_Baselines,HCPI,Headline Consumer Price Index,,Baseline (no fitting objective),Baseline,Quarterly,21,Q1 2025,Q4 2025,4,Q1 2015,Q4 2024,32,8,40,,False,R6 Post-stabilisation,Point + runtime,Code/Blk5_Baselines/Blk5_Baselines.py,Code/common/config_Blk5_Baselines.yaml,Results/Results_Blk5_Baselines.xlsx,BL-Q-005,Not started,,,,
BL-Q-006,2.2,Blk5_Baselines,HCPI,Headline Consumer Price Index,,Baseline (no fitting objective),Baseline,Quarterly,22,Q2 2025,Q1 2026,4,Q2 2015,Q1 2025,32,8,40,,False,R6 Post-stabilisation,Point + runtime,Code/Blk5_Baselines/Blk5_Baselines.py,Code/common/config_Blk5_Baselines.yaml,Results/Results_Blk5_Baselines.xlsx,BL-Q-006,Not started,,,,
BL-Q-007,2.2,Blk5_Baselines,HCPI,Headline Consumer Price Index,,Baseline (no fitting objective),Baseline,Quarterly,23,Q3 2025,Q2 2026,4,Q3 2015,Q2 2025,32,8,40,,False,R6 Post-stabilisation,Point + runtime,Code/Blk5_Baselines/Blk5_Baselines.py,Code/common/config_Blk5_Baselines.yaml,Results/Results_Blk5_Baselines.xlsx,BL-Q-007,Not started,,,,
BL-Q-008,2.2,Blk5_Baselines,FCPI,Food Consumer Price Index,,Baseline (no fitting objective),Baseline,Quarterly,17,Q1 2024,Q4 2024,4,Q1 2014,Q4 2023,32,8,40,,False,R5 Deflation & stabilisation,Point + runtime,Code/Blk5_Baselines/Blk5_Baselines.py,Code/common/config_Blk5_Baselines.yaml,Results/Results_Blk5_Baselines.xlsx,BL-Q-008,Not started,,,,
BL-Q-009,2.2,Blk5_Baselines,FCPI,Food Consumer Price Index,,Baseline (no fitting objective),Baseline,Quarterly,18,Q2 2024,Q1 2025,4,Q2 2014,Q1 2024,32,8,40,,False,R5 Deflation & stabilisation,Point + runtime,Code/Blk5_Baselines/Blk5_Baselines.py,Code/common/config_Blk5_Baselines.yaml,Results/Results_Blk5_Baselines.xlsx,BL-Q-009,Not started,,,,
BL-Q-010,2.2,Blk5_Baselines,FCPI,Food Consumer Price Index,,Baseline (no fitting objective),Baseline,Quarterly,19,Q3 2024,Q2 2025,4,Q3 2014,Q2 2024,32,8,40,,False,R5 Deflation & stabilisation,Point + runtime,Code/Blk5_Baselines/Blk5_Baselines.py,Code/common/config_Blk5_Baselines.yaml,Results/Results_Blk5_Baselines.xlsx,BL-Q-010,Not started,,,,
BL-Q-011,2.2,Blk5_Baselines,FCPI,Food Consumer Price Index,,Baseline (no fitting objective),Baseline,Quarterly,20,Q4 2024,Q3 2025,4,Q4 2014,Q3 2024,32,8,40,,False,R5 Deflation & stabilisation,Point + runtime,Code/Blk5_Baselines/Blk5_Baselines.py,Code/common/config_Blk5_Baselines.yaml,Results/Results_Blk5_Baselines.xlsx,BL-Q-011,Not started,,,,
BL-Q-012,2.2,Blk5_Baselines,FCPI,Food Consumer Price Index,,Baseline (no fitting objective),Baseline,Quarterly,21,Q1 2025,Q4 2025,4,Q1 2015,Q4 2024,32,8,40,,False,R6 Post-stabilisation,Point + runtime,Code/Blk5_Baselines/Blk5_Baselines.py,Code/common/config_Blk5_Baselines.yaml,Results/Results_Blk5_Baselines.xlsx,BL-Q-012,Not started,,,,
BL-Q-013,2.2,Blk5_Baselines,FCPI,Food Consumer Price Index,,Baseline (no fitting objective),Baseline,Quarterly,22,Q2 2025,Q1 2026,4,Q2 2015,Q1 2025,32,8,40,,False,R6 Post-stabilisation,Point + runtime,Code/Blk5_Baselines/Blk5_Baselines.py,Code/common/config_Blk5_Baselines.yaml,Results/Results_Blk5_Baselines.xlsx,BL-Q-013,Not started,,,,
BL-Q-014,2.2,Blk5_Baselines,FCPI,Food Consumer Price Index,,Baseline (no fitting objective),Baseline,Quarterly,23,Q3 2025,Q2 2026,4,Q3 2015,Q2 2025,32,8,40,,False,R6 Post-stabilisation,Point + runtime,Code/Blk5_Baselines/Blk5_Baselines.py,Code/common/config_Blk5_Baselines.yaml,Results/Results_Blk5_Baselines.xlsx,BL-Q-014,Not started,,,,
BL-Q-015,2.2,Blk5_Baselines,CCPI,Colombo Consumer Price Index,,Baseline (no fitting objective),Baseline,Quarterly,16,Q4 2023,Q3 2024,4,Q4 2013,Q3 2023,32,8,40,,False,R4 Sharp disinflation,Point + runtime,Code/Blk5_Baselines/Blk5_Baselines.py,Code/common/config_Blk5_Baselines.yaml,Results/Results_Blk5_Baselines.xlsx,BL-Q-015,Not started,,,,
BL-Q-016,2.2,Blk5_Baselines,CCPI,Colombo Consumer Price Index,,Baseline (no fitting objective),Baseline,Quarterly,17,Q1 2024,Q4 2024,4,Q1 2014,Q4 2023,32,8,40,,False,R5 Deflation & stabilisation,Point + runtime,Code/Blk5_Baselines/Blk5_Baselines.py,Code/common/config_Blk5_Baselines.yaml,Results/Results_Blk5_Baselines.xlsx,BL-Q-016,Not started,,,,
BL-Q-017,2.2,Blk5_Baselines,CCPI,Colombo Consumer Price Index,,Baseline (no fitting objective),Baseline,Quarterly,18,Q2 2024,Q1 2025,4,Q2 2014,Q1 2024,32,8,40,,False,R5 Deflation & stabilisation,Point + runtime,Code/Blk5_Baselines/Blk5_Baselines.py,Code/common/config_Blk5_Baselines.yaml,Results/Results_Blk5_Baselines.xlsx,BL-Q-017,Not started,,,,
BL-Q-018,2.2,Blk5_Baselines,CCPI,Colombo Consumer Price Index,,Baseline (no fitting objective),Baseline,Quarterly,19,Q3 2024,Q2 2025,4,Q3 2014,Q2 2024,32,8,40,,False,R5 Deflation & stabilisation,Point + runtime,Code/Blk5_Baselines/Blk5_Baselines.py,Code/common/config_Blk5_Baselines.yaml,Results/Results_Blk5_Baselines.xlsx,BL-Q-018,Not started,,,,
BL-Q-019,2.2,Blk5_Baselines,CCPI,Colombo Consumer Price Index,,Baseline (no fitting objective),Baseline,Quarterly,20,Q4 2024,Q3 2025,4,Q4 2014,Q3 2024,32,8,40,,False,R5 Deflation & stabilisation,Point + runtime,Code/Blk5_Baselines/Blk5_Baselines.py,Code/common/config_Blk5_Baselines.yaml,Results/Results_Blk5_Baselines.xlsx,BL-Q-019,Not started,,,,
BL-Q-020,2.2,Blk5_Baselines,CCPI,Colombo Consumer Price Index,,Baseline (no fitting objective),Baseline,Quarterly,21,Q1 2025,Q4 2025,4,Q1 2015,Q4 2024,32,8,40,,False,R6 Post-stabilisation,Point + runtime,Code/Blk5_Baselines/Blk5_Baselines.py,Code/common/config_Blk5_Baselines.yaml,Results/Results_Blk5_Baselines.xlsx,BL-Q-020,Not started,,,,
BL-Q-021,2.2,Blk5_Baselines,CCPI,Colombo Consumer Price Index,,Baseline (no fitting objective),Baseline,Quarterly,22,Q2 2025,Q1 2026,4,Q2 2015,Q1 2025,32,8,40,,False,R6 Post-stabilisation,Point + runtime,Code/Blk5_Baselines/Blk5_Baselines.py,Code/common/config_Blk5_Baselines.yaml,Results/Results_Blk5_Baselines.xlsx,BL-Q-021,Not started,,,,
BL-Q-022,2.2,Blk5_Baselines,CCPI,Colombo Consumer Price Index,,Baseline (no fitting objective),Baseline,Quarterly,23,Q3 2025,Q2 2026,4,Q3 2015,Q2 2025,32,8,40,,False,R6 Post-stabilisation,Point + runtime,Code/Blk5_Baselines/Blk5_Baselines.py,Code/common/config_Blk5_Baselines.yaml,Results/Results_Blk5_Baselines.xlsx,BL-Q-022,Not started,,,,
BL-A-001,2.3,Blk5_Baselines,HCPI,Headline Consumer Price Index,,Baseline (no fitting objective),Baseline,Annual,5,2024,2024,1,2014,2023,8,2,10,,False,R5 Deflation & stabilisation,Point + runtime,Code/Blk5_Baselines/Blk5_Baselines.py,Code/common/config_Blk5_Baselines.yaml,Results/Results_Blk5_Baselines.xlsx,BL-A-001,Not started,,,,
BL-A-002,2.3,Blk5_Baselines,HCPI,Headline Consumer Price Index,,Baseline (no fitting objective),Baseline,Annual,6,2025,2025,1,2015,2024,8,2,10,,False,R6 Post-stabilisation,Point + runtime,Code/Blk5_Baselines/Blk5_Baselines.py,Code/common/config_Blk5_Baselines.yaml,Results/Results_Blk5_Baselines.xlsx,BL-A-002,Not started,,,,
BL-A-003,2.3,Blk5_Baselines,FCPI,Food Consumer Price Index,,Baseline (no fitting objective),Baseline,Annual,5,2024,2024,1,2014,2023,8,2,10,,False,R5 Deflation & stabilisation,Point + runtime,Code/Blk5_Baselines/Blk5_Baselines.py,Code/common/config_Blk5_Baselines.yaml,Results/Results_Blk5_Baselines.xlsx,BL-A-003,Not started,,,,
BL-A-004,2.3,Blk5_Baselines,FCPI,Food Consumer Price Index,,Baseline (no fitting objective),Baseline,Annual,6,2025,2025,1,2015,2024,8,2,10,,False,R6 Post-stabilisation,Point + runtime,Code/Blk5_Baselines/Blk5_Baselines.py,Code/common/config_Blk5_Baselines.yaml,Results/Results_Blk5_Baselines.xlsx,BL-A-004,Not started,,,,
BL-A-005,2.3,Blk5_Baselines,CCPI,Colombo Consumer Price Index,,Baseline (no fitting objective),Baseline,Annual,4,2023,2023,1,2013,2022,8,2,10,,False,R4 Sharp disinflation,Point + runtime,Code/Blk5_Baselines/Blk5_Baselines.py,Code/common/config_Blk5_Baselines.yaml,Results/Results_Blk5_Baselines.xlsx,BL-A-005,Not started,,,,
BL-A-006,2.3,Blk5_Baselines,CCPI,Colombo Consumer Price Index,,Baseline (no fitting objective),Baseline,Annual,5,2024,2024,1,2014,2023,8,2,10,,False,R5 Deflation & stabilisation,Point + runtime,Code/Blk5_Baselines/Blk5_Baselines.py,Code/common/config_Blk5_Baselines.yaml,Results/Results_Blk5_Baselines.xlsx,BL-A-006,Not started,,,,
BL-A-007,2.3,Blk5_Baselines,CCPI,Colombo Consumer Price Index,,Baseline (no fitting objective),Baseline,Annual,6,2025,2025,1,2015,2024,8,2,10,,False,R6 Post-stabilisation,Point + runtime,Code/Blk5_Baselines/Blk5_Baselines.py,Code/common/config_Blk5_Baselines.yaml,Results/Results_Blk5_Baselines.xlsx,BL-A-007,Not started,,,,
BL-M-037,3.1,Blk5_Baselines,HCPI,Headline Consumer Price Index,,Baseline (no fitting objective),Baseline,Monthly,53,May 2024,Apr 2025,12,Jan 2014,Apr 2024,100,24,124,,False,R5 Deflation & stabilisation,Point + runtime,Code/Blk5_Baselines/Blk5_Baselines.py,Code/common/config_Blk5_Baselines.yaml,Results/Results_Blk5_Baselines.xlsx,BL-M-037,Not started,,,,
BL-M-038,3.1,Blk5_Baselines,HCPI,Headline Consumer Price Index,,Baseline (no fitting objective),Baseline,Monthly,54,Jun 2024,May 2025,12,Feb 2014,May 2024,100,24,124,,False,R5 Deflation & stabilisation,Point + runtime,Code/Blk5_Baselines/Blk5_Baselines.py,Code/common/config_Blk5_Baselines.yaml,Results/Results_Blk5_Baselines.xlsx,BL-M-038,Not started,,,,
BL-M-039,3.1,Blk5_Baselines,HCPI,Headline Consumer Price Index,,Baseline (no fitting objective),Baseline,Monthly,55,Jul 2024,Jun 2025,12,Mar 2014,Jun 2024,100,24,124,,False,R5 Deflation & stabilisation,Point + runtime,Code/Blk5_Baselines/Blk5_Baselines.py,Code/common/config_Blk5_Baselines.yaml,Results/Results_Blk5_Baselines.xlsx,BL-M-039,Not started,,,,
BL-M-040,3.1,Blk5_Baselines,HCPI,Headline Consumer Price Index,,Baseline (no fitting objective),Baseline,Monthly,56,Aug 2024,Jul 2025,12,Apr 2014,Jul 2024,100,24,124,,False,R5 Deflation & stabilisation,Point + runtime,Code/Blk5_Baselines/Blk5_Baselines.py,Code/common/config_Blk5_Baselines.yaml,Results/Results_Blk5_Baselines.xlsx,BL-M-040,Not started,,,,
BL-M-041,3.1,Blk5_Baselines,HCPI,Headline Consumer Price Index,,Baseline (no fitting objective),Baseline,Monthly,57,Sep 2024,Aug 2025,12,May 2014,Aug 2024,100,24,124,,False,R5 Deflation & stabilisation,Point + runtime,Code/Blk5_Baselines/Blk5_Baselines.py,Code/common/config_Blk5_Baselines.yaml,Results/Results_Blk5_Baselines.xlsx,BL-M-041,Not started,,,,
BL-M-042,3.1,Blk5_Baselines,HCPI,Headline Consumer Price Index,,Baseline (no fitting objective),Baseline,Monthly,58,Oct 2024,Sep 2025,12,Jun 2014,Sep 2024,100,24,124,,False,R5 Deflation & stabilisation,Point + runtime,Code/Blk5_Baselines/Blk5_Baselines.py,Code/common/config_Blk5_Baselines.yaml,Results/Results_Blk5_Baselines.xlsx,BL-M-042,Not started,,,,
BL-M-043,3.1,Blk5_Baselines,HCPI,Headline Consumer Price Index,,Baseline (no fitting objective),Baseline,Monthly,59,Nov 2024,Oct 2025,12,Jul 2014,Oct 2024,100,24,124,,False,R5 Deflation & stabilisation,Point + runtime,Code/Blk5_Baselines/Blk5_Baselines.py,Code/common/config_Blk5_Baselines.yaml,Results/Results_Blk5_Baselines.xlsx,BL-M-043,Not started,,,,
BL-M-044,3.1,Blk5_Baselines,HCPI,Headline Consumer Price Index,,Baseline (no fitting objective),Baseline,Monthly,60,Dec 2024,Nov 2025,12,Aug 2014,Nov 2024,100,24,124,,False,R5 Deflation & stabilisation,Point + runtime,Code/Blk5_Baselines/Blk5_Baselines.py,Code/common/config_Blk5_Baselines.yaml,Results/Results_Blk5_Baselines.xlsx,BL-M-044,Not started,,,,
BL-M-045,3.1,Blk5_Baselines,HCPI,Headline Consumer Price Index,,Baseline (no fitting objective),Baseline,Monthly,61,Jan 2025,Dec 2025,12,Sep 2014,Dec 2024,100,24,124,,False,R6 Post-stabilisation,Point + runtime,Code/Blk5_Baselines/Blk5_Baselines.py,Code/common/config_Blk5_Baselines.yaml,Results/Results_Blk5_Baselines.xlsx,BL-M-045,Not started,,,,
BL-M-046,3.1,Blk5_Baselines,HCPI,Headline Consumer Price Index,,Baseline (no fitting objective),Baseline,Monthly,62,Feb 2025,Jan 2026,12,Oct 2014,Jan 2025,100,24,124,,False,R6 Post-stabilisation,Point + runtime,Code/Blk5_Baselines/Blk5_Baselines.py,Code/common/config_Blk5_Baselines.yaml,Results/Results_Blk5_Baselines.xlsx,BL-M-046,Not started,,,,
BL-M-047,3.1,Blk5_Baselines,HCPI,Headline Consumer Price Index,,Baseline (no fitting objective),Baseline,Monthly,63,Mar 2025,Feb 2026,12,Nov 2014,Feb 2025,100,24,124,,False,R6 Post-stabilisation,Point + runtime,Code/Blk5_Baselines/Blk5_Baselines.py,Code/common/config_Blk5_Baselines.yaml,Results/Results_Blk5_Baselines.xlsx,BL-M-047,Not started,,,,
BL-M-048,3.1,Blk5_Baselines,HCPI,Headline Consumer Price Index,,Baseline (no fitting objective),Baseline,Monthly,64,Apr 2025,Mar 2026,12,Dec 2014,Mar 2025,100,24,124,,False,R6 Post-stabilisation,Point + runtime,Code/Blk5_Baselines/Blk5_Baselines.py,Code/common/config_Blk5_Baselines.yaml,Results/Results_Blk5_Baselines.xlsx,BL-M-048,Not started,,,,
BL-M-049,3.1,Blk5_Baselines,HCPI,Headline Consumer Price Index,,Baseline (no fitting objective),Baseline,Monthly,65,May 2025,Apr 2026,12,Jan 2015,Apr 2025,100,24,124,,False,R6 Post-stabilisation,Point + runtime,Code/Blk5_Baselines/Blk5_Baselines.py,Code/common/config_Blk5_Baselines.yaml,Results/Results_Blk5_Baselines.xlsx,BL-M-049,Not started,,,,
BL-M-050,3.1,Blk5_Baselines,HCPI,Headline Consumer Price Index,,Baseline (no fitting objective),Baseline,Monthly,66,Jun 2025,May 2026,12,Feb 2015,May 2025,100,24,124,,False,R6 Post-stabilisation,Point + runtime,Code/Blk5_Baselines/Blk5_Baselines.py,Code/common/config_Blk5_Baselines.yaml,Results/Results_Blk5_Baselines.xlsx,BL-M-050,Not started,,,,
BL-M-051,3.1,Blk5_Baselines,HCPI,Headline Consumer Price Index,,Baseline (no fitting objective),Baseline,Monthly,67,Jul 2025,Jun 2026,12,Mar 2015,Jun 2025,100,24,124,,False,R6 Post-stabilisation,Point + runtime,Code/Blk5_Baselines/Blk5_Baselines.py,Code/common/config_Blk5_Baselines.yaml,Results/Results_Blk5_Baselines.xlsx,BL-M-051,Not started,,,,
BL-M-052,3.1,Blk5_Baselines,HCPI,Headline Consumer Price Index,,Baseline (no fitting objective),Baseline,Monthly,68,Aug 2025,Jul 2026,12,Apr 2015,Jul 2025,100,24,124,,False,R6 Post-stabilisation,Point + runtime,Code/Blk5_Baselines/Blk5_Baselines.py,Code/common/config_Blk5_Baselines.yaml,Results/Results_Blk5_Baselines.xlsx,BL-M-052,Not started,,,,
BL-M-053,3.1,Blk5_Baselines,HCPI,Headline Consumer Price Index,,Baseline (no fitting objective),Baseline,Monthly,69,Sep 2025,Aug 2026,12,May 2015,Aug 2025,100,24,124,,False,R6 Post-stabilisation,Point + runtime,Code/Blk5_Baselines/Blk5_Baselines.py,Code/common/config_Blk5_Baselines.yaml,Results/Results_Blk5_Baselines.xlsx,BL-M-053,Not started,,,,
BL-M-054,3.1,Blk5_Baselines,FCPI,Food Consumer Price Index,,Baseline (no fitting objective),Baseline,Monthly,53,May 2024,Apr 2025,12,Jan 2014,Apr 2024,100,24,124,,False,R5 Deflation & stabilisation,Point + runtime,Code/Blk5_Baselines/Blk5_Baselines.py,Code/common/config_Blk5_Baselines.yaml,Results/Results_Blk5_Baselines.xlsx,BL-M-054,Not started,,,,
BL-M-055,3.1,Blk5_Baselines,FCPI,Food Consumer Price Index,,Baseline (no fitting objective),Baseline,Monthly,54,Jun 2024,May 2025,12,Feb 2014,May 2024,100,24,124,,False,R5 Deflation & stabilisation,Point + runtime,Code/Blk5_Baselines/Blk5_Baselines.py,Code/common/config_Blk5_Baselines.yaml,Results/Results_Blk5_Baselines.xlsx,BL-M-055,Not started,,,,
BL-M-056,3.1,Blk5_Baselines,FCPI,Food Consumer Price Index,,Baseline (no fitting objective),Baseline,Monthly,55,Jul 2024,Jun 2025,12,Mar 2014,Jun 2024,100,24,124,,False,R5 Deflation & stabilisation,Point + runtime,Code/Blk5_Baselines/Blk5_Baselines.py,Code/common/config_Blk5_Baselines.yaml,Results/Results_Blk5_Baselines.xlsx,BL-M-056,Not started,,,,
BL-M-057,3.1,Blk5_Baselines,FCPI,Food Consumer Price Index,,Baseline (no fitting objective),Baseline,Monthly,56,Aug 2024,Jul 2025,12,Apr 2014,Jul 2024,100,24,124,,False,R5 Deflation & stabilisation,Point + runtime,Code/Blk5_Baselines/Blk5_Baselines.py,Code/common/config_Blk5_Baselines.yaml,Results/Results_Blk5_Baselines.xlsx,BL-M-057,Not started,,,,
BL-M-058,3.1,Blk5_Baselines,FCPI,Food Consumer Price Index,,Baseline (no fitting objective),Baseline,Monthly,57,Sep 2024,Aug 2025,12,May 2014,Aug 2024,100,24,124,,False,R5 Deflation & stabilisation,Point + runtime,Code/Blk5_Baselines/Blk5_Baselines.py,Code/common/config_Blk5_Baselines.yaml,Results/Results_Blk5_Baselines.xlsx,BL-M-058,Not started,,,,
BL-M-059,3.1,Blk5_Baselines,FCPI,Food Consumer Price Index,,Baseline (no fitting objective),Baseline,Monthly,58,Oct 2024,Sep 2025,12,Jun 2014,Sep 2024,100,24,124,,False,R5 Deflation & stabilisation,Point + runtime,Code/Blk5_Baselines/Blk5_Baselines.py,Code/common/config_Blk5_Baselines.yaml,Results/Results_Blk5_Baselines.xlsx,BL-M-059,Not started,,,,
BL-M-060,3.1,Blk5_Baselines,FCPI,Food Consumer Price Index,,Baseline (no fitting objective),Baseline,Monthly,59,Nov 2024,Oct 2025,12,Jul 2014,Oct 2024,100,24,124,,False,R5 Deflation & stabilisation,Point + runtime,Code/Blk5_Baselines/Blk5_Baselines.py,Code/common/config_Blk5_Baselines.yaml,Results/Results_Blk5_Baselines.xlsx,BL-M-060,Not started,,,,
BL-M-061,3.1,Blk5_Baselines,FCPI,Food Consumer Price Index,,Baseline (no fitting objective),Baseline,Monthly,60,Dec 2024,Nov 2025,12,Aug 2014,Nov 2024,100,24,124,,False,R5 Deflation & stabilisation,Point + runtime,Code/Blk5_Baselines/Blk5_Baselines.py,Code/common/config_Blk5_Baselines.yaml,Results/Results_Blk5_Baselines.xlsx,BL-M-061,Not started,,,,
BL-M-062,3.1,Blk5_Baselines,FCPI,Food Consumer Price Index,,Baseline (no fitting objective),Baseline,Monthly,61,Jan 2025,Dec 2025,12,Sep 2014,Dec 2024,100,24,124,,False,R6 Post-stabilisation,Point + runtime,Code/Blk5_Baselines/Blk5_Baselines.py,Code/common/config_Blk5_Baselines.yaml,Results/Results_Blk5_Baselines.xlsx,BL-M-062,Not started,,,,
BL-M-063,3.1,Blk5_Baselines,FCPI,Food Consumer Price Index,,Baseline (no fitting objective),Baseline,Monthly,62,Feb 2025,Jan 2026,12,Oct 2014,Jan 2025,100,24,124,,False,R6 Post-stabilisation,Point + runtime,Code/Blk5_Baselines/Blk5_Baselines.py,Code/common/config_Blk5_Baselines.yaml,Results/Results_Blk5_Baselines.xlsx,BL-M-063,Not started,,,,
BL-M-064,3.1,Blk5_Baselines,FCPI,Food Consumer Price Index,,Baseline (no fitting objective),Baseline,Monthly,63,Mar 2025,Feb 2026,12,Nov 2014,Feb 2025,100,24,124,,False,R6 Post-stabilisation,Point + runtime,Code/Blk5_Baselines/Blk5_Baselines.py,Code/common/config_Blk5_Baselines.yaml,Results/Results_Blk5_Baselines.xlsx,BL-M-064,Not started,,,,
BL-M-065,3.1,Blk5_Baselines,FCPI,Food Consumer Price Index,,Baseline (no fitting objective),Baseline,Monthly,64,Apr 2025,Mar 2026,12,Dec 2014,Mar 2025,100,24,124,,False,R6 Post-stabilisation,Point + runtime,Code/Blk5_Baselines/Blk5_Baselines.py,Code/common/config_Blk5_Baselines.yaml,Results/Results_Blk5_Baselines.xlsx,BL-M-065,Not started,,,,
BL-M-066,3.1,Blk5_Baselines,FCPI,Food Consumer Price Index,,Baseline (no fitting objective),Baseline,Monthly,65,May 2025,Apr 2026,12,Jan 2015,Apr 2025,100,24,124,,False,R6 Post-stabilisation,Point + runtime,Code/Blk5_Baselines/Blk5_Baselines.py,Code/common/config_Blk5_Baselines.yaml,Results/Results_Blk5_Baselines.xlsx,BL-M-066,Not started,,,,
BL-M-067,3.1,Blk5_Baselines,FCPI,Food Consumer Price Index,,Baseline (no fitting objective),Baseline,Monthly,66,Jun 2025,May 2026,12,Feb 2015,May 2025,100,24,124,,False,R6 Post-stabilisation,Point + runtime,Code/Blk5_Baselines/Blk5_Baselines.py,Code/common/config_Blk5_Baselines.yaml,Results/Results_Blk5_Baselines.xlsx,BL-M-067,Not started,,,,
BL-M-068,3.1,Blk5_Baselines,FCPI,Food Consumer Price Index,,Baseline (no fitting objective),Baseline,Monthly,67,Jul 2025,Jun 2026,12,Mar 2015,Jun 2025,100,24,124,,False,R6 Post-stabilisation,Point + runtime,Code/Blk5_Baselines/Blk5_Baselines.py,Code/common/config_Blk5_Baselines.yaml,Results/Results_Blk5_Baselines.xlsx,BL-M-068,Not started,,,,
BL-M-069,3.1,Blk5_Baselines,FCPI,Food Consumer Price Index,,Baseline (no fitting objective),Baseline,Monthly,68,Aug 2025,Jul 2026,12,Apr 2015,Jul 2025,100,24,124,,False,R6 Post-stabilisation,Point + runtime,Code/Blk5_Baselines/Blk5_Baselines.py,Code/common/config_Blk5_Baselines.yaml,Results/Results_Blk5_Baselines.xlsx,BL-M-069,Not started,,,,
BL-M-070,3.1,Blk5_Baselines,FCPI,Food Consumer Price Index,,Baseline (no fitting objective),Baseline,Monthly,69,Sep 2025,Aug 2026,12,May 2015,Aug 2025,100,24,124,,False,R6 Post-stabilisation,Point + runtime,Code/Blk5_Baselines/Blk5_Baselines.py,Code/common/config_Blk5_Baselines.yaml,Results/Results_Blk5_Baselines.xlsx,BL-M-070,Not started,,,,
BL-M-071,3.1,Blk5_Baselines,CCPI,Colombo Consumer Price Index,,Baseline (no fitting objective),Baseline,Monthly,37,Jan 2023,Dec 2023,12,Sep 2012,Dec 2022,100,24,124,,False,R4 Sharp disinflation,Point + runtime,Code/Blk5_Baselines/Blk5_Baselines.py,Code/common/config_Blk5_Baselines.yaml,Results/Results_Blk5_Baselines.xlsx,BL-M-071,Not started,,,,
BL-M-072,3.1,Blk5_Baselines,CCPI,Colombo Consumer Price Index,,Baseline (no fitting objective),Baseline,Monthly,38,Feb 2023,Jan 2024,12,Oct 2012,Jan 2023,100,24,124,,False,R4 Sharp disinflation,Point + runtime,Code/Blk5_Baselines/Blk5_Baselines.py,Code/common/config_Blk5_Baselines.yaml,Results/Results_Blk5_Baselines.xlsx,BL-M-072,Not started,,,,
BL-M-073,3.1,Blk5_Baselines,CCPI,Colombo Consumer Price Index,,Baseline (no fitting objective),Baseline,Monthly,39,Mar 2023,Feb 2024,12,Nov 2012,Feb 2023,100,24,124,,False,R4 Sharp disinflation,Point + runtime,Code/Blk5_Baselines/Blk5_Baselines.py,Code/common/config_Blk5_Baselines.yaml,Results/Results_Blk5_Baselines.xlsx,BL-M-073,Not started,,,,
BL-M-074,3.1,Blk5_Baselines,CCPI,Colombo Consumer Price Index,,Baseline (no fitting objective),Baseline,Monthly,40,Apr 2023,Mar 2024,12,Dec 2012,Mar 2023,100,24,124,,False,R4 Sharp disinflation,Point + runtime,Code/Blk5_Baselines/Blk5_Baselines.py,Code/common/config_Blk5_Baselines.yaml,Results/Results_Blk5_Baselines.xlsx,BL-M-074,Not started,,,,
BL-M-075,3.1,Blk5_Baselines,CCPI,Colombo Consumer Price Index,,Baseline (no fitting objective),Baseline,Monthly,41,May 2023,Apr 2024,12,Jan 2013,Apr 2023,100,24,124,,False,R4 Sharp disinflation,Point + runtime,Code/Blk5_Baselines/Blk5_Baselines.py,Code/common/config_Blk5_Baselines.yaml,Results/Results_Blk5_Baselines.xlsx,BL-M-075,Not started,,,,
BL-M-076,3.1,Blk5_Baselines,CCPI,Colombo Consumer Price Index,,Baseline (no fitting objective),Baseline,Monthly,42,Jun 2023,May 2024,12,Feb 2013,May 2023,100,24,124,,False,R4 Sharp disinflation,Point + runtime,Code/Blk5_Baselines/Blk5_Baselines.py,Code/common/config_Blk5_Baselines.yaml,Results/Results_Blk5_Baselines.xlsx,BL-M-076,Not started,,,,
BL-M-077,3.1,Blk5_Baselines,CCPI,Colombo Consumer Price Index,,Baseline (no fitting objective),Baseline,Monthly,43,Jul 2023,Jun 2024,12,Mar 2013,Jun 2023,100,24,124,,False,R4 Sharp disinflation,Point + runtime,Code/Blk5_Baselines/Blk5_Baselines.py,Code/common/config_Blk5_Baselines.yaml,Results/Results_Blk5_Baselines.xlsx,BL-M-077,Not started,,,,
BL-M-078,3.1,Blk5_Baselines,CCPI,Colombo Consumer Price Index,,Baseline (no fitting objective),Baseline,Monthly,44,Aug 2023,Jul 2024,12,Apr 2013,Jul 2023,100,24,124,,False,R4 Sharp disinflation,Point + runtime,Code/Blk5_Baselines/Blk5_Baselines.py,Code/common/config_Blk5_Baselines.yaml,Results/Results_Blk5_Baselines.xlsx,BL-M-078,Not started,,,,
BL-M-079,3.1,Blk5_Baselines,CCPI,Colombo Consumer Price Index,,Baseline (no fitting objective),Baseline,Monthly,45,Sep 2023,Aug 2024,12,May 2013,Aug 2023,100,24,124,,False,R4 Sharp disinflation,Point + runtime,Code/Blk5_Baselines/Blk5_Baselines.py,Code/common/config_Blk5_Baselines.yaml,Results/Results_Blk5_Baselines.xlsx,BL-M-079,Not started,,,,
BL-M-080,3.1,Blk5_Baselines,CCPI,Colombo Consumer Price Index,,Baseline (no fitting objective),Baseline,Monthly,46,Oct 2023,Sep 2024,12,Jun 2013,Sep 2023,100,24,124,,False,R4 Sharp disinflation,Point + runtime,Code/Blk5_Baselines/Blk5_Baselines.py,Code/common/config_Blk5_Baselines.yaml,Results/Results_Blk5_Baselines.xlsx,BL-M-080,Not started,,,,
BL-M-081,3.1,Blk5_Baselines,CCPI,Colombo Consumer Price Index,,Baseline (no fitting objective),Baseline,Monthly,47,Nov 2023,Oct 2024,12,Jul 2013,Oct 2023,100,24,124,,False,R4 Sharp disinflation,Point + runtime,Code/Blk5_Baselines/Blk5_Baselines.py,Code/common/config_Blk5_Baselines.yaml,Results/Results_Blk5_Baselines.xlsx,BL-M-081,Not started,,,,
BL-M-082,3.1,Blk5_Baselines,CCPI,Colombo Consumer Price Index,,Baseline (no fitting objective),Baseline,Monthly,48,Dec 2023,Nov 2024,12,Aug 2013,Nov 2023,100,24,124,,False,R4 Sharp disinflation,Point + runtime,Code/Blk5_Baselines/Blk5_Baselines.py,Code/common/config_Blk5_Baselines.yaml,Results/Results_Blk5_Baselines.xlsx,BL-M-082,Not started,,,,
BL-M-083,3.1,Blk5_Baselines,CCPI,Colombo Consumer Price Index,,Baseline (no fitting objective),Baseline,Monthly,49,Jan 2024,Dec 2024,12,Sep 2013,Dec 2023,100,24,124,,False,R5 Deflation & stabilisation,Point + runtime,Code/Blk5_Baselines/Blk5_Baselines.py,Code/common/config_Blk5_Baselines.yaml,Results/Results_Blk5_Baselines.xlsx,BL-M-083,Not started,,,,
BL-M-084,3.1,Blk5_Baselines,CCPI,Colombo Consumer Price Index,,Baseline (no fitting objective),Baseline,Monthly,50,Feb 2024,Jan 2025,12,Oct 2013,Jan 2024,100,24,124,,False,R5 Deflation & stabilisation,Point + runtime,Code/Blk5_Baselines/Blk5_Baselines.py,Code/common/config_Blk5_Baselines.yaml,Results/Results_Blk5_Baselines.xlsx,BL-M-084,Not started,,,,
BL-M-085,3.1,Blk5_Baselines,CCPI,Colombo Consumer Price Index,,Baseline (no fitting objective),Baseline,Monthly,51,Mar 2024,Feb 2025,12,Nov 2013,Feb 2024,100,24,124,,False,R5 Deflation & stabilisation,Point + runtime,Code/Blk5_Baselines/Blk5_Baselines.py,Code/common/config_Blk5_Baselines.yaml,Results/Results_Blk5_Baselines.xlsx,BL-M-085,Not started,,,,
BL-M-086,3.1,Blk5_Baselines,CCPI,Colombo Consumer Price Index,,Baseline (no fitting objective),Baseline,Monthly,52,Apr 2024,Mar 2025,12,Dec 2013,Mar 2024,100,24,124,,False,R5 Deflation & stabilisation,Point + runtime,Code/Blk5_Baselines/Blk5_Baselines.py,Code/common/config_Blk5_Baselines.yaml,Results/Results_Blk5_Baselines.xlsx,BL-M-086,Not started,,,,
BL-M-087,3.1,Blk5_Baselines,CCPI,Colombo Consumer Price Index,,Baseline (no fitting objective),Baseline,Monthly,53,May 2024,Apr 2025,12,Jan 2014,Apr 2024,100,24,124,,False,R5 Deflation & stabilisation,Point + runtime,Code/Blk5_Baselines/Blk5_Baselines.py,Code/common/config_Blk5_Baselines.yaml,Results/Results_Blk5_Baselines.xlsx,BL-M-087,Not started,,,,
BL-M-088,3.1,Blk5_Baselines,CCPI,Colombo Consumer Price Index,,Baseline (no fitting objective),Baseline,Monthly,54,Jun 2024,May 2025,12,Feb 2014,May 2024,100,24,124,,False,R5 Deflation & stabilisation,Point + runtime,Code/Blk5_Baselines/Blk5_Baselines.py,Code/common/config_Blk5_Baselines.yaml,Results/Results_Blk5_Baselines.xlsx,BL-M-088,Not started,,,,
BL-M-089,3.1,Blk5_Baselines,CCPI,Colombo Consumer Price Index,,Baseline (no fitting objective),Baseline,Monthly,55,Jul 2024,Jun 2025,12,Mar 2014,Jun 2024,100,24,124,,False,R5 Deflation & stabilisation,Point + runtime,Code/Blk5_Baselines/Blk5_Baselines.py,Code/common/config_Blk5_Baselines.yaml,Results/Results_Blk5_Baselines.xlsx,BL-M-089,Not started,,,,
BL-M-090,3.1,Blk5_Baselines,CCPI,Colombo Consumer Price Index,,Baseline (no fitting objective),Baseline,Monthly,56,Aug 2024,Jul 2025,12,Apr 2014,Jul 2024,100,24,124,,False,R5 Deflation & stabilisation,Point + runtime,Code/Blk5_Baselines/Blk5_Baselines.py,Code/common/config_Blk5_Baselines.yaml,Results/Results_Blk5_Baselines.xlsx,BL-M-090,Not started,,,,
BL-M-091,3.1,Blk5_Baselines,CCPI,Colombo Consumer Price Index,,Baseline (no fitting objective),Baseline,Monthly,57,Sep 2024,Aug 2025,12,May 2014,Aug 2024,100,24,124,,False,R5 Deflation & stabilisation,Point + runtime,Code/Blk5_Baselines/Blk5_Baselines.py,Code/common/config_Blk5_Baselines.yaml,Results/Results_Blk5_Baselines.xlsx,BL-M-091,Not started,,,,
BL-M-092,3.1,Blk5_Baselines,CCPI,Colombo Consumer Price Index,,Baseline (no fitting objective),Baseline,Monthly,58,Oct 2024,Sep 2025,12,Jun 2014,Sep 2024,100,24,124,,False,R5 Deflation & stabilisation,Point + runtime,Code/Blk5_Baselines/Blk5_Baselines.py,Code/common/config_Blk5_Baselines.yaml,Results/Results_Blk5_Baselines.xlsx,BL-M-092,Not started,,,,
BL-M-093,3.1,Blk5_Baselines,CCPI,Colombo Consumer Price Index,,Baseline (no fitting objective),Baseline,Monthly,59,Nov 2024,Oct 2025,12,Jul 2014,Oct 2024,100,24,124,,False,R5 Deflation & stabilisation,Point + runtime,Code/Blk5_Baselines/Blk5_Baselines.py,Code/common/config_Blk5_Baselines.yaml,Results/Results_Blk5_Baselines.xlsx,BL-M-093,Not started,,,,
BL-M-094,3.1,Blk5_Baselines,CCPI,Colombo Consumer Price Index,,Baseline (no fitting objective),Baseline,Monthly,60,Dec 2024,Nov 2025,12,Aug 2014,Nov 2024,100,24,124,,False,R5 Deflation & stabilisation,Point + runtime,Code/Blk5_Baselines/Blk5_Baselines.py,Code/common/config_Blk5_Baselines.yaml,Results/Results_Blk5_Baselines.xlsx,BL-M-094,Not started,,,,
BL-M-095,3.1,Blk5_Baselines,CCPI,Colombo Consumer Price Index,,Baseline (no fitting objective),Baseline,Monthly,61,Jan 2025,Dec 2025,12,Sep 2014,Dec 2024,100,24,124,,False,R6 Post-stabilisation,Point + runtime,Code/Blk5_Baselines/Blk5_Baselines.py,Code/common/config_Blk5_Baselines.yaml,Results/Results_Blk5_Baselines.xlsx,BL-M-095,Not started,,,,
BL-M-096,3.1,Blk5_Baselines,CCPI,Colombo Consumer Price Index,,Baseline (no fitting objective),Baseline,Monthly,62,Feb 2025,Jan 2026,12,Oct 2014,Jan 2025,100,24,124,,False,R6 Post-stabilisation,Point + runtime,Code/Blk5_Baselines/Blk5_Baselines.py,Code/common/config_Blk5_Baselines.yaml,Results/Results_Blk5_Baselines.xlsx,BL-M-096,Not started,,,,
BL-M-097,3.1,Blk5_Baselines,CCPI,Colombo Consumer Price Index,,Baseline (no fitting objective),Baseline,Monthly,63,Mar 2025,Feb 2026,12,Nov 2014,Feb 2025,100,24,124,,False,R6 Post-stabilisation,Point + runtime,Code/Blk5_Baselines/Blk5_Baselines.py,Code/common/config_Blk5_Baselines.yaml,Results/Results_Blk5_Baselines.xlsx,BL-M-097,Not started,,,,
BL-M-098,3.1,Blk5_Baselines,CCPI,Colombo Consumer Price Index,,Baseline (no fitting objective),Baseline,Monthly,64,Apr 2025,Mar 2026,12,Dec 2014,Mar 2025,100,24,124,,False,R6 Post-stabilisation,Point + runtime,Code/Blk5_Baselines/Blk5_Baselines.py,Code/common/config_Blk5_Baselines.yaml,Results/Results_Blk5_Baselines.xlsx,BL-M-098,Not started,,,,
BL-M-099,3.1,Blk5_Baselines,CCPI,Colombo Consumer Price Index,,Baseline (no fitting objective),Baseline,Monthly,65,May 2025,Apr 2026,12,Jan 2015,Apr 2025,100,24,124,,False,R6 Post-stabilisation,Point + runtime,Code/Blk5_Baselines/Blk5_Baselines.py,Code/common/config_Blk5_Baselines.yaml,Results/Results_Blk5_Baselines.xlsx,BL-M-099,Not started,,,,
BL-M-100,3.1,Blk5_Baselines,CCPI,Colombo Consumer Price Index,,Baseline (no fitting objective),Baseline,Monthly,66,Jun 2025,May 2026,12,Feb 2015,May 2025,100,24,124,,False,R6 Post-stabilisation,Point + runtime,Code/Blk5_Baselines/Blk5_Baselines.py,Code/common/config_Blk5_Baselines.yaml,Results/Results_Blk5_Baselines.xlsx,BL-M-100,Not started,,,,
BL-M-101,3.1,Blk5_Baselines,CCPI,Colombo Consumer Price Index,,Baseline (no fitting objective),Baseline,Monthly,67,Jul 2025,Jun 2026,12,Mar 2015,Jun 2025,100,24,124,,False,R6 Post-stabilisation,Point + runtime,Code/Blk5_Baselines/Blk5_Baselines.py,Code/common/config_Blk5_Baselines.yaml,Results/Results_Blk5_Baselines.xlsx,BL-M-101,Not started,,,,
BL-M-102,3.1,Blk5_Baselines,CCPI,Colombo Consumer Price Index,,Baseline (no fitting objective),Baseline,Monthly,68,Aug 2025,Jul 2026,12,Apr 2015,Jul 2025,100,24,124,,False,R6 Post-stabilisation,Point + runtime,Code/Blk5_Baselines/Blk5_Baselines.py,Code/common/config_Blk5_Baselines.yaml,Results/Results_Blk5_Baselines.xlsx,BL-M-102,Not started,,,,
BL-M-103,3.1,Blk5_Baselines,CCPI,Colombo Consumer Price Index,,Baseline (no fitting objective),Baseline,Monthly,69,Sep 2025,Aug 2026,12,May 2015,Aug 2025,100,24,124,,False,R6 Post-stabilisation,Point + runtime,Code/Blk5_Baselines/Blk5_Baselines.py,Code/common/config_Blk5_Baselines.yaml,Results/Results_Blk5_Baselines.xlsx,BL-M-103,Not started,,,,
BL-Q-023,3.2,Blk5_Baselines,HCPI,Headline Consumer Price Index,,Baseline (no fitting objective),Baseline,Quarterly,17,Q1 2024,Q4 2024,4,Q1 2014,Q4 2023,32,8,40,,False,R5 Deflation & stabilisation,Point + runtime,Code/Blk5_Baselines/Blk5_Baselines.py,Code/common/config_Blk5_Baselines.yaml,Results/Results_Blk5_Baselines.xlsx,BL-Q-023,Not started,,,,
BL-Q-024,3.2,Blk5_Baselines,HCPI,Headline Consumer Price Index,,Baseline (no fitting objective),Baseline,Quarterly,18,Q2 2024,Q1 2025,4,Q2 2014,Q1 2024,32,8,40,,False,R5 Deflation & stabilisation,Point + runtime,Code/Blk5_Baselines/Blk5_Baselines.py,Code/common/config_Blk5_Baselines.yaml,Results/Results_Blk5_Baselines.xlsx,BL-Q-024,Not started,,,,
BL-Q-025,3.2,Blk5_Baselines,HCPI,Headline Consumer Price Index,,Baseline (no fitting objective),Baseline,Quarterly,19,Q3 2024,Q2 2025,4,Q3 2014,Q2 2024,32,8,40,,False,R5 Deflation & stabilisation,Point + runtime,Code/Blk5_Baselines/Blk5_Baselines.py,Code/common/config_Blk5_Baselines.yaml,Results/Results_Blk5_Baselines.xlsx,BL-Q-025,Not started,,,,
BL-Q-026,3.2,Blk5_Baselines,HCPI,Headline Consumer Price Index,,Baseline (no fitting objective),Baseline,Quarterly,20,Q4 2024,Q3 2025,4,Q4 2014,Q3 2024,32,8,40,,False,R5 Deflation & stabilisation,Point + runtime,Code/Blk5_Baselines/Blk5_Baselines.py,Code/common/config_Blk5_Baselines.yaml,Results/Results_Blk5_Baselines.xlsx,BL-Q-026,Not started,,,,
BL-Q-027,3.2,Blk5_Baselines,HCPI,Headline Consumer Price Index,,Baseline (no fitting objective),Baseline,Quarterly,21,Q1 2025,Q4 2025,4,Q1 2015,Q4 2024,32,8,40,,False,R6 Post-stabilisation,Point + runtime,Code/Blk5_Baselines/Blk5_Baselines.py,Code/common/config_Blk5_Baselines.yaml,Results/Results_Blk5_Baselines.xlsx,BL-Q-027,Not started,,,,
BL-Q-028,3.2,Blk5_Baselines,HCPI,Headline Consumer Price Index,,Baseline (no fitting objective),Baseline,Quarterly,22,Q2 2025,Q1 2026,4,Q2 2015,Q1 2025,32,8,40,,False,R6 Post-stabilisation,Point + runtime,Code/Blk5_Baselines/Blk5_Baselines.py,Code/common/config_Blk5_Baselines.yaml,Results/Results_Blk5_Baselines.xlsx,BL-Q-028,Not started,,,,
BL-Q-029,3.2,Blk5_Baselines,HCPI,Headline Consumer Price Index,,Baseline (no fitting objective),Baseline,Quarterly,23,Q3 2025,Q2 2026,4,Q3 2015,Q2 2025,32,8,40,,False,R6 Post-stabilisation,Point + runtime,Code/Blk5_Baselines/Blk5_Baselines.py,Code/common/config_Blk5_Baselines.yaml,Results/Results_Blk5_Baselines.xlsx,BL-Q-029,Not started,,,,
BL-Q-030,3.2,Blk5_Baselines,FCPI,Food Consumer Price Index,,Baseline (no fitting objective),Baseline,Quarterly,17,Q1 2024,Q4 2024,4,Q1 2014,Q4 2023,32,8,40,,False,R5 Deflation & stabilisation,Point + runtime,Code/Blk5_Baselines/Blk5_Baselines.py,Code/common/config_Blk5_Baselines.yaml,Results/Results_Blk5_Baselines.xlsx,BL-Q-030,Not started,,,,
BL-Q-031,3.2,Blk5_Baselines,FCPI,Food Consumer Price Index,,Baseline (no fitting objective),Baseline,Quarterly,18,Q2 2024,Q1 2025,4,Q2 2014,Q1 2024,32,8,40,,False,R5 Deflation & stabilisation,Point + runtime,Code/Blk5_Baselines/Blk5_Baselines.py,Code/common/config_Blk5_Baselines.yaml,Results/Results_Blk5_Baselines.xlsx,BL-Q-031,Not started,,,,
BL-Q-032,3.2,Blk5_Baselines,FCPI,Food Consumer Price Index,,Baseline (no fitting objective),Baseline,Quarterly,19,Q3 2024,Q2 2025,4,Q3 2014,Q2 2024,32,8,40,,False,R5 Deflation & stabilisation,Point + runtime,Code/Blk5_Baselines/Blk5_Baselines.py,Code/common/config_Blk5_Baselines.yaml,Results/Results_Blk5_Baselines.xlsx,BL-Q-032,Not started,,,,
BL-Q-033,3.2,Blk5_Baselines,FCPI,Food Consumer Price Index,,Baseline (no fitting objective),Baseline,Quarterly,20,Q4 2024,Q3 2025,4,Q4 2014,Q3 2024,32,8,40,,False,R5 Deflation & stabilisation,Point + runtime,Code/Blk5_Baselines/Blk5_Baselines.py,Code/common/config_Blk5_Baselines.yaml,Results/Results_Blk5_Baselines.xlsx,BL-Q-033,Not started,,,,
BL-Q-034,3.2,Blk5_Baselines,FCPI,Food Consumer Price Index,,Baseline (no fitting objective),Baseline,Quarterly,21,Q1 2025,Q4 2025,4,Q1 2015,Q4 2024,32,8,40,,False,R6 Post-stabilisation,Point + runtime,Code/Blk5_Baselines/Blk5_Baselines.py,Code/common/config_Blk5_Baselines.yaml,Results/Results_Blk5_Baselines.xlsx,BL-Q-034,Not started,,,,
BL-Q-035,3.2,Blk5_Baselines,FCPI,Food Consumer Price Index,,Baseline (no fitting objective),Baseline,Quarterly,22,Q2 2025,Q1 2026,4,Q2 2015,Q1 2025,32,8,40,,False,R6 Post-stabilisation,Point + runtime,Code/Blk5_Baselines/Blk5_Baselines.py,Code/common/config_Blk5_Baselines.yaml,Results/Results_Blk5_Baselines.xlsx,BL-Q-035,Not started,,,,
BL-Q-036,3.2,Blk5_Baselines,FCPI,Food Consumer Price Index,,Baseline (no fitting objective),Baseline,Quarterly,23,Q3 2025,Q2 2026,4,Q3 2015,Q2 2025,32,8,40,,False,R6 Post-stabilisation,Point + runtime,Code/Blk5_Baselines/Blk5_Baselines.py,Code/common/config_Blk5_Baselines.yaml,Results/Results_Blk5_Baselines.xlsx,BL-Q-036,Not started,,,,
BL-Q-037,3.2,Blk5_Baselines,CCPI,Colombo Consumer Price Index,,Baseline (no fitting objective),Baseline,Quarterly,12,Q4 2022,Q3 2023,4,Q4 2012,Q3 2022,32,8,40,,False,R3 Crisis & hyperinflation,Point + runtime,Code/Blk5_Baselines/Blk5_Baselines.py,Code/common/config_Blk5_Baselines.yaml,Results/Results_Blk5_Baselines.xlsx,BL-Q-037,Not started,,,,
BL-Q-038,3.2,Blk5_Baselines,CCPI,Colombo Consumer Price Index,,Baseline (no fitting objective),Baseline,Quarterly,13,Q1 2023,Q4 2023,4,Q1 2013,Q4 2022,32,8,40,,False,R4 Sharp disinflation,Point + runtime,Code/Blk5_Baselines/Blk5_Baselines.py,Code/common/config_Blk5_Baselines.yaml,Results/Results_Blk5_Baselines.xlsx,BL-Q-038,Not started,,,,
BL-Q-039,3.2,Blk5_Baselines,CCPI,Colombo Consumer Price Index,,Baseline (no fitting objective),Baseline,Quarterly,14,Q2 2023,Q1 2024,4,Q2 2013,Q1 2023,32,8,40,,False,R4 Sharp disinflation,Point + runtime,Code/Blk5_Baselines/Blk5_Baselines.py,Code/common/config_Blk5_Baselines.yaml,Results/Results_Blk5_Baselines.xlsx,BL-Q-039,Not started,,,,
BL-Q-040,3.2,Blk5_Baselines,CCPI,Colombo Consumer Price Index,,Baseline (no fitting objective),Baseline,Quarterly,15,Q3 2023,Q2 2024,4,Q3 2013,Q2 2023,32,8,40,,False,R4 Sharp disinflation,Point + runtime,Code/Blk5_Baselines/Blk5_Baselines.py,Code/common/config_Blk5_Baselines.yaml,Results/Results_Blk5_Baselines.xlsx,BL-Q-040,Not started,,,,
BL-Q-041,3.2,Blk5_Baselines,CCPI,Colombo Consumer Price Index,,Baseline (no fitting objective),Baseline,Quarterly,16,Q4 2023,Q3 2024,4,Q4 2013,Q3 2023,32,8,40,,False,R4 Sharp disinflation,Point + runtime,Code/Blk5_Baselines/Blk5_Baselines.py,Code/common/config_Blk5_Baselines.yaml,Results/Results_Blk5_Baselines.xlsx,BL-Q-041,Not started,,,,
BL-Q-042,3.2,Blk5_Baselines,CCPI,Colombo Consumer Price Index,,Baseline (no fitting objective),Baseline,Quarterly,17,Q1 2024,Q4 2024,4,Q1 2014,Q4 2023,32,8,40,,False,R5 Deflation & stabilisation,Point + runtime,Code/Blk5_Baselines/Blk5_Baselines.py,Code/common/config_Blk5_Baselines.yaml,Results/Results_Blk5_Baselines.xlsx,BL-Q-042,Not started,,,,
BL-Q-043,3.2,Blk5_Baselines,CCPI,Colombo Consumer Price Index,,Baseline (no fitting objective),Baseline,Quarterly,18,Q2 2024,Q1 2025,4,Q2 2014,Q1 2024,32,8,40,,False,R5 Deflation & stabilisation,Point + runtime,Code/Blk5_Baselines/Blk5_Baselines.py,Code/common/config_Blk5_Baselines.yaml,Results/Results_Blk5_Baselines.xlsx,BL-Q-043,Not started,,,,
BL-Q-044,3.2,Blk5_Baselines,CCPI,Colombo Consumer Price Index,,Baseline (no fitting objective),Baseline,Quarterly,19,Q3 2024,Q2 2025,4,Q3 2014,Q2 2024,32,8,40,,False,R5 Deflation & stabilisation,Point + runtime,Code/Blk5_Baselines/Blk5_Baselines.py,Code/common/config_Blk5_Baselines.yaml,Results/Results_Blk5_Baselines.xlsx,BL-Q-044,Not started,,,,
BL-Q-045,3.2,Blk5_Baselines,CCPI,Colombo Consumer Price Index,,Baseline (no fitting objective),Baseline,Quarterly,20,Q4 2024,Q3 2025,4,Q4 2014,Q3 2024,32,8,40,,False,R5 Deflation & stabilisation,Point + runtime,Code/Blk5_Baselines/Blk5_Baselines.py,Code/common/config_Blk5_Baselines.yaml,Results/Results_Blk5_Baselines.xlsx,BL-Q-045,Not started,,,,
BL-Q-046,3.2,Blk5_Baselines,CCPI,Colombo Consumer Price Index,,Baseline (no fitting objective),Baseline,Quarterly,21,Q1 2025,Q4 2025,4,Q1 2015,Q4 2024,32,8,40,,False,R6 Post-stabilisation,Point + runtime,Code/Blk5_Baselines/Blk5_Baselines.py,Code/common/config_Blk5_Baselines.yaml,Results/Results_Blk5_Baselines.xlsx,BL-Q-046,Not started,,,,
BL-Q-047,3.2,Blk5_Baselines,CCPI,Colombo Consumer Price Index,,Baseline (no fitting objective),Baseline,Quarterly,22,Q2 2025,Q1 2026,4,Q2 2015,Q1 2025,32,8,40,,False,R6 Post-stabilisation,Point + runtime,Code/Blk5_Baselines/Blk5_Baselines.py,Code/common/config_Blk5_Baselines.yaml,Results/Results_Blk5_Baselines.xlsx,BL-Q-047,Not started,,,,
BL-Q-048,3.2,Blk5_Baselines,CCPI,Colombo Consumer Price Index,,Baseline (no fitting objective),Baseline,Quarterly,23,Q3 2025,Q2 2026,4,Q3 2015,Q2 2025,32,8,40,,False,R6 Post-stabilisation,Point + runtime,Code/Blk5_Baselines/Blk5_Baselines.py,Code/common/config_Blk5_Baselines.yaml,Results/Results_Blk5_Baselines.xlsx,BL-Q-048,Not started,,,,
BL-A-008,3.3,Blk5_Baselines,HCPI,Headline Consumer Price Index,,Baseline (no fitting objective),Baseline,Annual,5,2024,2024,1,2014,2023,8,2,10,,False,R5 Deflation & stabilisation,Point + runtime,Code/Blk5_Baselines/Blk5_Baselines.py,Code/common/config_Blk5_Baselines.yaml,Results/Results_Blk5_Baselines.xlsx,BL-A-008,Not started,,,,
BL-A-009,3.3,Blk5_Baselines,HCPI,Headline Consumer Price Index,,Baseline (no fitting objective),Baseline,Annual,6,2025,2025,1,2015,2024,8,2,10,,False,R6 Post-stabilisation,Point + runtime,Code/Blk5_Baselines/Blk5_Baselines.py,Code/common/config_Blk5_Baselines.yaml,Results/Results_Blk5_Baselines.xlsx,BL-A-009,Not started,,,,
BL-A-010,3.3,Blk5_Baselines,FCPI,Food Consumer Price Index,,Baseline (no fitting objective),Baseline,Annual,5,2024,2024,1,2014,2023,8,2,10,,False,R5 Deflation & stabilisation,Point + runtime,Code/Blk5_Baselines/Blk5_Baselines.py,Code/common/config_Blk5_Baselines.yaml,Results/Results_Blk5_Baselines.xlsx,BL-A-010,Not started,,,,
BL-A-011,3.3,Blk5_Baselines,FCPI,Food Consumer Price Index,,Baseline (no fitting objective),Baseline,Annual,6,2025,2025,1,2015,2024,8,2,10,,False,R6 Post-stabilisation,Point + runtime,Code/Blk5_Baselines/Blk5_Baselines.py,Code/common/config_Blk5_Baselines.yaml,Results/Results_Blk5_Baselines.xlsx,BL-A-011,Not started,,,,
BL-A-012,3.3,Blk5_Baselines,CCPI,Colombo Consumer Price Index,,Baseline (no fitting objective),Baseline,Annual,4,2023,2023,1,2013,2022,8,2,10,,False,R4 Sharp disinflation,Point + runtime,Code/Blk5_Baselines/Blk5_Baselines.py,Code/common/config_Blk5_Baselines.yaml,Results/Results_Blk5_Baselines.xlsx,BL-A-012,Not started,,,,
BL-A-013,3.3,Blk5_Baselines,CCPI,Colombo Consumer Price Index,,Baseline (no fitting objective),Baseline,Annual,5,2024,2024,1,2014,2023,8,2,10,,False,R5 Deflation & stabilisation,Point + runtime,Code/Blk5_Baselines/Blk5_Baselines.py,Code/common/config_Blk5_Baselines.yaml,Results/Results_Blk5_Baselines.xlsx,BL-A-013,Not started,,,,
BL-A-014,3.3,Blk5_Baselines,CCPI,Colombo Consumer Price Index,,Baseline (no fitting objective),Baseline,Annual,6,2025,2025,1,2015,2024,8,2,10,,False,R6 Post-stabilisation,Point + runtime,Code/Blk5_Baselines/Blk5_Baselines.py,Code/common/config_Blk5_Baselines.yaml,Results/Results_Blk5_Baselines.xlsx,BL-A-014,Not started,,,,
BL-M-104,4.1,Blk5_Baselines,HCPI,Headline Consumer Price Index,,Baseline (no fitting objective),Baseline,Monthly,1,Jan 2020,Dec 2020,12,Jan 2014,Dec 2019,48,24,72,,False,R1 COVID-19 shock,Point + runtime,Code/Blk5_Baselines/Blk5_Baselines.py,Code/common/config_Blk5_Baselines.yaml,Results/Results_Blk5_Baselines.xlsx,BL-M-104,Not started,,,,
BL-M-105,4.1,Blk5_Baselines,HCPI,Headline Consumer Price Index,,Baseline (no fitting objective),Baseline,Monthly,2,Feb 2020,Jan 2021,12,Feb 2014,Jan 2020,48,24,72,,False,R1 COVID-19 shock,Point + runtime,Code/Blk5_Baselines/Blk5_Baselines.py,Code/common/config_Blk5_Baselines.yaml,Results/Results_Blk5_Baselines.xlsx,BL-M-105,Not started,,,,
BL-M-106,4.1,Blk5_Baselines,HCPI,Headline Consumer Price Index,,Baseline (no fitting objective),Baseline,Monthly,3,Mar 2020,Feb 2021,12,Mar 2014,Feb 2020,48,24,72,,False,R1 COVID-19 shock,Point + runtime,Code/Blk5_Baselines/Blk5_Baselines.py,Code/common/config_Blk5_Baselines.yaml,Results/Results_Blk5_Baselines.xlsx,BL-M-106,Not started,,,,
BL-M-107,4.1,Blk5_Baselines,HCPI,Headline Consumer Price Index,,Baseline (no fitting objective),Baseline,Monthly,4,Apr 2020,Mar 2021,12,Apr 2014,Mar 2020,48,24,72,,False,R1 COVID-19 shock,Point + runtime,Code/Blk5_Baselines/Blk5_Baselines.py,Code/common/config_Blk5_Baselines.yaml,Results/Results_Blk5_Baselines.xlsx,BL-M-107,Not started,,,,
BL-M-108,4.1,Blk5_Baselines,HCPI,Headline Consumer Price Index,,Baseline (no fitting objective),Baseline,Monthly,5,May 2020,Apr 2021,12,May 2014,Apr 2020,48,24,72,,False,R1 COVID-19 shock,Point + runtime,Code/Blk5_Baselines/Blk5_Baselines.py,Code/common/config_Blk5_Baselines.yaml,Results/Results_Blk5_Baselines.xlsx,BL-M-108,Not started,,,,
BL-M-109,4.1,Blk5_Baselines,HCPI,Headline Consumer Price Index,,Baseline (no fitting objective),Baseline,Monthly,6,Jun 2020,May 2021,12,Jun 2014,May 2020,48,24,72,,False,R1 COVID-19 shock,Point + runtime,Code/Blk5_Baselines/Blk5_Baselines.py,Code/common/config_Blk5_Baselines.yaml,Results/Results_Blk5_Baselines.xlsx,BL-M-109,Not started,,,,
BL-M-110,4.1,Blk5_Baselines,HCPI,Headline Consumer Price Index,,Baseline (no fitting objective),Baseline,Monthly,7,Jul 2020,Jun 2021,12,Jul 2014,Jun 2020,48,24,72,,False,R1 COVID-19 shock,Point + runtime,Code/Blk5_Baselines/Blk5_Baselines.py,Code/common/config_Blk5_Baselines.yaml,Results/Results_Blk5_Baselines.xlsx,BL-M-110,Not started,,,,
BL-M-111,4.1,Blk5_Baselines,HCPI,Headline Consumer Price Index,,Baseline (no fitting objective),Baseline,Monthly,8,Aug 2020,Jul 2021,12,Aug 2014,Jul 2020,48,24,72,,False,R1 COVID-19 shock,Point + runtime,Code/Blk5_Baselines/Blk5_Baselines.py,Code/common/config_Blk5_Baselines.yaml,Results/Results_Blk5_Baselines.xlsx,BL-M-111,Not started,,,,
BL-M-112,4.1,Blk5_Baselines,HCPI,Headline Consumer Price Index,,Baseline (no fitting objective),Baseline,Monthly,9,Sep 2020,Aug 2021,12,Sep 2014,Aug 2020,48,24,72,,False,R1 COVID-19 shock,Point + runtime,Code/Blk5_Baselines/Blk5_Baselines.py,Code/common/config_Blk5_Baselines.yaml,Results/Results_Blk5_Baselines.xlsx,BL-M-112,Not started,,,,
BL-M-113,4.1,Blk5_Baselines,HCPI,Headline Consumer Price Index,,Baseline (no fitting objective),Baseline,Monthly,10,Oct 2020,Sep 2021,12,Oct 2014,Sep 2020,48,24,72,,False,R1 COVID-19 shock,Point + runtime,Code/Blk5_Baselines/Blk5_Baselines.py,Code/common/config_Blk5_Baselines.yaml,Results/Results_Blk5_Baselines.xlsx,BL-M-113,Not started,,,,
BL-M-114,4.1,Blk5_Baselines,HCPI,Headline Consumer Price Index,,Baseline (no fitting objective),Baseline,Monthly,11,Nov 2020,Oct 2021,12,Nov 2014,Oct 2020,48,24,72,,False,R1 COVID-19 shock,Point + runtime,Code/Blk5_Baselines/Blk5_Baselines.py,Code/common/config_Blk5_Baselines.yaml,Results/Results_Blk5_Baselines.xlsx,BL-M-114,Not started,,,,
BL-M-115,4.1,Blk5_Baselines,HCPI,Headline Consumer Price Index,,Baseline (no fitting objective),Baseline,Monthly,12,Dec 2020,Nov 2021,12,Dec 2014,Nov 2020,48,24,72,,False,R1 COVID-19 shock,Point + runtime,Code/Blk5_Baselines/Blk5_Baselines.py,Code/common/config_Blk5_Baselines.yaml,Results/Results_Blk5_Baselines.xlsx,BL-M-115,Not started,,,,
BL-M-116,4.1,Blk5_Baselines,HCPI,Headline Consumer Price Index,,Baseline (no fitting objective),Baseline,Monthly,13,Jan 2021,Dec 2021,12,Jan 2015,Dec 2020,48,24,72,,False,R2 Pre-crisis build-up,Point + runtime,Code/Blk5_Baselines/Blk5_Baselines.py,Code/common/config_Blk5_Baselines.yaml,Results/Results_Blk5_Baselines.xlsx,BL-M-116,Not started,,,,
BL-M-117,4.1,Blk5_Baselines,HCPI,Headline Consumer Price Index,,Baseline (no fitting objective),Baseline,Monthly,14,Feb 2021,Jan 2022,12,Feb 2015,Jan 2021,48,24,72,,False,R2 Pre-crisis build-up,Point + runtime,Code/Blk5_Baselines/Blk5_Baselines.py,Code/common/config_Blk5_Baselines.yaml,Results/Results_Blk5_Baselines.xlsx,BL-M-117,Not started,,,,
BL-M-118,4.1,Blk5_Baselines,HCPI,Headline Consumer Price Index,,Baseline (no fitting objective),Baseline,Monthly,15,Mar 2021,Feb 2022,12,Mar 2015,Feb 2021,48,24,72,,False,R2 Pre-crisis build-up,Point + runtime,Code/Blk5_Baselines/Blk5_Baselines.py,Code/common/config_Blk5_Baselines.yaml,Results/Results_Blk5_Baselines.xlsx,BL-M-118,Not started,,,,
BL-M-119,4.1,Blk5_Baselines,HCPI,Headline Consumer Price Index,,Baseline (no fitting objective),Baseline,Monthly,16,Apr 2021,Mar 2022,12,Apr 2015,Mar 2021,48,24,72,,False,R2 Pre-crisis build-up,Point + runtime,Code/Blk5_Baselines/Blk5_Baselines.py,Code/common/config_Blk5_Baselines.yaml,Results/Results_Blk5_Baselines.xlsx,BL-M-119,Not started,,,,
BL-M-120,4.1,Blk5_Baselines,HCPI,Headline Consumer Price Index,,Baseline (no fitting objective),Baseline,Monthly,17,May 2021,Apr 2022,12,May 2015,Apr 2021,48,24,72,,False,R2 Pre-crisis build-up,Point + runtime,Code/Blk5_Baselines/Blk5_Baselines.py,Code/common/config_Blk5_Baselines.yaml,Results/Results_Blk5_Baselines.xlsx,BL-M-120,Not started,,,,
BL-M-121,4.1,Blk5_Baselines,HCPI,Headline Consumer Price Index,,Baseline (no fitting objective),Baseline,Monthly,18,Jun 2021,May 2022,12,Jun 2015,May 2021,48,24,72,,False,R2 Pre-crisis build-up,Point + runtime,Code/Blk5_Baselines/Blk5_Baselines.py,Code/common/config_Blk5_Baselines.yaml,Results/Results_Blk5_Baselines.xlsx,BL-M-121,Not started,,,,
BL-M-122,4.1,Blk5_Baselines,HCPI,Headline Consumer Price Index,,Baseline (no fitting objective),Baseline,Monthly,19,Jul 2021,Jun 2022,12,Jul 2015,Jun 2021,48,24,72,,False,R2 Pre-crisis build-up,Point + runtime,Code/Blk5_Baselines/Blk5_Baselines.py,Code/common/config_Blk5_Baselines.yaml,Results/Results_Blk5_Baselines.xlsx,BL-M-122,Not started,,,,
BL-M-123,4.1,Blk5_Baselines,HCPI,Headline Consumer Price Index,,Baseline (no fitting objective),Baseline,Monthly,20,Aug 2021,Jul 2022,12,Aug 2015,Jul 2021,48,24,72,,False,R2 Pre-crisis build-up,Point + runtime,Code/Blk5_Baselines/Blk5_Baselines.py,Code/common/config_Blk5_Baselines.yaml,Results/Results_Blk5_Baselines.xlsx,BL-M-123,Not started,,,,
BL-M-124,4.1,Blk5_Baselines,HCPI,Headline Consumer Price Index,,Baseline (no fitting objective),Baseline,Monthly,21,Sep 2021,Aug 2022,12,Sep 2015,Aug 2021,48,24,72,,False,R2 Pre-crisis build-up,Point + runtime,Code/Blk5_Baselines/Blk5_Baselines.py,Code/common/config_Blk5_Baselines.yaml,Results/Results_Blk5_Baselines.xlsx,BL-M-124,Not started,,,,
BL-M-125,4.1,Blk5_Baselines,HCPI,Headline Consumer Price Index,,Baseline (no fitting objective),Baseline,Monthly,22,Oct 2021,Sep 2022,12,Oct 2015,Sep 2021,48,24,72,,False,R2 Pre-crisis build-up,Point + runtime,Code/Blk5_Baselines/Blk5_Baselines.py,Code/common/config_Blk5_Baselines.yaml,Results/Results_Blk5_Baselines.xlsx,BL-M-125,Not started,,,,
BL-M-126,4.1,Blk5_Baselines,HCPI,Headline Consumer Price Index,,Baseline (no fitting objective),Baseline,Monthly,23,Nov 2021,Oct 2022,12,Nov 2015,Oct 2021,48,24,72,,False,R2 Pre-crisis build-up,Point + runtime,Code/Blk5_Baselines/Blk5_Baselines.py,Code/common/config_Blk5_Baselines.yaml,Results/Results_Blk5_Baselines.xlsx,BL-M-126,Not started,,,,
BL-M-127,4.1,Blk5_Baselines,HCPI,Headline Consumer Price Index,,Baseline (no fitting objective),Baseline,Monthly,24,Dec 2021,Nov 2022,12,Dec 2015,Nov 2021,48,24,72,,False,R2 Pre-crisis build-up,Point + runtime,Code/Blk5_Baselines/Blk5_Baselines.py,Code/common/config_Blk5_Baselines.yaml,Results/Results_Blk5_Baselines.xlsx,BL-M-127,Not started,,,,
BL-M-128,4.1,Blk5_Baselines,HCPI,Headline Consumer Price Index,,Baseline (no fitting objective),Baseline,Monthly,25,Jan 2022,Dec 2022,12,Jan 2016,Dec 2021,48,24,72,,False,R3 Crisis & hyperinflation,Point + runtime,Code/Blk5_Baselines/Blk5_Baselines.py,Code/common/config_Blk5_Baselines.yaml,Results/Results_Blk5_Baselines.xlsx,BL-M-128,Not started,,,,
BL-M-129,4.1,Blk5_Baselines,HCPI,Headline Consumer Price Index,,Baseline (no fitting objective),Baseline,Monthly,26,Feb 2022,Jan 2023,12,Feb 2016,Jan 2022,48,24,72,,False,R3 Crisis & hyperinflation,Point + runtime,Code/Blk5_Baselines/Blk5_Baselines.py,Code/common/config_Blk5_Baselines.yaml,Results/Results_Blk5_Baselines.xlsx,BL-M-129,Not started,,,,
BL-M-130,4.1,Blk5_Baselines,HCPI,Headline Consumer Price Index,,Baseline (no fitting objective),Baseline,Monthly,27,Mar 2022,Feb 2023,12,Mar 2016,Feb 2022,48,24,72,,False,R3 Crisis & hyperinflation,Point + runtime,Code/Blk5_Baselines/Blk5_Baselines.py,Code/common/config_Blk5_Baselines.yaml,Results/Results_Blk5_Baselines.xlsx,BL-M-130,Not started,,,,
BL-M-131,4.1,Blk5_Baselines,HCPI,Headline Consumer Price Index,,Baseline (no fitting objective),Baseline,Monthly,28,Apr 2022,Mar 2023,12,Apr 2016,Mar 2022,48,24,72,,False,R3 Crisis & hyperinflation,Point + runtime,Code/Blk5_Baselines/Blk5_Baselines.py,Code/common/config_Blk5_Baselines.yaml,Results/Results_Blk5_Baselines.xlsx,BL-M-131,Not started,,,,
BL-M-132,4.1,Blk5_Baselines,HCPI,Headline Consumer Price Index,,Baseline (no fitting objective),Baseline,Monthly,29,May 2022,Apr 2023,12,May 2016,Apr 2022,48,24,72,,False,R3 Crisis & hyperinflation,Point + runtime,Code/Blk5_Baselines/Blk5_Baselines.py,Code/common/config_Blk5_Baselines.yaml,Results/Results_Blk5_Baselines.xlsx,BL-M-132,Not started,,,,
BL-M-133,4.1,Blk5_Baselines,HCPI,Headline Consumer Price Index,,Baseline (no fitting objective),Baseline,Monthly,30,Jun 2022,May 2023,12,Jun 2016,May 2022,48,24,72,,False,R3 Crisis & hyperinflation,Point + runtime,Code/Blk5_Baselines/Blk5_Baselines.py,Code/common/config_Blk5_Baselines.yaml,Results/Results_Blk5_Baselines.xlsx,BL-M-133,Not started,,,,
BL-M-134,4.1,Blk5_Baselines,HCPI,Headline Consumer Price Index,,Baseline (no fitting objective),Baseline,Monthly,31,Jul 2022,Jun 2023,12,Jul 2016,Jun 2022,48,24,72,,False,R3 Crisis & hyperinflation,Point + runtime,Code/Blk5_Baselines/Blk5_Baselines.py,Code/common/config_Blk5_Baselines.yaml,Results/Results_Blk5_Baselines.xlsx,BL-M-134,Not started,,,,
BL-M-135,4.1,Blk5_Baselines,HCPI,Headline Consumer Price Index,,Baseline (no fitting objective),Baseline,Monthly,32,Aug 2022,Jul 2023,12,Aug 2016,Jul 2022,48,24,72,,False,R3 Crisis & hyperinflation,Point + runtime,Code/Blk5_Baselines/Blk5_Baselines.py,Code/common/config_Blk5_Baselines.yaml,Results/Results_Blk5_Baselines.xlsx,BL-M-135,Not started,,,,
BL-M-136,4.1,Blk5_Baselines,HCPI,Headline Consumer Price Index,,Baseline (no fitting objective),Baseline,Monthly,33,Sep 2022,Aug 2023,12,Sep 2016,Aug 2022,48,24,72,,False,R3 Crisis & hyperinflation,Point + runtime,Code/Blk5_Baselines/Blk5_Baselines.py,Code/common/config_Blk5_Baselines.yaml,Results/Results_Blk5_Baselines.xlsx,BL-M-136,Not started,,,,
BL-M-137,4.1,Blk5_Baselines,HCPI,Headline Consumer Price Index,,Baseline (no fitting objective),Baseline,Monthly,34,Oct 2022,Sep 2023,12,Oct 2016,Sep 2022,48,24,72,,False,R3 Crisis & hyperinflation,Point + runtime,Code/Blk5_Baselines/Blk5_Baselines.py,Code/common/config_Blk5_Baselines.yaml,Results/Results_Blk5_Baselines.xlsx,BL-M-137,Not started,,,,
BL-M-138,4.1,Blk5_Baselines,HCPI,Headline Consumer Price Index,,Baseline (no fitting objective),Baseline,Monthly,35,Nov 2022,Oct 2023,12,Nov 2016,Oct 2022,48,24,72,,False,R3 Crisis & hyperinflation,Point + runtime,Code/Blk5_Baselines/Blk5_Baselines.py,Code/common/config_Blk5_Baselines.yaml,Results/Results_Blk5_Baselines.xlsx,BL-M-138,Not started,,,,
BL-M-139,4.1,Blk5_Baselines,HCPI,Headline Consumer Price Index,,Baseline (no fitting objective),Baseline,Monthly,36,Dec 2022,Nov 2023,12,Dec 2016,Nov 2022,48,24,72,,False,R3 Crisis & hyperinflation,Point + runtime,Code/Blk5_Baselines/Blk5_Baselines.py,Code/common/config_Blk5_Baselines.yaml,Results/Results_Blk5_Baselines.xlsx,BL-M-139,Not started,,,,
BL-M-140,4.1,Blk5_Baselines,HCPI,Headline Consumer Price Index,,Baseline (no fitting objective),Baseline,Monthly,37,Jan 2023,Dec 2023,12,Jan 2017,Dec 2022,48,24,72,,False,R4 Sharp disinflation,Point + runtime,Code/Blk5_Baselines/Blk5_Baselines.py,Code/common/config_Blk5_Baselines.yaml,Results/Results_Blk5_Baselines.xlsx,BL-M-140,Not started,,,,
BL-M-141,4.1,Blk5_Baselines,HCPI,Headline Consumer Price Index,,Baseline (no fitting objective),Baseline,Monthly,38,Feb 2023,Jan 2024,12,Feb 2017,Jan 2023,48,24,72,,False,R4 Sharp disinflation,Point + runtime,Code/Blk5_Baselines/Blk5_Baselines.py,Code/common/config_Blk5_Baselines.yaml,Results/Results_Blk5_Baselines.xlsx,BL-M-141,Not started,,,,
BL-M-142,4.1,Blk5_Baselines,HCPI,Headline Consumer Price Index,,Baseline (no fitting objective),Baseline,Monthly,39,Mar 2023,Feb 2024,12,Mar 2017,Feb 2023,48,24,72,,False,R4 Sharp disinflation,Point + runtime,Code/Blk5_Baselines/Blk5_Baselines.py,Code/common/config_Blk5_Baselines.yaml,Results/Results_Blk5_Baselines.xlsx,BL-M-142,Not started,,,,
BL-M-143,4.1,Blk5_Baselines,HCPI,Headline Consumer Price Index,,Baseline (no fitting objective),Baseline,Monthly,40,Apr 2023,Mar 2024,12,Apr 2017,Mar 2023,48,24,72,,False,R4 Sharp disinflation,Point + runtime,Code/Blk5_Baselines/Blk5_Baselines.py,Code/common/config_Blk5_Baselines.yaml,Results/Results_Blk5_Baselines.xlsx,BL-M-143,Not started,,,,
BL-M-144,4.1,Blk5_Baselines,HCPI,Headline Consumer Price Index,,Baseline (no fitting objective),Baseline,Monthly,41,May 2023,Apr 2024,12,May 2017,Apr 2023,48,24,72,,False,R4 Sharp disinflation,Point + runtime,Code/Blk5_Baselines/Blk5_Baselines.py,Code/common/config_Blk5_Baselines.yaml,Results/Results_Blk5_Baselines.xlsx,BL-M-144,Not started,,,,
BL-M-145,4.1,Blk5_Baselines,HCPI,Headline Consumer Price Index,,Baseline (no fitting objective),Baseline,Monthly,42,Jun 2023,May 2024,12,Jun 2017,May 2023,48,24,72,,False,R4 Sharp disinflation,Point + runtime,Code/Blk5_Baselines/Blk5_Baselines.py,Code/common/config_Blk5_Baselines.yaml,Results/Results_Blk5_Baselines.xlsx,BL-M-145,Not started,,,,
BL-M-146,4.1,Blk5_Baselines,HCPI,Headline Consumer Price Index,,Baseline (no fitting objective),Baseline,Monthly,43,Jul 2023,Jun 2024,12,Jul 2017,Jun 2023,48,24,72,,False,R4 Sharp disinflation,Point + runtime,Code/Blk5_Baselines/Blk5_Baselines.py,Code/common/config_Blk5_Baselines.yaml,Results/Results_Blk5_Baselines.xlsx,BL-M-146,Not started,,,,
BL-M-147,4.1,Blk5_Baselines,HCPI,Headline Consumer Price Index,,Baseline (no fitting objective),Baseline,Monthly,44,Aug 2023,Jul 2024,12,Aug 2017,Jul 2023,48,24,72,,False,R4 Sharp disinflation,Point + runtime,Code/Blk5_Baselines/Blk5_Baselines.py,Code/common/config_Blk5_Baselines.yaml,Results/Results_Blk5_Baselines.xlsx,BL-M-147,Not started,,,,
BL-M-148,4.1,Blk5_Baselines,HCPI,Headline Consumer Price Index,,Baseline (no fitting objective),Baseline,Monthly,45,Sep 2023,Aug 2024,12,Sep 2017,Aug 2023,48,24,72,,False,R4 Sharp disinflation,Point + runtime,Code/Blk5_Baselines/Blk5_Baselines.py,Code/common/config_Blk5_Baselines.yaml,Results/Results_Blk5_Baselines.xlsx,BL-M-148,Not started,,,,
BL-M-149,4.1,Blk5_Baselines,HCPI,Headline Consumer Price Index,,Baseline (no fitting objective),Baseline,Monthly,46,Oct 2023,Sep 2024,12,Oct 2017,Sep 2023,48,24,72,,False,R4 Sharp disinflation,Point + runtime,Code/Blk5_Baselines/Blk5_Baselines.py,Code/common/config_Blk5_Baselines.yaml,Results/Results_Blk5_Baselines.xlsx,BL-M-149,Not started,,,,
BL-M-150,4.1,Blk5_Baselines,HCPI,Headline Consumer Price Index,,Baseline (no fitting objective),Baseline,Monthly,47,Nov 2023,Oct 2024,12,Nov 2017,Oct 2023,48,24,72,,False,R4 Sharp disinflation,Point + runtime,Code/Blk5_Baselines/Blk5_Baselines.py,Code/common/config_Blk5_Baselines.yaml,Results/Results_Blk5_Baselines.xlsx,BL-M-150,Not started,,,,
BL-M-151,4.1,Blk5_Baselines,HCPI,Headline Consumer Price Index,,Baseline (no fitting objective),Baseline,Monthly,48,Dec 2023,Nov 2024,12,Dec 2017,Nov 2023,48,24,72,,False,R4 Sharp disinflation,Point + runtime,Code/Blk5_Baselines/Blk5_Baselines.py,Code/common/config_Blk5_Baselines.yaml,Results/Results_Blk5_Baselines.xlsx,BL-M-151,Not started,,,,
BL-M-152,4.1,Blk5_Baselines,HCPI,Headline Consumer Price Index,,Baseline (no fitting objective),Baseline,Monthly,49,Jan 2024,Dec 2024,12,Jan 2018,Dec 2023,48,24,72,,False,R5 Deflation & stabilisation,Point + runtime,Code/Blk5_Baselines/Blk5_Baselines.py,Code/common/config_Blk5_Baselines.yaml,Results/Results_Blk5_Baselines.xlsx,BL-M-152,Not started,,,,
BL-M-153,4.1,Blk5_Baselines,HCPI,Headline Consumer Price Index,,Baseline (no fitting objective),Baseline,Monthly,50,Feb 2024,Jan 2025,12,Feb 2018,Jan 2024,48,24,72,,False,R5 Deflation & stabilisation,Point + runtime,Code/Blk5_Baselines/Blk5_Baselines.py,Code/common/config_Blk5_Baselines.yaml,Results/Results_Blk5_Baselines.xlsx,BL-M-153,Not started,,,,
BL-M-154,4.1,Blk5_Baselines,HCPI,Headline Consumer Price Index,,Baseline (no fitting objective),Baseline,Monthly,51,Mar 2024,Feb 2025,12,Mar 2018,Feb 2024,48,24,72,,False,R5 Deflation & stabilisation,Point + runtime,Code/Blk5_Baselines/Blk5_Baselines.py,Code/common/config_Blk5_Baselines.yaml,Results/Results_Blk5_Baselines.xlsx,BL-M-154,Not started,,,,
BL-M-155,4.1,Blk5_Baselines,HCPI,Headline Consumer Price Index,,Baseline (no fitting objective),Baseline,Monthly,52,Apr 2024,Mar 2025,12,Apr 2018,Mar 2024,48,24,72,,False,R5 Deflation & stabilisation,Point + runtime,Code/Blk5_Baselines/Blk5_Baselines.py,Code/common/config_Blk5_Baselines.yaml,Results/Results_Blk5_Baselines.xlsx,BL-M-155,Not started,,,,
BL-M-156,4.1,Blk5_Baselines,HCPI,Headline Consumer Price Index,,Baseline (no fitting objective),Baseline,Monthly,53,May 2024,Apr 2025,12,May 2018,Apr 2024,48,24,72,,False,R5 Deflation & stabilisation,Point + runtime,Code/Blk5_Baselines/Blk5_Baselines.py,Code/common/config_Blk5_Baselines.yaml,Results/Results_Blk5_Baselines.xlsx,BL-M-156,Not started,,,,
BL-M-157,4.1,Blk5_Baselines,HCPI,Headline Consumer Price Index,,Baseline (no fitting objective),Baseline,Monthly,54,Jun 2024,May 2025,12,Jun 2018,May 2024,48,24,72,,False,R5 Deflation & stabilisation,Point + runtime,Code/Blk5_Baselines/Blk5_Baselines.py,Code/common/config_Blk5_Baselines.yaml,Results/Results_Blk5_Baselines.xlsx,BL-M-157,Not started,,,,
BL-M-158,4.1,Blk5_Baselines,HCPI,Headline Consumer Price Index,,Baseline (no fitting objective),Baseline,Monthly,55,Jul 2024,Jun 2025,12,Jul 2018,Jun 2024,48,24,72,,False,R5 Deflation & stabilisation,Point + runtime,Code/Blk5_Baselines/Blk5_Baselines.py,Code/common/config_Blk5_Baselines.yaml,Results/Results_Blk5_Baselines.xlsx,BL-M-158,Not started,,,,
BL-M-159,4.1,Blk5_Baselines,HCPI,Headline Consumer Price Index,,Baseline (no fitting objective),Baseline,Monthly,56,Aug 2024,Jul 2025,12,Aug 2018,Jul 2024,48,24,72,,False,R5 Deflation & stabilisation,Point + runtime,Code/Blk5_Baselines/Blk5_Baselines.py,Code/common/config_Blk5_Baselines.yaml,Results/Results_Blk5_Baselines.xlsx,BL-M-159,Not started,,,,
BL-M-160,4.1,Blk5_Baselines,HCPI,Headline Consumer Price Index,,Baseline (no fitting objective),Baseline,Monthly,57,Sep 2024,Aug 2025,12,Sep 2018,Aug 2024,48,24,72,,False,R5 Deflation & stabilisation,Point + runtime,Code/Blk5_Baselines/Blk5_Baselines.py,Code/common/config_Blk5_Baselines.yaml,Results/Results_Blk5_Baselines.xlsx,BL-M-160,Not started,,,,
BL-M-161,4.1,Blk5_Baselines,HCPI,Headline Consumer Price Index,,Baseline (no fitting objective),Baseline,Monthly,58,Oct 2024,Sep 2025,12,Oct 2018,Sep 2024,48,24,72,,False,R5 Deflation & stabilisation,Point + runtime,Code/Blk5_Baselines/Blk5_Baselines.py,Code/common/config_Blk5_Baselines.yaml,Results/Results_Blk5_Baselines.xlsx,BL-M-161,Not started,,,,
BL-M-162,4.1,Blk5_Baselines,HCPI,Headline Consumer Price Index,,Baseline (no fitting objective),Baseline,Monthly,59,Nov 2024,Oct 2025,12,Nov 2018,Oct 2024,48,24,72,,False,R5 Deflation & stabilisation,Point + runtime,Code/Blk5_Baselines/Blk5_Baselines.py,Code/common/config_Blk5_Baselines.yaml,Results/Results_Blk5_Baselines.xlsx,BL-M-162,Not started,,,,
BL-M-163,4.1,Blk5_Baselines,HCPI,Headline Consumer Price Index,,Baseline (no fitting objective),Baseline,Monthly,60,Dec 2024,Nov 2025,12,Dec 2018,Nov 2024,48,24,72,,False,R5 Deflation & stabilisation,Point + runtime,Code/Blk5_Baselines/Blk5_Baselines.py,Code/common/config_Blk5_Baselines.yaml,Results/Results_Blk5_Baselines.xlsx,BL-M-163,Not started,,,,
BL-M-164,4.1,Blk5_Baselines,HCPI,Headline Consumer Price Index,,Baseline (no fitting objective),Baseline,Monthly,61,Jan 2025,Dec 2025,12,Jan 2019,Dec 2024,48,24,72,,False,R6 Post-stabilisation,Point + runtime,Code/Blk5_Baselines/Blk5_Baselines.py,Code/common/config_Blk5_Baselines.yaml,Results/Results_Blk5_Baselines.xlsx,BL-M-164,Not started,,,,
BL-M-165,4.1,Blk5_Baselines,HCPI,Headline Consumer Price Index,,Baseline (no fitting objective),Baseline,Monthly,62,Feb 2025,Jan 2026,12,Feb 2019,Jan 2025,48,24,72,,False,R6 Post-stabilisation,Point + runtime,Code/Blk5_Baselines/Blk5_Baselines.py,Code/common/config_Blk5_Baselines.yaml,Results/Results_Blk5_Baselines.xlsx,BL-M-165,Not started,,,,
BL-M-166,4.1,Blk5_Baselines,HCPI,Headline Consumer Price Index,,Baseline (no fitting objective),Baseline,Monthly,63,Mar 2025,Feb 2026,12,Mar 2019,Feb 2025,48,24,72,,False,R6 Post-stabilisation,Point + runtime,Code/Blk5_Baselines/Blk5_Baselines.py,Code/common/config_Blk5_Baselines.yaml,Results/Results_Blk5_Baselines.xlsx,BL-M-166,Not started,,,,
BL-M-167,4.1,Blk5_Baselines,HCPI,Headline Consumer Price Index,,Baseline (no fitting objective),Baseline,Monthly,64,Apr 2025,Mar 2026,12,Apr 2019,Mar 2025,48,24,72,,False,R6 Post-stabilisation,Point + runtime,Code/Blk5_Baselines/Blk5_Baselines.py,Code/common/config_Blk5_Baselines.yaml,Results/Results_Blk5_Baselines.xlsx,BL-M-167,Not started,,,,
BL-M-168,4.1,Blk5_Baselines,HCPI,Headline Consumer Price Index,,Baseline (no fitting objective),Baseline,Monthly,65,May 2025,Apr 2026,12,May 2019,Apr 2025,48,24,72,,False,R6 Post-stabilisation,Point + runtime,Code/Blk5_Baselines/Blk5_Baselines.py,Code/common/config_Blk5_Baselines.yaml,Results/Results_Blk5_Baselines.xlsx,BL-M-168,Not started,,,,
BL-M-169,4.1,Blk5_Baselines,HCPI,Headline Consumer Price Index,,Baseline (no fitting objective),Baseline,Monthly,66,Jun 2025,May 2026,12,Jun 2019,May 2025,48,24,72,,False,R6 Post-stabilisation,Point + runtime,Code/Blk5_Baselines/Blk5_Baselines.py,Code/common/config_Blk5_Baselines.yaml,Results/Results_Blk5_Baselines.xlsx,BL-M-169,Not started,,,,
BL-M-170,4.1,Blk5_Baselines,HCPI,Headline Consumer Price Index,,Baseline (no fitting objective),Baseline,Monthly,67,Jul 2025,Jun 2026,12,Jul 2019,Jun 2025,48,24,72,,False,R6 Post-stabilisation,Point + runtime,Code/Blk5_Baselines/Blk5_Baselines.py,Code/common/config_Blk5_Baselines.yaml,Results/Results_Blk5_Baselines.xlsx,BL-M-170,Not started,,,,
BL-M-171,4.1,Blk5_Baselines,HCPI,Headline Consumer Price Index,,Baseline (no fitting objective),Baseline,Monthly,68,Aug 2025,Jul 2026,12,Aug 2019,Jul 2025,48,24,72,,False,R6 Post-stabilisation,Point + runtime,Code/Blk5_Baselines/Blk5_Baselines.py,Code/common/config_Blk5_Baselines.yaml,Results/Results_Blk5_Baselines.xlsx,BL-M-171,Not started,,,,
BL-M-172,4.1,Blk5_Baselines,HCPI,Headline Consumer Price Index,,Baseline (no fitting objective),Baseline,Monthly,69,Sep 2025,Aug 2026,12,Sep 2019,Aug 2025,48,24,72,,False,R6 Post-stabilisation,Point + runtime,Code/Blk5_Baselines/Blk5_Baselines.py,Code/common/config_Blk5_Baselines.yaml,Results/Results_Blk5_Baselines.xlsx,BL-M-172,Not started,,,,
BL-M-173,4.1,Blk5_Baselines,FCPI,Food Consumer Price Index,,Baseline (no fitting objective),Baseline,Monthly,1,Jan 2020,Dec 2020,12,Jan 2014,Dec 2019,48,24,72,,False,R1 COVID-19 shock,Point + runtime,Code/Blk5_Baselines/Blk5_Baselines.py,Code/common/config_Blk5_Baselines.yaml,Results/Results_Blk5_Baselines.xlsx,BL-M-173,Not started,,,,
BL-M-174,4.1,Blk5_Baselines,FCPI,Food Consumer Price Index,,Baseline (no fitting objective),Baseline,Monthly,2,Feb 2020,Jan 2021,12,Feb 2014,Jan 2020,48,24,72,,False,R1 COVID-19 shock,Point + runtime,Code/Blk5_Baselines/Blk5_Baselines.py,Code/common/config_Blk5_Baselines.yaml,Results/Results_Blk5_Baselines.xlsx,BL-M-174,Not started,,,,
BL-M-175,4.1,Blk5_Baselines,FCPI,Food Consumer Price Index,,Baseline (no fitting objective),Baseline,Monthly,3,Mar 2020,Feb 2021,12,Mar 2014,Feb 2020,48,24,72,,False,R1 COVID-19 shock,Point + runtime,Code/Blk5_Baselines/Blk5_Baselines.py,Code/common/config_Blk5_Baselines.yaml,Results/Results_Blk5_Baselines.xlsx,BL-M-175,Not started,,,,
BL-M-176,4.1,Blk5_Baselines,FCPI,Food Consumer Price Index,,Baseline (no fitting objective),Baseline,Monthly,4,Apr 2020,Mar 2021,12,Apr 2014,Mar 2020,48,24,72,,False,R1 COVID-19 shock,Point + runtime,Code/Blk5_Baselines/Blk5_Baselines.py,Code/common/config_Blk5_Baselines.yaml,Results/Results_Blk5_Baselines.xlsx,BL-M-176,Not started,,,,
BL-M-177,4.1,Blk5_Baselines,FCPI,Food Consumer Price Index,,Baseline (no fitting objective),Baseline,Monthly,5,May 2020,Apr 2021,12,May 2014,Apr 2020,48,24,72,,False,R1 COVID-19 shock,Point + runtime,Code/Blk5_Baselines/Blk5_Baselines.py,Code/common/config_Blk5_Baselines.yaml,Results/Results_Blk5_Baselines.xlsx,BL-M-177,Not started,,,,
BL-M-178,4.1,Blk5_Baselines,FCPI,Food Consumer Price Index,,Baseline (no fitting objective),Baseline,Monthly,6,Jun 2020,May 2021,12,Jun 2014,May 2020,48,24,72,,False,R1 COVID-19 shock,Point + runtime,Code/Blk5_Baselines/Blk5_Baselines.py,Code/common/config_Blk5_Baselines.yaml,Results/Results_Blk5_Baselines.xlsx,BL-M-178,Not started,,,,
BL-M-179,4.1,Blk5_Baselines,FCPI,Food Consumer Price Index,,Baseline (no fitting objective),Baseline,Monthly,7,Jul 2020,Jun 2021,12,Jul 2014,Jun 2020,48,24,72,,False,R1 COVID-19 shock,Point + runtime,Code/Blk5_Baselines/Blk5_Baselines.py,Code/common/config_Blk5_Baselines.yaml,Results/Results_Blk5_Baselines.xlsx,BL-M-179,Not started,,,,
BL-M-180,4.1,Blk5_Baselines,FCPI,Food Consumer Price Index,,Baseline (no fitting objective),Baseline,Monthly,8,Aug 2020,Jul 2021,12,Aug 2014,Jul 2020,48,24,72,,False,R1 COVID-19 shock,Point + runtime,Code/Blk5_Baselines/Blk5_Baselines.py,Code/common/config_Blk5_Baselines.yaml,Results/Results_Blk5_Baselines.xlsx,BL-M-180,Not started,,,,
BL-M-181,4.1,Blk5_Baselines,FCPI,Food Consumer Price Index,,Baseline (no fitting objective),Baseline,Monthly,9,Sep 2020,Aug 2021,12,Sep 2014,Aug 2020,48,24,72,,False,R1 COVID-19 shock,Point + runtime,Code/Blk5_Baselines/Blk5_Baselines.py,Code/common/config_Blk5_Baselines.yaml,Results/Results_Blk5_Baselines.xlsx,BL-M-181,Not started,,,,
BL-M-182,4.1,Blk5_Baselines,FCPI,Food Consumer Price Index,,Baseline (no fitting objective),Baseline,Monthly,10,Oct 2020,Sep 2021,12,Oct 2014,Sep 2020,48,24,72,,False,R1 COVID-19 shock,Point + runtime,Code/Blk5_Baselines/Blk5_Baselines.py,Code/common/config_Blk5_Baselines.yaml,Results/Results_Blk5_Baselines.xlsx,BL-M-182,Not started,,,,
BL-M-183,4.1,Blk5_Baselines,FCPI,Food Consumer Price Index,,Baseline (no fitting objective),Baseline,Monthly,11,Nov 2020,Oct 2021,12,Nov 2014,Oct 2020,48,24,72,,False,R1 COVID-19 shock,Point + runtime,Code/Blk5_Baselines/Blk5_Baselines.py,Code/common/config_Blk5_Baselines.yaml,Results/Results_Blk5_Baselines.xlsx,BL-M-183,Not started,,,,
BL-M-184,4.1,Blk5_Baselines,FCPI,Food Consumer Price Index,,Baseline (no fitting objective),Baseline,Monthly,12,Dec 2020,Nov 2021,12,Dec 2014,Nov 2020,48,24,72,,False,R1 COVID-19 shock,Point + runtime,Code/Blk5_Baselines/Blk5_Baselines.py,Code/common/config_Blk5_Baselines.yaml,Results/Results_Blk5_Baselines.xlsx,BL-M-184,Not started,,,,
BL-M-185,4.1,Blk5_Baselines,FCPI,Food Consumer Price Index,,Baseline (no fitting objective),Baseline,Monthly,13,Jan 2021,Dec 2021,12,Jan 2015,Dec 2020,48,24,72,,False,R2 Pre-crisis build-up,Point + runtime,Code/Blk5_Baselines/Blk5_Baselines.py,Code/common/config_Blk5_Baselines.yaml,Results/Results_Blk5_Baselines.xlsx,BL-M-185,Not started,,,,
BL-M-186,4.1,Blk5_Baselines,FCPI,Food Consumer Price Index,,Baseline (no fitting objective),Baseline,Monthly,14,Feb 2021,Jan 2022,12,Feb 2015,Jan 2021,48,24,72,,False,R2 Pre-crisis build-up,Point + runtime,Code/Blk5_Baselines/Blk5_Baselines.py,Code/common/config_Blk5_Baselines.yaml,Results/Results_Blk5_Baselines.xlsx,BL-M-186,Not started,,,,
BL-M-187,4.1,Blk5_Baselines,FCPI,Food Consumer Price Index,,Baseline (no fitting objective),Baseline,Monthly,15,Mar 2021,Feb 2022,12,Mar 2015,Feb 2021,48,24,72,,False,R2 Pre-crisis build-up,Point + runtime,Code/Blk5_Baselines/Blk5_Baselines.py,Code/common/config_Blk5_Baselines.yaml,Results/Results_Blk5_Baselines.xlsx,BL-M-187,Not started,,,,
BL-M-188,4.1,Blk5_Baselines,FCPI,Food Consumer Price Index,,Baseline (no fitting objective),Baseline,Monthly,16,Apr 2021,Mar 2022,12,Apr 2015,Mar 2021,48,24,72,,False,R2 Pre-crisis build-up,Point + runtime,Code/Blk5_Baselines/Blk5_Baselines.py,Code/common/config_Blk5_Baselines.yaml,Results/Results_Blk5_Baselines.xlsx,BL-M-188,Not started,,,,
BL-M-189,4.1,Blk5_Baselines,FCPI,Food Consumer Price Index,,Baseline (no fitting objective),Baseline,Monthly,17,May 2021,Apr 2022,12,May 2015,Apr 2021,48,24,72,,False,R2 Pre-crisis build-up,Point + runtime,Code/Blk5_Baselines/Blk5_Baselines.py,Code/common/config_Blk5_Baselines.yaml,Results/Results_Blk5_Baselines.xlsx,BL-M-189,Not started,,,,
BL-M-190,4.1,Blk5_Baselines,FCPI,Food Consumer Price Index,,Baseline (no fitting objective),Baseline,Monthly,18,Jun 2021,May 2022,12,Jun 2015,May 2021,48,24,72,,False,R2 Pre-crisis build-up,Point + runtime,Code/Blk5_Baselines/Blk5_Baselines.py,Code/common/config_Blk5_Baselines.yaml,Results/Results_Blk5_Baselines.xlsx,BL-M-190,Not started,,,,
BL-M-191,4.1,Blk5_Baselines,FCPI,Food Consumer Price Index,,Baseline (no fitting objective),Baseline,Monthly,19,Jul 2021,Jun 2022,12,Jul 2015,Jun 2021,48,24,72,,False,R2 Pre-crisis build-up,Point + runtime,Code/Blk5_Baselines/Blk5_Baselines.py,Code/common/config_Blk5_Baselines.yaml,Results/Results_Blk5_Baselines.xlsx,BL-M-191,Not started,,,,
BL-M-192,4.1,Blk5_Baselines,FCPI,Food Consumer Price Index,,Baseline (no fitting objective),Baseline,Monthly,20,Aug 2021,Jul 2022,12,Aug 2015,Jul 2021,48,24,72,,False,R2 Pre-crisis build-up,Point + runtime,Code/Blk5_Baselines/Blk5_Baselines.py,Code/common/config_Blk5_Baselines.yaml,Results/Results_Blk5_Baselines.xlsx,BL-M-192,Not started,,,,
BL-M-193,4.1,Blk5_Baselines,FCPI,Food Consumer Price Index,,Baseline (no fitting objective),Baseline,Monthly,21,Sep 2021,Aug 2022,12,Sep 2015,Aug 2021,48,24,72,,False,R2 Pre-crisis build-up,Point + runtime,Code/Blk5_Baselines/Blk5_Baselines.py,Code/common/config_Blk5_Baselines.yaml,Results/Results_Blk5_Baselines.xlsx,BL-M-193,Not started,,,,
BL-M-194,4.1,Blk5_Baselines,FCPI,Food Consumer Price Index,,Baseline (no fitting objective),Baseline,Monthly,22,Oct 2021,Sep 2022,12,Oct 2015,Sep 2021,48,24,72,,False,R2 Pre-crisis build-up,Point + runtime,Code/Blk5_Baselines/Blk5_Baselines.py,Code/common/config_Blk5_Baselines.yaml,Results/Results_Blk5_Baselines.xlsx,BL-M-194,Not started,,,,
BL-M-195,4.1,Blk5_Baselines,FCPI,Food Consumer Price Index,,Baseline (no fitting objective),Baseline,Monthly,23,Nov 2021,Oct 2022,12,Nov 2015,Oct 2021,48,24,72,,False,R2 Pre-crisis build-up,Point + runtime,Code/Blk5_Baselines/Blk5_Baselines.py,Code/common/config_Blk5_Baselines.yaml,Results/Results_Blk5_Baselines.xlsx,BL-M-195,Not started,,,,
BL-M-196,4.1,Blk5_Baselines,FCPI,Food Consumer Price Index,,Baseline (no fitting objective),Baseline,Monthly,24,Dec 2021,Nov 2022,12,Dec 2015,Nov 2021,48,24,72,,False,R2 Pre-crisis build-up,Point + runtime,Code/Blk5_Baselines/Blk5_Baselines.py,Code/common/config_Blk5_Baselines.yaml,Results/Results_Blk5_Baselines.xlsx,BL-M-196,Not started,,,,
BL-M-197,4.1,Blk5_Baselines,FCPI,Food Consumer Price Index,,Baseline (no fitting objective),Baseline,Monthly,25,Jan 2022,Dec 2022,12,Jan 2016,Dec 2021,48,24,72,,False,R3 Crisis & hyperinflation,Point + runtime,Code/Blk5_Baselines/Blk5_Baselines.py,Code/common/config_Blk5_Baselines.yaml,Results/Results_Blk5_Baselines.xlsx,BL-M-197,Not started,,,,
BL-M-198,4.1,Blk5_Baselines,FCPI,Food Consumer Price Index,,Baseline (no fitting objective),Baseline,Monthly,26,Feb 2022,Jan 2023,12,Feb 2016,Jan 2022,48,24,72,,False,R3 Crisis & hyperinflation,Point + runtime,Code/Blk5_Baselines/Blk5_Baselines.py,Code/common/config_Blk5_Baselines.yaml,Results/Results_Blk5_Baselines.xlsx,BL-M-198,Not started,,,,
BL-M-199,4.1,Blk5_Baselines,FCPI,Food Consumer Price Index,,Baseline (no fitting objective),Baseline,Monthly,27,Mar 2022,Feb 2023,12,Mar 2016,Feb 2022,48,24,72,,False,R3 Crisis & hyperinflation,Point + runtime,Code/Blk5_Baselines/Blk5_Baselines.py,Code/common/config_Blk5_Baselines.yaml,Results/Results_Blk5_Baselines.xlsx,BL-M-199,Not started,,,,
BL-M-200,4.1,Blk5_Baselines,FCPI,Food Consumer Price Index,,Baseline (no fitting objective),Baseline,Monthly,28,Apr 2022,Mar 2023,12,Apr 2016,Mar 2022,48,24,72,,False,R3 Crisis & hyperinflation,Point + runtime,Code/Blk5_Baselines/Blk5_Baselines.py,Code/common/config_Blk5_Baselines.yaml,Results/Results_Blk5_Baselines.xlsx,BL-M-200,Not started,,,,
BL-M-201,4.1,Blk5_Baselines,FCPI,Food Consumer Price Index,,Baseline (no fitting objective),Baseline,Monthly,29,May 2022,Apr 2023,12,May 2016,Apr 2022,48,24,72,,False,R3 Crisis & hyperinflation,Point + runtime,Code/Blk5_Baselines/Blk5_Baselines.py,Code/common/config_Blk5_Baselines.yaml,Results/Results_Blk5_Baselines.xlsx,BL-M-201,Not started,,,,
BL-M-202,4.1,Blk5_Baselines,FCPI,Food Consumer Price Index,,Baseline (no fitting objective),Baseline,Monthly,30,Jun 2022,May 2023,12,Jun 2016,May 2022,48,24,72,,False,R3 Crisis & hyperinflation,Point + runtime,Code/Blk5_Baselines/Blk5_Baselines.py,Code/common/config_Blk5_Baselines.yaml,Results/Results_Blk5_Baselines.xlsx,BL-M-202,Not started,,,,
BL-M-203,4.1,Blk5_Baselines,FCPI,Food Consumer Price Index,,Baseline (no fitting objective),Baseline,Monthly,31,Jul 2022,Jun 2023,12,Jul 2016,Jun 2022,48,24,72,,False,R3 Crisis & hyperinflation,Point + runtime,Code/Blk5_Baselines/Blk5_Baselines.py,Code/common/config_Blk5_Baselines.yaml,Results/Results_Blk5_Baselines.xlsx,BL-M-203,Not started,,,,
BL-M-204,4.1,Blk5_Baselines,FCPI,Food Consumer Price Index,,Baseline (no fitting objective),Baseline,Monthly,32,Aug 2022,Jul 2023,12,Aug 2016,Jul 2022,48,24,72,,False,R3 Crisis & hyperinflation,Point + runtime,Code/Blk5_Baselines/Blk5_Baselines.py,Code/common/config_Blk5_Baselines.yaml,Results/Results_Blk5_Baselines.xlsx,BL-M-204,Not started,,,,
BL-M-205,4.1,Blk5_Baselines,FCPI,Food Consumer Price Index,,Baseline (no fitting objective),Baseline,Monthly,33,Sep 2022,Aug 2023,12,Sep 2016,Aug 2022,48,24,72,,False,R3 Crisis & hyperinflation,Point + runtime,Code/Blk5_Baselines/Blk5_Baselines.py,Code/common/config_Blk5_Baselines.yaml,Results/Results_Blk5_Baselines.xlsx,BL-M-205,Not started,,,,
BL-M-206,4.1,Blk5_Baselines,FCPI,Food Consumer Price Index,,Baseline (no fitting objective),Baseline,Monthly,34,Oct 2022,Sep 2023,12,Oct 2016,Sep 2022,48,24,72,,False,R3 Crisis & hyperinflation,Point + runtime,Code/Blk5_Baselines/Blk5_Baselines.py,Code/common/config_Blk5_Baselines.yaml,Results/Results_Blk5_Baselines.xlsx,BL-M-206,Not started,,,,
BL-M-207,4.1,Blk5_Baselines,FCPI,Food Consumer Price Index,,Baseline (no fitting objective),Baseline,Monthly,35,Nov 2022,Oct 2023,12,Nov 2016,Oct 2022,48,24,72,,False,R3 Crisis & hyperinflation,Point + runtime,Code/Blk5_Baselines/Blk5_Baselines.py,Code/common/config_Blk5_Baselines.yaml,Results/Results_Blk5_Baselines.xlsx,BL-M-207,Not started,,,,
BL-M-208,4.1,Blk5_Baselines,FCPI,Food Consumer Price Index,,Baseline (no fitting objective),Baseline,Monthly,36,Dec 2022,Nov 2023,12,Dec 2016,Nov 2022,48,24,72,,False,R3 Crisis & hyperinflation,Point + runtime,Code/Blk5_Baselines/Blk5_Baselines.py,Code/common/config_Blk5_Baselines.yaml,Results/Results_Blk5_Baselines.xlsx,BL-M-208,Not started,,,,
BL-M-209,4.1,Blk5_Baselines,FCPI,Food Consumer Price Index,,Baseline (no fitting objective),Baseline,Monthly,37,Jan 2023,Dec 2023,12,Jan 2017,Dec 2022,48,24,72,,False,R4 Sharp disinflation,Point + runtime,Code/Blk5_Baselines/Blk5_Baselines.py,Code/common/config_Blk5_Baselines.yaml,Results/Results_Blk5_Baselines.xlsx,BL-M-209,Not started,,,,
BL-M-210,4.1,Blk5_Baselines,FCPI,Food Consumer Price Index,,Baseline (no fitting objective),Baseline,Monthly,38,Feb 2023,Jan 2024,12,Feb 2017,Jan 2023,48,24,72,,False,R4 Sharp disinflation,Point + runtime,Code/Blk5_Baselines/Blk5_Baselines.py,Code/common/config_Blk5_Baselines.yaml,Results/Results_Blk5_Baselines.xlsx,BL-M-210,Not started,,,,
BL-M-211,4.1,Blk5_Baselines,FCPI,Food Consumer Price Index,,Baseline (no fitting objective),Baseline,Monthly,39,Mar 2023,Feb 2024,12,Mar 2017,Feb 2023,48,24,72,,False,R4 Sharp disinflation,Point + runtime,Code/Blk5_Baselines/Blk5_Baselines.py,Code/common/config_Blk5_Baselines.yaml,Results/Results_Blk5_Baselines.xlsx,BL-M-211,Not started,,,,
BL-M-212,4.1,Blk5_Baselines,FCPI,Food Consumer Price Index,,Baseline (no fitting objective),Baseline,Monthly,40,Apr 2023,Mar 2024,12,Apr 2017,Mar 2023,48,24,72,,False,R4 Sharp disinflation,Point + runtime,Code/Blk5_Baselines/Blk5_Baselines.py,Code/common/config_Blk5_Baselines.yaml,Results/Results_Blk5_Baselines.xlsx,BL-M-212,Not started,,,,
BL-M-213,4.1,Blk5_Baselines,FCPI,Food Consumer Price Index,,Baseline (no fitting objective),Baseline,Monthly,41,May 2023,Apr 2024,12,May 2017,Apr 2023,48,24,72,,False,R4 Sharp disinflation,Point + runtime,Code/Blk5_Baselines/Blk5_Baselines.py,Code/common/config_Blk5_Baselines.yaml,Results/Results_Blk5_Baselines.xlsx,BL-M-213,Not started,,,,
BL-M-214,4.1,Blk5_Baselines,FCPI,Food Consumer Price Index,,Baseline (no fitting objective),Baseline,Monthly,42,Jun 2023,May 2024,12,Jun 2017,May 2023,48,24,72,,False,R4 Sharp disinflation,Point + runtime,Code/Blk5_Baselines/Blk5_Baselines.py,Code/common/config_Blk5_Baselines.yaml,Results/Results_Blk5_Baselines.xlsx,BL-M-214,Not started,,,,
BL-M-215,4.1,Blk5_Baselines,FCPI,Food Consumer Price Index,,Baseline (no fitting objective),Baseline,Monthly,43,Jul 2023,Jun 2024,12,Jul 2017,Jun 2023,48,24,72,,False,R4 Sharp disinflation,Point + runtime,Code/Blk5_Baselines/Blk5_Baselines.py,Code/common/config_Blk5_Baselines.yaml,Results/Results_Blk5_Baselines.xlsx,BL-M-215,Not started,,,,
BL-M-216,4.1,Blk5_Baselines,FCPI,Food Consumer Price Index,,Baseline (no fitting objective),Baseline,Monthly,44,Aug 2023,Jul 2024,12,Aug 2017,Jul 2023,48,24,72,,False,R4 Sharp disinflation,Point + runtime,Code/Blk5_Baselines/Blk5_Baselines.py,Code/common/config_Blk5_Baselines.yaml,Results/Results_Blk5_Baselines.xlsx,BL-M-216,Not started,,,,
BL-M-217,4.1,Blk5_Baselines,FCPI,Food Consumer Price Index,,Baseline (no fitting objective),Baseline,Monthly,45,Sep 2023,Aug 2024,12,Sep 2017,Aug 2023,48,24,72,,False,R4 Sharp disinflation,Point + runtime,Code/Blk5_Baselines/Blk5_Baselines.py,Code/common/config_Blk5_Baselines.yaml,Results/Results_Blk5_Baselines.xlsx,BL-M-217,Not started,,,,
BL-M-218,4.1,Blk5_Baselines,FCPI,Food Consumer Price Index,,Baseline (no fitting objective),Baseline,Monthly,46,Oct 2023,Sep 2024,12,Oct 2017,Sep 2023,48,24,72,,False,R4 Sharp disinflation,Point + runtime,Code/Blk5_Baselines/Blk5_Baselines.py,Code/common/config_Blk5_Baselines.yaml,Results/Results_Blk5_Baselines.xlsx,BL-M-218,Not started,,,,
BL-M-219,4.1,Blk5_Baselines,FCPI,Food Consumer Price Index,,Baseline (no fitting objective),Baseline,Monthly,47,Nov 2023,Oct 2024,12,Nov 2017,Oct 2023,48,24,72,,False,R4 Sharp disinflation,Point + runtime,Code/Blk5_Baselines/Blk5_Baselines.py,Code/common/config_Blk5_Baselines.yaml,Results/Results_Blk5_Baselines.xlsx,BL-M-219,Not started,,,,
BL-M-220,4.1,Blk5_Baselines,FCPI,Food Consumer Price Index,,Baseline (no fitting objective),Baseline,Monthly,48,Dec 2023,Nov 2024,12,Dec 2017,Nov 2023,48,24,72,,False,R4 Sharp disinflation,Point + runtime,Code/Blk5_Baselines/Blk5_Baselines.py,Code/common/config_Blk5_Baselines.yaml,Results/Results_Blk5_Baselines.xlsx,BL-M-220,Not started,,,,
BL-M-221,4.1,Blk5_Baselines,FCPI,Food Consumer Price Index,,Baseline (no fitting objective),Baseline,Monthly,49,Jan 2024,Dec 2024,12,Jan 2018,Dec 2023,48,24,72,,False,R5 Deflation & stabilisation,Point + runtime,Code/Blk5_Baselines/Blk5_Baselines.py,Code/common/config_Blk5_Baselines.yaml,Results/Results_Blk5_Baselines.xlsx,BL-M-221,Not started,,,,
BL-M-222,4.1,Blk5_Baselines,FCPI,Food Consumer Price Index,,Baseline (no fitting objective),Baseline,Monthly,50,Feb 2024,Jan 2025,12,Feb 2018,Jan 2024,48,24,72,,False,R5 Deflation & stabilisation,Point + runtime,Code/Blk5_Baselines/Blk5_Baselines.py,Code/common/config_Blk5_Baselines.yaml,Results/Results_Blk5_Baselines.xlsx,BL-M-222,Not started,,,,
BL-M-223,4.1,Blk5_Baselines,FCPI,Food Consumer Price Index,,Baseline (no fitting objective),Baseline,Monthly,51,Mar 2024,Feb 2025,12,Mar 2018,Feb 2024,48,24,72,,False,R5 Deflation & stabilisation,Point + runtime,Code/Blk5_Baselines/Blk5_Baselines.py,Code/common/config_Blk5_Baselines.yaml,Results/Results_Blk5_Baselines.xlsx,BL-M-223,Not started,,,,
BL-M-224,4.1,Blk5_Baselines,FCPI,Food Consumer Price Index,,Baseline (no fitting objective),Baseline,Monthly,52,Apr 2024,Mar 2025,12,Apr 2018,Mar 2024,48,24,72,,False,R5 Deflation & stabilisation,Point + runtime,Code/Blk5_Baselines/Blk5_Baselines.py,Code/common/config_Blk5_Baselines.yaml,Results/Results_Blk5_Baselines.xlsx,BL-M-224,Not started,,,,
BL-M-225,4.1,Blk5_Baselines,FCPI,Food Consumer Price Index,,Baseline (no fitting objective),Baseline,Monthly,53,May 2024,Apr 2025,12,May 2018,Apr 2024,48,24,72,,False,R5 Deflation & stabilisation,Point + runtime,Code/Blk5_Baselines/Blk5_Baselines.py,Code/common/config_Blk5_Baselines.yaml,Results/Results_Blk5_Baselines.xlsx,BL-M-225,Not started,,,,
BL-M-226,4.1,Blk5_Baselines,FCPI,Food Consumer Price Index,,Baseline (no fitting objective),Baseline,Monthly,54,Jun 2024,May 2025,12,Jun 2018,May 2024,48,24,72,,False,R5 Deflation & stabilisation,Point + runtime,Code/Blk5_Baselines/Blk5_Baselines.py,Code/common/config_Blk5_Baselines.yaml,Results/Results_Blk5_Baselines.xlsx,BL-M-226,Not started,,,,
BL-M-227,4.1,Blk5_Baselines,FCPI,Food Consumer Price Index,,Baseline (no fitting objective),Baseline,Monthly,55,Jul 2024,Jun 2025,12,Jul 2018,Jun 2024,48,24,72,,False,R5 Deflation & stabilisation,Point + runtime,Code/Blk5_Baselines/Blk5_Baselines.py,Code/common/config_Blk5_Baselines.yaml,Results/Results_Blk5_Baselines.xlsx,BL-M-227,Not started,,,,
BL-M-228,4.1,Blk5_Baselines,FCPI,Food Consumer Price Index,,Baseline (no fitting objective),Baseline,Monthly,56,Aug 2024,Jul 2025,12,Aug 2018,Jul 2024,48,24,72,,False,R5 Deflation & stabilisation,Point + runtime,Code/Blk5_Baselines/Blk5_Baselines.py,Code/common/config_Blk5_Baselines.yaml,Results/Results_Blk5_Baselines.xlsx,BL-M-228,Not started,,,,
BL-M-229,4.1,Blk5_Baselines,FCPI,Food Consumer Price Index,,Baseline (no fitting objective),Baseline,Monthly,57,Sep 2024,Aug 2025,12,Sep 2018,Aug 2024,48,24,72,,False,R5 Deflation & stabilisation,Point + runtime,Code/Blk5_Baselines/Blk5_Baselines.py,Code/common/config_Blk5_Baselines.yaml,Results/Results_Blk5_Baselines.xlsx,BL-M-229,Not started,,,,
BL-M-230,4.1,Blk5_Baselines,FCPI,Food Consumer Price Index,,Baseline (no fitting objective),Baseline,Monthly,58,Oct 2024,Sep 2025,12,Oct 2018,Sep 2024,48,24,72,,False,R5 Deflation & stabilisation,Point + runtime,Code/Blk5_Baselines/Blk5_Baselines.py,Code/common/config_Blk5_Baselines.yaml,Results/Results_Blk5_Baselines.xlsx,BL-M-230,Not started,,,,
BL-M-231,4.1,Blk5_Baselines,FCPI,Food Consumer Price Index,,Baseline (no fitting objective),Baseline,Monthly,59,Nov 2024,Oct 2025,12,Nov 2018,Oct 2024,48,24,72,,False,R5 Deflation & stabilisation,Point + runtime,Code/Blk5_Baselines/Blk5_Baselines.py,Code/common/config_Blk5_Baselines.yaml,Results/Results_Blk5_Baselines.xlsx,BL-M-231,Not started,,,,
BL-M-232,4.1,Blk5_Baselines,FCPI,Food Consumer Price Index,,Baseline (no fitting objective),Baseline,Monthly,60,Dec 2024,Nov 2025,12,Dec 2018,Nov 2024,48,24,72,,False,R5 Deflation & stabilisation,Point + runtime,Code/Blk5_Baselines/Blk5_Baselines.py,Code/common/config_Blk5_Baselines.yaml,Results/Results_Blk5_Baselines.xlsx,BL-M-232,Not started,,,,
BL-M-233,4.1,Blk5_Baselines,FCPI,Food Consumer Price Index,,Baseline (no fitting objective),Baseline,Monthly,61,Jan 2025,Dec 2025,12,Jan 2019,Dec 2024,48,24,72,,False,R6 Post-stabilisation,Point + runtime,Code/Blk5_Baselines/Blk5_Baselines.py,Code/common/config_Blk5_Baselines.yaml,Results/Results_Blk5_Baselines.xlsx,BL-M-233,Not started,,,,
BL-M-234,4.1,Blk5_Baselines,FCPI,Food Consumer Price Index,,Baseline (no fitting objective),Baseline,Monthly,62,Feb 2025,Jan 2026,12,Feb 2019,Jan 2025,48,24,72,,False,R6 Post-stabilisation,Point + runtime,Code/Blk5_Baselines/Blk5_Baselines.py,Code/common/config_Blk5_Baselines.yaml,Results/Results_Blk5_Baselines.xlsx,BL-M-234,Not started,,,,
BL-M-235,4.1,Blk5_Baselines,FCPI,Food Consumer Price Index,,Baseline (no fitting objective),Baseline,Monthly,63,Mar 2025,Feb 2026,12,Mar 2019,Feb 2025,48,24,72,,False,R6 Post-stabilisation,Point + runtime,Code/Blk5_Baselines/Blk5_Baselines.py,Code/common/config_Blk5_Baselines.yaml,Results/Results_Blk5_Baselines.xlsx,BL-M-235,Not started,,,,
BL-M-236,4.1,Blk5_Baselines,FCPI,Food Consumer Price Index,,Baseline (no fitting objective),Baseline,Monthly,64,Apr 2025,Mar 2026,12,Apr 2019,Mar 2025,48,24,72,,False,R6 Post-stabilisation,Point + runtime,Code/Blk5_Baselines/Blk5_Baselines.py,Code/common/config_Blk5_Baselines.yaml,Results/Results_Blk5_Baselines.xlsx,BL-M-236,Not started,,,,
BL-M-237,4.1,Blk5_Baselines,FCPI,Food Consumer Price Index,,Baseline (no fitting objective),Baseline,Monthly,65,May 2025,Apr 2026,12,May 2019,Apr 2025,48,24,72,,False,R6 Post-stabilisation,Point + runtime,Code/Blk5_Baselines/Blk5_Baselines.py,Code/common/config_Blk5_Baselines.yaml,Results/Results_Blk5_Baselines.xlsx,BL-M-237,Not started,,,,
BL-M-238,4.1,Blk5_Baselines,FCPI,Food Consumer Price Index,,Baseline (no fitting objective),Baseline,Monthly,66,Jun 2025,May 2026,12,Jun 2019,May 2025,48,24,72,,False,R6 Post-stabilisation,Point + runtime,Code/Blk5_Baselines/Blk5_Baselines.py,Code/common/config_Blk5_Baselines.yaml,Results/Results_Blk5_Baselines.xlsx,BL-M-238,Not started,,,,
BL-M-239,4.1,Blk5_Baselines,FCPI,Food Consumer Price Index,,Baseline (no fitting objective),Baseline,Monthly,67,Jul 2025,Jun 2026,12,Jul 2019,Jun 2025,48,24,72,,False,R6 Post-stabilisation,Point + runtime,Code/Blk5_Baselines/Blk5_Baselines.py,Code/common/config_Blk5_Baselines.yaml,Results/Results_Blk5_Baselines.xlsx,BL-M-239,Not started,,,,
BL-M-240,4.1,Blk5_Baselines,FCPI,Food Consumer Price Index,,Baseline (no fitting objective),Baseline,Monthly,68,Aug 2025,Jul 2026,12,Aug 2019,Jul 2025,48,24,72,,False,R6 Post-stabilisation,Point + runtime,Code/Blk5_Baselines/Blk5_Baselines.py,Code/common/config_Blk5_Baselines.yaml,Results/Results_Blk5_Baselines.xlsx,BL-M-240,Not started,,,,
BL-M-241,4.1,Blk5_Baselines,FCPI,Food Consumer Price Index,,Baseline (no fitting objective),Baseline,Monthly,69,Sep 2025,Aug 2026,12,Sep 2019,Aug 2025,48,24,72,,False,R6 Post-stabilisation,Point + runtime,Code/Blk5_Baselines/Blk5_Baselines.py,Code/common/config_Blk5_Baselines.yaml,Results/Results_Blk5_Baselines.xlsx,BL-M-241,Not started,,,,
BL-M-242,4.1,Blk5_Baselines,CCPI,Colombo Consumer Price Index,,Baseline (no fitting objective),Baseline,Monthly,1,Jan 2020,Dec 2020,12,Jan 2014,Dec 2019,48,24,72,,False,R1 COVID-19 shock,Point + runtime,Code/Blk5_Baselines/Blk5_Baselines.py,Code/common/config_Blk5_Baselines.yaml,Results/Results_Blk5_Baselines.xlsx,BL-M-242,Not started,,,,
BL-M-243,4.1,Blk5_Baselines,CCPI,Colombo Consumer Price Index,,Baseline (no fitting objective),Baseline,Monthly,2,Feb 2020,Jan 2021,12,Feb 2014,Jan 2020,48,24,72,,False,R1 COVID-19 shock,Point + runtime,Code/Blk5_Baselines/Blk5_Baselines.py,Code/common/config_Blk5_Baselines.yaml,Results/Results_Blk5_Baselines.xlsx,BL-M-243,Not started,,,,
BL-M-244,4.1,Blk5_Baselines,CCPI,Colombo Consumer Price Index,,Baseline (no fitting objective),Baseline,Monthly,3,Mar 2020,Feb 2021,12,Mar 2014,Feb 2020,48,24,72,,False,R1 COVID-19 shock,Point + runtime,Code/Blk5_Baselines/Blk5_Baselines.py,Code/common/config_Blk5_Baselines.yaml,Results/Results_Blk5_Baselines.xlsx,BL-M-244,Not started,,,,
BL-M-245,4.1,Blk5_Baselines,CCPI,Colombo Consumer Price Index,,Baseline (no fitting objective),Baseline,Monthly,4,Apr 2020,Mar 2021,12,Apr 2014,Mar 2020,48,24,72,,False,R1 COVID-19 shock,Point + runtime,Code/Blk5_Baselines/Blk5_Baselines.py,Code/common/config_Blk5_Baselines.yaml,Results/Results_Blk5_Baselines.xlsx,BL-M-245,Not started,,,,
BL-M-246,4.1,Blk5_Baselines,CCPI,Colombo Consumer Price Index,,Baseline (no fitting objective),Baseline,Monthly,5,May 2020,Apr 2021,12,May 2014,Apr 2020,48,24,72,,False,R1 COVID-19 shock,Point + runtime,Code/Blk5_Baselines/Blk5_Baselines.py,Code/common/config_Blk5_Baselines.yaml,Results/Results_Blk5_Baselines.xlsx,BL-M-246,Not started,,,,
BL-M-247,4.1,Blk5_Baselines,CCPI,Colombo Consumer Price Index,,Baseline (no fitting objective),Baseline,Monthly,6,Jun 2020,May 2021,12,Jun 2014,May 2020,48,24,72,,False,R1 COVID-19 shock,Point + runtime,Code/Blk5_Baselines/Blk5_Baselines.py,Code/common/config_Blk5_Baselines.yaml,Results/Results_Blk5_Baselines.xlsx,BL-M-247,Not started,,,,
BL-M-248,4.1,Blk5_Baselines,CCPI,Colombo Consumer Price Index,,Baseline (no fitting objective),Baseline,Monthly,7,Jul 2020,Jun 2021,12,Jul 2014,Jun 2020,48,24,72,,False,R1 COVID-19 shock,Point + runtime,Code/Blk5_Baselines/Blk5_Baselines.py,Code/common/config_Blk5_Baselines.yaml,Results/Results_Blk5_Baselines.xlsx,BL-M-248,Not started,,,,
BL-M-249,4.1,Blk5_Baselines,CCPI,Colombo Consumer Price Index,,Baseline (no fitting objective),Baseline,Monthly,8,Aug 2020,Jul 2021,12,Aug 2014,Jul 2020,48,24,72,,False,R1 COVID-19 shock,Point + runtime,Code/Blk5_Baselines/Blk5_Baselines.py,Code/common/config_Blk5_Baselines.yaml,Results/Results_Blk5_Baselines.xlsx,BL-M-249,Not started,,,,
BL-M-250,4.1,Blk5_Baselines,CCPI,Colombo Consumer Price Index,,Baseline (no fitting objective),Baseline,Monthly,9,Sep 2020,Aug 2021,12,Sep 2014,Aug 2020,48,24,72,,False,R1 COVID-19 shock,Point + runtime,Code/Blk5_Baselines/Blk5_Baselines.py,Code/common/config_Blk5_Baselines.yaml,Results/Results_Blk5_Baselines.xlsx,BL-M-250,Not started,,,,
BL-M-251,4.1,Blk5_Baselines,CCPI,Colombo Consumer Price Index,,Baseline (no fitting objective),Baseline,Monthly,10,Oct 2020,Sep 2021,12,Oct 2014,Sep 2020,48,24,72,,False,R1 COVID-19 shock,Point + runtime,Code/Blk5_Baselines/Blk5_Baselines.py,Code/common/config_Blk5_Baselines.yaml,Results/Results_Blk5_Baselines.xlsx,BL-M-251,Not started,,,,
BL-M-252,4.1,Blk5_Baselines,CCPI,Colombo Consumer Price Index,,Baseline (no fitting objective),Baseline,Monthly,11,Nov 2020,Oct 2021,12,Nov 2014,Oct 2020,48,24,72,,False,R1 COVID-19 shock,Point + runtime,Code/Blk5_Baselines/Blk5_Baselines.py,Code/common/config_Blk5_Baselines.yaml,Results/Results_Blk5_Baselines.xlsx,BL-M-252,Not started,,,,
BL-M-253,4.1,Blk5_Baselines,CCPI,Colombo Consumer Price Index,,Baseline (no fitting objective),Baseline,Monthly,12,Dec 2020,Nov 2021,12,Dec 2014,Nov 2020,48,24,72,,False,R1 COVID-19 shock,Point + runtime,Code/Blk5_Baselines/Blk5_Baselines.py,Code/common/config_Blk5_Baselines.yaml,Results/Results_Blk5_Baselines.xlsx,BL-M-253,Not started,,,,
BL-M-254,4.1,Blk5_Baselines,CCPI,Colombo Consumer Price Index,,Baseline (no fitting objective),Baseline,Monthly,13,Jan 2021,Dec 2021,12,Jan 2015,Dec 2020,48,24,72,,False,R2 Pre-crisis build-up,Point + runtime,Code/Blk5_Baselines/Blk5_Baselines.py,Code/common/config_Blk5_Baselines.yaml,Results/Results_Blk5_Baselines.xlsx,BL-M-254,Not started,,,,
BL-M-255,4.1,Blk5_Baselines,CCPI,Colombo Consumer Price Index,,Baseline (no fitting objective),Baseline,Monthly,14,Feb 2021,Jan 2022,12,Feb 2015,Jan 2021,48,24,72,,False,R2 Pre-crisis build-up,Point + runtime,Code/Blk5_Baselines/Blk5_Baselines.py,Code/common/config_Blk5_Baselines.yaml,Results/Results_Blk5_Baselines.xlsx,BL-M-255,Not started,,,,
BL-M-256,4.1,Blk5_Baselines,CCPI,Colombo Consumer Price Index,,Baseline (no fitting objective),Baseline,Monthly,15,Mar 2021,Feb 2022,12,Mar 2015,Feb 2021,48,24,72,,False,R2 Pre-crisis build-up,Point + runtime,Code/Blk5_Baselines/Blk5_Baselines.py,Code/common/config_Blk5_Baselines.yaml,Results/Results_Blk5_Baselines.xlsx,BL-M-256,Not started,,,,
BL-M-257,4.1,Blk5_Baselines,CCPI,Colombo Consumer Price Index,,Baseline (no fitting objective),Baseline,Monthly,16,Apr 2021,Mar 2022,12,Apr 2015,Mar 2021,48,24,72,,False,R2 Pre-crisis build-up,Point + runtime,Code/Blk5_Baselines/Blk5_Baselines.py,Code/common/config_Blk5_Baselines.yaml,Results/Results_Blk5_Baselines.xlsx,BL-M-257,Not started,,,,
BL-M-258,4.1,Blk5_Baselines,CCPI,Colombo Consumer Price Index,,Baseline (no fitting objective),Baseline,Monthly,17,May 2021,Apr 2022,12,May 2015,Apr 2021,48,24,72,,False,R2 Pre-crisis build-up,Point + runtime,Code/Blk5_Baselines/Blk5_Baselines.py,Code/common/config_Blk5_Baselines.yaml,Results/Results_Blk5_Baselines.xlsx,BL-M-258,Not started,,,,
BL-M-259,4.1,Blk5_Baselines,CCPI,Colombo Consumer Price Index,,Baseline (no fitting objective),Baseline,Monthly,18,Jun 2021,May 2022,12,Jun 2015,May 2021,48,24,72,,False,R2 Pre-crisis build-up,Point + runtime,Code/Blk5_Baselines/Blk5_Baselines.py,Code/common/config_Blk5_Baselines.yaml,Results/Results_Blk5_Baselines.xlsx,BL-M-259,Not started,,,,
BL-M-260,4.1,Blk5_Baselines,CCPI,Colombo Consumer Price Index,,Baseline (no fitting objective),Baseline,Monthly,19,Jul 2021,Jun 2022,12,Jul 2015,Jun 2021,48,24,72,,False,R2 Pre-crisis build-up,Point + runtime,Code/Blk5_Baselines/Blk5_Baselines.py,Code/common/config_Blk5_Baselines.yaml,Results/Results_Blk5_Baselines.xlsx,BL-M-260,Not started,,,,
BL-M-261,4.1,Blk5_Baselines,CCPI,Colombo Consumer Price Index,,Baseline (no fitting objective),Baseline,Monthly,20,Aug 2021,Jul 2022,12,Aug 2015,Jul 2021,48,24,72,,False,R2 Pre-crisis build-up,Point + runtime,Code/Blk5_Baselines/Blk5_Baselines.py,Code/common/config_Blk5_Baselines.yaml,Results/Results_Blk5_Baselines.xlsx,BL-M-261,Not started,,,,
BL-M-262,4.1,Blk5_Baselines,CCPI,Colombo Consumer Price Index,,Baseline (no fitting objective),Baseline,Monthly,21,Sep 2021,Aug 2022,12,Sep 2015,Aug 2021,48,24,72,,False,R2 Pre-crisis build-up,Point + runtime,Code/Blk5_Baselines/Blk5_Baselines.py,Code/common/config_Blk5_Baselines.yaml,Results/Results_Blk5_Baselines.xlsx,BL-M-262,Not started,,,,
BL-M-263,4.1,Blk5_Baselines,CCPI,Colombo Consumer Price Index,,Baseline (no fitting objective),Baseline,Monthly,22,Oct 2021,Sep 2022,12,Oct 2015,Sep 2021,48,24,72,,False,R2 Pre-crisis build-up,Point + runtime,Code/Blk5_Baselines/Blk5_Baselines.py,Code/common/config_Blk5_Baselines.yaml,Results/Results_Blk5_Baselines.xlsx,BL-M-263,Not started,,,,
BL-M-264,4.1,Blk5_Baselines,CCPI,Colombo Consumer Price Index,,Baseline (no fitting objective),Baseline,Monthly,23,Nov 2021,Oct 2022,12,Nov 2015,Oct 2021,48,24,72,,False,R2 Pre-crisis build-up,Point + runtime,Code/Blk5_Baselines/Blk5_Baselines.py,Code/common/config_Blk5_Baselines.yaml,Results/Results_Blk5_Baselines.xlsx,BL-M-264,Not started,,,,
BL-M-265,4.1,Blk5_Baselines,CCPI,Colombo Consumer Price Index,,Baseline (no fitting objective),Baseline,Monthly,24,Dec 2021,Nov 2022,12,Dec 2015,Nov 2021,48,24,72,,False,R2 Pre-crisis build-up,Point + runtime,Code/Blk5_Baselines/Blk5_Baselines.py,Code/common/config_Blk5_Baselines.yaml,Results/Results_Blk5_Baselines.xlsx,BL-M-265,Not started,,,,
BL-M-266,4.1,Blk5_Baselines,CCPI,Colombo Consumer Price Index,,Baseline (no fitting objective),Baseline,Monthly,25,Jan 2022,Dec 2022,12,Jan 2016,Dec 2021,48,24,72,,False,R3 Crisis & hyperinflation,Point + runtime,Code/Blk5_Baselines/Blk5_Baselines.py,Code/common/config_Blk5_Baselines.yaml,Results/Results_Blk5_Baselines.xlsx,BL-M-266,Not started,,,,
BL-M-267,4.1,Blk5_Baselines,CCPI,Colombo Consumer Price Index,,Baseline (no fitting objective),Baseline,Monthly,26,Feb 2022,Jan 2023,12,Feb 2016,Jan 2022,48,24,72,,False,R3 Crisis & hyperinflation,Point + runtime,Code/Blk5_Baselines/Blk5_Baselines.py,Code/common/config_Blk5_Baselines.yaml,Results/Results_Blk5_Baselines.xlsx,BL-M-267,Not started,,,,
BL-M-268,4.1,Blk5_Baselines,CCPI,Colombo Consumer Price Index,,Baseline (no fitting objective),Baseline,Monthly,27,Mar 2022,Feb 2023,12,Mar 2016,Feb 2022,48,24,72,,False,R3 Crisis & hyperinflation,Point + runtime,Code/Blk5_Baselines/Blk5_Baselines.py,Code/common/config_Blk5_Baselines.yaml,Results/Results_Blk5_Baselines.xlsx,BL-M-268,Not started,,,,
BL-M-269,4.1,Blk5_Baselines,CCPI,Colombo Consumer Price Index,,Baseline (no fitting objective),Baseline,Monthly,28,Apr 2022,Mar 2023,12,Apr 2016,Mar 2022,48,24,72,,False,R3 Crisis & hyperinflation,Point + runtime,Code/Blk5_Baselines/Blk5_Baselines.py,Code/common/config_Blk5_Baselines.yaml,Results/Results_Blk5_Baselines.xlsx,BL-M-269,Not started,,,,
BL-M-270,4.1,Blk5_Baselines,CCPI,Colombo Consumer Price Index,,Baseline (no fitting objective),Baseline,Monthly,29,May 2022,Apr 2023,12,May 2016,Apr 2022,48,24,72,,False,R3 Crisis & hyperinflation,Point + runtime,Code/Blk5_Baselines/Blk5_Baselines.py,Code/common/config_Blk5_Baselines.yaml,Results/Results_Blk5_Baselines.xlsx,BL-M-270,Not started,,,,
BL-M-271,4.1,Blk5_Baselines,CCPI,Colombo Consumer Price Index,,Baseline (no fitting objective),Baseline,Monthly,30,Jun 2022,May 2023,12,Jun 2016,May 2022,48,24,72,,False,R3 Crisis & hyperinflation,Point + runtime,Code/Blk5_Baselines/Blk5_Baselines.py,Code/common/config_Blk5_Baselines.yaml,Results/Results_Blk5_Baselines.xlsx,BL-M-271,Not started,,,,
BL-M-272,4.1,Blk5_Baselines,CCPI,Colombo Consumer Price Index,,Baseline (no fitting objective),Baseline,Monthly,31,Jul 2022,Jun 2023,12,Jul 2016,Jun 2022,48,24,72,,False,R3 Crisis & hyperinflation,Point + runtime,Code/Blk5_Baselines/Blk5_Baselines.py,Code/common/config_Blk5_Baselines.yaml,Results/Results_Blk5_Baselines.xlsx,BL-M-272,Not started,,,,
BL-M-273,4.1,Blk5_Baselines,CCPI,Colombo Consumer Price Index,,Baseline (no fitting objective),Baseline,Monthly,32,Aug 2022,Jul 2023,12,Aug 2016,Jul 2022,48,24,72,,False,R3 Crisis & hyperinflation,Point + runtime,Code/Blk5_Baselines/Blk5_Baselines.py,Code/common/config_Blk5_Baselines.yaml,Results/Results_Blk5_Baselines.xlsx,BL-M-273,Not started,,,,
BL-M-274,4.1,Blk5_Baselines,CCPI,Colombo Consumer Price Index,,Baseline (no fitting objective),Baseline,Monthly,33,Sep 2022,Aug 2023,12,Sep 2016,Aug 2022,48,24,72,,False,R3 Crisis & hyperinflation,Point + runtime,Code/Blk5_Baselines/Blk5_Baselines.py,Code/common/config_Blk5_Baselines.yaml,Results/Results_Blk5_Baselines.xlsx,BL-M-274,Not started,,,,
BL-M-275,4.1,Blk5_Baselines,CCPI,Colombo Consumer Price Index,,Baseline (no fitting objective),Baseline,Monthly,34,Oct 2022,Sep 2023,12,Oct 2016,Sep 2022,48,24,72,,False,R3 Crisis & hyperinflation,Point + runtime,Code/Blk5_Baselines/Blk5_Baselines.py,Code/common/config_Blk5_Baselines.yaml,Results/Results_Blk5_Baselines.xlsx,BL-M-275,Not started,,,,
BL-M-276,4.1,Blk5_Baselines,CCPI,Colombo Consumer Price Index,,Baseline (no fitting objective),Baseline,Monthly,35,Nov 2022,Oct 2023,12,Nov 2016,Oct 2022,48,24,72,,False,R3 Crisis & hyperinflation,Point + runtime,Code/Blk5_Baselines/Blk5_Baselines.py,Code/common/config_Blk5_Baselines.yaml,Results/Results_Blk5_Baselines.xlsx,BL-M-276,Not started,,,,
BL-M-277,4.1,Blk5_Baselines,CCPI,Colombo Consumer Price Index,,Baseline (no fitting objective),Baseline,Monthly,36,Dec 2022,Nov 2023,12,Dec 2016,Nov 2022,48,24,72,,False,R3 Crisis & hyperinflation,Point + runtime,Code/Blk5_Baselines/Blk5_Baselines.py,Code/common/config_Blk5_Baselines.yaml,Results/Results_Blk5_Baselines.xlsx,BL-M-277,Not started,,,,
BL-M-278,4.1,Blk5_Baselines,CCPI,Colombo Consumer Price Index,,Baseline (no fitting objective),Baseline,Monthly,37,Jan 2023,Dec 2023,12,Jan 2017,Dec 2022,48,24,72,,False,R4 Sharp disinflation,Point + runtime,Code/Blk5_Baselines/Blk5_Baselines.py,Code/common/config_Blk5_Baselines.yaml,Results/Results_Blk5_Baselines.xlsx,BL-M-278,Not started,,,,
BL-M-279,4.1,Blk5_Baselines,CCPI,Colombo Consumer Price Index,,Baseline (no fitting objective),Baseline,Monthly,38,Feb 2023,Jan 2024,12,Feb 2017,Jan 2023,48,24,72,,False,R4 Sharp disinflation,Point + runtime,Code/Blk5_Baselines/Blk5_Baselines.py,Code/common/config_Blk5_Baselines.yaml,Results/Results_Blk5_Baselines.xlsx,BL-M-279,Not started,,,,
BL-M-280,4.1,Blk5_Baselines,CCPI,Colombo Consumer Price Index,,Baseline (no fitting objective),Baseline,Monthly,39,Mar 2023,Feb 2024,12,Mar 2017,Feb 2023,48,24,72,,False,R4 Sharp disinflation,Point + runtime,Code/Blk5_Baselines/Blk5_Baselines.py,Code/common/config_Blk5_Baselines.yaml,Results/Results_Blk5_Baselines.xlsx,BL-M-280,Not started,,,,
BL-M-281,4.1,Blk5_Baselines,CCPI,Colombo Consumer Price Index,,Baseline (no fitting objective),Baseline,Monthly,40,Apr 2023,Mar 2024,12,Apr 2017,Mar 2023,48,24,72,,False,R4 Sharp disinflation,Point + runtime,Code/Blk5_Baselines/Blk5_Baselines.py,Code/common/config_Blk5_Baselines.yaml,Results/Results_Blk5_Baselines.xlsx,BL-M-281,Not started,,,,
BL-M-282,4.1,Blk5_Baselines,CCPI,Colombo Consumer Price Index,,Baseline (no fitting objective),Baseline,Monthly,41,May 2023,Apr 2024,12,May 2017,Apr 2023,48,24,72,,False,R4 Sharp disinflation,Point + runtime,Code/Blk5_Baselines/Blk5_Baselines.py,Code/common/config_Blk5_Baselines.yaml,Results/Results_Blk5_Baselines.xlsx,BL-M-282,Not started,,,,
BL-M-283,4.1,Blk5_Baselines,CCPI,Colombo Consumer Price Index,,Baseline (no fitting objective),Baseline,Monthly,42,Jun 2023,May 2024,12,Jun 2017,May 2023,48,24,72,,False,R4 Sharp disinflation,Point + runtime,Code/Blk5_Baselines/Blk5_Baselines.py,Code/common/config_Blk5_Baselines.yaml,Results/Results_Blk5_Baselines.xlsx,BL-M-283,Not started,,,,
BL-M-284,4.1,Blk5_Baselines,CCPI,Colombo Consumer Price Index,,Baseline (no fitting objective),Baseline,Monthly,43,Jul 2023,Jun 2024,12,Jul 2017,Jun 2023,48,24,72,,False,R4 Sharp disinflation,Point + runtime,Code/Blk5_Baselines/Blk5_Baselines.py,Code/common/config_Blk5_Baselines.yaml,Results/Results_Blk5_Baselines.xlsx,BL-M-284,Not started,,,,
BL-M-285,4.1,Blk5_Baselines,CCPI,Colombo Consumer Price Index,,Baseline (no fitting objective),Baseline,Monthly,44,Aug 2023,Jul 2024,12,Aug 2017,Jul 2023,48,24,72,,False,R4 Sharp disinflation,Point + runtime,Code/Blk5_Baselines/Blk5_Baselines.py,Code/common/config_Blk5_Baselines.yaml,Results/Results_Blk5_Baselines.xlsx,BL-M-285,Not started,,,,
BL-M-286,4.1,Blk5_Baselines,CCPI,Colombo Consumer Price Index,,Baseline (no fitting objective),Baseline,Monthly,45,Sep 2023,Aug 2024,12,Sep 2017,Aug 2023,48,24,72,,False,R4 Sharp disinflation,Point + runtime,Code/Blk5_Baselines/Blk5_Baselines.py,Code/common/config_Blk5_Baselines.yaml,Results/Results_Blk5_Baselines.xlsx,BL-M-286,Not started,,,,
BL-M-287,4.1,Blk5_Baselines,CCPI,Colombo Consumer Price Index,,Baseline (no fitting objective),Baseline,Monthly,46,Oct 2023,Sep 2024,12,Oct 2017,Sep 2023,48,24,72,,False,R4 Sharp disinflation,Point + runtime,Code/Blk5_Baselines/Blk5_Baselines.py,Code/common/config_Blk5_Baselines.yaml,Results/Results_Blk5_Baselines.xlsx,BL-M-287,Not started,,,,
BL-M-288,4.1,Blk5_Baselines,CCPI,Colombo Consumer Price Index,,Baseline (no fitting objective),Baseline,Monthly,47,Nov 2023,Oct 2024,12,Nov 2017,Oct 2023,48,24,72,,False,R4 Sharp disinflation,Point + runtime,Code/Blk5_Baselines/Blk5_Baselines.py,Code/common/config_Blk5_Baselines.yaml,Results/Results_Blk5_Baselines.xlsx,BL-M-288,Not started,,,,
BL-M-289,4.1,Blk5_Baselines,CCPI,Colombo Consumer Price Index,,Baseline (no fitting objective),Baseline,Monthly,48,Dec 2023,Nov 2024,12,Dec 2017,Nov 2023,48,24,72,,False,R4 Sharp disinflation,Point + runtime,Code/Blk5_Baselines/Blk5_Baselines.py,Code/common/config_Blk5_Baselines.yaml,Results/Results_Blk5_Baselines.xlsx,BL-M-289,Not started,,,,
BL-M-290,4.1,Blk5_Baselines,CCPI,Colombo Consumer Price Index,,Baseline (no fitting objective),Baseline,Monthly,49,Jan 2024,Dec 2024,12,Jan 2018,Dec 2023,48,24,72,,False,R5 Deflation & stabilisation,Point + runtime,Code/Blk5_Baselines/Blk5_Baselines.py,Code/common/config_Blk5_Baselines.yaml,Results/Results_Blk5_Baselines.xlsx,BL-M-290,Not started,,,,
BL-M-291,4.1,Blk5_Baselines,CCPI,Colombo Consumer Price Index,,Baseline (no fitting objective),Baseline,Monthly,50,Feb 2024,Jan 2025,12,Feb 2018,Jan 2024,48,24,72,,False,R5 Deflation & stabilisation,Point + runtime,Code/Blk5_Baselines/Blk5_Baselines.py,Code/common/config_Blk5_Baselines.yaml,Results/Results_Blk5_Baselines.xlsx,BL-M-291,Not started,,,,
BL-M-292,4.1,Blk5_Baselines,CCPI,Colombo Consumer Price Index,,Baseline (no fitting objective),Baseline,Monthly,51,Mar 2024,Feb 2025,12,Mar 2018,Feb 2024,48,24,72,,False,R5 Deflation & stabilisation,Point + runtime,Code/Blk5_Baselines/Blk5_Baselines.py,Code/common/config_Blk5_Baselines.yaml,Results/Results_Blk5_Baselines.xlsx,BL-M-292,Not started,,,,
BL-M-293,4.1,Blk5_Baselines,CCPI,Colombo Consumer Price Index,,Baseline (no fitting objective),Baseline,Monthly,52,Apr 2024,Mar 2025,12,Apr 2018,Mar 2024,48,24,72,,False,R5 Deflation & stabilisation,Point + runtime,Code/Blk5_Baselines/Blk5_Baselines.py,Code/common/config_Blk5_Baselines.yaml,Results/Results_Blk5_Baselines.xlsx,BL-M-293,Not started,,,,
BL-M-294,4.1,Blk5_Baselines,CCPI,Colombo Consumer Price Index,,Baseline (no fitting objective),Baseline,Monthly,53,May 2024,Apr 2025,12,May 2018,Apr 2024,48,24,72,,False,R5 Deflation & stabilisation,Point + runtime,Code/Blk5_Baselines/Blk5_Baselines.py,Code/common/config_Blk5_Baselines.yaml,Results/Results_Blk5_Baselines.xlsx,BL-M-294,Not started,,,,
BL-M-295,4.1,Blk5_Baselines,CCPI,Colombo Consumer Price Index,,Baseline (no fitting objective),Baseline,Monthly,54,Jun 2024,May 2025,12,Jun 2018,May 2024,48,24,72,,False,R5 Deflation & stabilisation,Point + runtime,Code/Blk5_Baselines/Blk5_Baselines.py,Code/common/config_Blk5_Baselines.yaml,Results/Results_Blk5_Baselines.xlsx,BL-M-295,Not started,,,,
BL-M-296,4.1,Blk5_Baselines,CCPI,Colombo Consumer Price Index,,Baseline (no fitting objective),Baseline,Monthly,55,Jul 2024,Jun 2025,12,Jul 2018,Jun 2024,48,24,72,,False,R5 Deflation & stabilisation,Point + runtime,Code/Blk5_Baselines/Blk5_Baselines.py,Code/common/config_Blk5_Baselines.yaml,Results/Results_Blk5_Baselines.xlsx,BL-M-296,Not started,,,,
BL-M-297,4.1,Blk5_Baselines,CCPI,Colombo Consumer Price Index,,Baseline (no fitting objective),Baseline,Monthly,56,Aug 2024,Jul 2025,12,Aug 2018,Jul 2024,48,24,72,,False,R5 Deflation & stabilisation,Point + runtime,Code/Blk5_Baselines/Blk5_Baselines.py,Code/common/config_Blk5_Baselines.yaml,Results/Results_Blk5_Baselines.xlsx,BL-M-297,Not started,,,,
BL-M-298,4.1,Blk5_Baselines,CCPI,Colombo Consumer Price Index,,Baseline (no fitting objective),Baseline,Monthly,57,Sep 2024,Aug 2025,12,Sep 2018,Aug 2024,48,24,72,,False,R5 Deflation & stabilisation,Point + runtime,Code/Blk5_Baselines/Blk5_Baselines.py,Code/common/config_Blk5_Baselines.yaml,Results/Results_Blk5_Baselines.xlsx,BL-M-298,Not started,,,,
BL-M-299,4.1,Blk5_Baselines,CCPI,Colombo Consumer Price Index,,Baseline (no fitting objective),Baseline,Monthly,58,Oct 2024,Sep 2025,12,Oct 2018,Sep 2024,48,24,72,,False,R5 Deflation & stabilisation,Point + runtime,Code/Blk5_Baselines/Blk5_Baselines.py,Code/common/config_Blk5_Baselines.yaml,Results/Results_Blk5_Baselines.xlsx,BL-M-299,Not started,,,,
BL-M-300,4.1,Blk5_Baselines,CCPI,Colombo Consumer Price Index,,Baseline (no fitting objective),Baseline,Monthly,59,Nov 2024,Oct 2025,12,Nov 2018,Oct 2024,48,24,72,,False,R5 Deflation & stabilisation,Point + runtime,Code/Blk5_Baselines/Blk5_Baselines.py,Code/common/config_Blk5_Baselines.yaml,Results/Results_Blk5_Baselines.xlsx,BL-M-300,Not started,,,,
BL-M-301,4.1,Blk5_Baselines,CCPI,Colombo Consumer Price Index,,Baseline (no fitting objective),Baseline,Monthly,60,Dec 2024,Nov 2025,12,Dec 2018,Nov 2024,48,24,72,,False,R5 Deflation & stabilisation,Point + runtime,Code/Blk5_Baselines/Blk5_Baselines.py,Code/common/config_Blk5_Baselines.yaml,Results/Results_Blk5_Baselines.xlsx,BL-M-301,Not started,,,,
BL-M-302,4.1,Blk5_Baselines,CCPI,Colombo Consumer Price Index,,Baseline (no fitting objective),Baseline,Monthly,61,Jan 2025,Dec 2025,12,Jan 2019,Dec 2024,48,24,72,,False,R6 Post-stabilisation,Point + runtime,Code/Blk5_Baselines/Blk5_Baselines.py,Code/common/config_Blk5_Baselines.yaml,Results/Results_Blk5_Baselines.xlsx,BL-M-302,Not started,,,,
BL-M-303,4.1,Blk5_Baselines,CCPI,Colombo Consumer Price Index,,Baseline (no fitting objective),Baseline,Monthly,62,Feb 2025,Jan 2026,12,Feb 2019,Jan 2025,48,24,72,,False,R6 Post-stabilisation,Point + runtime,Code/Blk5_Baselines/Blk5_Baselines.py,Code/common/config_Blk5_Baselines.yaml,Results/Results_Blk5_Baselines.xlsx,BL-M-303,Not started,,,,
BL-M-304,4.1,Blk5_Baselines,CCPI,Colombo Consumer Price Index,,Baseline (no fitting objective),Baseline,Monthly,63,Mar 2025,Feb 2026,12,Mar 2019,Feb 2025,48,24,72,,False,R6 Post-stabilisation,Point + runtime,Code/Blk5_Baselines/Blk5_Baselines.py,Code/common/config_Blk5_Baselines.yaml,Results/Results_Blk5_Baselines.xlsx,BL-M-304,Not started,,,,
BL-M-305,4.1,Blk5_Baselines,CCPI,Colombo Consumer Price Index,,Baseline (no fitting objective),Baseline,Monthly,64,Apr 2025,Mar 2026,12,Apr 2019,Mar 2025,48,24,72,,False,R6 Post-stabilisation,Point + runtime,Code/Blk5_Baselines/Blk5_Baselines.py,Code/common/config_Blk5_Baselines.yaml,Results/Results_Blk5_Baselines.xlsx,BL-M-305,Not started,,,,
BL-M-306,4.1,Blk5_Baselines,CCPI,Colombo Consumer Price Index,,Baseline (no fitting objective),Baseline,Monthly,65,May 2025,Apr 2026,12,May 2019,Apr 2025,48,24,72,,False,R6 Post-stabilisation,Point + runtime,Code/Blk5_Baselines/Blk5_Baselines.py,Code/common/config_Blk5_Baselines.yaml,Results/Results_Blk5_Baselines.xlsx,BL-M-306,Not started,,,,
BL-M-307,4.1,Blk5_Baselines,CCPI,Colombo Consumer Price Index,,Baseline (no fitting objective),Baseline,Monthly,66,Jun 2025,May 2026,12,Jun 2019,May 2025,48,24,72,,False,R6 Post-stabilisation,Point + runtime,Code/Blk5_Baselines/Blk5_Baselines.py,Code/common/config_Blk5_Baselines.yaml,Results/Results_Blk5_Baselines.xlsx,BL-M-307,Not started,,,,
BL-M-308,4.1,Blk5_Baselines,CCPI,Colombo Consumer Price Index,,Baseline (no fitting objective),Baseline,Monthly,67,Jul 2025,Jun 2026,12,Jul 2019,Jun 2025,48,24,72,,False,R6 Post-stabilisation,Point + runtime,Code/Blk5_Baselines/Blk5_Baselines.py,Code/common/config_Blk5_Baselines.yaml,Results/Results_Blk5_Baselines.xlsx,BL-M-308,Not started,,,,
BL-M-309,4.1,Blk5_Baselines,CCPI,Colombo Consumer Price Index,,Baseline (no fitting objective),Baseline,Monthly,68,Aug 2025,Jul 2026,12,Aug 2019,Jul 2025,48,24,72,,False,R6 Post-stabilisation,Point + runtime,Code/Blk5_Baselines/Blk5_Baselines.py,Code/common/config_Blk5_Baselines.yaml,Results/Results_Blk5_Baselines.xlsx,BL-M-309,Not started,,,,
BL-M-310,4.1,Blk5_Baselines,CCPI,Colombo Consumer Price Index,,Baseline (no fitting objective),Baseline,Monthly,69,Sep 2025,Aug 2026,12,Sep 2019,Aug 2025,48,24,72,,False,R6 Post-stabilisation,Point + runtime,Code/Blk5_Baselines/Blk5_Baselines.py,Code/common/config_Blk5_Baselines.yaml,Results/Results_Blk5_Baselines.xlsx,BL-M-310,Not started,,,,
BL-Q-049,4.2,Blk5_Baselines,HCPI,Headline Consumer Price Index,,Baseline (no fitting objective),Baseline,Quarterly,1,Q1 2020,Q4 2020,4,Q1 2014,Q4 2019,16,8,24,,False,R1 COVID-19 shock,Point + runtime,Code/Blk5_Baselines/Blk5_Baselines.py,Code/common/config_Blk5_Baselines.yaml,Results/Results_Blk5_Baselines.xlsx,BL-Q-049,Not started,,,,
BL-Q-050,4.2,Blk5_Baselines,HCPI,Headline Consumer Price Index,,Baseline (no fitting objective),Baseline,Quarterly,2,Q2 2020,Q1 2021,4,Q2 2014,Q1 2020,16,8,24,,False,R1 COVID-19 shock,Point + runtime,Code/Blk5_Baselines/Blk5_Baselines.py,Code/common/config_Blk5_Baselines.yaml,Results/Results_Blk5_Baselines.xlsx,BL-Q-050,Not started,,,,
BL-Q-051,4.2,Blk5_Baselines,HCPI,Headline Consumer Price Index,,Baseline (no fitting objective),Baseline,Quarterly,3,Q3 2020,Q2 2021,4,Q3 2014,Q2 2020,16,8,24,,False,R1 COVID-19 shock,Point + runtime,Code/Blk5_Baselines/Blk5_Baselines.py,Code/common/config_Blk5_Baselines.yaml,Results/Results_Blk5_Baselines.xlsx,BL-Q-051,Not started,,,,
BL-Q-052,4.2,Blk5_Baselines,HCPI,Headline Consumer Price Index,,Baseline (no fitting objective),Baseline,Quarterly,4,Q4 2020,Q3 2021,4,Q4 2014,Q3 2020,16,8,24,,False,R1 COVID-19 shock,Point + runtime,Code/Blk5_Baselines/Blk5_Baselines.py,Code/common/config_Blk5_Baselines.yaml,Results/Results_Blk5_Baselines.xlsx,BL-Q-052,Not started,,,,
BL-Q-053,4.2,Blk5_Baselines,HCPI,Headline Consumer Price Index,,Baseline (no fitting objective),Baseline,Quarterly,5,Q1 2021,Q4 2021,4,Q1 2015,Q4 2020,16,8,24,,False,R2 Pre-crisis build-up,Point + runtime,Code/Blk5_Baselines/Blk5_Baselines.py,Code/common/config_Blk5_Baselines.yaml,Results/Results_Blk5_Baselines.xlsx,BL-Q-053,Not started,,,,
BL-Q-054,4.2,Blk5_Baselines,HCPI,Headline Consumer Price Index,,Baseline (no fitting objective),Baseline,Quarterly,6,Q2 2021,Q1 2022,4,Q2 2015,Q1 2021,16,8,24,,False,R2 Pre-crisis build-up,Point + runtime,Code/Blk5_Baselines/Blk5_Baselines.py,Code/common/config_Blk5_Baselines.yaml,Results/Results_Blk5_Baselines.xlsx,BL-Q-054,Not started,,,,
BL-Q-055,4.2,Blk5_Baselines,HCPI,Headline Consumer Price Index,,Baseline (no fitting objective),Baseline,Quarterly,7,Q3 2021,Q2 2022,4,Q3 2015,Q2 2021,16,8,24,,False,R2 Pre-crisis build-up,Point + runtime,Code/Blk5_Baselines/Blk5_Baselines.py,Code/common/config_Blk5_Baselines.yaml,Results/Results_Blk5_Baselines.xlsx,BL-Q-055,Not started,,,,
BL-Q-056,4.2,Blk5_Baselines,HCPI,Headline Consumer Price Index,,Baseline (no fitting objective),Baseline,Quarterly,8,Q4 2021,Q3 2022,4,Q4 2015,Q3 2021,16,8,24,,False,R2 Pre-crisis build-up,Point + runtime,Code/Blk5_Baselines/Blk5_Baselines.py,Code/common/config_Blk5_Baselines.yaml,Results/Results_Blk5_Baselines.xlsx,BL-Q-056,Not started,,,,
BL-Q-057,4.2,Blk5_Baselines,HCPI,Headline Consumer Price Index,,Baseline (no fitting objective),Baseline,Quarterly,9,Q1 2022,Q4 2022,4,Q1 2016,Q4 2021,16,8,24,,False,R3 Crisis & hyperinflation,Point + runtime,Code/Blk5_Baselines/Blk5_Baselines.py,Code/common/config_Blk5_Baselines.yaml,Results/Results_Blk5_Baselines.xlsx,BL-Q-057,Not started,,,,
BL-Q-058,4.2,Blk5_Baselines,HCPI,Headline Consumer Price Index,,Baseline (no fitting objective),Baseline,Quarterly,10,Q2 2022,Q1 2023,4,Q2 2016,Q1 2022,16,8,24,,False,R3 Crisis & hyperinflation,Point + runtime,Code/Blk5_Baselines/Blk5_Baselines.py,Code/common/config_Blk5_Baselines.yaml,Results/Results_Blk5_Baselines.xlsx,BL-Q-058,Not started,,,,
BL-Q-059,4.2,Blk5_Baselines,HCPI,Headline Consumer Price Index,,Baseline (no fitting objective),Baseline,Quarterly,11,Q3 2022,Q2 2023,4,Q3 2016,Q2 2022,16,8,24,,False,R3 Crisis & hyperinflation,Point + runtime,Code/Blk5_Baselines/Blk5_Baselines.py,Code/common/config_Blk5_Baselines.yaml,Results/Results_Blk5_Baselines.xlsx,BL-Q-059,Not started,,,,
BL-Q-060,4.2,Blk5_Baselines,HCPI,Headline Consumer Price Index,,Baseline (no fitting objective),Baseline,Quarterly,12,Q4 2022,Q3 2023,4,Q4 2016,Q3 2022,16,8,24,,False,R3 Crisis & hyperinflation,Point + runtime,Code/Blk5_Baselines/Blk5_Baselines.py,Code/common/config_Blk5_Baselines.yaml,Results/Results_Blk5_Baselines.xlsx,BL-Q-060,Not started,,,,
BL-Q-061,4.2,Blk5_Baselines,HCPI,Headline Consumer Price Index,,Baseline (no fitting objective),Baseline,Quarterly,13,Q1 2023,Q4 2023,4,Q1 2017,Q4 2022,16,8,24,,False,R4 Sharp disinflation,Point + runtime,Code/Blk5_Baselines/Blk5_Baselines.py,Code/common/config_Blk5_Baselines.yaml,Results/Results_Blk5_Baselines.xlsx,BL-Q-061,Not started,,,,
BL-Q-062,4.2,Blk5_Baselines,HCPI,Headline Consumer Price Index,,Baseline (no fitting objective),Baseline,Quarterly,14,Q2 2023,Q1 2024,4,Q2 2017,Q1 2023,16,8,24,,False,R4 Sharp disinflation,Point + runtime,Code/Blk5_Baselines/Blk5_Baselines.py,Code/common/config_Blk5_Baselines.yaml,Results/Results_Blk5_Baselines.xlsx,BL-Q-062,Not started,,,,
BL-Q-063,4.2,Blk5_Baselines,HCPI,Headline Consumer Price Index,,Baseline (no fitting objective),Baseline,Quarterly,15,Q3 2023,Q2 2024,4,Q3 2017,Q2 2023,16,8,24,,False,R4 Sharp disinflation,Point + runtime,Code/Blk5_Baselines/Blk5_Baselines.py,Code/common/config_Blk5_Baselines.yaml,Results/Results_Blk5_Baselines.xlsx,BL-Q-063,Not started,,,,
BL-Q-064,4.2,Blk5_Baselines,HCPI,Headline Consumer Price Index,,Baseline (no fitting objective),Baseline,Quarterly,16,Q4 2023,Q3 2024,4,Q4 2017,Q3 2023,16,8,24,,False,R4 Sharp disinflation,Point + runtime,Code/Blk5_Baselines/Blk5_Baselines.py,Code/common/config_Blk5_Baselines.yaml,Results/Results_Blk5_Baselines.xlsx,BL-Q-064,Not started,,,,
BL-Q-065,4.2,Blk5_Baselines,HCPI,Headline Consumer Price Index,,Baseline (no fitting objective),Baseline,Quarterly,17,Q1 2024,Q4 2024,4,Q1 2018,Q4 2023,16,8,24,,False,R5 Deflation & stabilisation,Point + runtime,Code/Blk5_Baselines/Blk5_Baselines.py,Code/common/config_Blk5_Baselines.yaml,Results/Results_Blk5_Baselines.xlsx,BL-Q-065,Not started,,,,
BL-Q-066,4.2,Blk5_Baselines,HCPI,Headline Consumer Price Index,,Baseline (no fitting objective),Baseline,Quarterly,18,Q2 2024,Q1 2025,4,Q2 2018,Q1 2024,16,8,24,,False,R5 Deflation & stabilisation,Point + runtime,Code/Blk5_Baselines/Blk5_Baselines.py,Code/common/config_Blk5_Baselines.yaml,Results/Results_Blk5_Baselines.xlsx,BL-Q-066,Not started,,,,
BL-Q-067,4.2,Blk5_Baselines,HCPI,Headline Consumer Price Index,,Baseline (no fitting objective),Baseline,Quarterly,19,Q3 2024,Q2 2025,4,Q3 2018,Q2 2024,16,8,24,,False,R5 Deflation & stabilisation,Point + runtime,Code/Blk5_Baselines/Blk5_Baselines.py,Code/common/config_Blk5_Baselines.yaml,Results/Results_Blk5_Baselines.xlsx,BL-Q-067,Not started,,,,
BL-Q-068,4.2,Blk5_Baselines,HCPI,Headline Consumer Price Index,,Baseline (no fitting objective),Baseline,Quarterly,20,Q4 2024,Q3 2025,4,Q4 2018,Q3 2024,16,8,24,,False,R5 Deflation & stabilisation,Point + runtime,Code/Blk5_Baselines/Blk5_Baselines.py,Code/common/config_Blk5_Baselines.yaml,Results/Results_Blk5_Baselines.xlsx,BL-Q-068,Not started,,,,
BL-Q-069,4.2,Blk5_Baselines,HCPI,Headline Consumer Price Index,,Baseline (no fitting objective),Baseline,Quarterly,21,Q1 2025,Q4 2025,4,Q1 2019,Q4 2024,16,8,24,,False,R6 Post-stabilisation,Point + runtime,Code/Blk5_Baselines/Blk5_Baselines.py,Code/common/config_Blk5_Baselines.yaml,Results/Results_Blk5_Baselines.xlsx,BL-Q-069,Not started,,,,
BL-Q-070,4.2,Blk5_Baselines,HCPI,Headline Consumer Price Index,,Baseline (no fitting objective),Baseline,Quarterly,22,Q2 2025,Q1 2026,4,Q2 2019,Q1 2025,16,8,24,,False,R6 Post-stabilisation,Point + runtime,Code/Blk5_Baselines/Blk5_Baselines.py,Code/common/config_Blk5_Baselines.yaml,Results/Results_Blk5_Baselines.xlsx,BL-Q-070,Not started,,,,
BL-Q-071,4.2,Blk5_Baselines,HCPI,Headline Consumer Price Index,,Baseline (no fitting objective),Baseline,Quarterly,23,Q3 2025,Q2 2026,4,Q3 2019,Q2 2025,16,8,24,,False,R6 Post-stabilisation,Point + runtime,Code/Blk5_Baselines/Blk5_Baselines.py,Code/common/config_Blk5_Baselines.yaml,Results/Results_Blk5_Baselines.xlsx,BL-Q-071,Not started,,,,
BL-Q-072,4.2,Blk5_Baselines,FCPI,Food Consumer Price Index,,Baseline (no fitting objective),Baseline,Quarterly,1,Q1 2020,Q4 2020,4,Q1 2014,Q4 2019,16,8,24,,False,R1 COVID-19 shock,Point + runtime,Code/Blk5_Baselines/Blk5_Baselines.py,Code/common/config_Blk5_Baselines.yaml,Results/Results_Blk5_Baselines.xlsx,BL-Q-072,Not started,,,,
BL-Q-073,4.2,Blk5_Baselines,FCPI,Food Consumer Price Index,,Baseline (no fitting objective),Baseline,Quarterly,2,Q2 2020,Q1 2021,4,Q2 2014,Q1 2020,16,8,24,,False,R1 COVID-19 shock,Point + runtime,Code/Blk5_Baselines/Blk5_Baselines.py,Code/common/config_Blk5_Baselines.yaml,Results/Results_Blk5_Baselines.xlsx,BL-Q-073,Not started,,,,
BL-Q-074,4.2,Blk5_Baselines,FCPI,Food Consumer Price Index,,Baseline (no fitting objective),Baseline,Quarterly,3,Q3 2020,Q2 2021,4,Q3 2014,Q2 2020,16,8,24,,False,R1 COVID-19 shock,Point + runtime,Code/Blk5_Baselines/Blk5_Baselines.py,Code/common/config_Blk5_Baselines.yaml,Results/Results_Blk5_Baselines.xlsx,BL-Q-074,Not started,,,,
BL-Q-075,4.2,Blk5_Baselines,FCPI,Food Consumer Price Index,,Baseline (no fitting objective),Baseline,Quarterly,4,Q4 2020,Q3 2021,4,Q4 2014,Q3 2020,16,8,24,,False,R1 COVID-19 shock,Point + runtime,Code/Blk5_Baselines/Blk5_Baselines.py,Code/common/config_Blk5_Baselines.yaml,Results/Results_Blk5_Baselines.xlsx,BL-Q-075,Not started,,,,
BL-Q-076,4.2,Blk5_Baselines,FCPI,Food Consumer Price Index,,Baseline (no fitting objective),Baseline,Quarterly,5,Q1 2021,Q4 2021,4,Q1 2015,Q4 2020,16,8,24,,False,R2 Pre-crisis build-up,Point + runtime,Code/Blk5_Baselines/Blk5_Baselines.py,Code/common/config_Blk5_Baselines.yaml,Results/Results_Blk5_Baselines.xlsx,BL-Q-076,Not started,,,,
BL-Q-077,4.2,Blk5_Baselines,FCPI,Food Consumer Price Index,,Baseline (no fitting objective),Baseline,Quarterly,6,Q2 2021,Q1 2022,4,Q2 2015,Q1 2021,16,8,24,,False,R2 Pre-crisis build-up,Point + runtime,Code/Blk5_Baselines/Blk5_Baselines.py,Code/common/config_Blk5_Baselines.yaml,Results/Results_Blk5_Baselines.xlsx,BL-Q-077,Not started,,,,
BL-Q-078,4.2,Blk5_Baselines,FCPI,Food Consumer Price Index,,Baseline (no fitting objective),Baseline,Quarterly,7,Q3 2021,Q2 2022,4,Q3 2015,Q2 2021,16,8,24,,False,R2 Pre-crisis build-up,Point + runtime,Code/Blk5_Baselines/Blk5_Baselines.py,Code/common/config_Blk5_Baselines.yaml,Results/Results_Blk5_Baselines.xlsx,BL-Q-078,Not started,,,,
BL-Q-079,4.2,Blk5_Baselines,FCPI,Food Consumer Price Index,,Baseline (no fitting objective),Baseline,Quarterly,8,Q4 2021,Q3 2022,4,Q4 2015,Q3 2021,16,8,24,,False,R2 Pre-crisis build-up,Point + runtime,Code/Blk5_Baselines/Blk5_Baselines.py,Code/common/config_Blk5_Baselines.yaml,Results/Results_Blk5_Baselines.xlsx,BL-Q-079,Not started,,,,
BL-Q-080,4.2,Blk5_Baselines,FCPI,Food Consumer Price Index,,Baseline (no fitting objective),Baseline,Quarterly,9,Q1 2022,Q4 2022,4,Q1 2016,Q4 2021,16,8,24,,False,R3 Crisis & hyperinflation,Point + runtime,Code/Blk5_Baselines/Blk5_Baselines.py,Code/common/config_Blk5_Baselines.yaml,Results/Results_Blk5_Baselines.xlsx,BL-Q-080,Not started,,,,
BL-Q-081,4.2,Blk5_Baselines,FCPI,Food Consumer Price Index,,Baseline (no fitting objective),Baseline,Quarterly,10,Q2 2022,Q1 2023,4,Q2 2016,Q1 2022,16,8,24,,False,R3 Crisis & hyperinflation,Point + runtime,Code/Blk5_Baselines/Blk5_Baselines.py,Code/common/config_Blk5_Baselines.yaml,Results/Results_Blk5_Baselines.xlsx,BL-Q-081,Not started,,,,
BL-Q-082,4.2,Blk5_Baselines,FCPI,Food Consumer Price Index,,Baseline (no fitting objective),Baseline,Quarterly,11,Q3 2022,Q2 2023,4,Q3 2016,Q2 2022,16,8,24,,False,R3 Crisis & hyperinflation,Point + runtime,Code/Blk5_Baselines/Blk5_Baselines.py,Code/common/config_Blk5_Baselines.yaml,Results/Results_Blk5_Baselines.xlsx,BL-Q-082,Not started,,,,
BL-Q-083,4.2,Blk5_Baselines,FCPI,Food Consumer Price Index,,Baseline (no fitting objective),Baseline,Quarterly,12,Q4 2022,Q3 2023,4,Q4 2016,Q3 2022,16,8,24,,False,R3 Crisis & hyperinflation,Point + runtime,Code/Blk5_Baselines/Blk5_Baselines.py,Code/common/config_Blk5_Baselines.yaml,Results/Results_Blk5_Baselines.xlsx,BL-Q-083,Not started,,,,
BL-Q-084,4.2,Blk5_Baselines,FCPI,Food Consumer Price Index,,Baseline (no fitting objective),Baseline,Quarterly,13,Q1 2023,Q4 2023,4,Q1 2017,Q4 2022,16,8,24,,False,R4 Sharp disinflation,Point + runtime,Code/Blk5_Baselines/Blk5_Baselines.py,Code/common/config_Blk5_Baselines.yaml,Results/Results_Blk5_Baselines.xlsx,BL-Q-084,Not started,,,,
BL-Q-085,4.2,Blk5_Baselines,FCPI,Food Consumer Price Index,,Baseline (no fitting objective),Baseline,Quarterly,14,Q2 2023,Q1 2024,4,Q2 2017,Q1 2023,16,8,24,,False,R4 Sharp disinflation,Point + runtime,Code/Blk5_Baselines/Blk5_Baselines.py,Code/common/config_Blk5_Baselines.yaml,Results/Results_Blk5_Baselines.xlsx,BL-Q-085,Not started,,,,
BL-Q-086,4.2,Blk5_Baselines,FCPI,Food Consumer Price Index,,Baseline (no fitting objective),Baseline,Quarterly,15,Q3 2023,Q2 2024,4,Q3 2017,Q2 2023,16,8,24,,False,R4 Sharp disinflation,Point + runtime,Code/Blk5_Baselines/Blk5_Baselines.py,Code/common/config_Blk5_Baselines.yaml,Results/Results_Blk5_Baselines.xlsx,BL-Q-086,Not started,,,,
BL-Q-087,4.2,Blk5_Baselines,FCPI,Food Consumer Price Index,,Baseline (no fitting objective),Baseline,Quarterly,16,Q4 2023,Q3 2024,4,Q4 2017,Q3 2023,16,8,24,,False,R4 Sharp disinflation,Point + runtime,Code/Blk5_Baselines/Blk5_Baselines.py,Code/common/config_Blk5_Baselines.yaml,Results/Results_Blk5_Baselines.xlsx,BL-Q-087,Not started,,,,
BL-Q-088,4.2,Blk5_Baselines,FCPI,Food Consumer Price Index,,Baseline (no fitting objective),Baseline,Quarterly,17,Q1 2024,Q4 2024,4,Q1 2018,Q4 2023,16,8,24,,False,R5 Deflation & stabilisation,Point + runtime,Code/Blk5_Baselines/Blk5_Baselines.py,Code/common/config_Blk5_Baselines.yaml,Results/Results_Blk5_Baselines.xlsx,BL-Q-088,Not started,,,,
BL-Q-089,4.2,Blk5_Baselines,FCPI,Food Consumer Price Index,,Baseline (no fitting objective),Baseline,Quarterly,18,Q2 2024,Q1 2025,4,Q2 2018,Q1 2024,16,8,24,,False,R5 Deflation & stabilisation,Point + runtime,Code/Blk5_Baselines/Blk5_Baselines.py,Code/common/config_Blk5_Baselines.yaml,Results/Results_Blk5_Baselines.xlsx,BL-Q-089,Not started,,,,
BL-Q-090,4.2,Blk5_Baselines,FCPI,Food Consumer Price Index,,Baseline (no fitting objective),Baseline,Quarterly,19,Q3 2024,Q2 2025,4,Q3 2018,Q2 2024,16,8,24,,False,R5 Deflation & stabilisation,Point + runtime,Code/Blk5_Baselines/Blk5_Baselines.py,Code/common/config_Blk5_Baselines.yaml,Results/Results_Blk5_Baselines.xlsx,BL-Q-090,Not started,,,,
BL-Q-091,4.2,Blk5_Baselines,FCPI,Food Consumer Price Index,,Baseline (no fitting objective),Baseline,Quarterly,20,Q4 2024,Q3 2025,4,Q4 2018,Q3 2024,16,8,24,,False,R5 Deflation & stabilisation,Point + runtime,Code/Blk5_Baselines/Blk5_Baselines.py,Code/common/config_Blk5_Baselines.yaml,Results/Results_Blk5_Baselines.xlsx,BL-Q-091,Not started,,,,
BL-Q-092,4.2,Blk5_Baselines,FCPI,Food Consumer Price Index,,Baseline (no fitting objective),Baseline,Quarterly,21,Q1 2025,Q4 2025,4,Q1 2019,Q4 2024,16,8,24,,False,R6 Post-stabilisation,Point + runtime,Code/Blk5_Baselines/Blk5_Baselines.py,Code/common/config_Blk5_Baselines.yaml,Results/Results_Blk5_Baselines.xlsx,BL-Q-092,Not started,,,,
BL-Q-093,4.2,Blk5_Baselines,FCPI,Food Consumer Price Index,,Baseline (no fitting objective),Baseline,Quarterly,22,Q2 2025,Q1 2026,4,Q2 2019,Q1 2025,16,8,24,,False,R6 Post-stabilisation,Point + runtime,Code/Blk5_Baselines/Blk5_Baselines.py,Code/common/config_Blk5_Baselines.yaml,Results/Results_Blk5_Baselines.xlsx,BL-Q-093,Not started,,,,
BL-Q-094,4.2,Blk5_Baselines,FCPI,Food Consumer Price Index,,Baseline (no fitting objective),Baseline,Quarterly,23,Q3 2025,Q2 2026,4,Q3 2019,Q2 2025,16,8,24,,False,R6 Post-stabilisation,Point + runtime,Code/Blk5_Baselines/Blk5_Baselines.py,Code/common/config_Blk5_Baselines.yaml,Results/Results_Blk5_Baselines.xlsx,BL-Q-094,Not started,,,,
BL-Q-095,4.2,Blk5_Baselines,CCPI,Colombo Consumer Price Index,,Baseline (no fitting objective),Baseline,Quarterly,1,Q1 2020,Q4 2020,4,Q1 2014,Q4 2019,16,8,24,,False,R1 COVID-19 shock,Point + runtime,Code/Blk5_Baselines/Blk5_Baselines.py,Code/common/config_Blk5_Baselines.yaml,Results/Results_Blk5_Baselines.xlsx,BL-Q-095,Not started,,,,
BL-Q-096,4.2,Blk5_Baselines,CCPI,Colombo Consumer Price Index,,Baseline (no fitting objective),Baseline,Quarterly,2,Q2 2020,Q1 2021,4,Q2 2014,Q1 2020,16,8,24,,False,R1 COVID-19 shock,Point + runtime,Code/Blk5_Baselines/Blk5_Baselines.py,Code/common/config_Blk5_Baselines.yaml,Results/Results_Blk5_Baselines.xlsx,BL-Q-096,Not started,,,,
BL-Q-097,4.2,Blk5_Baselines,CCPI,Colombo Consumer Price Index,,Baseline (no fitting objective),Baseline,Quarterly,3,Q3 2020,Q2 2021,4,Q3 2014,Q2 2020,16,8,24,,False,R1 COVID-19 shock,Point + runtime,Code/Blk5_Baselines/Blk5_Baselines.py,Code/common/config_Blk5_Baselines.yaml,Results/Results_Blk5_Baselines.xlsx,BL-Q-097,Not started,,,,
BL-Q-098,4.2,Blk5_Baselines,CCPI,Colombo Consumer Price Index,,Baseline (no fitting objective),Baseline,Quarterly,4,Q4 2020,Q3 2021,4,Q4 2014,Q3 2020,16,8,24,,False,R1 COVID-19 shock,Point + runtime,Code/Blk5_Baselines/Blk5_Baselines.py,Code/common/config_Blk5_Baselines.yaml,Results/Results_Blk5_Baselines.xlsx,BL-Q-098,Not started,,,,
BL-Q-099,4.2,Blk5_Baselines,CCPI,Colombo Consumer Price Index,,Baseline (no fitting objective),Baseline,Quarterly,5,Q1 2021,Q4 2021,4,Q1 2015,Q4 2020,16,8,24,,False,R2 Pre-crisis build-up,Point + runtime,Code/Blk5_Baselines/Blk5_Baselines.py,Code/common/config_Blk5_Baselines.yaml,Results/Results_Blk5_Baselines.xlsx,BL-Q-099,Not started,,,,
BL-Q-100,4.2,Blk5_Baselines,CCPI,Colombo Consumer Price Index,,Baseline (no fitting objective),Baseline,Quarterly,6,Q2 2021,Q1 2022,4,Q2 2015,Q1 2021,16,8,24,,False,R2 Pre-crisis build-up,Point + runtime,Code/Blk5_Baselines/Blk5_Baselines.py,Code/common/config_Blk5_Baselines.yaml,Results/Results_Blk5_Baselines.xlsx,BL-Q-100,Not started,,,,
BL-Q-101,4.2,Blk5_Baselines,CCPI,Colombo Consumer Price Index,,Baseline (no fitting objective),Baseline,Quarterly,7,Q3 2021,Q2 2022,4,Q3 2015,Q2 2021,16,8,24,,False,R2 Pre-crisis build-up,Point + runtime,Code/Blk5_Baselines/Blk5_Baselines.py,Code/common/config_Blk5_Baselines.yaml,Results/Results_Blk5_Baselines.xlsx,BL-Q-101,Not started,,,,
BL-Q-102,4.2,Blk5_Baselines,CCPI,Colombo Consumer Price Index,,Baseline (no fitting objective),Baseline,Quarterly,8,Q4 2021,Q3 2022,4,Q4 2015,Q3 2021,16,8,24,,False,R2 Pre-crisis build-up,Point + runtime,Code/Blk5_Baselines/Blk5_Baselines.py,Code/common/config_Blk5_Baselines.yaml,Results/Results_Blk5_Baselines.xlsx,BL-Q-102,Not started,,,,
BL-Q-103,4.2,Blk5_Baselines,CCPI,Colombo Consumer Price Index,,Baseline (no fitting objective),Baseline,Quarterly,9,Q1 2022,Q4 2022,4,Q1 2016,Q4 2021,16,8,24,,False,R3 Crisis & hyperinflation,Point + runtime,Code/Blk5_Baselines/Blk5_Baselines.py,Code/common/config_Blk5_Baselines.yaml,Results/Results_Blk5_Baselines.xlsx,BL-Q-103,Not started,,,,
BL-Q-104,4.2,Blk5_Baselines,CCPI,Colombo Consumer Price Index,,Baseline (no fitting objective),Baseline,Quarterly,10,Q2 2022,Q1 2023,4,Q2 2016,Q1 2022,16,8,24,,False,R3 Crisis & hyperinflation,Point + runtime,Code/Blk5_Baselines/Blk5_Baselines.py,Code/common/config_Blk5_Baselines.yaml,Results/Results_Blk5_Baselines.xlsx,BL-Q-104,Not started,,,,
BL-Q-105,4.2,Blk5_Baselines,CCPI,Colombo Consumer Price Index,,Baseline (no fitting objective),Baseline,Quarterly,11,Q3 2022,Q2 2023,4,Q3 2016,Q2 2022,16,8,24,,False,R3 Crisis & hyperinflation,Point + runtime,Code/Blk5_Baselines/Blk5_Baselines.py,Code/common/config_Blk5_Baselines.yaml,Results/Results_Blk5_Baselines.xlsx,BL-Q-105,Not started,,,,
BL-Q-106,4.2,Blk5_Baselines,CCPI,Colombo Consumer Price Index,,Baseline (no fitting objective),Baseline,Quarterly,12,Q4 2022,Q3 2023,4,Q4 2016,Q3 2022,16,8,24,,False,R3 Crisis & hyperinflation,Point + runtime,Code/Blk5_Baselines/Blk5_Baselines.py,Code/common/config_Blk5_Baselines.yaml,Results/Results_Blk5_Baselines.xlsx,BL-Q-106,Not started,,,,
BL-Q-107,4.2,Blk5_Baselines,CCPI,Colombo Consumer Price Index,,Baseline (no fitting objective),Baseline,Quarterly,13,Q1 2023,Q4 2023,4,Q1 2017,Q4 2022,16,8,24,,False,R4 Sharp disinflation,Point + runtime,Code/Blk5_Baselines/Blk5_Baselines.py,Code/common/config_Blk5_Baselines.yaml,Results/Results_Blk5_Baselines.xlsx,BL-Q-107,Not started,,,,
BL-Q-108,4.2,Blk5_Baselines,CCPI,Colombo Consumer Price Index,,Baseline (no fitting objective),Baseline,Quarterly,14,Q2 2023,Q1 2024,4,Q2 2017,Q1 2023,16,8,24,,False,R4 Sharp disinflation,Point + runtime,Code/Blk5_Baselines/Blk5_Baselines.py,Code/common/config_Blk5_Baselines.yaml,Results/Results_Blk5_Baselines.xlsx,BL-Q-108,Not started,,,,
BL-Q-109,4.2,Blk5_Baselines,CCPI,Colombo Consumer Price Index,,Baseline (no fitting objective),Baseline,Quarterly,15,Q3 2023,Q2 2024,4,Q3 2017,Q2 2023,16,8,24,,False,R4 Sharp disinflation,Point + runtime,Code/Blk5_Baselines/Blk5_Baselines.py,Code/common/config_Blk5_Baselines.yaml,Results/Results_Blk5_Baselines.xlsx,BL-Q-109,Not started,,,,
BL-Q-110,4.2,Blk5_Baselines,CCPI,Colombo Consumer Price Index,,Baseline (no fitting objective),Baseline,Quarterly,16,Q4 2023,Q3 2024,4,Q4 2017,Q3 2023,16,8,24,,False,R4 Sharp disinflation,Point + runtime,Code/Blk5_Baselines/Blk5_Baselines.py,Code/common/config_Blk5_Baselines.yaml,Results/Results_Blk5_Baselines.xlsx,BL-Q-110,Not started,,,,
BL-Q-111,4.2,Blk5_Baselines,CCPI,Colombo Consumer Price Index,,Baseline (no fitting objective),Baseline,Quarterly,17,Q1 2024,Q4 2024,4,Q1 2018,Q4 2023,16,8,24,,False,R5 Deflation & stabilisation,Point + runtime,Code/Blk5_Baselines/Blk5_Baselines.py,Code/common/config_Blk5_Baselines.yaml,Results/Results_Blk5_Baselines.xlsx,BL-Q-111,Not started,,,,
BL-Q-112,4.2,Blk5_Baselines,CCPI,Colombo Consumer Price Index,,Baseline (no fitting objective),Baseline,Quarterly,18,Q2 2024,Q1 2025,4,Q2 2018,Q1 2024,16,8,24,,False,R5 Deflation & stabilisation,Point + runtime,Code/Blk5_Baselines/Blk5_Baselines.py,Code/common/config_Blk5_Baselines.yaml,Results/Results_Blk5_Baselines.xlsx,BL-Q-112,Not started,,,,
BL-Q-113,4.2,Blk5_Baselines,CCPI,Colombo Consumer Price Index,,Baseline (no fitting objective),Baseline,Quarterly,19,Q3 2024,Q2 2025,4,Q3 2018,Q2 2024,16,8,24,,False,R5 Deflation & stabilisation,Point + runtime,Code/Blk5_Baselines/Blk5_Baselines.py,Code/common/config_Blk5_Baselines.yaml,Results/Results_Blk5_Baselines.xlsx,BL-Q-113,Not started,,,,
BL-Q-114,4.2,Blk5_Baselines,CCPI,Colombo Consumer Price Index,,Baseline (no fitting objective),Baseline,Quarterly,20,Q4 2024,Q3 2025,4,Q4 2018,Q3 2024,16,8,24,,False,R5 Deflation & stabilisation,Point + runtime,Code/Blk5_Baselines/Blk5_Baselines.py,Code/common/config_Blk5_Baselines.yaml,Results/Results_Blk5_Baselines.xlsx,BL-Q-114,Not started,,,,
BL-Q-115,4.2,Blk5_Baselines,CCPI,Colombo Consumer Price Index,,Baseline (no fitting objective),Baseline,Quarterly,21,Q1 2025,Q4 2025,4,Q1 2019,Q4 2024,16,8,24,,False,R6 Post-stabilisation,Point + runtime,Code/Blk5_Baselines/Blk5_Baselines.py,Code/common/config_Blk5_Baselines.yaml,Results/Results_Blk5_Baselines.xlsx,BL-Q-115,Not started,,,,
BL-Q-116,4.2,Blk5_Baselines,CCPI,Colombo Consumer Price Index,,Baseline (no fitting objective),Baseline,Quarterly,22,Q2 2025,Q1 2026,4,Q2 2019,Q1 2025,16,8,24,,False,R6 Post-stabilisation,Point + runtime,Code/Blk5_Baselines/Blk5_Baselines.py,Code/common/config_Blk5_Baselines.yaml,Results/Results_Blk5_Baselines.xlsx,BL-Q-116,Not started,,,,
BL-Q-117,4.2,Blk5_Baselines,CCPI,Colombo Consumer Price Index,,Baseline (no fitting objective),Baseline,Quarterly,23,Q3 2025,Q2 2026,4,Q3 2019,Q2 2025,16,8,24,,False,R6 Post-stabilisation,Point + runtime,Code/Blk5_Baselines/Blk5_Baselines.py,Code/common/config_Blk5_Baselines.yaml,Results/Results_Blk5_Baselines.xlsx,BL-Q-117,Not started,,,,
